VBCSCompilerPreWarmer: pre-warm launched (dotnet PID 10888)
VBCSCompiler prewarm took 11.18 ms
[Licensing::Module] Trying to connect to existing licensing client channel...
Built from '6000.6/respin/6000.6.0f1-fa21a270ab12' branch; Version is '6000.6.0f1 (f7f8ed4d1e24) revision 16251117'; Using compiler version '194234433'; Build Type 'Release'
[Licensing::IpcConnector] Successfully connected to: "LicenseClient-chuntley" at "2026-10-06T06:31:18.3881057Z"
OS: 'Windows 11  (10.0.26200) Professional' Language: 'es' Physical Memory: 24260 MB
BatchMode: 1, IsHumanControllingUs: 0, StartBugReporterOnCrash: 0, Is64bit: 1
System  architecture: x64
Process architecture: x64
Date: 2026-10-06T06:31:18Z
[Licensing::Client] Code 10 while verifying Licensing Client signature (process Id: 6380, path: "C:/Program Files/Unity Hub/UnityLicensingClient_V1/Unity.Licensing.Client.exe")
[Licensing::Module] LicensingClient has failed validation; ignoring
[Licensing::Client] Handshaking with LicensingClient:
  Version:                 1.18.3+d7ffd15
  Session Id:              ec23cdb775144c3498d97e0d6cb4145d
  Correlation Id:          b5329c623840f09907a25b43049f2f21
  External correlation Id: 1131259481498103480
  Machine Id:              RVWmRlYDKragNEt0oPrKajgv5w0=
[Licensing::Module] Successfully connected to LicensingClient on channel: "LicenseClient-chuntley" (connect: 0.00s, validation: 0.00s, handshake: 0.06s)
[Licensing::IpcConnector] Successfully connected to: "LicenseClient-chuntley-notifications" at "2026-10-06T06:31:18.4536117Z"
[Licensing::Module] Error: Access token is unavailable; failed to update
[Licensing::Client] Successfully resolved entitlement details
[Licensing::Module] License group:
  Id: 4674248689123-UnityPersXXXX
  Product: Unity Personal
  Type: Assigned
  Expiration: Unlimited
[Licensing::Client] Successfully updated license, isAsync: True, time: 0.00
[Licensing::Client] Successfully resolved entitlement details
[Licensing::Module] Licensing Background thread has ended after 0.07s

COMMAND LINE ARGUMENTS:
C:\Program Files\Unity\Hub\Editor\6000.6.0f1\Editor\Unity.exe
-batchmode
-buildTarget
iOS
-projectPath
C:/Users/chuntley/Desktop/Proyecto MCOC/P1L4/unity_visualizador_ios
-executeMethod
IOSBuild.ExportBatch
-logFile
C:/Users/chuntley/Desktop/Proyecto MCOC/revisiones/actualizacion_movil_export_ios.log
Successfully changed project path to: C:/Users/chuntley/Desktop/Proyecto MCOC/P1L4/unity_visualizador_ios
C:/Users/chuntley/Desktop/Proyecto MCOC/P1L4/unity_visualizador_ios
[UnityMemory] Configuration Parameters - Can be set up in boot.config
    "memorysetup-temp-allocator-size-gi-baking-worker=262144"
    "memorysetup-temp-allocator-size-gi-baking-worker=262144"
    "memorysetup-temp-allocator-size-gi-baking-worker=262144"
    "memorysetup-temp-allocator-size-gi-baking-worker=262144"
    "memorysetup-temp-allocator-size-gi-baking-worker=262144"
    "memorysetup-temp-allocator-size-nav-mesh-worker=65536"
    "memorysetup-temp-allocator-size-audio-worker=65536"
    "memorysetup-temp-allocator-size-cloud-worker=32768"
    "memorysetup-temp-allocator-size-gfx=262144"
    "memorysetup-remapper-allocator-initial-capacity=32768"
    "memorysetup-temp-allocator-size-preload-manager=33554432"
    "memorysetup-allocator-temp-initial-block-size-main=262144"
    "memorysetup-allocator-temp-initial-block-size-worker=262144"
    "memorysetup-temp-allocator-size-job-worker=262144"
    "memorysetup-temp-allocator-size-background-worker=32768"
    "memorysetup-bucket-allocator-granularity=16"
    "memorysetup-bucket-allocator-bucket-count=8"
    "memorysetup-bucket-allocator-block-size=33554432"
    "memorysetup-bucket-allocator-block-count=8"
    "memorysetup-main-allocator-block-size=16777216"
    "memorysetup-thread-allocator-block-size=16777216"
    "memorysetup-main-allocator-mimalloc-enabled=1"
    "memorysetup-gfx-main-allocator-block-size=16777216"
    "memorysetup-gfx-thread-allocator-block-size=16777216"
    "memorysetup-cache-allocator-block-size=4194304"
    "memorysetup-typetree-allocator-block-size=2097152"
    "memorysetup-profiler-bucket-allocator-granularity=16"
    "memorysetup-profiler-bucket-allocator-bucket-count=8"
    "memorysetup-profiler-bucket-allocator-block-size=33554432"
    "memorysetup-profiler-bucket-allocator-block-count=8"
    "memorysetup-profiler-allocator-block-size=16777216"
    "memorysetup-profiler-editor-allocator-block-size=1048576"
    "memorysetup-temp-allocator-size-main=16777216"
    "memorysetup-job-temp-allocator-block-size=2097152"
    "memorysetup-job-temp-allocator-block-size-background=1048576"
    "memorysetup-job-temp-allocator-reduction-small-platforms=262144"
Logging is directed to a specific file, skipping project log.
Player connection [22532]  Target information:

Player connection [22532]  * "[IP] 192.168.1.6 [Port] 55504 [Flags] 2 [Guid] 2683795391 [EditorId] 2683795391 [Version] 1048832 [Id] WindowsEditor(7,DESKTOP-CDJE44U) [Debug] 1 [PackageName] WindowsEditor [ProjectName] Editor" 

Player connection [22532] Host joined multi-casting on [225.0.0.222:54997]...
Player connection [22532] Host joined alternative multi-casting on [225.0.0.222:34997]...
Input System module state changed to: Initialized.
[Physics::Module] Initialized fallback backend.
[Physics::Module] Id: 0xdecafbad
[Package Manager] Connected to IPC stream "Upm-14824" after 0.4 seconds.
[Licensing::Client] Successfully resolved entitlement details
Library Redirect Path: Library/
Initialising UDS system complete:
  - System type: Client
  - Resource namespace: abf52866081dd2712918558138c6410a
  - Shared memory size: 1073741824
  - Command buffer id: 1052576
  - Command buffer size: 8192
  - Hashmap size: 4194304
  - Service connected: false
Launching Unity Data Store - C:/Program Files/Unity/Hub/Editor/6000.6.0f1/Editor/Data/Tools/Unity.DataStore.exe 
Unity Data Store artifact dir = Library/DataStore, working dir = C:/Users/chuntley/Desktop/Proyecto MCOC/P1L4/unity_visualizador_ios[Physics::Module] Selected backend.
[Physics::Module] Name: PhysX
[Physics::Module] Id: 0xf2b8ea05
[Physics::Module] SDK Version: 4.1.2
[Physics::Module] Integration Version: 1.0.0
[Physics::Module] Threading Mode: Multi-Threaded
Unity Data Store running and initialised
[Licensing::Client] Successfully resolved entitlement details
Targeting platform: iOS
Refreshing native plugins compatible for Editor in 2.19 ms, found 0 plugins.
Initialize engine version: 6000.6.0f1 (f7f8ed4d1e24)
[EntityIdStore] init: VM path (explicit commit), pageSize=4096, blockCount=1048576, entitiesPerBlock=256, slots reserved=4294967296 bytes
[Subsystems] Discovering subsystems at path C:/Program Files/Unity/Hub/Editor/6000.6.0f1/Editor/Data/Resources/UnitySubsystems
[Subsystems] Discovering subsystems at path C:/Users/chuntley/Desktop/Proyecto MCOC/P1L4/unity_visualizador_ios/Assets
GfxDevice: creating device client; kGfxThreadingModeNonThreaded
d3d12: failed to query info queue interface (0x80004002).
Direct3D:
    Version:         Direct3D 12 [level 12.1]
    Renderer:        Intel(R) Iris(R) Xe Graphics (ID=0xa7a1)
    Vendor:          Intel
    VRAM:            12130 MB
    App VRAM Budget: 11362 MB
    Driver:          32.0.101.7088
    Unified Memory Architecture
    Cache Coherent UMA
Initialize mono
Mono path[0] = 'C:/Program Files/Unity/Hub/Editor/6000.6.0f1/Editor/Data/Managed'
Mono path[1] = 'C:/Program Files/Unity/Hub/Editor/6000.6.0f1/Editor/Data/BCLExtensions/runtime/netstandard2.1'
Mono path[2] = 'C:/Program Files/Unity/Hub/Editor/6000.6.0f1/Editor/Data/MonoBleedingEdge/lib/mono/unityjit-win32'
Mono config path = 'C:/Program Files/Unity/Hub/Editor/6000.6.0f1/Editor/Data/MonoBleedingEdge/etc'
Using monoOptions --debugger-agent=transport=dt_socket,embedding=1,server=y,suspend=n,address=127.0.0.1:56824
CodeReloadManager initialized
ImportWorker Server TCP listen port: 0
AcceleratorClientConnectionCallback - disconnected - :0
Begin MonoManager ReloadAssembly
Registering precompiled unity dll's ...
Register platform support module: C:/Program Files/Unity/Hub/Editor/6000.6.0f1/Editor/Data/PlaybackEngines/WebGLSupport/UnityEditor.WebGL.Extensions.dll
Register platform support module: C:/Program Files/Unity/Hub/Editor/6000.6.0f1/Editor/Data/PlaybackEngines/WindowsStandaloneSupport/UnityEditor.WindowsStandalone.Extensions.dll
Register platform support module: C:/Program Files/Unity/Hub/Editor/6000.6.0f1/Editor/Data/PlaybackEngines/iOSSupport/UnityEditor.iOS.Extensions.dll
Registered in 0.006567 seconds.
Native extension for iOS target not found
Native extension for WindowsStandalone target not found
Native extension for WebGL target not found
Package Manager log level set to [2]
ScheduleIndexationOnStartup MainProcess:False IndexOnStartup:True
Scripting: successfully reloaded assembly
- Finished resetting the current domain, in  1.091 seconds
Domain Reload Profiling: 1789ms
	BeginReloadAssembly (144ms)
		CreateAndSetChildDomain (5ms)
	RebuildCommonClasses (6ms)
	RebuildNativeTypeToScriptingClass (16ms)
	initialDomainReloadingComplete (112ms)
	LoadAllAssembliesAndSetupDomain (419ms)
		LoadAssemblies (135ms)
		TypeCache.Refresh (301ms)
			TypeCache.ScanAssembly (284ms)
		AnalyzeDomain (1ms)
	FinalizeReload (1092ms)
		SetupLoadedEditorAssemblies (0ms)
			InitializePlatformSupportModulesInManaged (14ms)
			BeforeProcessingInitializeOnLoad (164ms)
			ProcessInitializeOnLoadAttributes (210ms)
			ProcessInitializeOnLoadMethodAttributes (393ms)
[Licensing::Client] Successfully resolved entitlement details
[Licensing::Client] Successfully resolved entitlement details
Application.AssetDatabase Initial Refresh Start
[Package Manager] Restoring resolved packages state from cache
[Licensing::Client] Successfully resolved entitlement details
[Package Manager] Registered 28 packages:
  Packages from [https://packages.unity.com]:
    com.unity.xr.arkit@6.6.2 (location: C:\Users\chuntley\Desktop\Proyecto MCOC\P1L4\unity_visualizador_ios\Library\PackageCache\com.unity.xr.arkit@37ce8412ab4f)
    com.unity.xr.arfoundation@6.6.2 (location: C:\Users\chuntley\Desktop\Proyecto MCOC\P1L4\unity_visualizador_ios\Library\PackageCache\com.unity.xr.arfoundation@d57b0b4d336a)
    com.unity.xr.management@4.5.3 (location: C:\Users\chuntley\Desktop\Proyecto MCOC\P1L4\unity_visualizador_ios\Library\PackageCache\com.unity.xr.management@574ebfb1e976)
    com.unity.inputsystem@1.20.0 (location: C:\Users\chuntley\Desktop\Proyecto MCOC\P1L4\unity_visualizador_ios\Library\PackageCache\com.unity.inputsystem@7a4e1a2a8194)
    com.unity.xr.legacyinputhelpers@3.0.1 (location: C:\Users\chuntley\Desktop\Proyecto MCOC\P1L4\unity_visualizador_ios\Library\PackageCache\com.unity.xr.legacyinputhelpers@3f62d634f63b)
    com.unity.xr.core-utils@2.6.0 (location: C:\Users\chuntley\Desktop\Proyecto MCOC\P1L4\unity_visualizador_ios\Library\PackageCache\com.unity.xr.core-utils@a8b900321199)
  Built-in packages:
    com.unity.modules.animation@1.0.0 (location: C:\Users\chuntley\Desktop\Proyecto MCOC\P1L4\unity_visualizador_ios\Library\PackageCache\com.unity.modules.animation)
    com.unity.modules.assetbundle@1.0.0 (location: C:\Users\chuntley\Desktop\Proyecto MCOC\P1L4\unity_visualizador_ios\Library\PackageCache\com.unity.modules.assetbundle)
    com.unity.modules.audio@1.0.0 (location: C:\Users\chuntley\Desktop\Proyecto MCOC\P1L4\unity_visualizador_ios\Library\PackageCache\com.unity.modules.audio)
    com.unity.modules.director@1.0.0 (location: C:\Users\chuntley\Desktop\Proyecto MCOC\P1L4\unity_visualizador_ios\Library\PackageCache\com.unity.modules.director)
    com.unity.modules.imageconversion@1.0.0 (location: C:\Users\chuntley\Desktop\Proyecto MCOC\P1L4\unity_visualizador_ios\Library\PackageCache\com.unity.modules.imageconversion)
    com.unity.modules.imgui@1.0.0 (location: C:\Users\chuntley\Desktop\Proyecto MCOC\P1L4\unity_visualizador_ios\Library\PackageCache\com.unity.modules.imgui)
    com.unity.modules.jsonserialize@1.0.0 (location: C:\Users\chuntley\Desktop\Proyecto MCOC\P1L4\unity_visualizador_ios\Library\PackageCache\com.unity.modules.jsonserialize)
    com.unity.modules.physics@1.0.0 (location: C:\Users\chuntley\Desktop\Proyecto MCOC\P1L4\unity_visualizador_ios\Library\PackageCache\com.unity.modules.physics)
    com.unity.modules.ui@1.0.0 (location: C:\Users\chuntley\Desktop\Proyecto MCOC\P1L4\unity_visualizador_ios\Library\PackageCache\com.unity.modules.ui)
    com.unity.modules.uielements@1.0.0 (location: C:\Users\chuntley\Desktop\Proyecto MCOC\P1L4\unity_visualizador_ios\Library\PackageCache\com.unity.modules.uielements)
    com.unity.modules.unitywebrequest@1.0.0 (location: C:\Users\chuntley\Desktop\Proyecto MCOC\P1L4\unity_visualizador_ios\Library\PackageCache\com.unity.modules.unitywebrequest)
    com.unity.modules.hierarchycore@1.0.0 (location: C:\Users\chuntley\Desktop\Proyecto MCOC\P1L4\unity_visualizador_ios\Library\PackageCache\com.unity.modules.hierarchycore)
    com.unity.modules.xr@1.0.0 (location: C:\Users\chuntley\Desktop\Proyecto MCOC\P1L4\unity_visualizador_ios\Library\PackageCache\com.unity.modules.xr)
    com.unity.modules.subsystems@1.0.0 (location: C:\Users\chuntley\Desktop\Proyecto MCOC\P1L4\unity_visualizador_ios\Library\PackageCache\com.unity.modules.subsystems)
    com.unity.ugui@2.6.0 (location: C:\Users\chuntley\Desktop\Proyecto MCOC\P1L4\unity_visualizador_ios\Library\PackageCache\com.unity.ugui@23caec89ae27)
    com.unity.mathematics@1.4.0 (location: C:\Users\chuntley\Desktop\Proyecto MCOC\P1L4\unity_visualizador_ios\Library\PackageCache\com.unity.mathematics@8306a64d0cd6)
    com.unity.editorcoroutines@6.6.0 (location: C:\Users\chuntley\Desktop\Proyecto MCOC\P1L4\unity_visualizador_ios\Library\PackageCache\com.unity.editorcoroutines@8cd72baa102a)
    com.unity.modules.particlesystem@1.0.0 (location: C:\Users\chuntley\Desktop\Proyecto MCOC\P1L4\unity_visualizador_ios\Library\PackageCache\com.unity.modules.particlesystem)
    com.unity.modules.unityanalytics@1.0.0 (location: C:\Users\chuntley\Desktop\Proyecto MCOC\P1L4\unity_visualizador_ios\Library\PackageCache\com.unity.modules.unityanalytics)
    com.unity.modules.physics2d@1.0.0 (location: C:\Users\chuntley\Desktop\Proyecto MCOC\P1L4\unity_visualizador_ios\Library\PackageCache\com.unity.modules.physics2d)
    com.unity.modules.physicscore2d@1.0.0 (location: C:\Users\chuntley\Desktop\Proyecto MCOC\P1L4\unity_visualizador_ios\Library\PackageCache\com.unity.modules.physicscore2d)
  Git packages:
    com.google.xr.cardboard@https://github.com/googlevr/cardboard-xr-plugin.git#36ac9815b8f191fe11e149b7f323368fa86655a6 (location: C:\Users\chuntley\Desktop\Proyecto MCOC\P1L4\unity_visualizador_ios\Library\PackageCache\com.google.xr.cardboard@36ac9815b8f1)
[Subsystems] Looking for new subsystems at path C:\Users\chuntley\Desktop\Proyecto MCOC\P1L4\unity_visualizador_ios\Library\PackageCache\com.unity.xr.arfoundation@d57b0b4d336a
[Subsystems] Novel subsystem found at Library/PackageCache/com.unity.xr.arfoundation@d57b0b4d336a/Runtime/UnitySubsystemsManifest.json
[Subsystems] Discovering subsystems at path C:/Program Files/Unity/Hub/Editor/6000.6.0f1/Editor/Data/Resources/UnitySubsystems
[Subsystems] Discovering subsystems at path C:/Users/chuntley/Desktop/Proyecto MCOC/P1L4/unity_visualizador_ios/Assets
[Subsystems] Discovering subsystems at path C:\Users\chuntley\Desktop\Proyecto MCOC\P1L4\unity_visualizador_ios\Library\PackageCache\com.unity.xr.arfoundation@d57b0b4d336a
[Subsystems] No descriptors matched for  examples in Library/PackageCache/com.unity.xr.arfoundation@d57b0b4d336a/Runtime/UnitySubsystemsManifest.json.
[Subsystems] 1 'inputs' descriptors matched in Library/PackageCache/com.unity.xr.arfoundation@d57b0b4d336a/Runtime/UnitySubsystemsManifest.json
[Subsystems] No descriptors matched for  displays in Library/PackageCache/com.unity.xr.arfoundation@d57b0b4d336a/Runtime/UnitySubsystemsManifest.json.
[Subsystems] 1 'meshings' descriptors matched in Library/PackageCache/com.unity.xr.arfoundation@d57b0b4d336a/Runtime/UnitySubsystemsManifest.json
[Subsystems] Discovering subsystems at path C:\Users\chuntley\Desktop\Proyecto MCOC\P1L4\unity_visualizador_ios\Library\PackageCache\com.google.xr.cardboard@36ac9815b8f1
[Subsystems] No descriptors matched for  examples in Library/PackageCache/com.google.xr.cardboard@36ac9815b8f1/Runtime/UnitySubsystemsManifest.json.
[Subsystems] 1 'inputs' descriptors matched in Library/PackageCache/com.google.xr.cardboard@36ac9815b8f1/Runtime/UnitySubsystemsManifest.json
[Subsystems] 1 'displays' descriptors matched in Library/PackageCache/com.google.xr.cardboard@36ac9815b8f1/Runtime/UnitySubsystemsManifest.json
[Subsystems] No descriptors matched for  meshings in Library/PackageCache/com.google.xr.cardboard@36ac9815b8f1/Runtime/UnitySubsystemsManifest.json.
[Package Manager] Done registering packages in 0.02 seconds
Starting: C:\Program Files\Unity\Hub\Editor\6000.6.0f1\Editor\Data\Tools\BuildPipeline\bee_backend.exe --ipc --defer-dag-verification --dagfile="Library/Bee/900b0aE.dag" --continue-on-failure --profile="Library/Bee/backend1.traceevents" ScriptAssemblies
WorkingDir: C:/Users/chuntley/Desktop/Proyecto MCOC/P1L4/unity_visualizador_ios
DisplayProgressbar: Compiling Scripts
ExitCode: 0 Duration: 0s521ms
[464/579    0s] ILPP-Configuration Library/ilpp-configuration.nevergeneratedoutput
*** Tundra build success (0.45 seconds), 1 items updated, 579 evaluated
AssetDatabase: script compilation time: 1.228040s
Begin MonoManager ReloadAssembly
Refreshing native plugins compatible for Editor in 6.26 ms, found 1 plugins.
Native extension for iOS target not found
Native extension for WindowsStandalone target not found
Native extension for WebGL target not found
ScheduleIndexationOnStartup MainProcess:True IndexOnStartup:True
Scripting: successfully reloaded assembly
- Finished resetting the current domain, in  0.874 seconds
Domain Reload Profiling: 1963ms
	BeginReloadAssembly (659ms)
		DisableScriptedObjects (55ms)
		CreateAndSetChildDomain (250ms)
	RebuildCommonClasses (16ms)
	RebuildNativeTypeToScriptingClass (28ms)
	initialDomainReloadingComplete (63ms)
	LoadAllAssembliesAndSetupDomain (322ms)
		LoadAssemblies (244ms)
		TypeCache.Refresh (58ms)
			TypeCache.ScanAssembly (45ms)
		AnalyzeDomain (37ms)
			BuildScriptInfoCaches (32ms)
			ResolveRequiredComponents (3ms)
	FinalizeReload (876ms)
		SetupLoadedEditorAssemblies (0ms)
			LogAssemblyErrors (3ms)
			InitializePlatformSupportModulesInManaged (10ms)
			BeforeProcessingInitializeOnLoad (158ms)
			ProcessInitializeOnLoadAttributes (176ms)
			ProcessInitializeOnLoadMethodAttributes (61ms)
			AfterProcessingInitializeOnLoad (10ms)
		AwakeInstancesAfterBackupRestoration (57ms)
Starting new worker id: 0 with log in C:/Users/chuntley/Desktop/Proyecto MCOC/P1L4/unity_visualizador_ios/Logs/AssetImportWorkerHW0.log

Asset Pipeline Refresh (id=0875165c6a9a4b94d80d08a42715491d): Total: 4.007 seconds - Initiated by InitialRefreshV2(ForceSynchronousImport)
	(Values over 0.05ms)
	Summary:
		Imports: total=0 (actual=0, local cache=0, cache server=0)
		Asset DB Process Time: managed=0 ms, native=1436 ms
		Asset DB Callback time: managed=35 ms, native=26 ms
		Scripting: domain reloads=1, domain reload time=1176 ms, compile time=1232 ms, other=99 ms
		Project Asset Count: scripts=537, non-scripts=411
		Asset File Changes: new=0, changed=0, moved=0, deleted=0
		Scan Filter Count: 0
	InvokePackagesCallback: 30.253ms
	ApplyChangesToAssetFolders: 0.850ms
	Scan: 235.113ms
	Collect global state as custom dependencies: 33.622ms
	CategorizeScriptCompilationAssets: 9.200ms
	ProcessAssetsWithTransientArtifactChanges: 25.877ms
	CategorizeAssets: 18.976ms
	CompileScripts: 1231.792ms
	ImportOutOfDateAssets: 917.472ms (888.766ms without children)
		UnloadImportedAssets: 0.162ms
		EnsureUptoDateAssetsAreRegisteredWithGuidPM: 0.226ms
		ImportSchedulerStart: 28.299ms
	PostProcessAllAssets: 35.896ms
		MonoPostProcessAllAssets: 35.801ms
			WindowAssetPostprocessingWatcher.OnPostprocessAllAssets 12.302ms
			SyncVS.PostprocessSyncProject 2.950ms
			SpeedTree9Postprocessor.OnPostprocessAllAssets 1.450ms
			EditModeScopePostprocessor.OnPostprocessAllAssets 1.354ms
			ProjectSettingsPostprocessor.OnPostprocessAllAssets 0.605ms
			InputActionAssetPostprocessor.OnPostprocessAllAssets 0.600ms
			ReferencedClipsPostProcessor.OnPostprocessAllAssets 0.415ms
			TerrainToolbarOverlayPostProcessor.OnPostprocessAllAssets 0.397ms
			AssetDatabaseCallbacks.OnPostprocessAllAssets 0.254ms
			RenderPipelineGlobalSettingsPostprocessor.OnPostprocessAllAssets 0.130ms
	UnloadStreamsBegin: 2.099ms
	GenerateScriptTypeHashes: 3.855ms
	GenerateScriptTypeSerializationHashes: 7.170ms
	Untracked: 1420.561ms

Application.AssetDatabase Initial Refresh End
Launched and connected shader compiler UnityShaderCompiler.exe after 0.04 seconds
Scanning for USB devices : 4.800ms
Initializing Unity extensions:
[MODES] ModeService[none].Initialize
[MODES] ModeService[none].LoadModes
Curl error 6: Could not resolve host: cdp.cloud.unity3d.com
[MODES] Loading mode Default (0) for mode-current-id-MCOC Structural AR iPhone
Curl error 6: Could not resolve host: config.uca.cloud.unity3d.com
Unloading 10 Unused Serialized files (Serialized files now loaded: 0)
Unloading 1808 unused Assets / (2.7 MB). Loaded Objects now: 2548.
Memory consumption went from 279.8 MB to 277.1 MB.
Total: 12.497400 ms (FindLiveObjects: 0.395500 ms CreateObjectMapping: 0.168100 ms MarkObjects: 9.620000 ms  DeleteObjects: 2.045100 ms)

Asset Pipeline Refresh (id=830ef63c370e17f428d428e6f525b4cc): Total: 0.067 seconds - Initiated by RefreshV2(NoUpdateAssetOptions)
Trying to set empty graphics device types list for platform iOSSupport; setting default list instead
UnityEngine.Debug:ExtractStackTraceNoAlloc (byte*,int,string)
UnityEngine.StackTraceUtility:ExtractStackTrace ()
UnityEditor.PlayerSettings:SetGraphicsAPIsImpl (UnityEditor.BuildTarget,UnityEngine.Rendering.GraphicsDeviceType[])
UnityEditor.PlayerSettings:SetGraphicsAPIs (UnityEditor.BuildTarget,UnityEngine.Rendering.GraphicsDeviceType[])
IOSBuild:ConfigureIOS () (at Assets/Scripts/Editor/IOSBuild.cs:48)
IOSBuild:Export () (at Assets/Scripts/Editor/IOSBuild.cs:154)
IOSBuild:ExportBatch () (at Assets/Scripts/Editor/IOSBuild.cs:119)

[Assets/Scripts/Editor/IOSBuild.cs line 48]

Asset Pipeline Refresh (id=9232a4382b1370343a4bd81a81801bcb): Total: 0.033 seconds - Initiated by RefreshV2(NoUpdateAssetOptions)
Importing 'GUID: 00000000000000004000000000000000 - Path: ProjectSettings/ProjectSettings.asset' with importer (LibraryAssetImporter)
Imported 'GUID: 00000000000000004000000000000000' -> (Import Result ID: 'fce54b950ca2438777303a46fccf2e3c') in 0.007 seconds [static dependencies only]. Details - ImportResultOutputID=054c890a8f4b6dddbea933bc5e4b7df4 DependenciesID=850eb1d0c0adc7b5cf63f812f278007d StaticDependenciesID=9c6f560b3062ea4c8969b343aab84ac9 
Importing 'GUID: 0000000000000000b000000000000000 - Path: ProjectSettings/EditorBuildSettings.asset' with importer (LibraryAssetImporter)
Imported 'GUID: 0000000000000000b000000000000000' -> (Import Result ID: '3d407cb35e4452439a463010d49dafe3') in 0.001 seconds [static dependencies only]. Details - ImportResultOutputID=0a89a5c5f492143e0fa186859e17ba6f DependenciesID=048e7a86523640e96ecccf56297c0062 StaticDependenciesID=09deff7d8f4dac88d7d82ff8efeb02d5 
Importing 'GUID: cebe8ba780cb7644ea6b74312d4e801c - Path: Assets/XR/Settings/XRGeneralSettingsPerBuildTarget.asset' with importer (NativeFormatImporter)
Imported 'GUID: cebe8ba780cb7644ea6b74312d4e801c' -> (Import Result ID: 'f744e42f52ced369231f3b7b065a5b79') in 0.002 seconds [static dependencies only]. Details - ImportResultOutputID=73abfbb0cd927b3838bb740f87b80f1b DependenciesID=c49e4a3c5c370217e97b3a39f4401b2d StaticDependenciesID=6cf73ff9b94e80486a84f002525aac3c 
Refreshing native plugins compatible for Editor in 3.61 ms, found 1 plugins.
Asset Pipeline Refresh (id=dc779c089cac289439b43d37270ed61a): Total: 0.164 seconds - Initiated by StopAssetImportingV2(NoUpdateAssetOptions)
Opening scene 'Assets/Scenes/StructuralARScene.unity additively'
Loaded scene 'Assets/Scenes/StructuralARScene.unity'
	Deserialize:            24.629 ms
	Integration:            2.115 ms
	Integration of assets:  0.041 ms
	Thread Wait Time:       0.042 ms
	Total Operation Time:   26.826 ms
[StructuralARValidation][PASS] I + J USER POINTS -> FACE -> AR ANCHOR -> E1_72 / E1_229 -> DIAGRAMS -> OPENSEES C1/C2/C3
UnityEngine.Debug:ExtractStackTraceNoAlloc (byte*,int,string)
UnityEngine.StackTraceUtility:ExtractStackTrace ()
UnityEngine.DebugLogHandler:Internal_Log (UnityEngine.LogType,UnityEngine.LogOption,string,UnityEngine.Object)
UnityEngine.DebugLogHandler:LogFormat (UnityEngine.LogType,UnityEngine.Object,string,object[])
UnityEngine.Logger:Log (UnityEngine.LogType,object)
UnityEngine.Debug:Log (object)
StructuralARValidation:ValidateOrThrow () (at Assets/Scripts/Editor/StructuralARValidation.cs:115)
IOSBuild:Export () (at Assets/Scripts/Editor/IOSBuild.cs:156)
IOSBuild:ExportBatch () (at Assets/Scripts/Editor/IOSBuild.cs:119)

(Filename: Assets/Scripts/Editor/StructuralARValidation.cs Line: 115)

[StructuralAR] Caso activo C2 para E1_72: datos OpenSees disponibles
UnityEngine.Debug:ExtractStackTraceNoAlloc (byte*,int,string)
UnityEngine.StackTraceUtility:ExtractStackTrace ()
UnityEngine.DebugLogHandler:Internal_Log (UnityEngine.LogType,UnityEngine.LogOption,string,UnityEngine.Object)
UnityEngine.DebugLogHandler:LogFormat (UnityEngine.LogType,UnityEngine.Object,string,object[])
UnityEngine.Logger:Log (UnityEngine.LogType,object)
UnityEngine.Debug:Log (object)
StructuralARController:SetCombination (string) (at Assets/Scripts/StructuralARController.cs:978)
System.Reflection.RuntimeMethodInfo:Invoke (object,System.Reflection.BindingFlags,System.Reflection.Binder,object[],System.Globalization.CultureInfo)
System.Reflection.MethodBase:Invoke (object,object[])
StructuralARSectorValidation:Call (object,string,object[]) (at Assets/Scripts/Editor/StructuralARSectorValidation.cs:15)
StructuralARSectorValidation:Validate () (at Assets/Scripts/Editor/StructuralARSectorValidation.cs:54)
IOSBuild:Export () (at Assets/Scripts/Editor/IOSBuild.cs:157)
IOSBuild:ExportBatch () (at Assets/Scripts/Editor/IOSBuild.cs:119)

(Filename: Assets/Scripts/StructuralARController.cs Line: 978)

[StructuralAR] Caso activo C3 para E1_229: datos OpenSees disponibles
UnityEngine.Debug:ExtractStackTraceNoAlloc (byte*,int,string)
UnityEngine.StackTraceUtility:ExtractStackTrace ()
UnityEngine.DebugLogHandler:Internal_Log (UnityEngine.LogType,UnityEngine.LogOption,string,UnityEngine.Object)
UnityEngine.DebugLogHandler:LogFormat (UnityEngine.LogType,UnityEngine.Object,string,object[])
UnityEngine.Logger:Log (UnityEngine.LogType,object)
UnityEngine.Debug:Log (object)
StructuralARController:SetCombination (string) (at Assets/Scripts/StructuralARController.cs:978)
System.Reflection.RuntimeMethodInfo:Invoke (object,System.Reflection.BindingFlags,System.Reflection.Binder,object[],System.Globalization.CultureInfo)
System.Reflection.MethodBase:Invoke (object,object[])
StructuralARSectorValidation:Call (object,string,object[]) (at Assets/Scripts/Editor/StructuralARSectorValidation.cs:15)
StructuralARSectorValidation:Validate () (at Assets/Scripts/Editor/StructuralARSectorValidation.cs:93)
IOSBuild:Export () (at Assets/Scripts/Editor/IOSBuild.cs:157)
IOSBuild:ExportBatch () (at Assets/Scripts/Editor/IOSBuild.cs:119)

(Filename: Assets/Scripts/StructuralARController.cs Line: 978)

[StructuralAR] Seleccionado #1 E1_72.
UnityEngine.Debug:ExtractStackTraceNoAlloc (byte*,int,string)
UnityEngine.StackTraceUtility:ExtractStackTrace ()
UnityEngine.DebugLogHandler:Internal_Log (UnityEngine.LogType,UnityEngine.LogOption,string,UnityEngine.Object)
UnityEngine.DebugLogHandler:LogFormat (UnityEngine.LogType,UnityEngine.Object,string,object[])
UnityEngine.Logger:Log (UnityEngine.LogType,object)
UnityEngine.Debug:Log (object)
StructuralARController:SetStatus (string) (at Assets/Scripts/StructuralARController.cs:1022)
StructuralARController:SelectPlacement (StructuralARController/PlacementRecord) (at Assets/Scripts/StructuralARPlacements.cs:110)
System.Reflection.RuntimeMethodInfo:Invoke (object,System.Reflection.BindingFlags,System.Reflection.Binder,object[],System.Globalization.CultureInfo)
System.Reflection.MethodBase:Invoke (object,object[])
StructuralARSectorValidation:Call (object,string,object[]) (at Assets/Scripts/Editor/StructuralARSectorValidation.cs:15)
StructuralARSectorValidation:Validate () (at Assets/Scripts/Editor/StructuralARSectorValidation.cs:95)
IOSBuild:Export () (at Assets/Scripts/Editor/IOSBuild.cs:157)
IOSBuild:ExportBatch () (at Assets/Scripts/Editor/IOSBuild.cs:119)

(Filename: Assets/Scripts/StructuralARController.cs Line: 1022)

[StructuralAR] Ajuste visual de #1. Los resultados OpenSees se conservan.
UnityEngine.Debug:ExtractStackTraceNoAlloc (byte*,int,string)
UnityEngine.StackTraceUtility:ExtractStackTrace ()
UnityEngine.DebugLogHandler:Internal_Log (UnityEngine.LogType,UnityEngine.LogOption,string,UnityEngine.Object)
UnityEngine.DebugLogHandler:LogFormat (UnityEngine.LogType,UnityEngine.Object,string,object[])
UnityEngine.Logger:Log (UnityEngine.LogType,object)
UnityEngine.Debug:Log (object)
StructuralARController:SetStatus (string) (at Assets/Scripts/StructuralARController.cs:1022)
StructuralARController:FineMove (UnityEngine.Vector3) (at Assets/Scripts/StructuralARPlacements.cs:184)
System.Reflection.RuntimeMethodInfo:Invoke (object,System.Reflection.BindingFlags,System.Reflection.Binder,object[],System.Globalization.CultureInfo)
System.Reflection.MethodBase:Invoke (object,object[])
StructuralARSectorValidation:Call (object,string,object[]) (at Assets/Scripts/Editor/StructuralARSectorValidation.cs:15)
StructuralARSectorValidation:Validate () (at Assets/Scripts/Editor/StructuralARSectorValidation.cs:99)
IOSBuild:Export () (at Assets/Scripts/Editor/IOSBuild.cs:157)
IOSBuild:ExportBatch () (at Assets/Scripts/Editor/IOSBuild.cs:119)

(Filename: Assets/Scripts/StructuralARController.cs Line: 1022)

[StructuralAR] Ajuste visual de #1. Los resultados OpenSees se conservan.
UnityEngine.Debug:ExtractStackTraceNoAlloc (byte*,int,string)
UnityEngine.StackTraceUtility:ExtractStackTrace ()
UnityEngine.DebugLogHandler:Internal_Log (UnityEngine.LogType,UnityEngine.LogOption,string,UnityEngine.Object)
UnityEngine.DebugLogHandler:LogFormat (UnityEngine.LogType,UnityEngine.Object,string,object[])
UnityEngine.Logger:Log (UnityEngine.LogType,object)
UnityEngine.Debug:Log (object)
StructuralARController:SetStatus (string) (at Assets/Scripts/StructuralARController.cs:1022)
StructuralARController:FineMove (UnityEngine.Vector3) (at Assets/Scripts/StructuralARPlacements.cs:184)
System.Reflection.RuntimeMethodInfo:Invoke (object,System.Reflection.BindingFlags,System.Reflection.Binder,object[],System.Globalization.CultureInfo)
System.Reflection.MethodBase:Invoke (object,object[])
StructuralARSectorValidation:Call (object,string,object[]) (at Assets/Scripts/Editor/StructuralARSectorValidation.cs:15)
StructuralARSectorValidation:Validate () (at Assets/Scripts/Editor/StructuralARSectorValidation.cs:103)
IOSBuild:Export () (at Assets/Scripts/Editor/IOSBuild.cs:157)
IOSBuild:ExportBatch () (at Assets/Scripts/Editor/IOSBuild.cs:119)

(Filename: Assets/Scripts/StructuralARController.cs Line: 1022)

[StructuralAR] Ajuste visual de #1. Los resultados OpenSees se conservan.
UnityEngine.Debug:ExtractStackTraceNoAlloc (byte*,int,string)
UnityEngine.StackTraceUtility:ExtractStackTrace ()
UnityEngine.DebugLogHandler:Internal_Log (UnityEngine.LogType,UnityEngine.LogOption,string,UnityEngine.Object)
UnityEngine.DebugLogHandler:LogFormat (UnityEngine.LogType,UnityEngine.Object,string,object[])
UnityEngine.Logger:Log (UnityEngine.LogType,object)
UnityEngine.Debug:Log (object)
StructuralARController:SetStatus (string) (at Assets/Scripts/StructuralARController.cs:1022)
StructuralARController:FineMove (UnityEngine.Vector3) (at Assets/Scripts/StructuralARPlacements.cs:184)
System.Reflection.RuntimeMethodInfo:Invoke (object,System.Reflection.BindingFlags,System.Reflection.Binder,object[],System.Globalization.CultureInfo)
System.Reflection.MethodBase:Invoke (object,object[])
StructuralARSectorValidation:Call (object,string,object[]) (at Assets/Scripts/Editor/StructuralARSectorValidation.cs:15)
StructuralARSectorValidation:Validate () (at Assets/Scripts/Editor/StructuralARSectorValidation.cs:106)
IOSBuild:Export () (at Assets/Scripts/Editor/IOSBuild.cs:157)
IOSBuild:ExportBatch () (at Assets/Scripts/Editor/IOSBuild.cs:119)

(Filename: Assets/Scripts/StructuralARController.cs Line: 1022)

[StructuralAR] Seleccionado #2 E1_229.
UnityEngine.Debug:ExtractStackTraceNoAlloc (byte*,int,string)
UnityEngine.StackTraceUtility:ExtractStackTrace ()
UnityEngine.DebugLogHandler:Internal_Log (UnityEngine.LogType,UnityEngine.LogOption,string,UnityEngine.Object)
UnityEngine.DebugLogHandler:LogFormat (UnityEngine.LogType,UnityEngine.Object,string,object[])
UnityEngine.Logger:Log (UnityEngine.LogType,object)
UnityEngine.Debug:Log (object)
StructuralARController:SetStatus (string) (at Assets/Scripts/StructuralARController.cs:1022)
StructuralARController:SelectPlacement (StructuralARController/PlacementRecord) (at Assets/Scripts/StructuralARPlacements.cs:110)
System.Reflection.RuntimeMethodInfo:Invoke (object,System.Reflection.BindingFlags,System.Reflection.Binder,object[],System.Globalization.CultureInfo)
System.Reflection.MethodBase:Invoke (object,object[])
StructuralARSectorValidation:Call (object,string,object[]) (at Assets/Scripts/Editor/StructuralARSectorValidation.cs:15)
StructuralARSectorValidation:Validate () (at Assets/Scripts/Editor/StructuralARSectorValidation.cs:116)
IOSBuild:Export () (at Assets/Scripts/Editor/IOSBuild.cs:157)
IOSBuild:ExportBatch () (at Assets/Scripts/Editor/IOSBuild.cs:119)

(Filename: Assets/Scripts/StructuralARController.cs Line: 1022)

[StructuralAR] Elige el elemento que vas a agregar al sector.
UnityEngine.Debug:ExtractStackTraceNoAlloc (byte*,int,string)
UnityEngine.StackTraceUtility:ExtractStackTrace ()
UnityEngine.DebugLogHandler:Internal_Log (UnityEngine.LogType,UnityEngine.LogOption,string,UnityEngine.Object)
UnityEngine.DebugLogHandler:LogFormat (UnityEngine.LogType,UnityEngine.Object,string,object[])
UnityEngine.Logger:Log (UnityEngine.LogType,object)
UnityEngine.Debug:Log (object)
StructuralARController:SetStatus (string) (at Assets/Scripts/StructuralARController.cs:1022)
StructuralARController:StartNewElement () (at Assets/Scripts/StructuralARPlacements.cs:124)
System.Reflection.RuntimeMethodInfo:Invoke (object,System.Reflection.BindingFlags,System.Reflection.Binder,object[],System.Globalization.CultureInfo)
System.Reflection.MethodBase:Invoke (object,object[])
StructuralARSectorValidation:Call (object,string,object[]) (at Assets/Scripts/Editor/StructuralARSectorValidation.cs:15)
StructuralARSectorValidation:Validate () (at Assets/Scripts/Editor/StructuralARSectorValidation.cs:118)
IOSBuild:Export () (at Assets/Scripts/Editor/IOSBuild.cs:157)
IOSBuild:ExportBatch () (at Assets/Scripts/Editor/IOSBuild.cs:119)

(Filename: Assets/Scripts/StructuralARController.cs Line: 1022)

[StructuralAR] Seleccionado #2 E1_229.
UnityEngine.Debug:ExtractStackTraceNoAlloc (byte*,int,string)
UnityEngine.StackTraceUtility:ExtractStackTrace ()
UnityEngine.DebugLogHandler:Internal_Log (UnityEngine.LogType,UnityEngine.LogOption,string,UnityEngine.Object)
UnityEngine.DebugLogHandler:LogFormat (UnityEngine.LogType,UnityEngine.Object,string,object[])
UnityEngine.Logger:Log (UnityEngine.LogType,object)
UnityEngine.Debug:Log (object)
StructuralARController:SetStatus (string) (at Assets/Scripts/StructuralARController.cs:1022)
StructuralARController:SelectPlacement (StructuralARController/PlacementRecord) (at Assets/Scripts/StructuralARPlacements.cs:110)
StructuralARController:CancelGuidedPlacement () (at Assets/Scripts/StructuralARPlacements.cs:145)
System.Reflection.RuntimeMethodInfo:Invoke (object,System.Reflection.BindingFlags,System.Reflection.Binder,object[],System.Globalization.CultureInfo)
System.Reflection.MethodBase:Invoke (object,object[])
StructuralARSectorValidation:Call (object,string,object[]) (at Assets/Scripts/Editor/StructuralARSectorValidation.cs:15)
StructuralARSectorValidation:Validate () (at Assets/Scripts/Editor/StructuralARSectorValidation.cs:118)
IOSBuild:Export () (at Assets/Scripts/Editor/IOSBuild.cs:157)
IOSBuild:ExportBatch () (at Assets/Scripts/Editor/IOSBuild.cs:119)

(Filename: Assets/Scripts/StructuralARController.cs Line: 1022)

[StructuralAR] Seleccionado #1 E1_72.
UnityEngine.Debug:ExtractStackTraceNoAlloc (byte*,int,string)
UnityEngine.StackTraceUtility:ExtractStackTrace ()
UnityEngine.DebugLogHandler:Internal_Log (UnityEngine.LogType,UnityEngine.LogOption,string,UnityEngine.Object)
UnityEngine.DebugLogHandler:LogFormat (UnityEngine.LogType,UnityEngine.Object,string,object[])
UnityEngine.Logger:Log (UnityEngine.LogType,object)
UnityEngine.Debug:Log (object)
StructuralARController:SetStatus (string) (at Assets/Scripts/StructuralARController.cs:1022)
StructuralARController:SelectPlacement (StructuralARController/PlacementRecord) (at Assets/Scripts/StructuralARPlacements.cs:110)
System.Reflection.RuntimeMethodInfo:Invoke (object,System.Reflection.BindingFlags,System.Reflection.Binder,object[],System.Globalization.CultureInfo)
System.Reflection.MethodBase:Invoke (object,object[])
StructuralARSectorValidation:Call (object,string,object[]) (at Assets/Scripts/Editor/StructuralARSectorValidation.cs:15)
StructuralARSectorValidation:Validate () (at Assets/Scripts/Editor/StructuralARSectorValidation.cs:120)
IOSBuild:Export () (at Assets/Scripts/Editor/IOSBuild.cs:157)
IOSBuild:ExportBatch () (at Assets/Scripts/Editor/IOSBuild.cs:119)

(Filename: Assets/Scripts/StructuralARController.cs Line: 1022)

[StructuralAR] Seleccionado #2 E1_229.
UnityEngine.Debug:ExtractStackTraceNoAlloc (byte*,int,string)
UnityEngine.StackTraceUtility:ExtractStackTrace ()
UnityEngine.DebugLogHandler:Internal_Log (UnityEngine.LogType,UnityEngine.LogOption,string,UnityEngine.Object)
UnityEngine.DebugLogHandler:LogFormat (UnityEngine.LogType,UnityEngine.Object,string,object[])
UnityEngine.Logger:Log (UnityEngine.LogType,object)
UnityEngine.Debug:Log (object)
StructuralARController:SetStatus (string) (at Assets/Scripts/StructuralARController.cs:1022)
StructuralARController:SelectPlacement (StructuralARController/PlacementRecord) (at Assets/Scripts/StructuralARPlacements.cs:110)
StructuralARController:RemoveSelectedPlacement () (at Assets/Scripts/StructuralARPlacements.cs:204)
System.Reflection.RuntimeMethodInfo:Invoke (object,System.Reflection.BindingFlags,System.Reflection.Binder,object[],System.Globalization.CultureInfo)
System.Reflection.MethodBase:Invoke (object,object[])
StructuralARSectorValidation:Call (object,string,object[]) (at Assets/Scripts/Editor/StructuralARSectorValidation.cs:15)
StructuralARSectorValidation:Validate () (at Assets/Scripts/Editor/StructuralARSectorValidation.cs:120)
IOSBuild:Export () (at Assets/Scripts/Editor/IOSBuild.cs:157)
IOSBuild:ExportBatch () (at Assets/Scripts/Editor/IOSBuild.cs:119)

(Filename: Assets/Scripts/StructuralARController.cs Line: 1022)

[StructuralAR] Caso activo C1 para E1_72: datos OpenSees disponibles
UnityEngine.Debug:ExtractStackTraceNoAlloc (byte*,int,string)
UnityEngine.StackTraceUtility:ExtractStackTrace ()
UnityEngine.DebugLogHandler:Internal_Log (UnityEngine.LogType,UnityEngine.LogOption,string,UnityEngine.Object)
UnityEngine.DebugLogHandler:LogFormat (UnityEngine.LogType,UnityEngine.Object,string,object[])
UnityEngine.Logger:Log (UnityEngine.LogType,object)
UnityEngine.Debug:Log (object)
StructuralARController:SetCombination (string) (at Assets/Scripts/StructuralARController.cs:978)
System.Reflection.RuntimeMethodInfo:Invoke (object,System.Reflection.BindingFlags,System.Reflection.Binder,object[],System.Globalization.CultureInfo)
System.Reflection.MethodBase:Invoke (object,object[])
StructuralARSectorValidation:Call (object,string,object[]) (at Assets/Scripts/Editor/StructuralARSectorValidation.cs:15)
StructuralARSectorValidation:ValidateMomentOrientation (StructuralARController,StructureData) (at Assets/Scripts/Editor/StructuralARSectorValidation.cs:153)
StructuralARSectorValidation:Validate () (at Assets/Scripts/Editor/StructuralARSectorValidation.cs:122)
IOSBuild:Export () (at Assets/Scripts/Editor/IOSBuild.cs:157)
IOSBuild:ExportBatch () (at Assets/Scripts/Editor/IOSBuild.cs:119)

(Filename: Assets/Scripts/StructuralARController.cs Line: 978)

[StructuralAR] Caso activo C1 para E1_72: datos OpenSees disponibles
UnityEngine.Debug:ExtractStackTraceNoAlloc (byte*,int,string)
UnityEngine.StackTraceUtility:ExtractStackTrace ()
UnityEngine.DebugLogHandler:Internal_Log (UnityEngine.LogType,UnityEngine.LogOption,string,UnityEngine.Object)
UnityEngine.DebugLogHandler:LogFormat (UnityEngine.LogType,UnityEngine.Object,string,object[])
UnityEngine.Logger:Log (UnityEngine.LogType,object)
UnityEngine.Debug:Log (object)
StructuralARController:SetCombination (string) (at Assets/Scripts/StructuralARController.cs:978)
System.Reflection.RuntimeMethodInfo:Invoke (object,System.Reflection.BindingFlags,System.Reflection.Binder,object[],System.Globalization.CultureInfo)
System.Reflection.MethodBase:Invoke (object,object[])
StructuralARSectorValidation:Call (object,string,object[]) (at Assets/Scripts/Editor/StructuralARSectorValidation.cs:15)
StructuralARSectorValidation:ValidateMomentOrientation (StructuralARController,StructureData) (at Assets/Scripts/Editor/StructuralARSectorValidation.cs:153)
StructuralARSectorValidation:Validate () (at Assets/Scripts/Editor/StructuralARSectorValidation.cs:122)
IOSBuild:Export () (at Assets/Scripts/Editor/IOSBuild.cs:157)
IOSBuild:ExportBatch () (at Assets/Scripts/Editor/IOSBuild.cs:119)

(Filename: Assets/Scripts/StructuralARController.cs Line: 978)

[StructuralAR] Caso activo C2 para E1_72: datos OpenSees disponibles
UnityEngine.Debug:ExtractStackTraceNoAlloc (byte*,int,string)
UnityEngine.StackTraceUtility:ExtractStackTrace ()
UnityEngine.DebugLogHandler:Internal_Log (UnityEngine.LogType,UnityEngine.LogOption,string,UnityEngine.Object)
UnityEngine.DebugLogHandler:LogFormat (UnityEngine.LogType,UnityEngine.Object,string,object[])
UnityEngine.Logger:Log (UnityEngine.LogType,object)
UnityEngine.Debug:Log (object)
StructuralARController:SetCombination (string) (at Assets/Scripts/StructuralARController.cs:978)
System.Reflection.RuntimeMethodInfo:Invoke (object,System.Reflection.BindingFlags,System.Reflection.Binder,object[],System.Globalization.CultureInfo)
System.Reflection.MethodBase:Invoke (object,object[])
StructuralARSectorValidation:Call (object,string,object[]) (at Assets/Scripts/Editor/StructuralARSectorValidation.cs:15)
StructuralARSectorValidation:ValidateMomentOrientation (StructuralARController,StructureData) (at Assets/Scripts/Editor/StructuralARSectorValidation.cs:153)
StructuralARSectorValidation:Validate () (at Assets/Scripts/Editor/StructuralARSectorValidation.cs:122)
IOSBuild:Export () (at Assets/Scripts/Editor/IOSBuild.cs:157)
IOSBuild:ExportBatch () (at Assets/Scripts/Editor/IOSBuild.cs:119)

(Filename: Assets/Scripts/StructuralARController.cs Line: 978)

[StructuralAR] Caso activo C2 para E1_72: datos OpenSees disponibles
UnityEngine.Debug:ExtractStackTraceNoAlloc (byte*,int,string)
UnityEngine.StackTraceUtility:ExtractStackTrace ()
UnityEngine.DebugLogHandler:Internal_Log (UnityEngine.LogType,UnityEngine.LogOption,string,UnityEngine.Object)
UnityEngine.DebugLogHandler:LogFormat (UnityEngine.LogType,UnityEngine.Object,string,object[])
UnityEngine.Logger:Log (UnityEngine.LogType,object)
UnityEngine.Debug:Log (object)
StructuralARController:SetCombination (string) (at Assets/Scripts/StructuralARController.cs:978)
System.Reflection.RuntimeMethodInfo:Invoke (object,System.Reflection.BindingFlags,System.Reflection.Binder,object[],System.Globalization.CultureInfo)
System.Reflection.MethodBase:Invoke (object,object[])
StructuralARSectorValidation:Call (object,string,object[]) (at Assets/Scripts/Editor/StructuralARSectorValidation.cs:15)
StructuralARSectorValidation:ValidateMomentOrientation (StructuralARController,StructureData) (at Assets/Scripts/Editor/StructuralARSectorValidation.cs:153)
StructuralARSectorValidation:Validate () (at Assets/Scripts/Editor/StructuralARSectorValidation.cs:122)
IOSBuild:Export () (at Assets/Scripts/Editor/IOSBuild.cs:157)
IOSBuild:ExportBatch () (at Assets/Scripts/Editor/IOSBuild.cs:119)

(Filename: Assets/Scripts/StructuralARController.cs Line: 978)

[StructuralAR] Caso activo C3 para E1_72: datos OpenSees disponibles
UnityEngine.Debug:ExtractStackTraceNoAlloc (byte*,int,string)
UnityEngine.StackTraceUtility:ExtractStackTrace ()
UnityEngine.DebugLogHandler:Internal_Log (UnityEngine.LogType,UnityEngine.LogOption,string,UnityEngine.Object)
UnityEngine.DebugLogHandler:LogFormat (UnityEngine.LogType,UnityEngine.Object,string,object[])
UnityEngine.Logger:Log (UnityEngine.LogType,object)
UnityEngine.Debug:Log (object)
StructuralARController:SetCombination (string) (at Assets/Scripts/StructuralARController.cs:978)
System.Reflection.RuntimeMethodInfo:Invoke (object,System.Reflection.BindingFlags,System.Reflection.Binder,object[],System.Globalization.CultureInfo)
System.Reflection.MethodBase:Invoke (object,object[])
StructuralARSectorValidation:Call (object,string,object[]) (at Assets/Scripts/Editor/StructuralARSectorValidation.cs:15)
StructuralARSectorValidation:ValidateMomentOrientation (StructuralARController,StructureData) (at Assets/Scripts/Editor/StructuralARSectorValidation.cs:153)
StructuralARSectorValidation:Validate () (at Assets/Scripts/Editor/StructuralARSectorValidation.cs:122)
IOSBuild:Export () (at Assets/Scripts/Editor/IOSBuild.cs:157)
IOSBuild:ExportBatch () (at Assets/Scripts/Editor/IOSBuild.cs:119)

(Filename: Assets/Scripts/StructuralARController.cs Line: 978)

[StructuralAR] Caso activo C3 para E1_72: datos OpenSees disponibles
UnityEngine.Debug:ExtractStackTraceNoAlloc (byte*,int,string)
UnityEngine.StackTraceUtility:ExtractStackTrace ()
UnityEngine.DebugLogHandler:Internal_Log (UnityEngine.LogType,UnityEngine.LogOption,string,UnityEngine.Object)
UnityEngine.DebugLogHandler:LogFormat (UnityEngine.LogType,UnityEngine.Object,string,object[])
UnityEngine.Logger:Log (UnityEngine.LogType,object)
UnityEngine.Debug:Log (object)
StructuralARController:SetCombination (string) (at Assets/Scripts/StructuralARController.cs:978)
System.Reflection.RuntimeMethodInfo:Invoke (object,System.Reflection.BindingFlags,System.Reflection.Binder,object[],System.Globalization.CultureInfo)
System.Reflection.MethodBase:Invoke (object,object[])
StructuralARSectorValidation:Call (object,string,object[]) (at Assets/Scripts/Editor/StructuralARSectorValidation.cs:15)
StructuralARSectorValidation:ValidateMomentOrientation (StructuralARController,StructureData) (at Assets/Scripts/Editor/StructuralARSectorValidation.cs:153)
StructuralARSectorValidation:Validate () (at Assets/Scripts/Editor/StructuralARSectorValidation.cs:122)
IOSBuild:Export () (at Assets/Scripts/Editor/IOSBuild.cs:157)
IOSBuild:ExportBatch () (at Assets/Scripts/Editor/IOSBuild.cs:119)

(Filename: Assets/Scripts/StructuralARController.cs Line: 978)

[StructuralAR] Caso activo C1 para E1_72: datos OpenSees disponibles
UnityEngine.Debug:ExtractStackTraceNoAlloc (byte*,int,string)
UnityEngine.StackTraceUtility:ExtractStackTrace ()
UnityEngine.DebugLogHandler:Internal_Log (UnityEngine.LogType,UnityEngine.LogOption,string,UnityEngine.Object)
UnityEngine.DebugLogHandler:LogFormat (UnityEngine.LogType,UnityEngine.Object,string,object[])
UnityEngine.Logger:Log (UnityEngine.LogType,object)
UnityEngine.Debug:Log (object)
StructuralARController:SetCombination (string) (at Assets/Scripts/StructuralARController.cs:978)
System.Reflection.RuntimeMethodInfo:Invoke (object,System.Reflection.BindingFlags,System.Reflection.Binder,object[],System.Globalization.CultureInfo)
System.Reflection.MethodBase:Invoke (object,object[])
StructuralARSectorValidation:Call (object,string,object[]) (at Assets/Scripts/Editor/StructuralARSectorValidation.cs:15)
StructuralARSectorValidation:ValidateMomentOrientation (StructuralARController,StructureData) (at Assets/Scripts/Editor/StructuralARSectorValidation.cs:153)
StructuralARSectorValidation:Validate () (at Assets/Scripts/Editor/StructuralARSectorValidation.cs:122)
IOSBuild:Export () (at Assets/Scripts/Editor/IOSBuild.cs:157)
IOSBuild:ExportBatch () (at Assets/Scripts/Editor/IOSBuild.cs:119)

(Filename: Assets/Scripts/StructuralARController.cs Line: 978)

[StructuralAR] Caso activo C1 para E1_72: datos OpenSees disponibles
UnityEngine.Debug:ExtractStackTraceNoAlloc (byte*,int,string)
UnityEngine.StackTraceUtility:ExtractStackTrace ()
UnityEngine.DebugLogHandler:Internal_Log (UnityEngine.LogType,UnityEngine.LogOption,string,UnityEngine.Object)
UnityEngine.DebugLogHandler:LogFormat (UnityEngine.LogType,UnityEngine.Object,string,object[])
UnityEngine.Logger:Log (UnityEngine.LogType,object)
UnityEngine.Debug:Log (object)
StructuralARController:SetCombination (string) (at Assets/Scripts/StructuralARController.cs:978)
System.Reflection.RuntimeMethodInfo:Invoke (object,System.Reflection.BindingFlags,System.Reflection.Binder,object[],System.Globalization.CultureInfo)
System.Reflection.MethodBase:Invoke (object,object[])
StructuralARSectorValidation:Call (object,string,object[]) (at Assets/Scripts/Editor/StructuralARSectorValidation.cs:15)
StructuralARSectorValidation:ValidateMomentOrientation (StructuralARController,StructureData) (at Assets/Scripts/Editor/StructuralARSectorValidation.cs:153)
StructuralARSectorValidation:Validate () (at Assets/Scripts/Editor/StructuralARSectorValidation.cs:122)
IOSBuild:Export () (at Assets/Scripts/Editor/IOSBuild.cs:157)
IOSBuild:ExportBatch () (at Assets/Scripts/Editor/IOSBuild.cs:119)

(Filename: Assets/Scripts/StructuralARController.cs Line: 978)

[StructuralAR] Caso activo C2 para E1_72: datos OpenSees disponibles
UnityEngine.Debug:ExtractStackTraceNoAlloc (byte*,int,string)
UnityEngine.StackTraceUtility:ExtractStackTrace ()
UnityEngine.DebugLogHandler:Internal_Log (UnityEngine.LogType,UnityEngine.LogOption,string,UnityEngine.Object)
UnityEngine.DebugLogHandler:LogFormat (UnityEngine.LogType,UnityEngine.Object,string,object[])
UnityEngine.Logger:Log (UnityEngine.LogType,object)
UnityEngine.Debug:Log (object)
StructuralARController:SetCombination (string) (at Assets/Scripts/StructuralARController.cs:978)
System.Reflection.RuntimeMethodInfo:Invoke (object,System.Reflection.BindingFlags,System.Reflection.Binder,object[],System.Globalization.CultureInfo)
System.Reflection.MethodBase:Invoke (object,object[])
StructuralARSectorValidation:Call (object,string,object[]) (at Assets/Scripts/Editor/StructuralARSectorValidation.cs:15)
StructuralARSectorValidation:ValidateMomentOrientation (StructuralARController,StructureData) (at Assets/Scripts/Editor/StructuralARSectorValidation.cs:153)
StructuralARSectorValidation:Validate () (at Assets/Scripts/Editor/StructuralARSectorValidation.cs:122)
IOSBuild:Export () (at Assets/Scripts/Editor/IOSBuild.cs:157)
IOSBuild:ExportBatch () (at Assets/Scripts/Editor/IOSBuild.cs:119)

(Filename: Assets/Scripts/StructuralARController.cs Line: 978)

[StructuralAR] Caso activo C2 para E1_72: datos OpenSees disponibles
UnityEngine.Debug:ExtractStackTraceNoAlloc (byte*,int,string)
UnityEngine.StackTraceUtility:ExtractStackTrace ()
UnityEngine.DebugLogHandler:Internal_Log (UnityEngine.LogType,UnityEngine.LogOption,string,UnityEngine.Object)
UnityEngine.DebugLogHandler:LogFormat (UnityEngine.LogType,UnityEngine.Object,string,object[])
UnityEngine.Logger:Log (UnityEngine.LogType,object)
UnityEngine.Debug:Log (object)
StructuralARController:SetCombination (string) (at Assets/Scripts/StructuralARController.cs:978)
System.Reflection.RuntimeMethodInfo:Invoke (object,System.Reflection.BindingFlags,System.Reflection.Binder,object[],System.Globalization.CultureInfo)
System.Reflection.MethodBase:Invoke (object,object[])
StructuralARSectorValidation:Call (object,string,object[]) (at Assets/Scripts/Editor/StructuralARSectorValidation.cs:15)
StructuralARSectorValidation:ValidateMomentOrientation (StructuralARController,StructureData) (at Assets/Scripts/Editor/StructuralARSectorValidation.cs:153)
StructuralARSectorValidation:Validate () (at Assets/Scripts/Editor/StructuralARSectorValidation.cs:122)
IOSBuild:Export () (at Assets/Scripts/Editor/IOSBuild.cs:157)
IOSBuild:ExportBatch () (at Assets/Scripts/Editor/IOSBuild.cs:119)

(Filename: Assets/Scripts/StructuralARController.cs Line: 978)

[StructuralAR] Caso activo C3 para E1_72: datos OpenSees disponibles
UnityEngine.Debug:ExtractStackTraceNoAlloc (byte*,int,string)
UnityEngine.StackTraceUtility:ExtractStackTrace ()
UnityEngine.DebugLogHandler:Internal_Log (UnityEngine.LogType,UnityEngine.LogOption,string,UnityEngine.Object)
UnityEngine.DebugLogHandler:LogFormat (UnityEngine.LogType,UnityEngine.Object,string,object[])
UnityEngine.Logger:Log (UnityEngine.LogType,object)
UnityEngine.Debug:Log (object)
StructuralARController:SetCombination (string) (at Assets/Scripts/StructuralARController.cs:978)
System.Reflection.RuntimeMethodInfo:Invoke (object,System.Reflection.BindingFlags,System.Reflection.Binder,object[],System.Globalization.CultureInfo)
System.Reflection.MethodBase:Invoke (object,object[])
StructuralARSectorValidation:Call (object,string,object[]) (at Assets/Scripts/Editor/StructuralARSectorValidation.cs:15)
StructuralARSectorValidation:ValidateMomentOrientation (StructuralARController,StructureData) (at Assets/Scripts/Editor/StructuralARSectorValidation.cs:153)
StructuralARSectorValidation:Validate () (at Assets/Scripts/Editor/StructuralARSectorValidation.cs:122)
IOSBuild:Export () (at Assets/Scripts/Editor/IOSBuild.cs:157)
IOSBuild:ExportBatch () (at Assets/Scripts/Editor/IOSBuild.cs:119)

(Filename: Assets/Scripts/StructuralARController.cs Line: 978)

[StructuralAR] Caso activo C3 para E1_72: datos OpenSees disponibles
UnityEngine.Debug:ExtractStackTraceNoAlloc (byte*,int,string)
UnityEngine.StackTraceUtility:ExtractStackTrace ()
UnityEngine.DebugLogHandler:Internal_Log (UnityEngine.LogType,UnityEngine.LogOption,string,UnityEngine.Object)
UnityEngine.DebugLogHandler:LogFormat (UnityEngine.LogType,UnityEngine.Object,string,object[])
UnityEngine.Logger:Log (UnityEngine.LogType,object)
UnityEngine.Debug:Log (object)
StructuralARController:SetCombination (string) (at Assets/Scripts/StructuralARController.cs:978)
System.Reflection.RuntimeMethodInfo:Invoke (object,System.Reflection.BindingFlags,System.Reflection.Binder,object[],System.Globalization.CultureInfo)
System.Reflection.MethodBase:Invoke (object,object[])
StructuralARSectorValidation:Call (object,string,object[]) (at Assets/Scripts/Editor/StructuralARSectorValidation.cs:15)
StructuralARSectorValidation:ValidateMomentOrientation (StructuralARController,StructureData) (at Assets/Scripts/Editor/StructuralARSectorValidation.cs:153)
StructuralARSectorValidation:Validate () (at Assets/Scripts/Editor/StructuralARSectorValidation.cs:122)
IOSBuild:Export () (at Assets/Scripts/Editor/IOSBuild.cs:157)
IOSBuild:ExportBatch () (at Assets/Scripts/Editor/IOSBuild.cs:119)

(Filename: Assets/Scripts/StructuralARController.cs Line: 978)

[StructuralAR] Caso activo C1 para E1_72: datos OpenSees disponibles
UnityEngine.Debug:ExtractStackTraceNoAlloc (byte*,int,string)
UnityEngine.StackTraceUtility:ExtractStackTrace ()
UnityEngine.DebugLogHandler:Internal_Log (UnityEngine.LogType,UnityEngine.LogOption,string,UnityEngine.Object)
UnityEngine.DebugLogHandler:LogFormat (UnityEngine.LogType,UnityEngine.Object,string,object[])
UnityEngine.Logger:Log (UnityEngine.LogType,object)
UnityEngine.Debug:Log (object)
StructuralARController:SetCombination (string) (at Assets/Scripts/StructuralARController.cs:978)
System.Reflection.RuntimeMethodInfo:Invoke (object,System.Reflection.BindingFlags,System.Reflection.Binder,object[],System.Globalization.CultureInfo)
System.Reflection.MethodBase:Invoke (object,object[])
StructuralARSectorValidation:Call (object,string,object[]) (at Assets/Scripts/Editor/StructuralARSectorValidation.cs:15)
StructuralARSectorValidation:ValidateMomentOrientation (StructuralARController,StructureData) (at Assets/Scripts/Editor/StructuralARSectorValidation.cs:153)
StructuralARSectorValidation:Validate () (at Assets/Scripts/Editor/StructuralARSectorValidation.cs:122)
IOSBuild:Export () (at Assets/Scripts/Editor/IOSBuild.cs:157)
IOSBuild:ExportBatch () (at Assets/Scripts/Editor/IOSBuild.cs:119)

(Filename: Assets/Scripts/StructuralARController.cs Line: 978)

[StructuralAR] Caso activo C1 para E1_72: datos OpenSees disponibles
UnityEngine.Debug:ExtractStackTraceNoAlloc (byte*,int,string)
UnityEngine.StackTraceUtility:ExtractStackTrace ()
UnityEngine.DebugLogHandler:Internal_Log (UnityEngine.LogType,UnityEngine.LogOption,string,UnityEngine.Object)
UnityEngine.DebugLogHandler:LogFormat (UnityEngine.LogType,UnityEngine.Object,string,object[])
UnityEngine.Logger:Log (UnityEngine.LogType,object)
UnityEngine.Debug:Log (object)
StructuralARController:SetCombination (string) (at Assets/Scripts/StructuralARController.cs:978)
System.Reflection.RuntimeMethodInfo:Invoke (object,System.Reflection.BindingFlags,System.Reflection.Binder,object[],System.Globalization.CultureInfo)
System.Reflection.MethodBase:Invoke (object,object[])
StructuralARSectorValidation:Call (object,string,object[]) (at Assets/Scripts/Editor/StructuralARSectorValidation.cs:15)
StructuralARSectorValidation:ValidateMomentOrientation (StructuralARController,StructureData) (at Assets/Scripts/Editor/StructuralARSectorValidation.cs:153)
StructuralARSectorValidation:Validate () (at Assets/Scripts/Editor/StructuralARSectorValidation.cs:122)
IOSBuild:Export () (at Assets/Scripts/Editor/IOSBuild.cs:157)
IOSBuild:ExportBatch () (at Assets/Scripts/Editor/IOSBuild.cs:119)

(Filename: Assets/Scripts/StructuralARController.cs Line: 978)

[StructuralAR] Caso activo C2 para E1_72: datos OpenSees disponibles
UnityEngine.Debug:ExtractStackTraceNoAlloc (byte*,int,string)
UnityEngine.StackTraceUtility:ExtractStackTrace ()
UnityEngine.DebugLogHandler:Internal_Log (UnityEngine.LogType,UnityEngine.LogOption,string,UnityEngine.Object)
UnityEngine.DebugLogHandler:LogFormat (UnityEngine.LogType,UnityEngine.Object,string,object[])
UnityEngine.Logger:Log (UnityEngine.LogType,object)
UnityEngine.Debug:Log (object)
StructuralARController:SetCombination (string) (at Assets/Scripts/StructuralARController.cs:978)
System.Reflection.RuntimeMethodInfo:Invoke (object,System.Reflection.BindingFlags,System.Reflection.Binder,object[],System.Globalization.CultureInfo)
System.Reflection.MethodBase:Invoke (object,object[])
StructuralARSectorValidation:Call (object,string,object[]) (at Assets/Scripts/Editor/StructuralARSectorValidation.cs:15)
StructuralARSectorValidation:ValidateMomentOrientation (StructuralARController,StructureData) (at Assets/Scripts/Editor/StructuralARSectorValidation.cs:153)
StructuralARSectorValidation:Validate () (at Assets/Scripts/Editor/StructuralARSectorValidation.cs:122)
IOSBuild:Export () (at Assets/Scripts/Editor/IOSBuild.cs:157)
IOSBuild:ExportBatch () (at Assets/Scripts/Editor/IOSBuild.cs:119)

(Filename: Assets/Scripts/StructuralARController.cs Line: 978)

[StructuralAR] Caso activo C2 para E1_72: datos OpenSees disponibles
UnityEngine.Debug:ExtractStackTraceNoAlloc (byte*,int,string)
UnityEngine.StackTraceUtility:ExtractStackTrace ()
UnityEngine.DebugLogHandler:Internal_Log (UnityEngine.LogType,UnityEngine.LogOption,string,UnityEngine.Object)
UnityEngine.DebugLogHandler:LogFormat (UnityEngine.LogType,UnityEngine.Object,string,object[])
UnityEngine.Logger:Log (UnityEngine.LogType,object)
UnityEngine.Debug:Log (object)
StructuralARController:SetCombination (string) (at Assets/Scripts/StructuralARController.cs:978)
System.Reflection.RuntimeMethodInfo:Invoke (object,System.Reflection.BindingFlags,System.Reflection.Binder,object[],System.Globalization.CultureInfo)
System.Reflection.MethodBase:Invoke (object,object[])
StructuralARSectorValidation:Call (object,string,object[]) (at Assets/Scripts/Editor/StructuralARSectorValidation.cs:15)
StructuralARSectorValidation:ValidateMomentOrientation (StructuralARController,StructureData) (at Assets/Scripts/Editor/StructuralARSectorValidation.cs:153)
StructuralARSectorValidation:Validate () (at Assets/Scripts/Editor/StructuralARSectorValidation.cs:122)
IOSBuild:Export () (at Assets/Scripts/Editor/IOSBuild.cs:157)
IOSBuild:ExportBatch () (at Assets/Scripts/Editor/IOSBuild.cs:119)

(Filename: Assets/Scripts/StructuralARController.cs Line: 978)

[StructuralAR] Caso activo C3 para E1_72: datos OpenSees disponibles
UnityEngine.Debug:ExtractStackTraceNoAlloc (byte*,int,string)
UnityEngine.StackTraceUtility:ExtractStackTrace ()
UnityEngine.DebugLogHandler:Internal_Log (UnityEngine.LogType,UnityEngine.LogOption,string,UnityEngine.Object)
UnityEngine.DebugLogHandler:LogFormat (UnityEngine.LogType,UnityEngine.Object,string,object[])
UnityEngine.Logger:Log (UnityEngine.LogType,object)
UnityEngine.Debug:Log (object)
StructuralARController:SetCombination (string) (at Assets/Scripts/StructuralARController.cs:978)
System.Reflection.RuntimeMethodInfo:Invoke (object,System.Reflection.BindingFlags,System.Reflection.Binder,object[],System.Globalization.CultureInfo)
System.Reflection.MethodBase:Invoke (object,object[])
StructuralARSectorValidation:Call (object,string,object[]) (at Assets/Scripts/Editor/StructuralARSectorValidation.cs:15)
StructuralARSectorValidation:ValidateMomentOrientation (StructuralARController,StructureData) (at Assets/Scripts/Editor/StructuralARSectorValidation.cs:153)
StructuralARSectorValidation:Validate () (at Assets/Scripts/Editor/StructuralARSectorValidation.cs:122)
IOSBuild:Export () (at Assets/Scripts/Editor/IOSBuild.cs:157)
IOSBuild:ExportBatch () (at Assets/Scripts/Editor/IOSBuild.cs:119)

(Filename: Assets/Scripts/StructuralARController.cs Line: 978)

[StructuralAR] Caso activo C3 para E1_72: datos OpenSees disponibles
UnityEngine.Debug:ExtractStackTraceNoAlloc (byte*,int,string)
UnityEngine.StackTraceUtility:ExtractStackTrace ()
UnityEngine.DebugLogHandler:Internal_Log (UnityEngine.LogType,UnityEngine.LogOption,string,UnityEngine.Object)
UnityEngine.DebugLogHandler:LogFormat (UnityEngine.LogType,UnityEngine.Object,string,object[])
UnityEngine.Logger:Log (UnityEngine.LogType,object)
UnityEngine.Debug:Log (object)
StructuralARController:SetCombination (string) (at Assets/Scripts/StructuralARController.cs:978)
System.Reflection.RuntimeMethodInfo:Invoke (object,System.Reflection.BindingFlags,System.Reflection.Binder,object[],System.Globalization.CultureInfo)
System.Reflection.MethodBase:Invoke (object,object[])
StructuralARSectorValidation:Call (object,string,object[]) (at Assets/Scripts/Editor/StructuralARSectorValidation.cs:15)
StructuralARSectorValidation:ValidateMomentOrientation (StructuralARController,StructureData) (at Assets/Scripts/Editor/StructuralARSectorValidation.cs:153)
StructuralARSectorValidation:Validate () (at Assets/Scripts/Editor/StructuralARSectorValidation.cs:122)
IOSBuild:Export () (at Assets/Scripts/Editor/IOSBuild.cs:157)
IOSBuild:ExportBatch () (at Assets/Scripts/Editor/IOSBuild.cs:119)

(Filename: Assets/Scripts/StructuralARController.cs Line: 978)

[StructuralAR] Caso activo C1 para E1_72: datos OpenSees disponibles
UnityEngine.Debug:ExtractStackTraceNoAlloc (byte*,int,string)
UnityEngine.StackTraceUtility:ExtractStackTrace ()
UnityEngine.DebugLogHandler:Internal_Log (UnityEngine.LogType,UnityEngine.LogOption,string,UnityEngine.Object)
UnityEngine.DebugLogHandler:LogFormat (UnityEngine.LogType,UnityEngine.Object,string,object[])
UnityEngine.Logger:Log (UnityEngine.LogType,object)
UnityEngine.Debug:Log (object)
StructuralARController:SetCombination (string) (at Assets/Scripts/StructuralARController.cs:978)
System.Reflection.RuntimeMethodInfo:Invoke (object,System.Reflection.BindingFlags,System.Reflection.Binder,object[],System.Globalization.CultureInfo)
System.Reflection.MethodBase:Invoke (object,object[])
StructuralARSectorValidation:Call (object,string,object[]) (at Assets/Scripts/Editor/StructuralARSectorValidation.cs:15)
StructuralARSectorValidation:ValidateMomentOrientation (StructuralARController,StructureData) (at Assets/Scripts/Editor/StructuralARSectorValidation.cs:153)
StructuralARSectorValidation:Validate () (at Assets/Scripts/Editor/StructuralARSectorValidation.cs:122)
IOSBuild:Export () (at Assets/Scripts/Editor/IOSBuild.cs:157)
IOSBuild:ExportBatch () (at Assets/Scripts/Editor/IOSBuild.cs:119)

(Filename: Assets/Scripts/StructuralARController.cs Line: 978)

[StructuralAR] Caso activo C1 para E1_72: datos OpenSees disponibles
UnityEngine.Debug:ExtractStackTraceNoAlloc (byte*,int,string)
UnityEngine.StackTraceUtility:ExtractStackTrace ()
UnityEngine.DebugLogHandler:Internal_Log (UnityEngine.LogType,UnityEngine.LogOption,string,UnityEngine.Object)
UnityEngine.DebugLogHandler:LogFormat (UnityEngine.LogType,UnityEngine.Object,string,object[])
UnityEngine.Logger:Log (UnityEngine.LogType,object)
UnityEngine.Debug:Log (object)
StructuralARController:SetCombination (string) (at Assets/Scripts/StructuralARController.cs:978)
System.Reflection.RuntimeMethodInfo:Invoke (object,System.Reflection.BindingFlags,System.Reflection.Binder,object[],System.Globalization.CultureInfo)
System.Reflection.MethodBase:Invoke (object,object[])
StructuralARSectorValidation:Call (object,string,object[]) (at Assets/Scripts/Editor/StructuralARSectorValidation.cs:15)
StructuralARSectorValidation:ValidateMomentOrientation (StructuralARController,StructureData) (at Assets/Scripts/Editor/StructuralARSectorValidation.cs:153)
StructuralARSectorValidation:Validate () (at Assets/Scripts/Editor/StructuralARSectorValidation.cs:122)
IOSBuild:Export () (at Assets/Scripts/Editor/IOSBuild.cs:157)
IOSBuild:ExportBatch () (at Assets/Scripts/Editor/IOSBuild.cs:119)

(Filename: Assets/Scripts/StructuralARController.cs Line: 978)

[StructuralAR] Caso activo C2 para E1_72: datos OpenSees disponibles
UnityEngine.Debug:ExtractStackTraceNoAlloc (byte*,int,string)
UnityEngine.StackTraceUtility:ExtractStackTrace ()
UnityEngine.DebugLogHandler:Internal_Log (UnityEngine.LogType,UnityEngine.LogOption,string,UnityEngine.Object)
UnityEngine.DebugLogHandler:LogFormat (UnityEngine.LogType,UnityEngine.Object,string,object[])
UnityEngine.Logger:Log (UnityEngine.LogType,object)
UnityEngine.Debug:Log (object)
StructuralARController:SetCombination (string) (at Assets/Scripts/StructuralARController.cs:978)
System.Reflection.RuntimeMethodInfo:Invoke (object,System.Reflection.BindingFlags,System.Reflection.Binder,object[],System.Globalization.CultureInfo)
System.Reflection.MethodBase:Invoke (object,object[])
StructuralARSectorValidation:Call (object,string,object[]) (at Assets/Scripts/Editor/StructuralARSectorValidation.cs:15)
StructuralARSectorValidation:ValidateMomentOrientation (StructuralARController,StructureData) (at Assets/Scripts/Editor/StructuralARSectorValidation.cs:153)
StructuralARSectorValidation:Validate () (at Assets/Scripts/Editor/StructuralARSectorValidation.cs:122)
IOSBuild:Export () (at Assets/Scripts/Editor/IOSBuild.cs:157)
IOSBuild:ExportBatch () (at Assets/Scripts/Editor/IOSBuild.cs:119)

(Filename: Assets/Scripts/StructuralARController.cs Line: 978)

[StructuralAR] Caso activo C2 para E1_72: datos OpenSees disponibles
UnityEngine.Debug:ExtractStackTraceNoAlloc (byte*,int,string)
UnityEngine.StackTraceUtility:ExtractStackTrace ()
UnityEngine.DebugLogHandler:Internal_Log (UnityEngine.LogType,UnityEngine.LogOption,string,UnityEngine.Object)
UnityEngine.DebugLogHandler:LogFormat (UnityEngine.LogType,UnityEngine.Object,string,object[])
UnityEngine.Logger:Log (UnityEngine.LogType,object)
UnityEngine.Debug:Log (object)
StructuralARController:SetCombination (string) (at Assets/Scripts/StructuralARController.cs:978)
System.Reflection.RuntimeMethodInfo:Invoke (object,System.Reflection.BindingFlags,System.Reflection.Binder,object[],System.Globalization.CultureInfo)
System.Reflection.MethodBase:Invoke (object,object[])
StructuralARSectorValidation:Call (object,string,object[]) (at Assets/Scripts/Editor/StructuralARSectorValidation.cs:15)
StructuralARSectorValidation:ValidateMomentOrientation (StructuralARController,StructureData) (at Assets/Scripts/Editor/StructuralARSectorValidation.cs:153)
StructuralARSectorValidation:Validate () (at Assets/Scripts/Editor/StructuralARSectorValidation.cs:122)
IOSBuild:Export () (at Assets/Scripts/Editor/IOSBuild.cs:157)
IOSBuild:ExportBatch () (at Assets/Scripts/Editor/IOSBuild.cs:119)

(Filename: Assets/Scripts/StructuralARController.cs Line: 978)

[StructuralAR] Caso activo C3 para E1_72: datos OpenSees disponibles
UnityEngine.Debug:ExtractStackTraceNoAlloc (byte*,int,string)
UnityEngine.StackTraceUtility:ExtractStackTrace ()
UnityEngine.DebugLogHandler:Internal_Log (UnityEngine.LogType,UnityEngine.LogOption,string,UnityEngine.Object)
UnityEngine.DebugLogHandler:LogFormat (UnityEngine.LogType,UnityEngine.Object,string,object[])
UnityEngine.Logger:Log (UnityEngine.LogType,object)
UnityEngine.Debug:Log (object)
StructuralARController:SetCombination (string) (at Assets/Scripts/StructuralARController.cs:978)
System.Reflection.RuntimeMethodInfo:Invoke (object,System.Reflection.BindingFlags,System.Reflection.Binder,object[],System.Globalization.CultureInfo)
System.Reflection.MethodBase:Invoke (object,object[])
StructuralARSectorValidation:Call (object,string,object[]) (at Assets/Scripts/Editor/StructuralARSectorValidation.cs:15)
StructuralARSectorValidation:ValidateMomentOrientation (StructuralARController,StructureData) (at Assets/Scripts/Editor/StructuralARSectorValidation.cs:153)
StructuralARSectorValidation:Validate () (at Assets/Scripts/Editor/StructuralARSectorValidation.cs:122)
IOSBuild:Export () (at Assets/Scripts/Editor/IOSBuild.cs:157)
IOSBuild:ExportBatch () (at Assets/Scripts/Editor/IOSBuild.cs:119)

(Filename: Assets/Scripts/StructuralARController.cs Line: 978)

[StructuralAR] Caso activo C3 para E1_72: datos OpenSees disponibles
UnityEngine.Debug:ExtractStackTraceNoAlloc (byte*,int,string)
UnityEngine.StackTraceUtility:ExtractStackTrace ()
UnityEngine.DebugLogHandler:Internal_Log (UnityEngine.LogType,UnityEngine.LogOption,string,UnityEngine.Object)
UnityEngine.DebugLogHandler:LogFormat (UnityEngine.LogType,UnityEngine.Object,string,object[])
UnityEngine.Logger:Log (UnityEngine.LogType,object)
UnityEngine.Debug:Log (object)
StructuralARController:SetCombination (string) (at Assets/Scripts/StructuralARController.cs:978)
System.Reflection.RuntimeMethodInfo:Invoke (object,System.Reflection.BindingFlags,System.Reflection.Binder,object[],System.Globalization.CultureInfo)
System.Reflection.MethodBase:Invoke (object,object[])
StructuralARSectorValidation:Call (object,string,object[]) (at Assets/Scripts/Editor/StructuralARSectorValidation.cs:15)
StructuralARSectorValidation:ValidateMomentOrientation (StructuralARController,StructureData) (at Assets/Scripts/Editor/StructuralARSectorValidation.cs:153)
StructuralARSectorValidation:Validate () (at Assets/Scripts/Editor/StructuralARSectorValidation.cs:122)
IOSBuild:Export () (at Assets/Scripts/Editor/IOSBuild.cs:157)
IOSBuild:ExportBatch () (at Assets/Scripts/Editor/IOSBuild.cs:119)

(Filename: Assets/Scripts/StructuralARController.cs Line: 978)

[StructuralAR] Caso activo C1 para E1_94: datos OpenSees disponibles
UnityEngine.Debug:ExtractStackTraceNoAlloc (byte*,int,string)
UnityEngine.StackTraceUtility:ExtractStackTrace ()
UnityEngine.DebugLogHandler:Internal_Log (UnityEngine.LogType,UnityEngine.LogOption,string,UnityEngine.Object)
UnityEngine.DebugLogHandler:LogFormat (UnityEngine.LogType,UnityEngine.Object,string,object[])
UnityEngine.Logger:Log (UnityEngine.LogType,object)
UnityEngine.Debug:Log (object)
StructuralARController:SetCombination (string) (at Assets/Scripts/StructuralARController.cs:978)
System.Reflection.RuntimeMethodInfo:Invoke (object,System.Reflection.BindingFlags,System.Reflection.Binder,object[],System.Globalization.CultureInfo)
System.Reflection.MethodBase:Invoke (object,object[])
StructuralARSectorValidation:Call (object,string,object[]) (at Assets/Scripts/Editor/StructuralARSectorValidation.cs:15)
StructuralARSectorValidation:ValidateMomentOrientation (StructuralARController,StructureData) (at Assets/Scripts/Editor/StructuralARSectorValidation.cs:153)
StructuralARSectorValidation:Validate () (at Assets/Scripts/Editor/StructuralARSectorValidation.cs:122)
IOSBuild:Export () (at Assets/Scripts/Editor/IOSBuild.cs:157)
IOSBuild:ExportBatch () (at Assets/Scripts/Editor/IOSBuild.cs:119)

(Filename: Assets/Scripts/StructuralARController.cs Line: 978)

[StructuralAR] Caso activo C1 para E1_94: datos OpenSees disponibles
UnityEngine.Debug:ExtractStackTraceNoAlloc (byte*,int,string)
UnityEngine.StackTraceUtility:ExtractStackTrace ()
UnityEngine.DebugLogHandler:Internal_Log (UnityEngine.LogType,UnityEngine.LogOption,string,UnityEngine.Object)
UnityEngine.DebugLogHandler:LogFormat (UnityEngine.LogType,UnityEngine.Object,string,object[])
UnityEngine.Logger:Log (UnityEngine.LogType,object)
UnityEngine.Debug:Log (object)
StructuralARController:SetCombination (string) (at Assets/Scripts/StructuralARController.cs:978)
System.Reflection.RuntimeMethodInfo:Invoke (object,System.Reflection.BindingFlags,System.Reflection.Binder,object[],System.Globalization.CultureInfo)
System.Reflection.MethodBase:Invoke (object,object[])
StructuralARSectorValidation:Call (object,string,object[]) (at Assets/Scripts/Editor/StructuralARSectorValidation.cs:15)
StructuralARSectorValidation:ValidateMomentOrientation (StructuralARController,StructureData) (at Assets/Scripts/Editor/StructuralARSectorValidation.cs:153)
StructuralARSectorValidation:Validate () (at Assets/Scripts/Editor/StructuralARSectorValidation.cs:122)
IOSBuild:Export () (at Assets/Scripts/Editor/IOSBuild.cs:157)
IOSBuild:ExportBatch () (at Assets/Scripts/Editor/IOSBuild.cs:119)

(Filename: Assets/Scripts/StructuralARController.cs Line: 978)

[StructuralAR] Caso activo C2 para E1_94: datos OpenSees disponibles
UnityEngine.Debug:ExtractStackTraceNoAlloc (byte*,int,string)
UnityEngine.StackTraceUtility:ExtractStackTrace ()
UnityEngine.DebugLogHandler:Internal_Log (UnityEngine.LogType,UnityEngine.LogOption,string,UnityEngine.Object)
UnityEngine.DebugLogHandler:LogFormat (UnityEngine.LogType,UnityEngine.Object,string,object[])
UnityEngine.Logger:Log (UnityEngine.LogType,object)
UnityEngine.Debug:Log (object)
StructuralARController:SetCombination (string) (at Assets/Scripts/StructuralARController.cs:978)
System.Reflection.RuntimeMethodInfo:Invoke (object,System.Reflection.BindingFlags,System.Reflection.Binder,object[],System.Globalization.CultureInfo)
System.Reflection.MethodBase:Invoke (object,object[])
StructuralARSectorValidation:Call (object,string,object[]) (at Assets/Scripts/Editor/StructuralARSectorValidation.cs:15)
StructuralARSectorValidation:ValidateMomentOrientation (StructuralARController,StructureData) (at Assets/Scripts/Editor/StructuralARSectorValidation.cs:153)
StructuralARSectorValidation:Validate () (at Assets/Scripts/Editor/StructuralARSectorValidation.cs:122)
IOSBuild:Export () (at Assets/Scripts/Editor/IOSBuild.cs:157)
IOSBuild:ExportBatch () (at Assets/Scripts/Editor/IOSBuild.cs:119)

(Filename: Assets/Scripts/StructuralARController.cs Line: 978)

[StructuralAR] Caso activo C2 para E1_94: datos OpenSees disponibles
UnityEngine.Debug:ExtractStackTraceNoAlloc (byte*,int,string)
UnityEngine.StackTraceUtility:ExtractStackTrace ()
UnityEngine.DebugLogHandler:Internal_Log (UnityEngine.LogType,UnityEngine.LogOption,string,UnityEngine.Object)
UnityEngine.DebugLogHandler:LogFormat (UnityEngine.LogType,UnityEngine.Object,string,object[])
UnityEngine.Logger:Log (UnityEngine.LogType,object)
UnityEngine.Debug:Log (object)
StructuralARController:SetCombination (string) (at Assets/Scripts/StructuralARController.cs:978)
System.Reflection.RuntimeMethodInfo:Invoke (object,System.Reflection.BindingFlags,System.Reflection.Binder,object[],System.Globalization.CultureInfo)
System.Reflection.MethodBase:Invoke (object,object[])
StructuralARSectorValidation:Call (object,string,object[]) (at Assets/Scripts/Editor/StructuralARSectorValidation.cs:15)
StructuralARSectorValidation:ValidateMomentOrientation (StructuralARController,StructureData) (at Assets/Scripts/Editor/StructuralARSectorValidation.cs:153)
StructuralARSectorValidation:Validate () (at Assets/Scripts/Editor/StructuralARSectorValidation.cs:122)
IOSBuild:Export () (at Assets/Scripts/Editor/IOSBuild.cs:157)
IOSBuild:ExportBatch () (at Assets/Scripts/Editor/IOSBuild.cs:119)

(Filename: Assets/Scripts/StructuralARController.cs Line: 978)

[StructuralAR] Caso activo C3 para E1_94: datos OpenSees disponibles
UnityEngine.Debug:ExtractStackTraceNoAlloc (byte*,int,string)
UnityEngine.StackTraceUtility:ExtractStackTrace ()
UnityEngine.DebugLogHandler:Internal_Log (UnityEngine.LogType,UnityEngine.LogOption,string,UnityEngine.Object)
UnityEngine.DebugLogHandler:LogFormat (UnityEngine.LogType,UnityEngine.Object,string,object[])
UnityEngine.Logger:Log (UnityEngine.LogType,object)
UnityEngine.Debug:Log (object)
StructuralARController:SetCombination (string) (at Assets/Scripts/StructuralARController.cs:978)
System.Reflection.RuntimeMethodInfo:Invoke (object,System.Reflection.BindingFlags,System.Reflection.Binder,object[],System.Globalization.CultureInfo)
System.Reflection.MethodBase:Invoke (object,object[])
StructuralARSectorValidation:Call (object,string,object[]) (at Assets/Scripts/Editor/StructuralARSectorValidation.cs:15)
StructuralARSectorValidation:ValidateMomentOrientation (StructuralARController,StructureData) (at Assets/Scripts/Editor/StructuralARSectorValidation.cs:153)
StructuralARSectorValidation:Validate () (at Assets/Scripts/Editor/StructuralARSectorValidation.cs:122)
IOSBuild:Export () (at Assets/Scripts/Editor/IOSBuild.cs:157)
IOSBuild:ExportBatch () (at Assets/Scripts/Editor/IOSBuild.cs:119)

(Filename: Assets/Scripts/StructuralARController.cs Line: 978)

[StructuralAR] Caso activo C3 para E1_94: datos OpenSees disponibles
UnityEngine.Debug:ExtractStackTraceNoAlloc (byte*,int,string)
UnityEngine.StackTraceUtility:ExtractStackTrace ()
UnityEngine.DebugLogHandler:Internal_Log (UnityEngine.LogType,UnityEngine.LogOption,string,UnityEngine.Object)
UnityEngine.DebugLogHandler:LogFormat (UnityEngine.LogType,UnityEngine.Object,string,object[])
UnityEngine.Logger:Log (UnityEngine.LogType,object)
UnityEngine.Debug:Log (object)
StructuralARController:SetCombination (string) (at Assets/Scripts/StructuralARController.cs:978)
System.Reflection.RuntimeMethodInfo:Invoke (object,System.Reflection.BindingFlags,System.Reflection.Binder,object[],System.Globalization.CultureInfo)
System.Reflection.MethodBase:Invoke (object,object[])
StructuralARSectorValidation:Call (object,string,object[]) (at Assets/Scripts/Editor/StructuralARSectorValidation.cs:15)
StructuralARSectorValidation:ValidateMomentOrientation (StructuralARController,StructureData) (at Assets/Scripts/Editor/StructuralARSectorValidation.cs:153)
StructuralARSectorValidation:Validate () (at Assets/Scripts/Editor/StructuralARSectorValidation.cs:122)
IOSBuild:Export () (at Assets/Scripts/Editor/IOSBuild.cs:157)
IOSBuild:ExportBatch () (at Assets/Scripts/Editor/IOSBuild.cs:119)

(Filename: Assets/Scripts/StructuralARController.cs Line: 978)

[StructuralAR] Caso activo C1 para E1_94: datos OpenSees disponibles
UnityEngine.Debug:ExtractStackTraceNoAlloc (byte*,int,string)
UnityEngine.StackTraceUtility:ExtractStackTrace ()
UnityEngine.DebugLogHandler:Internal_Log (UnityEngine.LogType,UnityEngine.LogOption,string,UnityEngine.Object)
UnityEngine.DebugLogHandler:LogFormat (UnityEngine.LogType,UnityEngine.Object,string,object[])
UnityEngine.Logger:Log (UnityEngine.LogType,object)
UnityEngine.Debug:Log (object)
StructuralARController:SetCombination (string) (at Assets/Scripts/StructuralARController.cs:978)
System.Reflection.RuntimeMethodInfo:Invoke (object,System.Reflection.BindingFlags,System.Reflection.Binder,object[],System.Globalization.CultureInfo)
System.Reflection.MethodBase:Invoke (object,object[])
StructuralARSectorValidation:Call (object,string,object[]) (at Assets/Scripts/Editor/StructuralARSectorValidation.cs:15)
StructuralARSectorValidation:ValidateMomentOrientation (StructuralARController,StructureData) (at Assets/Scripts/Editor/StructuralARSectorValidation.cs:153)
StructuralARSectorValidation:Validate () (at Assets/Scripts/Editor/StructuralARSectorValidation.cs:122)
IOSBuild:Export () (at Assets/Scripts/Editor/IOSBuild.cs:157)
IOSBuild:ExportBatch () (at Assets/Scripts/Editor/IOSBuild.cs:119)

(Filename: Assets/Scripts/StructuralARController.cs Line: 978)

[StructuralAR] Caso activo C1 para E1_94: datos OpenSees disponibles
UnityEngine.Debug:ExtractStackTraceNoAlloc (byte*,int,string)
UnityEngine.StackTraceUtility:ExtractStackTrace ()
UnityEngine.DebugLogHandler:Internal_Log (UnityEngine.LogType,UnityEngine.LogOption,string,UnityEngine.Object)
UnityEngine.DebugLogHandler:LogFormat (UnityEngine.LogType,UnityEngine.Object,string,object[])
UnityEngine.Logger:Log (UnityEngine.LogType,object)
UnityEngine.Debug:Log (object)
StructuralARController:SetCombination (string) (at Assets/Scripts/StructuralARController.cs:978)
System.Reflection.RuntimeMethodInfo:Invoke (object,System.Reflection.BindingFlags,System.Reflection.Binder,object[],System.Globalization.CultureInfo)
System.Reflection.MethodBase:Invoke (object,object[])
StructuralARSectorValidation:Call (object,string,object[]) (at Assets/Scripts/Editor/StructuralARSectorValidation.cs:15)
StructuralARSectorValidation:ValidateMomentOrientation (StructuralARController,StructureData) (at Assets/Scripts/Editor/StructuralARSectorValidation.cs:153)
StructuralARSectorValidation:Validate () (at Assets/Scripts/Editor/StructuralARSectorValidation.cs:122)
IOSBuild:Export () (at Assets/Scripts/Editor/IOSBuild.cs:157)
IOSBuild:ExportBatch () (at Assets/Scripts/Editor/IOSBuild.cs:119)

(Filename: Assets/Scripts/StructuralARController.cs Line: 978)

[StructuralAR] Caso activo C2 para E1_94: datos OpenSees disponibles
UnityEngine.Debug:ExtractStackTraceNoAlloc (byte*,int,string)
UnityEngine.StackTraceUtility:ExtractStackTrace ()
UnityEngine.DebugLogHandler:Internal_Log (UnityEngine.LogType,UnityEngine.LogOption,string,UnityEngine.Object)
UnityEngine.DebugLogHandler:LogFormat (UnityEngine.LogType,UnityEngine.Object,string,object[])
UnityEngine.Logger:Log (UnityEngine.LogType,object)
UnityEngine.Debug:Log (object)
StructuralARController:SetCombination (string) (at Assets/Scripts/StructuralARController.cs:978)
System.Reflection.RuntimeMethodInfo:Invoke (object,System.Reflection.BindingFlags,System.Reflection.Binder,object[],System.Globalization.CultureInfo)
System.Reflection.MethodBase:Invoke (object,object[])
StructuralARSectorValidation:Call (object,string,object[]) (at Assets/Scripts/Editor/StructuralARSectorValidation.cs:15)
StructuralARSectorValidation:ValidateMomentOrientation (StructuralARController,StructureData) (at Assets/Scripts/Editor/StructuralARSectorValidation.cs:153)
StructuralARSectorValidation:Validate () (at Assets/Scripts/Editor/StructuralARSectorValidation.cs:122)
IOSBuild:Export () (at Assets/Scripts/Editor/IOSBuild.cs:157)
IOSBuild:ExportBatch () (at Assets/Scripts/Editor/IOSBuild.cs:119)

(Filename: Assets/Scripts/StructuralARController.cs Line: 978)

[StructuralAR] Caso activo C2 para E1_94: datos OpenSees disponibles
UnityEngine.Debug:ExtractStackTraceNoAlloc (byte*,int,string)
UnityEngine.StackTraceUtility:ExtractStackTrace ()
UnityEngine.DebugLogHandler:Internal_Log (UnityEngine.LogType,UnityEngine.LogOption,string,UnityEngine.Object)
UnityEngine.DebugLogHandler:LogFormat (UnityEngine.LogType,UnityEngine.Object,string,object[])
UnityEngine.Logger:Log (UnityEngine.LogType,object)
UnityEngine.Debug:Log (object)
StructuralARController:SetCombination (string) (at Assets/Scripts/StructuralARController.cs:978)
System.Reflection.RuntimeMethodInfo:Invoke (object,System.Reflection.BindingFlags,System.Reflection.Binder,object[],System.Globalization.CultureInfo)
System.Reflection.MethodBase:Invoke (object,object[])
StructuralARSectorValidation:Call (object,string,object[]) (at Assets/Scripts/Editor/StructuralARSectorValidation.cs:15)
StructuralARSectorValidation:ValidateMomentOrientation (StructuralARController,StructureData) (at Assets/Scripts/Editor/StructuralARSectorValidation.cs:153)
StructuralARSectorValidation:Validate () (at Assets/Scripts/Editor/StructuralARSectorValidation.cs:122)
IOSBuild:Export () (at Assets/Scripts/Editor/IOSBuild.cs:157)
IOSBuild:ExportBatch () (at Assets/Scripts/Editor/IOSBuild.cs:119)

(Filename: Assets/Scripts/StructuralARController.cs Line: 978)

[StructuralAR] Caso activo C3 para E1_94: datos OpenSees disponibles
UnityEngine.Debug:ExtractStackTraceNoAlloc (byte*,int,string)
UnityEngine.StackTraceUtility:ExtractStackTrace ()
UnityEngine.DebugLogHandler:Internal_Log (UnityEngine.LogType,UnityEngine.LogOption,string,UnityEngine.Object)
UnityEngine.DebugLogHandler:LogFormat (UnityEngine.LogType,UnityEngine.Object,string,object[])
UnityEngine.Logger:Log (UnityEngine.LogType,object)
UnityEngine.Debug:Log (object)
StructuralARController:SetCombination (string) (at Assets/Scripts/StructuralARController.cs:978)
System.Reflection.RuntimeMethodInfo:Invoke (object,System.Reflection.BindingFlags,System.Reflection.Binder,object[],System.Globalization.CultureInfo)
System.Reflection.MethodBase:Invoke (object,object[])
StructuralARSectorValidation:Call (object,string,object[]) (at Assets/Scripts/Editor/StructuralARSectorValidation.cs:15)
StructuralARSectorValidation:ValidateMomentOrientation (StructuralARController,StructureData) (at Assets/Scripts/Editor/StructuralARSectorValidation.cs:153)
StructuralARSectorValidation:Validate () (at Assets/Scripts/Editor/StructuralARSectorValidation.cs:122)
IOSBuild:Export () (at Assets/Scripts/Editor/IOSBuild.cs:157)
IOSBuild:ExportBatch () (at Assets/Scripts/Editor/IOSBuild.cs:119)

(Filename: Assets/Scripts/StructuralARController.cs Line: 978)

[StructuralAR] Caso activo C3 para E1_94: datos OpenSees disponibles
UnityEngine.Debug:ExtractStackTraceNoAlloc (byte*,int,string)
UnityEngine.StackTraceUtility:ExtractStackTrace ()
UnityEngine.DebugLogHandler:Internal_Log (UnityEngine.LogType,UnityEngine.LogOption,string,UnityEngine.Object)
UnityEngine.DebugLogHandler:LogFormat (UnityEngine.LogType,UnityEngine.Object,string,object[])
UnityEngine.Logger:Log (UnityEngine.LogType,object)
UnityEngine.Debug:Log (object)
StructuralARController:SetCombination (string) (at Assets/Scripts/StructuralARController.cs:978)
System.Reflection.RuntimeMethodInfo:Invoke (object,System.Reflection.BindingFlags,System.Reflection.Binder,object[],System.Globalization.CultureInfo)
System.Reflection.MethodBase:Invoke (object,object[])
StructuralARSectorValidation:Call (object,string,object[]) (at Assets/Scripts/Editor/StructuralARSectorValidation.cs:15)
StructuralARSectorValidation:ValidateMomentOrientation (StructuralARController,StructureData) (at Assets/Scripts/Editor/StructuralARSectorValidation.cs:153)
StructuralARSectorValidation:Validate () (at Assets/Scripts/Editor/StructuralARSectorValidation.cs:122)
IOSBuild:Export () (at Assets/Scripts/Editor/IOSBuild.cs:157)
IOSBuild:ExportBatch () (at Assets/Scripts/Editor/IOSBuild.cs:119)

(Filename: Assets/Scripts/StructuralARController.cs Line: 978)

[StructuralAR] Caso activo C1 para E1_94: datos OpenSees disponibles
UnityEngine.Debug:ExtractStackTraceNoAlloc (byte*,int,string)
UnityEngine.StackTraceUtility:ExtractStackTrace ()
UnityEngine.DebugLogHandler:Internal_Log (UnityEngine.LogType,UnityEngine.LogOption,string,UnityEngine.Object)
UnityEngine.DebugLogHandler:LogFormat (UnityEngine.LogType,UnityEngine.Object,string,object[])
UnityEngine.Logger:Log (UnityEngine.LogType,object)
UnityEngine.Debug:Log (object)
StructuralARController:SetCombination (string) (at Assets/Scripts/StructuralARController.cs:978)
System.Reflection.RuntimeMethodInfo:Invoke (object,System.Reflection.BindingFlags,System.Reflection.Binder,object[],System.Globalization.CultureInfo)
System.Reflection.MethodBase:Invoke (object,object[])
StructuralARSectorValidation:Call (object,string,object[]) (at Assets/Scripts/Editor/StructuralARSectorValidation.cs:15)
StructuralARSectorValidation:ValidateMomentOrientation (StructuralARController,StructureData) (at Assets/Scripts/Editor/StructuralARSectorValidation.cs:153)
StructuralARSectorValidation:Validate () (at Assets/Scripts/Editor/StructuralARSectorValidation.cs:122)
IOSBuild:Export () (at Assets/Scripts/Editor/IOSBuild.cs:157)
IOSBuild:ExportBatch () (at Assets/Scripts/Editor/IOSBuild.cs:119)

(Filename: Assets/Scripts/StructuralARController.cs Line: 978)

[StructuralAR] Caso activo C1 para E1_94: datos OpenSees disponibles
UnityEngine.Debug:ExtractStackTraceNoAlloc (byte*,int,string)
UnityEngine.StackTraceUtility:ExtractStackTrace ()
UnityEngine.DebugLogHandler:Internal_Log (UnityEngine.LogType,UnityEngine.LogOption,string,UnityEngine.Object)
UnityEngine.DebugLogHandler:LogFormat (UnityEngine.LogType,UnityEngine.Object,string,object[])
UnityEngine.Logger:Log (UnityEngine.LogType,object)
UnityEngine.Debug:Log (object)
StructuralARController:SetCombination (string) (at Assets/Scripts/StructuralARController.cs:978)
System.Reflection.RuntimeMethodInfo:Invoke (object,System.Reflection.BindingFlags,System.Reflection.Binder,object[],System.Globalization.CultureInfo)
System.Reflection.MethodBase:Invoke (object,object[])
StructuralARSectorValidation:Call (object,string,object[]) (at Assets/Scripts/Editor/StructuralARSectorValidation.cs:15)
StructuralARSectorValidation:ValidateMomentOrientation (StructuralARController,StructureData) (at Assets/Scripts/Editor/StructuralARSectorValidation.cs:153)
StructuralARSectorValidation:Validate () (at Assets/Scripts/Editor/StructuralARSectorValidation.cs:122)
IOSBuild:Export () (at Assets/Scripts/Editor/IOSBuild.cs:157)
IOSBuild:ExportBatch () (at Assets/Scripts/Editor/IOSBuild.cs:119)

(Filename: Assets/Scripts/StructuralARController.cs Line: 978)

[StructuralAR] Caso activo C2 para E1_94: datos OpenSees disponibles
UnityEngine.Debug:ExtractStackTraceNoAlloc (byte*,int,string)
UnityEngine.StackTraceUtility:ExtractStackTrace ()
UnityEngine.DebugLogHandler:Internal_Log (UnityEngine.LogType,UnityEngine.LogOption,string,UnityEngine.Object)
UnityEngine.DebugLogHandler:LogFormat (UnityEngine.LogType,UnityEngine.Object,string,object[])
UnityEngine.Logger:Log (UnityEngine.LogType,object)
UnityEngine.Debug:Log (object)
StructuralARController:SetCombination (string) (at Assets/Scripts/StructuralARController.cs:978)
System.Reflection.RuntimeMethodInfo:Invoke (object,System.Reflection.BindingFlags,System.Reflection.Binder,object[],System.Globalization.CultureInfo)
System.Reflection.MethodBase:Invoke (object,object[])
StructuralARSectorValidation:Call (object,string,object[]) (at Assets/Scripts/Editor/StructuralARSectorValidation.cs:15)
StructuralARSectorValidation:ValidateMomentOrientation (StructuralARController,StructureData) (at Assets/Scripts/Editor/StructuralARSectorValidation.cs:153)
StructuralARSectorValidation:Validate () (at Assets/Scripts/Editor/StructuralARSectorValidation.cs:122)
IOSBuild:Export () (at Assets/Scripts/Editor/IOSBuild.cs:157)
IOSBuild:ExportBatch () (at Assets/Scripts/Editor/IOSBuild.cs:119)

(Filename: Assets/Scripts/StructuralARController.cs Line: 978)

[StructuralAR] Caso activo C2 para E1_94: datos OpenSees disponibles
UnityEngine.Debug:ExtractStackTraceNoAlloc (byte*,int,string)
UnityEngine.StackTraceUtility:ExtractStackTrace ()
UnityEngine.DebugLogHandler:Internal_Log (UnityEngine.LogType,UnityEngine.LogOption,string,UnityEngine.Object)
UnityEngine.DebugLogHandler:LogFormat (UnityEngine.LogType,UnityEngine.Object,string,object[])
UnityEngine.Logger:Log (UnityEngine.LogType,object)
UnityEngine.Debug:Log (object)
StructuralARController:SetCombination (string) (at Assets/Scripts/StructuralARController.cs:978)
System.Reflection.RuntimeMethodInfo:Invoke (object,System.Reflection.BindingFlags,System.Reflection.Binder,object[],System.Globalization.CultureInfo)
System.Reflection.MethodBase:Invoke (object,object[])
StructuralARSectorValidation:Call (object,string,object[]) (at Assets/Scripts/Editor/StructuralARSectorValidation.cs:15)
StructuralARSectorValidation:ValidateMomentOrientation (StructuralARController,StructureData) (at Assets/Scripts/Editor/StructuralARSectorValidation.cs:153)
StructuralARSectorValidation:Validate () (at Assets/Scripts/Editor/StructuralARSectorValidation.cs:122)
IOSBuild:Export () (at Assets/Scripts/Editor/IOSBuild.cs:157)
IOSBuild:ExportBatch () (at Assets/Scripts/Editor/IOSBuild.cs:119)

(Filename: Assets/Scripts/StructuralARController.cs Line: 978)

[StructuralAR] Caso activo C3 para E1_94: datos OpenSees disponibles
UnityEngine.Debug:ExtractStackTraceNoAlloc (byte*,int,string)
UnityEngine.StackTraceUtility:ExtractStackTrace ()
UnityEngine.DebugLogHandler:Internal_Log (UnityEngine.LogType,UnityEngine.LogOption,string,UnityEngine.Object)
UnityEngine.DebugLogHandler:LogFormat (UnityEngine.LogType,UnityEngine.Object,string,object[])
UnityEngine.Logger:Log (UnityEngine.LogType,object)
UnityEngine.Debug:Log (object)
StructuralARController:SetCombination (string) (at Assets/Scripts/StructuralARController.cs:978)
System.Reflection.RuntimeMethodInfo:Invoke (object,System.Reflection.BindingFlags,System.Reflection.Binder,object[],System.Globalization.CultureInfo)
System.Reflection.MethodBase:Invoke (object,object[])
StructuralARSectorValidation:Call (object,string,object[]) (at Assets/Scripts/Editor/StructuralARSectorValidation.cs:15)
StructuralARSectorValidation:ValidateMomentOrientation (StructuralARController,StructureData) (at Assets/Scripts/Editor/StructuralARSectorValidation.cs:153)
StructuralARSectorValidation:Validate () (at Assets/Scripts/Editor/StructuralARSectorValidation.cs:122)
IOSBuild:Export () (at Assets/Scripts/Editor/IOSBuild.cs:157)
IOSBuild:ExportBatch () (at Assets/Scripts/Editor/IOSBuild.cs:119)

(Filename: Assets/Scripts/StructuralARController.cs Line: 978)

[StructuralAR] Caso activo C3 para E1_94: datos OpenSees disponibles
UnityEngine.Debug:ExtractStackTraceNoAlloc (byte*,int,string)
UnityEngine.StackTraceUtility:ExtractStackTrace ()
UnityEngine.DebugLogHandler:Internal_Log (UnityEngine.LogType,UnityEngine.LogOption,string,UnityEngine.Object)
UnityEngine.DebugLogHandler:LogFormat (UnityEngine.LogType,UnityEngine.Object,string,object[])
UnityEngine.Logger:Log (UnityEngine.LogType,object)
UnityEngine.Debug:Log (object)
StructuralARController:SetCombination (string) (at Assets/Scripts/StructuralARController.cs:978)
System.Reflection.RuntimeMethodInfo:Invoke (object,System.Reflection.BindingFlags,System.Reflection.Binder,object[],System.Globalization.CultureInfo)
System.Reflection.MethodBase:Invoke (object,object[])
StructuralARSectorValidation:Call (object,string,object[]) (at Assets/Scripts/Editor/StructuralARSectorValidation.cs:15)
StructuralARSectorValidation:ValidateMomentOrientation (StructuralARController,StructureData) (at Assets/Scripts/Editor/StructuralARSectorValidation.cs:153)
StructuralARSectorValidation:Validate () (at Assets/Scripts/Editor/StructuralARSectorValidation.cs:122)
IOSBuild:Export () (at Assets/Scripts/Editor/IOSBuild.cs:157)
IOSBuild:ExportBatch () (at Assets/Scripts/Editor/IOSBuild.cs:119)

(Filename: Assets/Scripts/StructuralARController.cs Line: 978)

[StructuralAR] Caso activo C1 para E1_94: datos OpenSees disponibles
UnityEngine.Debug:ExtractStackTraceNoAlloc (byte*,int,string)
UnityEngine.StackTraceUtility:ExtractStackTrace ()
UnityEngine.DebugLogHandler:Internal_Log (UnityEngine.LogType,UnityEngine.LogOption,string,UnityEngine.Object)
UnityEngine.DebugLogHandler:LogFormat (UnityEngine.LogType,UnityEngine.Object,string,object[])
UnityEngine.Logger:Log (UnityEngine.LogType,object)
UnityEngine.Debug:Log (object)
StructuralARController:SetCombination (string) (at Assets/Scripts/StructuralARController.cs:978)
System.Reflection.RuntimeMethodInfo:Invoke (object,System.Reflection.BindingFlags,System.Reflection.Binder,object[],System.Globalization.CultureInfo)
System.Reflection.MethodBase:Invoke (object,object[])
StructuralARSectorValidation:Call (object,string,object[]) (at Assets/Scripts/Editor/StructuralARSectorValidation.cs:15)
StructuralARSectorValidation:ValidateMomentOrientation (StructuralARController,StructureData) (at Assets/Scripts/Editor/StructuralARSectorValidation.cs:153)
StructuralARSectorValidation:Validate () (at Assets/Scripts/Editor/StructuralARSectorValidation.cs:122)
IOSBuild:Export () (at Assets/Scripts/Editor/IOSBuild.cs:157)
IOSBuild:ExportBatch () (at Assets/Scripts/Editor/IOSBuild.cs:119)

(Filename: Assets/Scripts/StructuralARController.cs Line: 978)

[StructuralAR] Caso activo C1 para E1_94: datos OpenSees disponibles
UnityEngine.Debug:ExtractStackTraceNoAlloc (byte*,int,string)
UnityEngine.StackTraceUtility:ExtractStackTrace ()
UnityEngine.DebugLogHandler:Internal_Log (UnityEngine.LogType,UnityEngine.LogOption,string,UnityEngine.Object)
UnityEngine.DebugLogHandler:LogFormat (UnityEngine.LogType,UnityEngine.Object,string,object[])
UnityEngine.Logger:Log (UnityEngine.LogType,object)
UnityEngine.Debug:Log (object)
StructuralARController:SetCombination (string) (at Assets/Scripts/StructuralARController.cs:978)
System.Reflection.RuntimeMethodInfo:Invoke (object,System.Reflection.BindingFlags,System.Reflection.Binder,object[],System.Globalization.CultureInfo)
System.Reflection.MethodBase:Invoke (object,object[])
StructuralARSectorValidation:Call (object,string,object[]) (at Assets/Scripts/Editor/StructuralARSectorValidation.cs:15)
StructuralARSectorValidation:ValidateMomentOrientation (StructuralARController,StructureData) (at Assets/Scripts/Editor/StructuralARSectorValidation.cs:153)
StructuralARSectorValidation:Validate () (at Assets/Scripts/Editor/StructuralARSectorValidation.cs:122)
IOSBuild:Export () (at Assets/Scripts/Editor/IOSBuild.cs:157)
IOSBuild:ExportBatch () (at Assets/Scripts/Editor/IOSBuild.cs:119)

(Filename: Assets/Scripts/StructuralARController.cs Line: 978)

[StructuralAR] Caso activo C2 para E1_94: datos OpenSees disponibles
UnityEngine.Debug:ExtractStackTraceNoAlloc (byte*,int,string)
UnityEngine.StackTraceUtility:ExtractStackTrace ()
UnityEngine.DebugLogHandler:Internal_Log (UnityEngine.LogType,UnityEngine.LogOption,string,UnityEngine.Object)
UnityEngine.DebugLogHandler:LogFormat (UnityEngine.LogType,UnityEngine.Object,string,object[])
UnityEngine.Logger:Log (UnityEngine.LogType,object)
UnityEngine.Debug:Log (object)
StructuralARController:SetCombination (string) (at Assets/Scripts/StructuralARController.cs:978)
System.Reflection.RuntimeMethodInfo:Invoke (object,System.Reflection.BindingFlags,System.Reflection.Binder,object[],System.Globalization.CultureInfo)
System.Reflection.MethodBase:Invoke (object,object[])
StructuralARSectorValidation:Call (object,string,object[]) (at Assets/Scripts/Editor/StructuralARSectorValidation.cs:15)
StructuralARSectorValidation:ValidateMomentOrientation (StructuralARController,StructureData) (at Assets/Scripts/Editor/StructuralARSectorValidation.cs:153)
StructuralARSectorValidation:Validate () (at Assets/Scripts/Editor/StructuralARSectorValidation.cs:122)
IOSBuild:Export () (at Assets/Scripts/Editor/IOSBuild.cs:157)
IOSBuild:ExportBatch () (at Assets/Scripts/Editor/IOSBuild.cs:119)

(Filename: Assets/Scripts/StructuralARController.cs Line: 978)

[StructuralAR] Caso activo C2 para E1_94: datos OpenSees disponibles
UnityEngine.Debug:ExtractStackTraceNoAlloc (byte*,int,string)
UnityEngine.StackTraceUtility:ExtractStackTrace ()
UnityEngine.DebugLogHandler:Internal_Log (UnityEngine.LogType,UnityEngine.LogOption,string,UnityEngine.Object)
UnityEngine.DebugLogHandler:LogFormat (UnityEngine.LogType,UnityEngine.Object,string,object[])
UnityEngine.Logger:Log (UnityEngine.LogType,object)
UnityEngine.Debug:Log (object)
StructuralARController:SetCombination (string) (at Assets/Scripts/StructuralARController.cs:978)
System.Reflection.RuntimeMethodInfo:Invoke (object,System.Reflection.BindingFlags,System.Reflection.Binder,object[],System.Globalization.CultureInfo)
System.Reflection.MethodBase:Invoke (object,object[])
StructuralARSectorValidation:Call (object,string,object[]) (at Assets/Scripts/Editor/StructuralARSectorValidation.cs:15)
StructuralARSectorValidation:ValidateMomentOrientation (StructuralARController,StructureData) (at Assets/Scripts/Editor/StructuralARSectorValidation.cs:153)
StructuralARSectorValidation:Validate () (at Assets/Scripts/Editor/StructuralARSectorValidation.cs:122)
IOSBuild:Export () (at Assets/Scripts/Editor/IOSBuild.cs:157)
IOSBuild:ExportBatch () (at Assets/Scripts/Editor/IOSBuild.cs:119)

(Filename: Assets/Scripts/StructuralARController.cs Line: 978)

[StructuralAR] Caso activo C3 para E1_94: datos OpenSees disponibles
UnityEngine.Debug:ExtractStackTraceNoAlloc (byte*,int,string)
UnityEngine.StackTraceUtility:ExtractStackTrace ()
UnityEngine.DebugLogHandler:Internal_Log (UnityEngine.LogType,UnityEngine.LogOption,string,UnityEngine.Object)
UnityEngine.DebugLogHandler:LogFormat (UnityEngine.LogType,UnityEngine.Object,string,object[])
UnityEngine.Logger:Log (UnityEngine.LogType,object)
UnityEngine.Debug:Log (object)
StructuralARController:SetCombination (string) (at Assets/Scripts/StructuralARController.cs:978)
System.Reflection.RuntimeMethodInfo:Invoke (object,System.Reflection.BindingFlags,System.Reflection.Binder,object[],System.Globalization.CultureInfo)
System.Reflection.MethodBase:Invoke (object,object[])
StructuralARSectorValidation:Call (object,string,object[]) (at Assets/Scripts/Editor/StructuralARSectorValidation.cs:15)
StructuralARSectorValidation:ValidateMomentOrientation (StructuralARController,StructureData) (at Assets/Scripts/Editor/StructuralARSectorValidation.cs:153)
StructuralARSectorValidation:Validate () (at Assets/Scripts/Editor/StructuralARSectorValidation.cs:122)
IOSBuild:Export () (at Assets/Scripts/Editor/IOSBuild.cs:157)
IOSBuild:ExportBatch () (at Assets/Scripts/Editor/IOSBuild.cs:119)

(Filename: Assets/Scripts/StructuralARController.cs Line: 978)

[StructuralAR] Caso activo C3 para E1_94: datos OpenSees disponibles
UnityEngine.Debug:ExtractStackTraceNoAlloc (byte*,int,string)
UnityEngine.StackTraceUtility:ExtractStackTrace ()
UnityEngine.DebugLogHandler:Internal_Log (UnityEngine.LogType,UnityEngine.LogOption,string,UnityEngine.Object)
UnityEngine.DebugLogHandler:LogFormat (UnityEngine.LogType,UnityEngine.Object,string,object[])
UnityEngine.Logger:Log (UnityEngine.LogType,object)
UnityEngine.Debug:Log (object)
StructuralARController:SetCombination (string) (at Assets/Scripts/StructuralARController.cs:978)
System.Reflection.RuntimeMethodInfo:Invoke (object,System.Reflection.BindingFlags,System.Reflection.Binder,object[],System.Globalization.CultureInfo)
System.Reflection.MethodBase:Invoke (object,object[])
StructuralARSectorValidation:Call (object,string,object[]) (at Assets/Scripts/Editor/StructuralARSectorValidation.cs:15)
StructuralARSectorValidation:ValidateMomentOrientation (StructuralARController,StructureData) (at Assets/Scripts/Editor/StructuralARSectorValidation.cs:153)
StructuralARSectorValidation:Validate () (at Assets/Scripts/Editor/StructuralARSectorValidation.cs:122)
IOSBuild:Export () (at Assets/Scripts/Editor/IOSBuild.cs:157)
IOSBuild:ExportBatch () (at Assets/Scripts/Editor/IOSBuild.cs:119)

(Filename: Assets/Scripts/StructuralARController.cs Line: 978)

[Moment AR Validation] PASS: E1_72/E1_94 My/Mz positivos abajo, negativos arriba; C1/C2/C3 individual y superpuesto; independiente de camara/cara; valores intactos.
UnityEngine.Debug:ExtractStackTraceNoAlloc (byte*,int,string)
UnityEngine.StackTraceUtility:ExtractStackTrace ()
UnityEngine.DebugLogHandler:Internal_Log (UnityEngine.LogType,UnityEngine.LogOption,string,UnityEngine.Object)
UnityEngine.DebugLogHandler:LogFormat (UnityEngine.LogType,UnityEngine.Object,string,object[])
UnityEngine.Logger:Log (UnityEngine.LogType,object)
UnityEngine.Debug:Log (object)
StructuralARSectorValidation:ValidateMomentOrientation (StructuralARController,StructureData) (at Assets/Scripts/Editor/StructuralARSectorValidation.cs:191)
StructuralARSectorValidation:Validate () (at Assets/Scripts/Editor/StructuralARSectorValidation.cs:122)
IOSBuild:Export () (at Assets/Scripts/Editor/IOSBuild.cs:157)
IOSBuild:ExportBatch () (at Assets/Scripts/Editor/IOSBuild.cs:119)

(Filename: Assets/Scripts/Editor/StructuralARSectorValidation.cs Line: 191)

[Sector AR Validation] PASS: dos elementos independientes, I/J y ajuste fino, IDs/casos conservados, comparacion con escala comun y extremos reales, cancelar/quitar sin borrar sector.
UnityEngine.Debug:ExtractStackTraceNoAlloc (byte*,int,string)
UnityEngine.StackTraceUtility:ExtractStackTrace ()
UnityEngine.DebugLogHandler:Internal_Log (UnityEngine.LogType,UnityEngine.LogOption,string,UnityEngine.Object)
UnityEngine.DebugLogHandler:LogFormat (UnityEngine.LogType,UnityEngine.Object,string,object[])
UnityEngine.Logger:Log (UnityEngine.LogType,object)
UnityEngine.Debug:Log (object)
StructuralARSectorValidation:Validate () (at Assets/Scripts/Editor/StructuralARSectorValidation.cs:123)
IOSBuild:Export () (at Assets/Scripts/Editor/IOSBuild.cs:157)
IOSBuild:ExportBatch () (at Assets/Scripts/Editor/IOSBuild.cs:119)

(Filename: Assets/Scripts/Editor/StructuralARSectorValidation.cs Line: 123)

Worker ready: AssetImportWorkerHW0 0
[Mobile seismic build] PASS: ocho respuestas completas; modelo y binarios verificados.
UnityEngine.Debug:ExtractStackTraceNoAlloc (byte*,int,string)
UnityEngine.StackTraceUtility:ExtractStackTrace ()
UnityEngine.DebugLogHandler:Internal_Log (UnityEngine.LogType,UnityEngine.LogOption,string,UnityEngine.Object)
UnityEngine.DebugLogHandler:LogFormat (UnityEngine.LogType,UnityEngine.Object,string,object[])
UnityEngine.Logger:Log (UnityEngine.LogType,object)
UnityEngine.Debug:Log (object)
MobileSeismicBuildCheck:Validate () (at Assets/Scripts/Editor/MobileSeismicBuildCheck.cs:36)
MobileSeismicBuildCheck:OnPreprocessBuild (UnityEditor.Build.Reporting.BuildReport) (at Assets/Scripts/Editor/MobileSeismicBuildCheck.cs:16)
UnityEditor.Build.BuildPipelineInterfaces/<>c__DisplayClass17_0:<OnBuildPreProcess>b__1 (UnityEditor.Build.IPreprocessBuildWithReport)
UnityEditor.Build.BuildPipelineInterfaces:InvokeCallbackInterfacesPair<UnityEditor.Build.IPreprocessBuild, UnityEditor.Build.IPreprocessBuildWithReport> (System.Collections.Generic.List`1<UnityEditor.Build.IPreprocessBuild>,System.Action`1<UnityEditor.Build.IPreprocessBuild>,System.Collections.Generic.List`1<UnityEditor.Build.IPreprocessBuildWithReport>,System.Action`1<UnityEditor.Build.IPreprocessBuildWithReport>,bool)
UnityEditor.Build.BuildPipelineInterfaces:OnBuildPreProcess (UnityEditor.Build.Reporting.BuildReport)
UnityEditor.BuildPipeline:BuildPlayerInternal (string[],string,string,UnityEditor.BuildTargetGroup,UnityEditor.BuildTarget,int,UnityEditor.BuildOptions,string[],string[],bool)
UnityEditor.BuildPipeline:BuildPlayer (UnityEditor.BuildPlayerOptions)
IOSBuild:Export () (at Assets/Scripts/Editor/IOSBuild.cs:163)
IOSBuild:ExportBatch () (at Assets/Scripts/Editor/IOSBuild.cs:119)

(Filename: Assets/Scripts/Editor/MobileSeismicBuildCheck.cs Line: 36)

DisplayProgressbar: Compiling XRReferenceImageLibrary (1 of 2)
xcrun (an Xcode tool) was not found. This is necessary to bake ARKit-specific data into an XRReferenceImageLibrary. XRReferenceImageLibrary assets will not work in asset bundles.
UnityEngine.Debug:ExtractStackTraceNoAlloc (byte*,int,string)
UnityEngine.StackTraceUtility:ExtractStackTrace ()
UnityEngine.DebugLogHandler:Internal_Log (UnityEngine.LogType,UnityEngine.LogOption,string,UnityEngine.Object)
UnityEngine.DebugLogHandler:LogFormat (UnityEngine.LogType,UnityEngine.Object,string,object[])
UnityEngine.Logger:Log (UnityEngine.LogType,object)
UnityEngine.Debug:LogWarning (object)
UnityEditor.XR.ARKit.XcodeAssetCatalog:ToCar (System.Version) (at ./Library/PackageCache/com.unity.xr.arkit@37ce8412ab4f/Editor/XcodeAssetCatalog.cs:95)
UnityEditor.XR.ARKit.ARResourceGroup:ToCar (System.Version) (at ./Library/PackageCache/com.unity.xr.arkit@37ce8412ab4f/Editor/ARResourceGroup.cs:21)
UnityEditor.XR.ARKit.ARKitReferenceImageLibraryBuildProcessor/Preprocessor:BuildAssets () (at ./Library/PackageCache/com.unity.xr.arkit@37ce8412ab4f/Editor/ARKitReferenceImageLibraryBuildProcessor.cs:103)
UnityEditor.XR.ARKit.ARKitReferenceImageLibraryBuildProcessor/Preprocessor:UnityEditor.Build.IPreprocessBuildWithReport.OnPreprocessBuild (UnityEditor.Build.Reporting.BuildReport) (at ./Library/PackageCache/com.unity.xr.arkit@37ce8412ab4f/Editor/ARKitReferenceImageLibraryBuildProcessor.cs:123)
UnityEditor.Build.BuildPipelineInterfaces/<>c__DisplayClass17_0:<OnBuildPreProcess>b__1 (UnityEditor.Build.IPreprocessBuildWithReport)
UnityEditor.Build.BuildPipelineInterfaces:InvokeCallbackInterfacesPair<UnityEditor.Build.IPreprocessBuild, UnityEditor.Build.IPreprocessBuildWithReport> (System.Collections.Generic.List`1<UnityEditor.Build.IPreprocessBuild>,System.Action`1<UnityEditor.Build.IPreprocessBuild>,System.Collections.Generic.List`1<UnityEditor.Build.IPreprocessBuildWithReport>,System.Action`1<UnityEditor.Build.IPreprocessBuildWithReport>,bool)
UnityEditor.Build.BuildPipelineInterfaces:OnBuildPreProcess (UnityEditor.Build.Reporting.BuildReport)
UnityEditor.BuildPipeline:BuildPlayerInternal (string[],string,string,UnityEditor.BuildTargetGroup,UnityEditor.BuildTarget,int,UnityEditor.BuildOptions,string[],string[],bool)
UnityEditor.BuildPipeline:BuildPlayer (UnityEditor.BuildPlayerOptions)
IOSBuild:Export () (at Assets/Scripts/Editor/IOSBuild.cs:163)
IOSBuild:ExportBatch () (at Assets/Scripts/Editor/IOSBuild.cs:119)

(Filename: ./Library/PackageCache/com.unity.xr.arkit@37ce8412ab4f/Editor/XcodeAssetCatalog.cs Line: 95)

DisplayProgressbar: Compiling XRReferenceImageLibrary (2 of 2)
xcrun (an Xcode tool) was not found. This is necessary to bake ARKit-specific data into an XRReferenceImageLibrary. XRReferenceImageLibrary assets will not work in asset bundles.
UnityEngine.Debug:ExtractStackTraceNoAlloc (byte*,int,string)
UnityEngine.StackTraceUtility:ExtractStackTrace ()
UnityEngine.DebugLogHandler:Internal_Log (UnityEngine.LogType,UnityEngine.LogOption,string,UnityEngine.Object)
UnityEngine.DebugLogHandler:LogFormat (UnityEngine.LogType,UnityEngine.Object,string,object[])
UnityEngine.Logger:Log (UnityEngine.LogType,object)
UnityEngine.Debug:LogWarning (object)
UnityEditor.XR.ARKit.XcodeAssetCatalog:ToCar (System.Version) (at ./Library/PackageCache/com.unity.xr.arkit@37ce8412ab4f/Editor/XcodeAssetCatalog.cs:95)
UnityEditor.XR.ARKit.ARResourceGroup:ToCar (System.Version) (at ./Library/PackageCache/com.unity.xr.arkit@37ce8412ab4f/Editor/ARResourceGroup.cs:21)
UnityEditor.XR.ARKit.ARKitReferenceImageLibraryBuildProcessor/Preprocessor:BuildAssets () (at ./Library/PackageCache/com.unity.xr.arkit@37ce8412ab4f/Editor/ARKitReferenceImageLibraryBuildProcessor.cs:103)
UnityEditor.XR.ARKit.ARKitReferenceImageLibraryBuildProcessor/Preprocessor:UnityEditor.Build.IPreprocessBuildWithReport.OnPreprocessBuild (UnityEditor.Build.Reporting.BuildReport) (at ./Library/PackageCache/com.unity.xr.arkit@37ce8412ab4f/Editor/ARKitReferenceImageLibraryBuildProcessor.cs:123)
UnityEditor.Build.BuildPipelineInterfaces/<>c__DisplayClass17_0:<OnBuildPreProcess>b__1 (UnityEditor.Build.IPreprocessBuildWithReport)
UnityEditor.Build.BuildPipelineInterfaces:InvokeCallbackInterfacesPair<UnityEditor.Build.IPreprocessBuild, UnityEditor.Build.IPreprocessBuildWithReport> (System.Collections.Generic.List`1<UnityEditor.Build.IPreprocessBuild>,System.Action`1<UnityEditor.Build.IPreprocessBuild>,System.Collections.Generic.List`1<UnityEditor.Build.IPreprocessBuildWithReport>,System.Action`1<UnityEditor.Build.IPreprocessBuildWithReport>,bool)
UnityEditor.Build.BuildPipelineInterfaces:OnBuildPreProcess (UnityEditor.Build.Reporting.BuildReport)
UnityEditor.BuildPipeline:BuildPlayerInternal (string[],string,string,UnityEditor.BuildTargetGroup,UnityEditor.BuildTarget,int,UnityEditor.BuildOptions,string[],string[],bool)
UnityEditor.BuildPipeline:BuildPlayer (UnityEditor.BuildPlayerOptions)
IOSBuild:Export () (at Assets/Scripts/Editor/IOSBuild.cs:163)
IOSBuild:ExportBatch () (at Assets/Scripts/Editor/IOSBuild.cs:119)

(Filename: ./Library/PackageCache/com.unity.xr.arkit@37ce8412ab4f/Editor/XcodeAssetCatalog.cs Line: 95)

Importing 'GUID: 53440f65bc6437d40a493cf5943f4113 - Path: Assets/XR/Temp' with importer (DefaultImporter)
Imported 'GUID: 53440f65bc6437d40a493cf5943f4113' -> (Import Result ID: '9096d4aff7cc02c3d046dcf5fd04c15f') in 0.020 seconds [static dependencies only]. Details - ImportResultOutputID=37d4a0a72753982434c8a960eb14d94e DependenciesID=b80b41dbb71df8cc81977fe43925349c StaticDependenciesID=f601e26950c9dcccfee77168a63d57e6 
Refreshing native plugins compatible for Editor in 3.55 ms, found 1 plugins.
Asset Pipeline Refresh (id=90b9efa0954c5e24086ebc3d933d6e9c): Total: 0.066 seconds - Initiated by StopAssetImportingV2(NoUpdateAssetOptions)
Refreshing native plugins compatible for Editor in 2.92 ms, found 1 plugins.
Asset Pipeline Refresh (id=e7bcb72a8d0e76f4f8136ea06654f1e6): Total: 0.020 seconds - Initiated by StopAssetImportingV2(NoUpdateAssetOptions)
Refreshing native plugins compatible for Editor in 2.98 ms, found 1 plugins.
Asset Pipeline Refresh (id=8ea5a4c304696a94fab8c678eea1ff95): Total: 0.018 seconds - Initiated by StopAssetImportingV2(NoUpdateAssetOptions)
[ScriptCompilation] Requested script compilation because: AssetDatabase observed changes in script compilation related files
Refreshing native plugins compatible for Editor in 2.65 ms, found 1 plugins.
Asset Pipeline Refresh (id=67720b31cd9b8ef4eae1bb8446c7a661): Total: 0.042 seconds - Initiated by RefreshV2(NoUpdateAssetOptions)
Refreshing native plugins compatible for Editor in 4.58 ms, found 1 plugins.
Asset Pipeline Refresh (id=c8206c98b728a574a9f374f3f4a53eb5): Total: 0.022 seconds - Initiated by StopAssetImportingV2(NoUpdateAssetOptions)
Refreshing native plugins compatible for Editor in 2.92 ms, found 1 plugins.
Asset Pipeline Refresh (id=1654510e3da89e44fb9d8d9c20f76d8c): Total: 0.018 seconds - Initiated by StopAssetImportingV2(NoUpdateAssetOptions)
Refreshing native plugins compatible for Editor in 3.13 ms, found 1 plugins.
Asset Pipeline Refresh (id=00326a6a6bb195e4cb04db8dfa944407): Total: 0.022 seconds - Initiated by StopAssetImportingV2(NoUpdateAssetOptions)
Asset Pipeline Refresh (id=220b972c0aee27d47ba2a9fea115bfff): Total: 0.014 seconds - Initiated by RefreshV2(NoUpdateAssetOptions)
AcceleratorClientConnectionCallback - disconnected - :0
Importing 'GUID: 00000000000000004000000000000000 - Path: ProjectSettings/ProjectSettings.asset' with importer (LibraryAssetImporter)
Imported 'GUID: 00000000000000004000000000000000' -> (Import Result ID: '7a2e89bdbee0f968b574b2df6ca3f64d') in 0.001 seconds [static dependencies only]. Details - ImportResultOutputID=054c890a8f4b6dddbea933bc5e4b7df4 DependenciesID=8ee04804e498d5056c20cababbb052d5 StaticDependenciesID=0d4bad20d1aa3df11a82af51dd998a2d 
Importing 'GUID: e140c899c3d924dff8f41e493d33d3a7 - Path: Packages/com.unity.xr.arkit/Tests/Editor/Assets/TestReferenceImageLibrary.asset' with importer (NativeFormatImporter)
Imported 'GUID: e140c899c3d924dff8f41e493d33d3a7' -> (Import Result ID: 'c7a434144d016757ad5ef04a0945c5a0') in 0.016 seconds [static dependencies only]. Details - ImportResultOutputID=b0dd915e722881d93bb6db9fe7d73f6e DependenciesID=44eacd80687d49aefee71cf2b375af38 StaticDependenciesID=2de5ee19e51f3d3c58283e0cac89d714 
Importing 'GUID: 7ced8a64facba294abb7f03af4790e31 - Path: Assets/StructuralAR/MCOCStructuralReferenceImages.asset' with importer (NativeFormatImporter)
Imported 'GUID: 7ced8a64facba294abb7f03af4790e31' -> (Import Result ID: 'efe3a835a55b90295345bbf28b37a50d') in 0.001 seconds [static dependencies only]. Details - ImportResultOutputID=b083ca53f6b1497f0d2a5d605fcc6bf8 DependenciesID=56928766532c43c789214b0e64e999c7 StaticDependenciesID=a5bc13624ae36313df65a6fa4ef6a242 
Refreshing native plugins compatible for Editor in 2.79 ms, found 1 plugins.
Asset Pipeline Refresh (id=b1497f1bcea7eba469e3e5fa73bf6f6b): Total: 0.038 seconds - Initiated by StopAssetImportingV2(NoUpdateAssetOptions)
Starting: C:\Program Files\Unity\Hub\Editor\6000.6.0f1\Editor\Data\Tools\BuildPipeline\bee_backend.exe --ipc --defer-dag-verification --dagfile="Library/Bee/900b0aESkipCompile.dag" --continue-on-failure --profile="Library/Bee/backend1.traceevents" ScriptAssembliesAndTypeDB
WorkingDir: C:/Users/chuntley/Desktop/Proyecto MCOC/P1L4/unity_visualizador_ios
DisplayProgressbar: Compiling Scripts
ExitCode: 0 Duration: 1s106ms
[2/3        0s] BuildPlayerDataGenerator Library/BuildPlayerData/Editor/TypeDb-All.json
*** Tundra build success (1.06 seconds), 1 items updated, 3 evaluated
Asset Pipeline Refresh (id=86f974f927f4a8c4896d8b47e710f83c): Total: 0.021 seconds - Initiated by RefreshV2(NoUpdateAssetOptions)
[ScriptCompilation] Requested script compilation because: Recompiling scripts for player build.
BuildPlayer: start building target 9
Starting: C:\Program Files\Unity\Hub\Editor\6000.6.0f1\Editor\Data\Tools\BuildPipeline\bee_backend.exe --ipc --defer-dag-verification --dagfile="Library/Bee/900b0aP.dag" --continue-on-failure --profile="Library/Bee/backend1.traceevents" ScriptAssembliesAndTypeDB
WorkingDir: C:/Users/chuntley/Desktop/Proyecto MCOC/P1L4/unity_visualizador_ios
Total cache size 69200540
Total cache size after purge 69200540, took 00:00:00.2513179
ExitCode: 4 Duration: 0s229ms
Rebuilding DAG because FileSignature timestamp changed: Library/Bee/900b0aP-inputdata.json
[155/262    0s] ILPP-Configuration Library/ilpp-configuration.nevergeneratedoutput
*** Tundra requires additional run (0.19 seconds), 1 items updated, 153 evaluated
Starting: C:\Program Files\Unity\Hub\Editor\6000.6.0f1\Editor\Data\DotNetSdk\dotnet.exe "C:\Program Files\Unity\Hub\Editor\6000.6.0f1\Editor\Data\Tools\BuildPipeline\ScriptCompilationBuildProgram.exe" "Library/Bee/900b0aP.dag.json" "Library/Bee/900b0aP-inputdata.json" "Library\Bee\buildprogram0.traceevents"
WorkingDir: C:/Users/chuntley/Desktop/Proyecto MCOC/P1L4/unity_visualizador_ios
ExitCode: 0 Duration: 0s363ms
Starting: C:\Program Files\Unity\Hub\Editor\6000.6.0f1\Editor\Data\Tools\BuildPipeline\bee_backend.exe --ipc --defer-dag-verification --dagfile="Library/Bee/900b0aP.dag" --continue-on-failure --dagfilejson="Library\Bee\900b0aP.dag.json" --profile="Library/Bee/backend2.traceevents" ScriptAssembliesAndTypeDB
WorkingDir: C:/Users/chuntley/Desktop/Proyecto MCOC/P1L4/unity_visualizador_ios
ExitCode: 0 Duration: 12s
Finished compiling graph: 263 nodes, 2217 flattened edges (1893 ToBuild, 36 ToUse), maximum node priority 224
[153/262    0s] WriteText Library/Bee/artifacts/900b0aP.dag/Assembly-CSharp.rsp
[204/262    0s] ILPP-Configuration Library/ilpp-configuration.nevergeneratedoutput
[222/262    0s] CopyFiles Library/Bee/PlayerScriptAssemblies/Unity.XR.ARFoundation.InternalUtils.dll
[223/262    0s] CopyFiles Library/Bee/PlayerScriptAssemblies/UnityEngine.XR.LegacyInputHelpers.dll
[224/262    0s] CopyFiles Library/Bee/PlayerScriptAssemblies/Unity.InputSystem.ForUI.dll
[225/262    0s] CopyFiles Library/Bee/PlayerScriptAssemblies/Unity.XR.CoreUtils.dll
[226/262    0s] CopyFiles Library/Bee/PlayerScriptAssemblies/UnityEngine.UI.dll
[227/262    0s] CopyFiles Library/Bee/PlayerScriptAssemblies/Unity.XR.ARKit.dll
[228/262    0s] CopyFiles Library/Bee/PlayerScriptAssemblies/Unity.TextMeshPro.dll
[229/262    0s] CopyFiles Library/Bee/PlayerScriptAssemblies/Unity.XR.ARKit.FaceTracking.dll
[230/262    0s] CopyFiles Library/Bee/PlayerScriptAssemblies/Google.XR.Cardboard.dll
[231/262    0s] CopyFiles Library/Bee/PlayerScriptAssemblies/Unity.InternalAPIEngineBridge.004.dll
[232/262    0s] CopyFiles Library/Bee/PlayerScriptAssemblies/Unity.XR.ARFoundation.VisualScripting.dll
[233/262    0s] CopyFiles Library/Bee/PlayerScriptAssemblies/Unity.XR.Management.dll
[234/262    0s] CopyFiles Library/Bee/PlayerScriptAssemblies/UnityEngine.SpatialTracking.dll
[235/262    0s] CopyFiles Library/Bee/PlayerScriptAssemblies/Unity.XR.ARSubsystems.dll
[236/262    0s] CopyFiles Library/Bee/PlayerScriptAssemblies/Unity.Mathematics.dll
[237/262    0s] CopyFiles Library/Bee/PlayerScriptAssemblies/Google.XR.Cardboard.pdb
[238/262    0s] CopyFiles Library/Bee/PlayerScriptAssemblies/Unity.XR.ARFoundation.dll
[239/262    0s] CopyFiles Library/Bee/PlayerScriptAssemblies/Unity.XR.CoreUtils.pdb
[240/262    0s] CopyFiles Library/Bee/PlayerScriptAssemblies/Unity.InputSystem.dll
[241/262    0s] CopyFiles Library/Bee/PlayerScriptAssemblies/Unity.XR.Management.pdb
[242/262    0s] CopyFiles Library/Bee/PlayerScriptAssemblies/Unity.InternalAPIEngineBridge.004.pdb
[243/262    0s] CopyFiles Library/Bee/PlayerScriptAssemblies/Unity.TextMeshPro.pdb
[244/262    0s] CopyFiles Library/Bee/PlayerScriptAssemblies/Unity.InputSystem.ForUI.pdb
[245/262    0s] CopyFiles Library/Bee/PlayerScriptAssemblies/Unity.XR.ARKit.FaceTracking.pdb
[246/262    0s] CopyFiles Library/Bee/PlayerScriptAssemblies/UnityEngine.UI.pdb
[247/262    0s] CopyFiles Library/Bee/PlayerScriptAssemblies/Unity.XR.ARFoundation.pdb
[248/262    0s] CopyFiles Library/Bee/PlayerScriptAssemblies/UnityEngine.XR.LegacyInputHelpers.pdb
[249/262    0s] CopyFiles Library/Bee/PlayerScriptAssemblies/Unity.XR.ARFoundation.VisualScripting.pdb
[250/262    0s] CopyFiles Library/Bee/PlayerScriptAssemblies/Unity.XR.ARKit.pdb
[251/262    0s] CopyFiles Library/Bee/PlayerScriptAssemblies/Unity.XR.ARSubsystems.pdb
[252/262    0s] CopyFiles Library/Bee/PlayerScriptAssemblies/Unity.XR.ARFoundation.InternalUtils.pdb
[253/262    0s] CopyFiles Library/Bee/PlayerScriptAssemblies/UnityEngine.SpatialTracking.pdb
[254/262    0s] CopyFiles Library/Bee/PlayerScriptAssemblies/Unity.Mathematics.pdb
[255/262    0s] CopyFiles Library/Bee/PlayerScriptAssemblies/Unity.InputSystem.pdb
[BUSY       6s] Csc Library/Bee/artifacts/900b0aP.dag/Assembly-CSharp.dll (+2 others)
[256/262    6s] Csc Library/Bee/artifacts/900b0aP.dag/Assembly-CSharp.dll (+2 others)
Assets\Scripts\MobileLoadLivePanel.cs(94,38): warning CS0618: 'Object.FindObjectOfType<T>()' is obsolete: 'Object.FindObjectOfType has been deprecated. Use Object.FindAnyObjectByType instead.'

Assets\Scripts\PMPanel.cs(43,23): warning CS0618: 'Object.FindObjectsOfType<T>()' is obsolete: 'Object.FindObjectsOfType has been deprecated. Use Object.FindObjectsByType instead which lets you decide whether you need the results sorted or not.  FindObjectsOfType sorts the results by InstanceID but if you do not need this using FindObjectSortMode.None is considerably faster.'

Assets\Scripts\ElementPicker.cs(106,30): warning CS0618: 'Object.FindObjectOfType<T>()' is obsolete: 'Object.FindObjectOfType has been deprecated. Use Object.FindAnyObjectByType instead.'

Assets\Scripts\ElementPicker.cs(125,38): warning CS0618: 'Object.FindObjectOfType<T>()' is obsolete: 'Object.FindObjectOfType has been deprecated. Use Object.FindAnyObjectByType instead.'

Assets\Scripts\ElementPicker.cs(150,30): warning CS0618: 'Object.FindObjectOfType<T>()' is obsolete: 'Object.FindObjectOfType has been deprecated. Use Object.FindAnyObjectByType instead.'

Assets\Scripts\ElementPicker.cs(170,49): warning CS0618: 'Object.FindObjectsOfType<T>()' is obsolete: 'Object.FindObjectsOfType has been deprecated. Use Object.FindObjectsByType instead which lets you decide whether you need the results sorted or not.  FindObjectsOfType sorts the results by InstanceID but if you do not need this using FindObjectSortMode.None is considerably faster.'

Assets\Scripts\ElementPicker.cs(213,49): warning CS0618: 'Object.FindObjectOfType<T>()' is obsolete: 'Object.FindObjectOfType has been deprecated. Use Object.FindAnyObjectByType instead.'

Assets\Scripts\ElementPicker.cs(219,26): warning CS0618: 'Object.FindObjectOfType<T>()' is obsolete: 'Object.FindObjectOfType has been deprecated. Use Object.FindAnyObjectByType instead.'

Assets\Scripts\ElementPicker.cs(229,43): warning CS0618: 'Object.FindObjectOfType<T>()' is obsolete: 'Object.FindObjectOfType has been deprecated. Use Object.FindAnyObjectByType instead.'

Assets\Scripts\ElementPicker.cs(235,27): warning CS0618: 'Object.FindObjectOfType<T>()' is obsolete: 'Object.FindObjectOfType has been deprecated. Use Object.FindAnyObjectByType instead.'

Assets\Scripts\ElementPicker.cs(244,47): warning CS0618: 'Object.FindObjectOfType<T>()' is obsolete: 'Object.FindObjectOfType has been deprecated. Use Object.FindAnyObjectByType instead.'

Assets\Scripts\ElementPicker.cs(270,26): warning CS0618: 'Object.FindObjectOfType<T>()' is obsolete: 'Object.FindObjectOfType has been deprecated. Use Object.FindAnyObjectByType instead.'

Assets\Scripts\ElementResultsPanel.cs(84,38): warning CS0618: 'Object.FindObjectOfType<T>()' is obsolete: 'Object.FindObjectOfType has been deprecated. Use Object.FindAnyObjectByType instead.'

Assets\Scripts\ElementPicker.cs(295,23): warning CS0618: 'Object.FindObjectOfType<T>()' is obsolete: 'Object.FindObjectOfType has been deprecated. Use Object.FindAnyObjectByType instead.'

Assets\Scripts\ElementResultsPanel.cs(124,22): warning CS0618: 'Object.FindObjectOfType<T>()' is obsolete: 'Object.FindObjectOfType has been deprecated. Use Object.FindAnyObjectByType instead.'

Assets\Scripts\MobileLoadResultsDashboard.cs(393,38): warning CS0618: 'Object.FindObjectOfType<T>()' is obsolete: 'Object.FindObjectOfType has been deprecated. Use Object.FindAnyObjectByType instead.'

Assets\Scripts\MobileLoadResultsDashboard.cs(402,9): warning CS0618: 'Object.FindObjectOfType<T>()' is obsolete: 'Object.FindObjectOfType has been deprecated. Use Object.FindAnyObjectByType instead.'

Assets\Scripts\PMPanel.cs(194,43): warning CS0618: 'Object.FindObjectOfType<T>()' is obsolete: 'Object.FindObjectOfType has been deprecated. Use Object.FindAnyObjectByType instead.'

Assets\Scripts\MobileLoadResultsDashboard.cs(455,47): warning CS0618: 'Object.FindObjectsOfType<T>()' is obsolete: 'Object.FindObjectsOfType has been deprecated. Use Object.FindObjectsByType instead which lets you decide whether you need the results sorted or not.  FindObjectsOfType sorts the results by InstanceID but if you do not need this using FindObjectSortMode.None is considerably faster.'

Assets\Scripts\MobileLoadResultsDashboard.cs(550,38): warning CS0618: 'Object.FindObjectOfType<T>()' is obsolete: 'Object.FindObjectOfType has been deprecated. Use Object.FindAnyObjectByType instead.'

Assets\Scripts\MobileLoadResultsDashboard.cs(551,47): warning CS0618: 'Object.FindObjectsOfType<T>()' is obsolete: 'Object.FindObjectsOfType has been deprecated. Use Object.FindObjectsByType instead which lets you decide whether you need the results sorted or not.  FindObjectsOfType sorts the results by InstanceID but if you do not need this using FindObjectSortMode.None is considerably faster.'

Assets\Scripts\ElementResultsPanel.cs(290,22): warning CS0618: 'Object.FindObjectOfType<T>()' is obsolete: 'Object.FindObjectOfType has been deprecated. Use Object.FindAnyObjectByType instead.'

Assets\Scripts\MobileLoadResultsDashboard.cs(599,38): warning CS0618: 'Object.FindObjectOfType<T>()' is obsolete: 'Object.FindObjectOfType has been deprecated. Use Object.FindAnyObjectByType instead.'

Assets\Scripts\MobileLoadController.cs(395,33): warning CS0618: 'Object.FindObjectOfType<T>()' is obsolete: 'Object.FindObjectOfType has been deprecated. Use Object.FindAnyObjectByType instead.'

Assets\Scripts\MobileLoadResultsDashboard.cs(686,53): warning CS0618: 'Object.FindObjectsOfType<T>()' is obsolete: 'Object.FindObjectsOfType has been deprecated. Use Object.FindObjectsByType instead which lets you decide whether you need the results sorted or not.  FindObjectsOfType sorts the results by InstanceID but if you do not need this using FindObjectSortMode.None is considerably faster.'

Assets\Scripts\MobileLoadResultsDashboard.cs(691,13): warning CS0618: 'Object.FindObjectOfType<T>()' is obsolete: 'Object.FindObjectOfType has been deprecated. Use Object.FindAnyObjectByType instead.'

Assets\Scripts\MobileLoadResultsDashboard.cs(742,38): warning CS0618: 'Object.FindObjectOfType<T>()' is obsolete: 'Object.FindObjectOfType has been deprecated. Use Object.FindAnyObjectByType instead.'

Assets\Scripts\MobileLoadResultsDashboard.cs(855,30): warning CS0618: 'Object.FindObjectOfType<T>()' is obsolete: 'Object.FindObjectOfType has been deprecated. Use Object.FindAnyObjectByType instead.'

Assets\Scripts\SelectedBeamDiagramPanel.cs(39,38): warning CS0618: 'Object.FindObjectOfType<T>()' is obsolete: 'Object.FindObjectOfType has been deprecated. Use Object.FindAnyObjectByType instead.'

Assets\Scripts\SelectedBeamDiagramPanel.cs(66,68): warning CS0618: 'Object.FindObjectOfType<T>()' is obsolete: 'Object.FindObjectOfType has been deprecated. Use Object.FindAnyObjectByType instead.'

Assets\Scripts\MobileLoadController.cs(609,32): warning CS0618: 'Object.FindObjectsOfType<T>()' is obsolete: 'Object.FindObjectsOfType has been deprecated. Use Object.FindObjectsByType instead which lets you decide whether you need the results sorted or not.  FindObjectsOfType sorts the results by InstanceID but if you do not need this using FindObjectSortMode.None is considerably faster.'

Assets\Scripts\VisualSiteTerrain.cs(144,13): warning CS0162: Unreachable code detected

Assets\Scripts\DiagramController.cs(1355,50): warning CS0618: 'Object.FindObjectOfType<T>()' is obsolete: 'Object.FindObjectOfType has been deprecated. Use Object.FindAnyObjectByType instead.'

Assets\Scripts\VisualCafe.cs(123,9): warning CS0162: Unreachable code detected
[257/262    0s] ILPostProcess Library/Bee/artifacts/900b0aP.dag/post-processed/Assembly-CSharp.dll (+pdb)
Processing assembly Library/Bee/artifacts/900b0aP.dag/Assembly-CSharp.dll, with 139 defines and 211 references

processors: zzzUnity.Burst.CodeGen.BurstILPostProcessor

1 processor(s) skipped this assembly
[258/262    0s] CopyFiles Library/Bee/PlayerScriptAssemblies/Assembly-CSharp.pdb
[259/262    0s] CopyFiles Library/Bee/PlayerScriptAssemblies/Assembly-CSharp.dll
[261/262    0s] BuildPlayerDataGenerator Library/BuildPlayerData/Player/RuntimeInitializeOnLoads.json (+1 other)
*** Tundra build success (12.33 seconds), 41 items updated, 262 evaluated
Assets\Scripts\MobileLoadLivePanel.cs(94,38): warning CS0618: 'Object.FindObjectOfType<T>()' is obsolete: 'Object.FindObjectOfType has been deprecated. Use Object.FindAnyObjectByType instead.'
Assets\Scripts\PMPanel.cs(43,23): warning CS0618: 'Object.FindObjectsOfType<T>()' is obsolete: 'Object.FindObjectsOfType has been deprecated. Use Object.FindObjectsByType instead which lets you decide whether you need the results sorted or not.  FindObjectsOfType sorts the results by InstanceID but if you do not need this using FindObjectSortMode.None is considerably faster.'
Assets\Scripts\ElementPicker.cs(106,30): warning CS0618: 'Object.FindObjectOfType<T>()' is obsolete: 'Object.FindObjectOfType has been deprecated. Use Object.FindAnyObjectByType instead.'
Assets\Scripts\ElementPicker.cs(125,38): warning CS0618: 'Object.FindObjectOfType<T>()' is obsolete: 'Object.FindObjectOfType has been deprecated. Use Object.FindAnyObjectByType instead.'
Assets\Scripts\ElementPicker.cs(150,30): warning CS0618: 'Object.FindObjectOfType<T>()' is obsolete: 'Object.FindObjectOfType has been deprecated. Use Object.FindAnyObjectByType instead.'
Assets\Scripts\ElementPicker.cs(170,49): warning CS0618: 'Object.FindObjectsOfType<T>()' is obsolete: 'Object.FindObjectsOfType has been deprecated. Use Object.FindObjectsByType instead which lets you decide whether you need the results sorted or not.  FindObjectsOfType sorts the results by InstanceID but if you do not need this using FindObjectSortMode.None is considerably faster.'
Assets\Scripts\ElementPicker.cs(213,49): warning CS0618: 'Object.FindObjectOfType<T>()' is obsolete: 'Object.FindObjectOfType has been deprecated. Use Object.FindAnyObjectByType instead.'
Assets\Scripts\ElementPicker.cs(219,26): warning CS0618: 'Object.FindObjectOfType<T>()' is obsolete: 'Object.FindObjectOfType has been deprecated. Use Object.FindAnyObjectByType instead.'
Assets\Scripts\ElementPicker.cs(229,43): warning CS0618: 'Object.FindObjectOfType<T>()' is obsolete: 'Object.FindObjectOfType has been deprecated. Use Object.FindAnyObjectByType instead.'
Assets\Scripts\ElementPicker.cs(235,27): warning CS0618: 'Object.FindObjectOfType<T>()' is obsolete: 'Object.FindObjectOfType has been deprecated. Use Object.FindAnyObjectByType instead.'
Assets\Scripts\ElementPicker.cs(244,47): warning CS0618: 'Object.FindObjectOfType<T>()' is obsolete: 'Object.FindObjectOfType has been deprecated. Use Object.FindAnyObjectByType instead.'
Assets\Scripts\ElementPicker.cs(270,26): warning CS0618: 'Object.FindObjectOfType<T>()' is obsolete: 'Object.FindObjectOfType has been deprecated. Use Object.FindAnyObjectByType instead.'
Assets\Scripts\ElementResultsPanel.cs(84,38): warning CS0618: 'Object.FindObjectOfType<T>()' is obsolete: 'Object.FindObjectOfType has been deprecated. Use Object.FindAnyObjectByType instead.'
Assets\Scripts\ElementPicker.cs(295,23): warning CS0618: 'Object.FindObjectOfType<T>()' is obsolete: 'Object.FindObjectOfType has been deprecated. Use Object.FindAnyObjectByType instead.'
Assets\Scripts\ElementResultsPanel.cs(124,22): warning CS0618: 'Object.FindObjectOfType<T>()' is obsolete: 'Object.FindObjectOfType has been deprecated. Use Object.FindAnyObjectByType instead.'
Assets\Scripts\MobileLoadResultsDashboard.cs(393,38): warning CS0618: 'Object.FindObjectOfType<T>()' is obsolete: 'Object.FindObjectOfType has been deprecated. Use Object.FindAnyObjectByType instead.'
Assets\Scripts\MobileLoadResultsDashboard.cs(402,9): warning CS0618: 'Object.FindObjectOfType<T>()' is obsolete: 'Object.FindObjectOfType has been deprecated. Use Object.FindAnyObjectByType instead.'
Assets\Scripts\PMPanel.cs(194,43): warning CS0618: 'Object.FindObjectOfType<T>()' is obsolete: 'Object.FindObjectOfType has been deprecated. Use Object.FindAnyObjectByType instead.'
Assets\Scripts\MobileLoadResultsDashboard.cs(455,47): warning CS0618: 'Object.FindObjectsOfType<T>()' is obsolete: 'Object.FindObjectsOfType has been deprecated. Use Object.FindObjectsByType instead which lets you decide whether you need the results sorted or not.  FindObjectsOfType sorts the results by InstanceID but if you do not need this using FindObjectSortMode.None is considerably faster.'
Assets\Scripts\MobileLoadResultsDashboard.cs(550,38): warning CS0618: 'Object.FindObjectOfType<T>()' is obsolete: 'Object.FindObjectOfType has been deprecated. Use Object.FindAnyObjectByType instead.'
Assets\Scripts\MobileLoadResultsDashboard.cs(551,47): warning CS0618: 'Object.FindObjectsOfType<T>()' is obsolete: 'Object.FindObjectsOfType has been deprecated. Use Object.FindObjectsByType instead which lets you decide whether you need the results sorted or not.  FindObjectsOfType sorts the results by InstanceID but if you do not need this using FindObjectSortMode.None is considerably faster.'
Assets\Scripts\ElementResultsPanel.cs(290,22): warning CS0618: 'Object.FindObjectOfType<T>()' is obsolete: 'Object.FindObjectOfType has been deprecated. Use Object.FindAnyObjectByType instead.'
Assets\Scripts\MobileLoadResultsDashboard.cs(599,38): warning CS0618: 'Object.FindObjectOfType<T>()' is obsolete: 'Object.FindObjectOfType has been deprecated. Use Object.FindAnyObjectByType instead.'
Assets\Scripts\MobileLoadController.cs(395,33): warning CS0618: 'Object.FindObjectOfType<T>()' is obsolete: 'Object.FindObjectOfType has been deprecated. Use Object.FindAnyObjectByType instead.'
Assets\Scripts\MobileLoadResultsDashboard.cs(686,53): warning CS0618: 'Object.FindObjectsOfType<T>()' is obsolete: 'Object.FindObjectsOfType has been deprecated. Use Object.FindObjectsByType instead which lets you decide whether you need the results sorted or not.  FindObjectsOfType sorts the results by InstanceID but if you do not need this using FindObjectSortMode.None is considerably faster.'
Assets\Scripts\MobileLoadResultsDashboard.cs(691,13): warning CS0618: 'Object.FindObjectOfType<T>()' is obsolete: 'Object.FindObjectOfType has been deprecated. Use Object.FindAnyObjectByType instead.'
Assets\Scripts\MobileLoadResultsDashboard.cs(742,38): warning CS0618: 'Object.FindObjectOfType<T>()' is obsolete: 'Object.FindObjectOfType has been deprecated. Use Object.FindAnyObjectByType instead.'
Assets\Scripts\MobileLoadResultsDashboard.cs(855,30): warning CS0618: 'Object.FindObjectOfType<T>()' is obsolete: 'Object.FindObjectOfType has been deprecated. Use Object.FindAnyObjectByType instead.'
Assets\Scripts\SelectedBeamDiagramPanel.cs(39,38): warning CS0618: 'Object.FindObjectOfType<T>()' is obsolete: 'Object.FindObjectOfType has been deprecated. Use Object.FindAnyObjectByType instead.'
Assets\Scripts\SelectedBeamDiagramPanel.cs(66,68): warning CS0618: 'Object.FindObjectOfType<T>()' is obsolete: 'Object.FindObjectOfType has been deprecated. Use Object.FindAnyObjectByType instead.'
Assets\Scripts\MobileLoadController.cs(609,32): warning CS0618: 'Object.FindObjectsOfType<T>()' is obsolete: 'Object.FindObjectsOfType has been deprecated. Use Object.FindObjectsByType instead which lets you decide whether you need the results sorted or not.  FindObjectsOfType sorts the results by InstanceID but if you do not need this using FindObjectSortMode.None is considerably faster.'
Assets\Scripts\VisualSiteTerrain.cs(144,13): warning CS0162: Unreachable code detected
Assets\Scripts\DiagramController.cs(1355,50): warning CS0618: 'Object.FindObjectOfType<T>()' is obsolete: 'Object.FindObjectOfType has been deprecated. Use Object.FindAnyObjectByType instead.'
Assets\Scripts\VisualCafe.cs(123,9): warning CS0162: Unreachable code detected
Total cache size 69200540
Total cache size after purge 69200540, took 00:00:00.1767292
Rebuilding Data files because Assets/Resources/MobileSeismic/el_centro_1940_ns_X_i050_payload.bytes is dirty (hash)
Asset Pipeline Refresh (id=3717a08458bcc8c4e807a5d6d8db5191): Total: 0.029 seconds - Initiated by RefreshV2(NoUpdateAssetOptions)
Asset Pipeline Refresh (id=3b8c7945c6889404382bee457acf348e): Total: 0.008 seconds - Initiated by RefreshV2(NoUpdateAssetOptions)


Mono dependencies included in the build
Dependency assembly - System.Drawing.Primitives.dll
Dependency assembly - System.Linq.Expressions.dll
Dependency assembly - System.ServiceModel.Http.dll
Dependency assembly - I18N.Other.dll
Dependency assembly - System.Data.dll
Dependency assembly - System.Data.Services.dll
Dependency assembly - System.Memory.dll
Dependency assembly - Microsoft.Win32.Registry.dll
Dependency assembly - System.Data.Common.dll
Dependency assembly - System.IO.IsolatedStorage.dll
Dependency assembly - System.ServiceModel.Discovery.dll
Dependency assembly - Microsoft.Win32.Primitives.dll
Dependency assembly - System.IO.FileSystem.Primitives.dll
Dependency assembly - System.Security.Cryptography.Hashing.Algorithms.dll
Dependency assembly - System.ServiceModel.Activation.dll
Dependency assembly - System.Web.Extensions.dll
Dependency assembly - Unity.InternalAPIEngineBridge.004.dll
Dependency assembly - System.Security.Cryptography.Csp.dll
Dependency assembly - System.Reflection.Primitives.dll
Dependency assembly - System.Reflection.DispatchProxy.dll
Dependency assembly - System.Runtime.Loader.dll
Dependency assembly - System.Threading.Tasks.Extensions.dll
Dependency assembly - System.Security.Cryptography.Encryption.ECDsa.dll
Dependency assembly - System.Text.Encoding.dll
Dependency assembly - System.Security.Cryptography.OpenSsl.dll
Dependency assembly - System.Net.Security.dll
Dependency assembly - System.Text.Encoding.CodePages.dll
Dependency assembly - System.EnterpriseServices.dll
Dependency assembly - System.Windows.Forms.DataVisualization.dll
Dependency assembly - System.Text.Encoding.Extensions.dll
Dependency assembly - Microsoft.Extensions.Logging.Abstractions.dll
Dependency assembly - System.Resources.ReaderWriter.dll
Dependency assembly - System.Reflection.TypeExtensions.dll
Dependency assembly - System.Runtime.Serialization.Primitives.dll
Dependency assembly - System.IO.Compression.FileSystem.dll
Dependency assembly - System.Core.dll
Dependency assembly - Accessibility.dll
Dependency assembly - System.Data.SqlClient.dll
Dependency assembly - System.ServiceProcess.ServiceController.dll
Dependency assembly - System.Reflection.Emit.ILGeneration.dll
Dependency assembly - System.Diagnostics.Contracts.dll
Dependency assembly - System.Globalization.Calendars.dll
Dependency assembly - System.Xml.dll
Dependency assembly - System.Windows.dll
Dependency assembly - System.Net.HttpListener.dll
Dependency assembly - System.Net.NetworkInformation.dll
Dependency assembly - System.Resources.Reader.dll
Dependency assembly - System.Runtime.InteropServices.RuntimeInformation.dll
Dependency assembly - Assembly-CSharp.dll
Dependency assembly - System.Threading.Tasks.dll
Dependency assembly - System.IO.MemoryMappedFiles.dll
Dependency assembly - System.Configuration.dll
Dependency assembly - Microsoft.Win32.Registry.AccessControl.dll
Dependency assembly - System.Reflection.Context.dll
Dependency assembly - System.Web.ApplicationServices.dll
Dependency assembly - System.Runtime.Extensions.dll
Dependency assembly - System.Collections.Concurrent.dll
Dependency assembly - System.Runtime.dll
Dependency assembly - System.IO.FileSystem.Watcher.dll
Dependency assembly - System.Xaml.dll
Dependency assembly - System.Collections.Specialized.dll
Dependency assembly - System.IO.Compression.ZipFile.dll
Dependency assembly - System.ObjectModel.dll
Dependency assembly - System.Diagnostics.Tools.dll
Dependency assembly - System.Management.dll
Dependency assembly - System.Resources.Writer.dll
Dependency assembly - System.ServiceModel.Duplex.dll
Dependency assembly - System.Security.Cryptography.Primitives.dll
Dependency assembly - System.Data.Linq.dll
Dependency assembly - System.Text.RegularExpressions.dll
Dependency assembly - System.Diagnostics.StackTrace.dll
Dependency assembly - System.Xml.Xsl.Primitives.dll
Dependency assembly - I18N.dll
Dependency assembly - System.IO.FileSystem.dll
Dependency assembly - System.Security.SecureString.dll
Dependency assembly - System.Security.Cryptography.RSA.dll
Dependency assembly - System.Threading.ThreadPool.dll
Dependency assembly - System.Xml.XPath.XDocument.dll
Dependency assembly - System.Globalization.dll
Dependency assembly - System.Linq.Queryable.dll
Dependency assembly - System.Threading.dll
Dependency assembly - I18N.CJK.dll
Dependency assembly - System.ComponentModel.Annotations.dll
Dependency assembly - System.Security.Cryptography.Encryption.dll
Dependency assembly - System.Xml.XmlDocument.dll
Dependency assembly - System.Dynamic.Runtime.dll
Dependency assembly - System.ServiceModel.Web.dll
Dependency assembly - System.Drawing.Design.dll
Dependency assembly - netstandard.dll
Dependency assembly - Unity.XR.ARKit.dll
Dependency assembly - UnityEngine.XR.LegacyInputHelpers.dll
Dependency assembly - System.IdentityModel.Selectors.dll
Dependency assembly - System.DirectoryServices.Protocols.dll
Dependency assembly - System.Net.Ping.dll
Dependency assembly - System.Web.RegularExpressions.dll
Dependency assembly - System.Runtime.Serialization.Formatters.Soap.dll
Dependency assembly - System.Reflection.dll
Dependency assembly - System.Text.Json.dll
Dependency assembly - I18N.MidEast.dll
Dependency assembly - System.Net.dll
Dependency assembly - System.Diagnostics.TextWriterTraceListener.dll
Dependency assembly - I18N.Rare.dll
Dependency assembly - System.ServiceModel.NetTcp.dll
Dependency assembly - System.ServiceModel.Security.dll
Dependency assembly - System.Web.Services.dll
Dependency assembly - System.Net.Requests.dll
Dependency assembly - System.Collections.dll
Dependency assembly - System.Text.Encodings.Web.dll
Dependency assembly - Mono.Data.Tds.dll
Dependency assembly - System.Linq.dll
Dependency assembly - System.Web.Extensions.Design.dll
Dependency assembly - System.Collections.Immutable.dll
Dependency assembly - System.Runtime.Remoting.dll
Dependency assembly - Unity.XR.ARFoundation.InternalUtils.dll
Dependency assembly - System.IdentityModel.dll
Dependency assembly - System.Xml.XPath.XmlDocument.dll
Dependency assembly - System.Runtime.InteropServices.dll
Dependency assembly - System.Net.Utilities.dll
Dependency assembly - Microsoft.Extensions.DependencyInjection.Abstractions.dll
Dependency assembly - System.Security.Cryptography.ProtectedData.dll
Dependency assembly - System.Runtime.Caching.dll
Dependency assembly - System.Security.AccessControl.dll
Dependency assembly - System.Runtime.Serialization.Formatters.dll
Dependency assembly - System.Security.Cryptography.RandomNumberGenerator.dll
Dependency assembly - Mono.Data.Sqlite.dll
Dependency assembly - System.Net.Http.WebRequest.dll
Dependency assembly - System.Net.WebSockets.dll
Dependency assembly - System.Runtime.InteropServices.WindowsRuntime.dll
Dependency assembly - System.DirectoryServices.dll
Dependency assembly - System.IO.FileSystem.DriveInfo.dll
Dependency assembly - System.Security.Cryptography.Cng.dll
Dependency assembly - Unity.XR.ARKit.FaceTracking.dll
Dependency assembly - System.AppContext.dll
Dependency assembly - System.Net.Sockets.dll
Dependency assembly - System.Runtime.CompilerServices.Unsafe.dll
Dependency assembly - System.Reflection.Emit.Lightweight.dll
Dependency assembly - System.Net.Cache.dll
Dependency assembly - System.Reflection.Extensions.dll
Dependency assembly - System.ServiceProcess.dll
Dependency assembly - System.Data.DataSetExtensions.dll
Dependency assembly - System.IO.UnmanagedMemoryStream.dll
Dependency assembly - System.Resources.ResourceManager.dll
Dependency assembly - System.Net.Primitives.dll
Dependency assembly - System.Security.Cryptography.Encryption.ECDiffieHellman.dll
Dependency assembly - System.Security.Cryptography.Encoding.dll
Dependency assembly - System.ServiceModel.Routing.dll
Dependency assembly - System.dll
Dependency assembly - System.IO.Compression.dll
Dependency assembly - System.Reflection.Metadata.dll
Dependency assembly - System.Net.ServicePoint.dll
Dependency assembly - System.Collections.NonGeneric.dll
Dependency assembly - System.Security.Cryptography.Algorithms.dll
Dependency assembly - UnityEngine.UI.dll
Dependency assembly - System.Xml.XPath.dll
Dependency assembly - Microsoft.CSharp.dll
Dependency assembly - System.IO.dll
Dependency assembly - System.IO.FileSystem.AccessControl.dll
Dependency assembly - Microsoft.Bcl.AsyncInterfaces.dll
Dependency assembly - System.Messaging.dll
Dependency assembly - System.Security.dll
Dependency assembly - System.Net.WebHeaderCollection.dll
Dependency assembly - System.Security.Principal.dll
Dependency assembly - System.Security.Cryptography.DeriveBytes.dll
Dependency assembly - System.Configuration.Install.dll
Dependency assembly - System.Windows.Forms.dll
Dependency assembly - System.Security.Cryptography.Hashing.dll
Dependency assembly - System.Web.dll
Dependency assembly - Unity.XR.ARFoundation.dll
Dependency assembly - Unity.TextMeshPro.dll
Dependency assembly - System.Reflection.Emit.dll
Dependency assembly - System.Runtime.Serialization.dll
Dependency assembly - System.Threading.Thread.dll
Dependency assembly - System.ComponentModel.TypeConverter.dll
Dependency assembly - System.Data.Entity.dll
Dependency assembly - System.ComponentModel.Primitives.dll
Dependency assembly - System.ServiceModel.Primitives.dll
Dependency assembly - Unity.InputSystem.ForUI.dll
Dependency assembly - System.Threading.Overlapped.dll
Dependency assembly - Mono.Security.dll
Dependency assembly - System.Security.Principal.Windows.dll
Dependency assembly - System.Diagnostics.TraceSource.dll
Dependency assembly - System.Json.dll
Dependency assembly - System.ComponentModel.DataAnnotations.dll
Dependency assembly - System.Security.Cryptography.Encryption.Aes.dll
Dependency assembly - System.Net.NameResolution.dll
Dependency assembly - System.Diagnostics.FileVersionInfo.dll
Dependency assembly - System.Security.Cryptography.Pkcs.dll
Dependency assembly - System.Security.Cryptography.X509Certificates.dll
Dependency assembly - System.Xml.XmlSerializer.dll
Dependency assembly - Unity.XR.CoreUtils.dll
Dependency assembly - System.Threading.AccessControl.dll
Dependency assembly - System.Numerics.dll
Dependency assembly - System.Runtime.Numerics.dll
Dependency assembly - System.Transactions.dll
Dependency assembly - UnityEngine.SpatialTracking.dll
Dependency assembly - System.Net.Mail.dll
Dependency assembly - I18N.West.dll
Dependency assembly - Unity.XR.Management.dll
Dependency assembly - System.Xml.XDocument.dll
Dependency assembly - System.ComponentModel.dll
Dependency assembly - System.Runtime.Serialization.Xml.dll
Dependency assembly - System.Buffers.dll
Dependency assembly - System.Net.Http.dll
Dependency assembly - System.Data.Services.Client.dll
Dependency assembly - System.Runtime.CompilerServices.VisualC.dll
Dependency assembly - System.Drawing.dll
Dependency assembly - System.IO.Hashing.dll
Dependency assembly - System.Threading.Timer.dll
Dependency assembly - System.Xml.Linq.dll
Dependency assembly - System.Runtime.DurableInstancing.dll
Dependency assembly - System.Diagnostics.DiagnosticSource.dll
Dependency assembly - System.Diagnostics.Debug.dll
Dependency assembly - System.Runtime.Handles.dll
Dependency assembly - System.Net.AuthenticationManager.dll
Dependency assembly - Unity.XR.ARFoundation.VisualScripting.dll
Dependency assembly - System.Data.OracleClient.dll
Dependency assembly - System.Threading.Tasks.Parallel.dll
Dependency assembly - System.ValueTuple.dll
Dependency assembly - Unity.Mathematics.dll
Dependency assembly - System.ServiceModel.Internals.dll
Dependency assembly - System.IO.Pipes.dll
Dependency assembly - System.Security.Claims.dll
Dependency assembly - System.Xml.Serialization.dll
Dependency assembly - System.ComponentModel.EventBasedAsync.dll
Dependency assembly - System.Web.DynamicData.dll
Dependency assembly - System.Numerics.Vectors.dll
Dependency assembly - mscorlib.dll
Dependency assembly - Unity.XR.ARSubsystems.dll
Dependency assembly - Google.XR.Cardboard.dll
Dependency assembly - System.ComponentModel.Composition.dll
Dependency assembly - System.Design.dll
Dependency assembly - System.Console.dll
Dependency assembly - System.Diagnostics.TraceEvent.dll
Dependency assembly - System.Linq.Parallel.dll
Dependency assembly - System.Globalization.Extensions.dll
Dependency assembly - System.Diagnostics.Tracing.dll
Dependency assembly - System.ServiceModel.dll
Dependency assembly - Unity.InputSystem.dll
Dependency assembly - System.Runtime.Serialization.Json.dll
Dependency assembly - System.Diagnostics.Process.dll
Dependency assembly - System.Xml.ReaderWriter.dll
Dependency assembly - System.Net.WebSockets.Client.dll

DisplayProgressbar: Fetching assembly references
Opening scene 'Assets/Scenes/StructuralARScene.unity'
Unloading 2 Unused Serialized files (Serialized files now loaded: 0)
Loaded scene 'Assets/Scenes/StructuralARScene.unity'
	Deserialize:            0.861 ms
	Integration:            7.017 ms
	Integration of assets:  0.002 ms
	Thread Wait Time:       0.017 ms
	Total Operation Time:   7.896 ms
Unloading 46 unused Assets / (0.9 MB). Loaded Objects now: 2629.
Memory consumption went from 283.7 MB to 282.8 MB.
Total: 6.721500 ms (FindLiveObjects: 0.200400 ms CreateObjectMapping: 0.033700 ms MarkObjects: 6.018900 ms  DeleteObjects: 0.295300 ms)

Unloading 23 Unused Serialized files (Serialized files now loaded: 0)
Unloading 44 unused Assets / (0.8 MB). Loaded Objects now: 2614.
Memory consumption went from 0.62 GB to 0.62 GB.
Total: 7.199600 ms (FindLiveObjects: 0.328500 ms CreateObjectMapping: 0.037300 ms MarkObjects: 6.345600 ms  DeleteObjects: 0.314600 ms)

Unloading 0 Unused Serialized files (Serialized files now loaded: 0)
Unloading 0 unused Assets / (Unknown). Loaded Objects now: 2614.
Memory consumption went from 276.9 MB to 276.9 MB.
Total: 7.396100 ms (FindLiveObjects: 0.336900 ms CreateObjectMapping: 0.037900 ms MarkObjects: 6.854600 ms  DeleteObjects: 0.007300 ms)

Unloading 1 Unused Serialized files (Serialized files now loaded: 0)
Unloading 176 unused Assets / (149.5 MB). Loaded Objects now: 2614.
Memory consumption went from 427.5 MB to 278.0 MB.
Total: 18.174200 ms (FindLiveObjects: 0.278400 ms CreateObjectMapping: 0.067900 ms MarkObjects: 8.616400 ms  DeleteObjects: 9.053200 ms)

Compiling shader "Unlit/ARKitBackground/AfterOpaques"
  Pass "ARKit Background Occlusion Handling" (vp)
    Target graphics API: metal
    Full variant space:         6
    After settings filtering:   6
    After built-in stripping:   18
    After scriptable stripping: 9
    Processed in 0.01 seconds
  Pass "ARKit Background Occlusion Handling" (fp)
    Target graphics API: metal
    Full variant space:         6
    After settings filtering:   6
    After built-in stripping:   18
    After scriptable stripping: 9
    Processed in 0.00 seconds
  Pass "AR Camera Background (ARKit)" (vp)
    Target graphics API: metal
    Full variant space:         6
    After settings filtering:   6
    After built-in stripping:   18
    After scriptable stripping: 9
    Processed in 0.00 seconds
  Pass "AR Camera Background (ARKit)" (fp)
    Target graphics API: metal
    Full variant space:         6
    After settings filtering:   6
    After built-in stripping:   18
    After scriptable stripping: 9
    Processed in 0.00 seconds
  Pass ARKit Background Occlusion Handling (vp, metal) finished in 0.02 seconds. Local cache hits 9 (0.10s CPU time), remote cache hits 0 (0.00s CPU time), compiled 0 variants (0.00s CPU time), skipped 0 variants.
    Prepared data for serialisation in 0.00s
  Pass ARKit Background Occlusion Handling (fp, metal) finished in 0.03 seconds. Local cache hits 9 (0.10s CPU time), remote cache hits 0 (0.00s CPU time), compiled 0 variants (0.00s CPU time), skipped 0 variants.
    Prepared data for serialisation in 0.00s
  Pass AR Camera Background (ARKit) (vp, metal) finished in 0.02 seconds. Local cache hits 9 (0.09s CPU time), remote cache hits 0 (0.00s CPU time), compiled 0 variants (0.00s CPU time), skipped 0 variants.
    Prepared data for serialisation in 0.00s
  Pass AR Camera Background (ARKit) (fp, metal) finished in 0.02 seconds. Local cache hits 9 (0.10s CPU time), remote cache hits 0 (0.00s CPU time), compiled 0 variants (0.00s CPU time), skipped 0 variants.
    Prepared data for serialisation in 0.00s
Serialized binary data for shader Unlit/ARKitBackground/AfterOpaques in 0.00s
    metal (total internal programs: 36, unique: 12)
Compiling shader "Unlit/ARKitBackground"
  Pass "" (vp)
    Target graphics API: metal
    Full variant space:         6
    After settings filtering:   6
    After built-in stripping:   18
    After scriptable stripping: 9
    Processed in 0.00 seconds
  Pass "" (fp)
    Target graphics API: metal
    Full variant space:         6
    After settings filtering:   6
    After built-in stripping:   18
    After scriptable stripping: 9
    Processed in 0.00 seconds
  Pass  (vp, metal) finished in 0.00 seconds. Local cache hits 9 (0.03s CPU time), remote cache hits 0 (0.00s CPU time), compiled 0 variants (0.00s CPU time), skipped 0 variants.
    Prepared data for serialisation in 0.00s
  Pass  (fp, metal) finished in 0.01 seconds. Local cache hits 9 (0.04s CPU time), remote cache hits 0 (0.00s CPU time), compiled 0 variants (0.00s CPU time), skipped 0 variants.
    Prepared data for serialisation in 0.00s
Serialized binary data for shader Unlit/ARKitBackground in 0.00s
    metal (total internal programs: 18, unique: 6)
Compiling shader "Standard"
  Pass "FORWARD" (vp)
    Target graphics API: metal
    Full variant space:         664
    After settings filtering:   664
    After built-in stripping:   24
    After scriptable stripping: 24
    Processed in 0.00 seconds
  Pass "FORWARD" (fp)
    Target graphics API: metal
    Full variant space:         504
    After settings filtering:   504
    After built-in stripping:   12
    After scriptable stripping: 12
    Processed in 0.00 seconds
  Pass "FORWARD_DELTA" (vp)
    Target graphics API: metal
    Full variant space:         188
    After settings filtering:   188
    After built-in stripping:   39
    After scriptable stripping: 39
    Processed in 0.01 seconds
  Pass "FORWARD_DELTA" (fp)
    Target graphics API: metal
    Full variant space:         188
    After settings filtering:   188
    After built-in stripping:   39
    After scriptable stripping: 39
    Processed in 0.00 seconds
  Pass "ShadowCaster" (vp)
    Target graphics API: metal
    Full variant space:         4
    After settings filtering:   4
    After built-in stripping:   6
    After scriptable stripping: 6
    Processed in 0.00 seconds
  Pass "ShadowCaster" (fp)
    Target graphics API: metal
    Full variant space:         4
    After settings filtering:   4
    After built-in stripping:   6
    After scriptable stripping: 6
    Processed in 0.00 seconds
  Pass "DEFERRED" (vp)
    Target graphics API: metal
    Full variant space:         76
    After settings filtering:   76
    After built-in stripping:   12
    After scriptable stripping: 12
    Processed in 0.00 seconds
  Pass "DEFERRED" (fp)
    Target graphics API: metal
    Full variant space:         76
    After settings filtering:   76
    After built-in stripping:   12
    After scriptable stripping: 12
    Processed in 0.00 seconds
  Pass "FORWARD" (vp)
    Target graphics API: metal
    Full variant space:         208
    After settings filtering:   208
    After built-in stripping:   24
    After scriptable stripping: 24
    Processed in 0.00 seconds
  Pass "FORWARD" (fp)
    Target graphics API: metal
    Full variant space:         148
    After settings filtering:   148
    After built-in stripping:   12
    After scriptable stripping: 12
    Processed in 0.00 seconds
  Pass "FORWARD_DELTA" (vp)
    Target graphics API: metal
    Full variant space:         140
    After settings filtering:   140
    After built-in stripping:   30
    After scriptable stripping: 30
    Processed in 0.00 seconds
  Pass "FORWARD_DELTA" (fp)
    Target graphics API: metal
    Full variant space:         140
    After settings filtering:   140
    After built-in stripping:   30
    After scriptable stripping: 30
    Processed in 0.00 seconds
  Pass "ShadowCaster" (vp)
    Target graphics API: metal
    Full variant space:         2
    After settings filtering:   2
    After built-in stripping:   6
    After scriptable stripping: 6
    Processed in 0.01 seconds
  Pass "ShadowCaster" (fp)
    Target graphics API: metal
    Full variant space:         2
    After settings filtering:   2
    After built-in stripping:   6
    After scriptable stripping: 6
    Processed in 0.00 seconds
  Pass FORWARD (vp, metal) finished in 0.04 seconds. Local cache hits 24 (0.20s CPU time), remote cache hits 0 (0.00s CPU time), compiled 0 variants (0.00s CPU time), skipped 0 variants.
    Prepared data for serialisation in 0.00s
  Pass FORWARD (fp, metal) finished in 0.08 seconds. Local cache hits 12 (0.14s CPU time), remote cache hits 0 (0.00s CPU time), compiled 0 variants (0.00s CPU time), skipped 0 variants.
    Prepared data for serialisation in 0.00s
  Pass FORWARD_DELTA (vp, metal) finished in 0.08 seconds. Local cache hits 39 (0.27s CPU time), remote cache hits 0 (0.00s CPU time), compiled 0 variants (0.00s CPU time), skipped 0 variants.
    Prepared data for serialisation in 0.00s
  Pass FORWARD_DELTA (fp, metal) finished in 0.06 seconds. Local cache hits 39 (0.45s CPU time), remote cache hits 0 (0.00s CPU time), compiled 0 variants (0.00s CPU time), skipped 0 variants.
    Prepared data for serialisation in 0.00s
  Pass ShadowCaster (vp, metal) finished in 0.12 seconds. Local cache hits 6 (0.07s CPU time), remote cache hits 0 (0.00s CPU time), compiled 0 variants (0.00s CPU time), skipped 0 variants.
    Prepared data for serialisation in 0.00s
  Pass ShadowCaster (fp, metal) finished in 0.02 seconds. Local cache hits 6 (0.07s CPU time), remote cache hits 0 (0.00s CPU time), compiled 0 variants (0.00s CPU time), skipped 0 variants.
    Prepared data for serialisation in 0.00s
  Pass DEFERRED (vp, metal) finished in 0.12 seconds. Local cache hits 12 (0.13s CPU time), remote cache hits 0 (0.00s CPU time), compiled 0 variants (0.00s CPU time), skipped 0 variants.
    Prepared data for serialisation in 0.00s
  Pass DEFERRED (fp, metal) finished in 0.03 seconds. Local cache hits 12 (0.14s CPU time), remote cache hits 0 (0.00s CPU time), compiled 0 variants (0.00s CPU time), skipped 0 variants.
    Prepared data for serialisation in 0.00s
  Pass FORWARD (vp, metal) finished in 0.12 seconds. Local cache hits 24 (0.18s CPU time), remote cache hits 0 (0.00s CPU time), compiled 0 variants (0.00s CPU time), skipped 0 variants.
    Prepared data for serialisation in 0.00s
  Pass FORWARD (fp, metal) finished in 0.02 seconds. Local cache hits 12 (0.14s CPU time), remote cache hits 0 (0.00s CPU time), compiled 0 variants (0.00s CPU time), skipped 0 variants.
    Prepared data for serialisation in 0.00s
  Pass FORWARD_DELTA (vp, metal) finished in 0.11 seconds. Local cache hits 30 (0.26s CPU time), remote cache hits 0 (0.00s CPU time), compiled 0 variants (0.00s CPU time), skipped 0 variants.
    Prepared data for serialisation in 0.00s
  Pass FORWARD_DELTA (fp, metal) finished in 0.03 seconds. Local cache hits 30 (0.24s CPU time), remote cache hits 0 (0.00s CPU time), compiled 0 variants (0.00s CPU time), skipped 0 variants.
    Prepared data for serialisation in 0.00s
  Pass ShadowCaster (vp, metal) finished in 0.10 seconds. Local cache hits 6 (0.03s CPU time), remote cache hits 0 (0.00s CPU time), compiled 0 variants (0.00s CPU time), skipped 0 variants.
    Prepared data for serialisation in 0.00s
  Pass ShadowCaster (fp, metal) finished in 0.01 seconds. Local cache hits 6 (0.02s CPU time), remote cache hits 0 (0.00s CPU time), compiled 0 variants (0.00s CPU time), skipped 0 variants.
    Prepared data for serialisation in 0.00s
Serialized binary data for shader Standard in 0.00s
    metal (total internal programs: 258, unique: 89)
Compiling shader "MCOC/VR Visual Environment"
  Pass "" (vp)
    Target graphics API: metal
    Full variant space:         2
    After settings filtering:   2
    After built-in stripping:   3
    After scriptable stripping: 3
    Processed in 0.00 seconds
  Pass "" (fp)
    Target graphics API: metal
    Full variant space:         2
    After settings filtering:   2
    After built-in stripping:   3
    After scriptable stripping: 3
    Processed in 0.00 seconds
  Pass  (vp, metal) finished in 0.01 seconds. Local cache hits 3 (0.03s CPU time), remote cache hits 0 (0.00s CPU time), compiled 0 variants (0.00s CPU time), skipped 0 variants.
    Prepared data for serialisation in 0.00s
  Pass  (fp, metal) finished in 0.01 seconds. Local cache hits 3 (0.03s CPU time), remote cache hits 0 (0.00s CPU time), compiled 0 variants (0.00s CPU time), skipped 0 variants.
    Prepared data for serialisation in 0.00s
Serialized binary data for shader MCOC/VR Visual Environment in 0.00s
    metal (total internal programs: 6, unique: 2)
Compiling shader "MCOC/VR Menu Overlay"
  Pass "" (vp)
    Target graphics API: metal
    Full variant space:         2
    After settings filtering:   2
    After built-in stripping:   3
    After scriptable stripping: 3
    Processed in 0.00 seconds
  Pass "" (fp)
    Target graphics API: metal
    Full variant space:         2
    After settings filtering:   2
    After built-in stripping:   3
    After scriptable stripping: 3
    Processed in 0.00 seconds
  Pass  (vp, metal) finished in 0.01 seconds. Local cache hits 3 (0.03s CPU time), remote cache hits 0 (0.00s CPU time), compiled 0 variants (0.00s CPU time), skipped 0 variants.
    Prepared data for serialisation in 0.00s
  Pass  (fp, metal) finished in 0.01 seconds. Local cache hits 3 (0.03s CPU time), remote cache hits 0 (0.00s CPU time), compiled 0 variants (0.00s CPU time), skipped 0 variants.
    Prepared data for serialisation in 0.00s
Serialized binary data for shader MCOC/VR Menu Overlay in 0.00s
    metal (total internal programs: 6, unique: 2)
Request Asset Garbage Collect because used heap size increased from 278.0 MB to 0.62 GB, exceeding the threshold of 256.0 MB.
Unloading 24 Unused Serialized files (Serialized files now loaded: 0)
Unloading 41 unused Assets / (0.8 MB). Loaded Objects now: 2614.
Memory consumption went from 0.62 GB to 0.62 GB.
Total: 25.123900 ms (FindLiveObjects: 0.216800 ms CreateObjectMapping: 0.237900 ms MarkObjects: 7.319100 ms  DeleteObjects: 17.150600 ms)

Compiling shader "Skybox/Procedural"
  Pass "" (vp)
    Target graphics API: metal
    Full variant space:         3
    After settings filtering:   3
    After built-in stripping:   9
    After scriptable stripping: 9
    Processed in 0.00 seconds
  Pass "" (fp)
    Target graphics API: metal
    Full variant space:         3
    After settings filtering:   3
    After built-in stripping:   9
    After scriptable stripping: 9
    Processed in 0.00 seconds
  Pass  (vp, metal) finished in 0.01 seconds. Local cache hits 9 (0.10s CPU time), remote cache hits 0 (0.00s CPU time), compiled 0 variants (0.00s CPU time), skipped 0 variants.
    Prepared data for serialisation in 0.00s
  Pass  (fp, metal) finished in 0.02 seconds. Local cache hits 9 (0.09s CPU time), remote cache hits 0 (0.00s CPU time), compiled 0 variants (0.00s CPU time), skipped 0 variants.
    Prepared data for serialisation in 0.00s
Serialized binary data for shader Skybox/Procedural in 0.00s
    metal (total internal programs: 18, unique: 6)
Compiling shader "Legacy Shaders/VertexLit"
  Pass "" (vp)
    Target graphics API: metal
    Full variant space:         12
    After settings filtering:   12
    After built-in stripping:   9
    After scriptable stripping: 9
    Processed in 0.00 seconds
  Pass "" (fp)
    Target graphics API: metal
    Full variant space:         12
    After settings filtering:   12
    After built-in stripping:   9
    After scriptable stripping: 9
    Processed in 0.00 seconds
  Pass "" (vp)
    Target graphics API: metal
    Full variant space:         4
    After settings filtering:   4
    After built-in stripping:   3
    After scriptable stripping: 3
    Processed in 0.00 seconds
  Pass "" (fp)
    Target graphics API: metal
    Full variant space:         4
    After settings filtering:   4
    After built-in stripping:   3
    After scriptable stripping: 3
    Processed in 0.00 seconds
  Pass "ShadowCaster" (vp)
    Target graphics API: metal
    Full variant space:         4
    After settings filtering:   4
    After built-in stripping:   6
    After scriptable stripping: 6
    Processed in 0.00 seconds
  Pass "ShadowCaster" (fp)
    Target graphics API: metal
    Full variant space:         4
    After settings filtering:   4
    After built-in stripping:   6
    After scriptable stripping: 6
    Processed in 0.00 seconds
  Pass  (vp, metal) finished in 0.02 seconds. Local cache hits 9 (0.11s CPU time), remote cache hits 0 (0.00s CPU time), compiled 0 variants (0.00s CPU time), skipped 0 variants.
    Prepared data for serialisation in 0.00s
  Pass  (fp, metal) finished in 0.03 seconds. Local cache hits 9 (0.10s CPU time), remote cache hits 0 (0.00s CPU time), compiled 0 variants (0.00s CPU time), skipped 0 variants.
    Prepared data for serialisation in 0.00s
  Pass  (vp, metal) finished in 0.02 seconds. Local cache hits 3 (0.03s CPU time), remote cache hits 0 (0.00s CPU time), compiled 0 variants (0.00s CPU time), skipped 0 variants.
    Prepared data for serialisation in 0.00s
  Pass  (fp, metal) finished in 0.01 seconds. Local cache hits 3 (0.03s CPU time), remote cache hits 0 (0.00s CPU time), compiled 0 variants (0.00s CPU time), skipped 0 variants.
    Prepared data for serialisation in 0.00s
  Pass ShadowCaster (vp, metal) finished in 0.02 seconds. Local cache hits 6 (0.02s CPU time), remote cache hits 0 (0.00s CPU time), compiled 0 variants (0.00s CPU time), skipped 0 variants.
    Prepared data for serialisation in 0.00s
  Pass ShadowCaster (fp, metal) finished in 0.01 seconds. Local cache hits 6 (0.06s CPU time), remote cache hits 0 (0.00s CPU time), compiled 0 variants (0.00s CPU time), skipped 0 variants.
    Prepared data for serialisation in 0.00s
Serialized binary data for shader Legacy Shaders/VertexLit in 0.00s
    metal (total internal programs: 36, unique: 12)
Compiling shader "Legacy Shaders/Diffuse"
  Pass "FORWARD" (vp)
    Target graphics API: metal
    Full variant space:         664
    After settings filtering:   664
    After built-in stripping:   24
    After scriptable stripping: 24
    Processed in 0.00 seconds
  Pass "FORWARD" (fp)
    Target graphics API: metal
    Full variant space:         504
    After settings filtering:   504
    After built-in stripping:   12
    After scriptable stripping: 12
    Processed in 0.00 seconds
  Pass "FORWARD" (vp)
    Target graphics API: metal
    Full variant space:         20
    After settings filtering:   20
    After built-in stripping:   15
    After scriptable stripping: 15
    Processed in 0.00 seconds
  Pass "FORWARD" (fp)
    Target graphics API: metal
    Full variant space:         20
    After settings filtering:   20
    After built-in stripping:   15
    After scriptable stripping: 15
    Processed in 0.00 seconds
  Pass "DEFERRED" (vp)
    Target graphics API: metal
    Full variant space:         76
    After settings filtering:   76
    After built-in stripping:   12
    After scriptable stripping: 12
    Processed in 0.00 seconds
  Pass "DEFERRED" (fp)
    Target graphics API: metal
    Full variant space:         76
    After settings filtering:   76
    After built-in stripping:   12
    After scriptable stripping: 12
    Processed in 0.00 seconds
  Pass FORWARD (vp, metal) finished in 0.02 seconds. Local cache hits 24 (0.19s CPU time), remote cache hits 0 (0.00s CPU time), compiled 0 variants (0.00s CPU time), skipped 0 variants.
    Prepared data for serialisation in 0.00s
  Pass FORWARD (fp, metal) finished in 0.04 seconds. Local cache hits 12 (0.13s CPU time), remote cache hits 0 (0.00s CPU time), compiled 0 variants (0.00s CPU time), skipped 0 variants.
    Prepared data for serialisation in 0.00s
  Pass FORWARD (vp, metal) finished in 0.04 seconds. Local cache hits 15 (0.14s CPU time), remote cache hits 0 (0.00s CPU time), compiled 0 variants (0.00s CPU time), skipped 0 variants.
    Prepared data for serialisation in 0.00s
  Pass FORWARD (fp, metal) finished in 0.03 seconds. Local cache hits 15 (0.14s CPU time), remote cache hits 0 (0.00s CPU time), compiled 0 variants (0.00s CPU time), skipped 0 variants.
    Prepared data for serialisation in 0.00s
  Pass DEFERRED (vp, metal) finished in 0.05 seconds. Local cache hits 12 (0.15s CPU time), remote cache hits 0 (0.00s CPU time), compiled 0 variants (0.00s CPU time), skipped 0 variants.
    Prepared data for serialisation in 0.00s
  Pass DEFERRED (fp, metal) finished in 0.02 seconds. Local cache hits 12 (0.15s CPU time), remote cache hits 0 (0.00s CPU time), compiled 0 variants (0.00s CPU time), skipped 0 variants.
    Prepared data for serialisation in 0.00s
Serialized binary data for shader Legacy Shaders/Diffuse in 0.00s
    metal (total internal programs: 90, unique: 29)
Compiling shader "Hidden/Internal-StencilWrite"
  Pass "" (vp)
    Target graphics API: metal
    Full variant space:         1
    After settings filtering:   1
    After built-in stripping:   3
    After scriptable stripping: 3
    Processed in 0.00 seconds
  Pass "" (fp)
    Target graphics API: metal
    Full variant space:         1
    After settings filtering:   1
    After built-in stripping:   3
    After scriptable stripping: 3
    Processed in 0.00 seconds
  Pass  (vp, metal) finished in 0.01 seconds. Local cache hits 3 (0.03s CPU time), remote cache hits 0 (0.00s CPU time), compiled 0 variants (0.00s CPU time), skipped 0 variants.
    Prepared data for serialisation in 0.00s
  Pass  (fp, metal) finished in 0.01 seconds. Local cache hits 3 (0.03s CPU time), remote cache hits 0 (0.00s CPU time), compiled 0 variants (0.00s CPU time), skipped 0 variants.
    Prepared data for serialisation in 0.00s
Serialized binary data for shader Hidden/Internal-StencilWrite in 0.00s
    metal (total internal programs: 6, unique: 2)
Compiling shader "Hidden/Internal-DepthNormalsTexture"
  Pass "" (vp)
    Target graphics API: metal
    Full variant space:         1
    After settings filtering:   1
    After built-in stripping:   3
    After scriptable stripping: 3
    Processed in 0.00 seconds
  Pass "" (fp)
    Target graphics API: metal
    Full variant space:         1
    After settings filtering:   1
    After built-in stripping:   3
    After scriptable stripping: 3
    Processed in 0.00 seconds
  Pass "" (vp)
    Target graphics API: metal
    Full variant space:         1
    After settings filtering:   1
    After built-in stripping:   3
    After scriptable stripping: 3
    Processed in 0.00 seconds
  Pass "" (fp)
    Target graphics API: metal
    Full variant space:         1
    After settings filtering:   1
    After built-in stripping:   3
    After scriptable stripping: 3
    Processed in 0.00 seconds
  Pass "" (vp)
    Target graphics API: metal
    Full variant space:         1
    After settings filtering:   1
    After built-in stripping:   3
    After scriptable stripping: 3
    Processed in 0.00 seconds
  Pass "" (fp)
    Target graphics API: metal
    Full variant space:         1
    After settings filtering:   1
    After built-in stripping:   3
    After scriptable stripping: 3
    Processed in 0.00 seconds
  Pass "" (vp)
    Target graphics API: metal
    Full variant space:         1
    After settings filtering:   1
    After built-in stripping:   3
    After scriptable stripping: 3
    Processed in 0.00 seconds
  Pass "" (fp)
    Target graphics API: metal
    Full variant space:         1
    After settings filtering:   1
    After built-in stripping:   3
    After scriptable stripping: 3
    Processed in 0.00 seconds
  Pass "" (vp)
    Target graphics API: metal
    Full variant space:         1
    After settings filtering:   1
    After built-in stripping:   3
    After scriptable stripping: 3
    Processed in 0.00 seconds
  Pass "" (fp)
    Target graphics API: metal
    Full variant space:         1
    After settings filtering:   1
    After built-in stripping:   3
    After scriptable stripping: 3
    Processed in 0.00 seconds
  Pass "" (vp)
    Target graphics API: metal
    Full variant space:         1
    After settings filtering:   1
    After built-in stripping:   3
    After scriptable stripping: 3
    Processed in 0.00 seconds
  Pass "" (fp)
    Target graphics API: metal
    Full variant space:         1
    After settings filtering:   1
    After built-in stripping:   3
    After scriptable stripping: 3
    Processed in 0.00 seconds
  Pass "" (vp)
    Target graphics API: metal
    Full variant space:         1
    After settings filtering:   1
    After built-in stripping:   3
    After scriptable stripping: 3
    Processed in 0.00 seconds
  Pass "" (fp)
    Target graphics API: metal
    Full variant space:         1
    After settings filtering:   1
    After built-in stripping:   3
    After scriptable stripping: 3
    Processed in 0.00 seconds
  Pass "" (vp)
    Target graphics API: metal
    Full variant space:         1
    After settings filtering:   1
    After built-in stripping:   3
    After scriptable stripping: 3
    Processed in 0.00 seconds
  Pass "" (fp)
    Target graphics API: metal
    Full variant space:         1
    After settings filtering:   1
    After built-in stripping:   3
    After scriptable stripping: 3
    Processed in 0.00 seconds
  Pass "" (vp)
    Target graphics API: metal
    Full variant space:         1
    After settings filtering:   1
    After built-in stripping:   3
    After scriptable stripping: 3
    Processed in 0.00 seconds
  Pass "" (fp)
    Target graphics API: metal
    Full variant space:         1
    After settings filtering:   1
    After built-in stripping:   3
    After scriptable stripping: 3
    Processed in 0.00 seconds
  Pass "" (vp)
    Target graphics API: metal
    Full variant space:         1
    After settings filtering:   1
    After built-in stripping:   3
    After scriptable stripping: 3
    Processed in 0.00 seconds
  Pass "" (fp)
    Target graphics API: metal
    Full variant space:         1
    After settings filtering:   1
    After built-in stripping:   3
    After scriptable stripping: 3
    Processed in 0.00 seconds
  Pass  (vp, metal) finished in 0.01 seconds. Local cache hits 3 (0.03s CPU time), remote cache hits 0 (0.00s CPU time), compiled 0 variants (0.00s CPU time), skipped 0 variants.
    Prepared data for serialisation in 0.00s
  Pass  (fp, metal) finished in 0.02 seconds. Local cache hits 3 (0.03s CPU time), remote cache hits 0 (0.00s CPU time), compiled 0 variants (0.00s CPU time), skipped 0 variants.
    Prepared data for serialisation in 0.00s
  Pass  (vp, metal) finished in 0.02 seconds. Local cache hits 3 (0.04s CPU time), remote cache hits 0 (0.00s CPU time), compiled 0 variants (0.00s CPU time), skipped 0 variants.
    Prepared data for serialisation in 0.00s
  Pass  (fp, metal) finished in 0.02 seconds. Local cache hits 3 (0.03s CPU time), remote cache hits 0 (0.00s CPU time), compiled 0 variants (0.00s CPU time), skipped 0 variants.
    Prepared data for serialisation in 0.00s
  Pass  (vp, metal) finished in 0.02 seconds. Local cache hits 3 (0.03s CPU time), remote cache hits 0 (0.00s CPU time), compiled 0 variants (0.00s CPU time), skipped 0 variants.
    Prepared data for serialisation in 0.00s
  Pass  (fp, metal) finished in 0.02 seconds. Local cache hits 3 (0.03s CPU time), remote cache hits 0 (0.00s CPU time), compiled 0 variants (0.00s CPU time), skipped 0 variants.
    Prepared data for serialisation in 0.00s
  Pass  (vp, metal) finished in 0.02 seconds. Local cache hits 3 (0.03s CPU time), remote cache hits 0 (0.00s CPU time), compiled 0 variants (0.00s CPU time), skipped 0 variants.
    Prepared data for serialisation in 0.00s
  Pass  (fp, metal) finished in 0.01 seconds. Local cache hits 3 (0.03s CPU time), remote cache hits 0 (0.00s CPU time), compiled 0 variants (0.00s CPU time), skipped 0 variants.
    Prepared data for serialisation in 0.00s
  Pass  (vp, metal) finished in 0.01 seconds. Local cache hits 3 (0.01s CPU time), remote cache hits 0 (0.00s CPU time), compiled 0 variants (0.00s CPU time), skipped 0 variants.
    Prepared data for serialisation in 0.00s
  Pass  (fp, metal) finished in 0.01 seconds. Local cache hits 3 (0.01s CPU time), remote cache hits 0 (0.00s CPU time), compiled 0 variants (0.00s CPU time), skipped 0 variants.
    Prepared data for serialisation in 0.00s
  Pass  (vp, metal) finished in 0.01 seconds. Local cache hits 3 (0.03s CPU time), remote cache hits 0 (0.00s CPU time), compiled 0 variants (0.00s CPU time), skipped 0 variants.
    Prepared data for serialisation in 0.00s
  Pass  (fp, metal) finished in 0.02 seconds. Local cache hits 3 (0.01s CPU time), remote cache hits 0 (0.00s CPU time), compiled 0 variants (0.00s CPU time), skipped 0 variants.
    Prepared data for serialisation in 0.00s
  Pass  (vp, metal) finished in 0.02 seconds. Local cache hits 3 (0.03s CPU time), remote cache hits 0 (0.00s CPU time), compiled 0 variants (0.00s CPU time), skipped 0 variants.
    Prepared data for serialisation in 0.00s
  Pass  (fp, metal) finished in 0.02 seconds. Local cache hits 3 (0.01s CPU time), remote cache hits 0 (0.00s CPU time), compiled 0 variants (0.00s CPU time), skipped 0 variants.
    Prepared data for serialisation in 0.00s
  Pass  (vp, metal) finished in 0.01 seconds. Local cache hits 3 (0.03s CPU time), remote cache hits 0 (0.00s CPU time), compiled 0 variants (0.00s CPU time), skipped 0 variants.
    Prepared data for serialisation in 0.00s
  Pass  (fp, metal) finished in 0.02 seconds. Local cache hits 3 (0.04s CPU time), remote cache hits 0 (0.00s CPU time), compiled 0 variants (0.00s CPU time), skipped 0 variants.
    Prepared data for serialisation in 0.00s
  Pass  (vp, metal) finished in 0.01 seconds. Local cache hits 3 (0.03s CPU time), remote cache hits 0 (0.00s CPU time), compiled 0 variants (0.00s CPU time), skipped 0 variants.
    Prepared data for serialisation in 0.00s
  Pass  (fp, metal) finished in 0.02 seconds. Local cache hits 3 (0.03s CPU time), remote cache hits 0 (0.00s CPU time), compiled 0 variants (0.00s CPU time), skipped 0 variants.
    Prepared data for serialisation in 0.00s
  Pass  (vp, metal) finished in 0.01 seconds. Local cache hits 3 (0.03s CPU time), remote cache hits 0 (0.00s CPU time), compiled 0 variants (0.00s CPU time), skipped 0 variants.
    Prepared data for serialisation in 0.00s
  Pass  (fp, metal) finished in 0.02 seconds. Local cache hits 3 (0.01s CPU time), remote cache hits 0 (0.00s CPU time), compiled 0 variants (0.00s CPU time), skipped 0 variants.
    Prepared data for serialisation in 0.00s
Serialized binary data for shader Hidden/Internal-DepthNormalsTexture in 0.00s
    metal (total internal programs: 60, unique: 16)
Compiling shader "Hidden/Internal-ScreenSpaceShadows"
  Pass "" (vp)
    Target graphics API: metal
    Full variant space:         4
    After settings filtering:   4
    After built-in stripping:   12
    After scriptable stripping: 12
    Processed in 0.00 seconds
  Pass "" (fp)
    Target graphics API: metal
    Full variant space:         4
    After settings filtering:   4
    After built-in stripping:   12
    After scriptable stripping: 12
    Processed in 0.00 seconds
  Pass "" (vp)
    Target graphics API: metal
    Full variant space:         4
    After settings filtering:   4
    After built-in stripping:   12
    After scriptable stripping: 12
    Processed in 0.00 seconds
  Pass "" (fp)
    Target graphics API: metal
    Full variant space:         4
    After settings filtering:   4
    After built-in stripping:   12
    After scriptable stripping: 12
    Processed in 0.00 seconds
  Pass "" (vp)
    Target graphics API: metal
    Full variant space:         4
    After settings filtering:   4
    After built-in stripping:   12
    After scriptable stripping: 12
    Processed in 0.00 seconds
  Pass "" (fp)
    Target graphics API: metal
    Full variant space:         4
    After settings filtering:   4
    After built-in stripping:   12
    After scriptable stripping: 12
    Processed in 0.00 seconds
  Pass "" (vp)
    Target graphics API: metal
    Full variant space:         4
    After settings filtering:   4
    After built-in stripping:   12
    After scriptable stripping: 12
    Processed in 0.00 seconds
  Pass "" (fp)
    Target graphics API: metal
    Full variant space:         4
    After settings filtering:   4
    After built-in stripping:   12
    After scriptable stripping: 12
    Processed in 0.00 seconds
  Pass  (vp, metal) finished in 0.01 seconds. Local cache hits 12 (0.12s CPU time), remote cache hits 0 (0.00s CPU time), compiled 0 variants (0.00s CPU time), skipped 0 variants.
    Prepared data for serialisation in 0.00s
  Pass  (fp, metal) finished in 0.03 seconds. Local cache hits 12 (0.14s CPU time), remote cache hits 0 (0.00s CPU time), compiled 0 variants (0.00s CPU time), skipped 0 variants.
    Prepared data for serialisation in 0.00s
  Pass  (vp, metal) finished in 0.03 seconds. Local cache hits 12 (0.03s CPU time), remote cache hits 0 (0.00s CPU time), compiled 0 variants (0.00s CPU time), skipped 0 variants.
    Prepared data for serialisation in 0.00s
  Pass  (fp, metal) finished in 0.03 seconds. Local cache hits 12 (0.14s CPU time), remote cache hits 0 (0.00s CPU time), compiled 0 variants (0.00s CPU time), skipped 0 variants.
    Prepared data for serialisation in 0.00s
  Pass  (vp, metal) finished in 0.04 seconds. Local cache hits 12 (0.03s CPU time), remote cache hits 0 (0.00s CPU time), compiled 0 variants (0.00s CPU time), skipped 0 variants.
    Prepared data for serialisation in 0.00s
  Pass  (fp, metal) finished in 0.02 seconds. Local cache hits 12 (0.13s CPU time), remote cache hits 0 (0.00s CPU time), compiled 0 variants (0.00s CPU time), skipped 0 variants.
    Prepared data for serialisation in 0.00s
  Pass  (vp, metal) finished in 0.04 seconds. Local cache hits 12 (0.03s CPU time), remote cache hits 0 (0.00s CPU time), compiled 0 variants (0.00s CPU time), skipped 0 variants.
    Prepared data for serialisation in 0.00s
  Pass  (fp, metal) finished in 0.02 seconds. Local cache hits 12 (0.12s CPU time), remote cache hits 0 (0.00s CPU time), compiled 0 variants (0.00s CPU time), skipped 0 variants.
    Prepared data for serialisation in 0.00s
Serialized binary data for shader Hidden/Internal-ScreenSpaceShadows in 0.00s
    metal (total internal programs: 96, unique: 20)
Compiling shader "Hidden/Internal-CombineDepthNormals"
  Pass "" (vp)
    Target graphics API: metal
    Full variant space:         1
    After settings filtering:   1
    After built-in stripping:   3
    After scriptable stripping: 3
    Processed in 0.00 seconds
  Pass "" (fp)
    Target graphics API: metal
    Full variant space:         1
    After settings filtering:   1
    After built-in stripping:   3
    After scriptable stripping: 3
    Processed in 0.00 seconds
  Pass  (vp, metal) finished in 0.01 seconds. Local cache hits 3 (0.03s CPU time), remote cache hits 0 (0.00s CPU time), compiled 0 variants (0.00s CPU time), skipped 0 variants.
    Prepared data for serialisation in 0.00s
  Pass  (fp, metal) finished in 0.01 seconds. Local cache hits 3 (0.03s CPU time), remote cache hits 0 (0.00s CPU time), compiled 0 variants (0.00s CPU time), skipped 0 variants.
    Prepared data for serialisation in 0.00s
Serialized binary data for shader Hidden/Internal-CombineDepthNormals in 0.00s
    metal (total internal programs: 6, unique: 2)
Compiling shader "Hidden/BlitCopy"
  Pass "" (vp)
    Target graphics API: metal
    Full variant space:         1
    After settings filtering:   1
    After built-in stripping:   3
    After scriptable stripping: 3
    Processed in 0.00 seconds
  Pass "" (fp)
    Target graphics API: metal
    Full variant space:         1
    After settings filtering:   1
    After built-in stripping:   3
    After scriptable stripping: 3
    Processed in 0.00 seconds
  Pass  (vp, metal) finished in 0.00 seconds. Local cache hits 3 (0.01s CPU time), remote cache hits 0 (0.00s CPU time), compiled 0 variants (0.00s CPU time), skipped 0 variants.
    Prepared data for serialisation in 0.00s
  Pass  (fp, metal) finished in 0.01 seconds. Local cache hits 3 (0.02s CPU time), remote cache hits 0 (0.00s CPU time), compiled 0 variants (0.00s CPU time), skipped 0 variants.
    Prepared data for serialisation in 0.00s
Serialized binary data for shader Hidden/BlitCopy in 0.00s
    metal (total internal programs: 6, unique: 2)
Compiling shader "Hidden/BlitCopyDepth"
  Pass "" (vp)
    Target graphics API: metal
    Full variant space:         1
    After settings filtering:   1
    After built-in stripping:   3
    After scriptable stripping: 3
    Processed in 0.00 seconds
  Pass "" (fp)
    Target graphics API: metal
    Full variant space:         1
    After settings filtering:   1
    After built-in stripping:   3
    After scriptable stripping: 3
    Processed in 0.00 seconds
  Pass  (vp, metal) finished in 0.00 seconds. Local cache hits 3 (0.01s CPU time), remote cache hits 0 (0.00s CPU time), compiled 0 variants (0.00s CPU time), skipped 0 variants.
    Prepared data for serialisation in 0.00s
  Pass  (fp, metal) finished in 0.01 seconds. Local cache hits 3 (0.03s CPU time), remote cache hits 0 (0.00s CPU time), compiled 0 variants (0.00s CPU time), skipped 0 variants.
    Prepared data for serialisation in 0.00s
Serialized binary data for shader Hidden/BlitCopyDepth in 0.00s
    metal (total internal programs: 6, unique: 2)
Compiling shader "Hidden/ConvertTexture"
  Pass "" (vp)
    Target graphics API: metal
    Full variant space:         1
    After settings filtering:   1
    After built-in stripping:   3
    After scriptable stripping: 3
    Processed in 0.00 seconds
  Pass "" (fp)
    Target graphics API: metal
    Full variant space:         1
    After settings filtering:   1
    After built-in stripping:   3
    After scriptable stripping: 3
    Processed in 0.00 seconds
  Pass  (vp, metal) finished in 0.01 seconds. Local cache hits 3 (0.02s CPU time), remote cache hits 0 (0.00s CPU time), compiled 0 variants (0.00s CPU time), skipped 0 variants.
    Prepared data for serialisation in 0.00s
  Pass  (fp, metal) finished in 0.01 seconds. Local cache hits 3 (0.02s CPU time), remote cache hits 0 (0.00s CPU time), compiled 0 variants (0.00s CPU time), skipped 0 variants.
    Prepared data for serialisation in 0.00s
Serialized binary data for shader Hidden/ConvertTexture in 0.00s
    metal (total internal programs: 6, unique: 2)
Compiling shader "Hidden/Internal-DeferredShading"
  Pass "" (vp)
    Target graphics API: metal
    Full variant space:         94
    After settings filtering:   94
    After built-in stripping:   78
    After scriptable stripping: 78
    Processed in 0.00 seconds
  Pass "" (fp)
    Target graphics API: metal
    Full variant space:         94
    After settings filtering:   94
    After built-in stripping:   78
    After scriptable stripping: 78
    Processed in 0.01 seconds
  Pass "" (vp)
    Target graphics API: metal
    Full variant space:         1
    After settings filtering:   1
    After built-in stripping:   3
    After scriptable stripping: 3
    Processed in 0.00 seconds
  Pass "" (fp)
    Target graphics API: metal
    Full variant space:         1
    After settings filtering:   1
    After built-in stripping:   3
    After scriptable stripping: 3
    Processed in 0.00 seconds
  Pass  (vp, metal) finished in 0.04 seconds. Local cache hits 78 (0.48s CPU time), remote cache hits 0 (0.00s CPU time), compiled 0 variants (0.00s CPU time), skipped 0 variants.
    Prepared data for serialisation in 0.00s
  Pass  (fp, metal) finished in 0.09 seconds. Local cache hits 78 (0.88s CPU time), remote cache hits 0 (0.00s CPU time), compiled 0 variants (0.00s CPU time), skipped 0 variants.
    Prepared data for serialisation in 0.00s
  Pass  (vp, metal) finished in 0.09 seconds. Local cache hits 3 (0.04s CPU time), remote cache hits 0 (0.00s CPU time), compiled 0 variants (0.00s CPU time), skipped 0 variants.
    Prepared data for serialisation in 0.00s
  Pass  (fp, metal) finished in 0.02 seconds. Local cache hits 3 (0.03s CPU time), remote cache hits 0 (0.00s CPU time), compiled 0 variants (0.00s CPU time), skipped 0 variants.
    Prepared data for serialisation in 0.00s
Serialized binary data for shader Hidden/Internal-DeferredShading in 0.00s
    metal (total internal programs: 162, unique: 80)
Compiling shader "Hidden/Internal-DeferredReflections"
  Pass "" (vp)
    Target graphics API: metal
    Full variant space:         1
    After settings filtering:   1
    After built-in stripping:   3
    After scriptable stripping: 3
    Processed in 0.00 seconds
  Pass "" (fp)
    Target graphics API: metal
    Full variant space:         1
    After settings filtering:   1
    After built-in stripping:   3
    After scriptable stripping: 3
    Processed in 0.00 seconds
  Pass "" (vp)
    Target graphics API: metal
    Full variant space:         2
    After settings filtering:   2
    After built-in stripping:   6
    After scriptable stripping: 6
    Processed in 0.00 seconds
  Pass "" (fp)
    Target graphics API: metal
    Full variant space:         2
    After settings filtering:   2
    After built-in stripping:   6
    After scriptable stripping: 6
    Processed in 0.00 seconds
  Pass  (vp, metal) finished in 0.01 seconds. Local cache hits 3 (0.03s CPU time), remote cache hits 0 (0.00s CPU time), compiled 0 variants (0.00s CPU time), skipped 0 variants.
    Prepared data for serialisation in 0.00s
  Pass  (fp, metal) finished in 0.01 seconds. Local cache hits 3 (0.03s CPU time), remote cache hits 0 (0.00s CPU time), compiled 0 variants (0.00s CPU time), skipped 0 variants.
    Prepared data for serialisation in 0.00s
  Pass  (vp, metal) finished in 0.01 seconds. Local cache hits 6 (0.06s CPU time), remote cache hits 0 (0.00s CPU time), compiled 0 variants (0.00s CPU time), skipped 0 variants.
    Prepared data for serialisation in 0.00s
  Pass  (fp, metal) finished in 0.01 seconds. Local cache hits 6 (0.06s CPU time), remote cache hits 0 (0.00s CPU time), compiled 0 variants (0.00s CPU time), skipped 0 variants.
    Prepared data for serialisation in 0.00s
Serialized binary data for shader Hidden/Internal-DeferredReflections in 0.00s
    metal (total internal programs: 18, unique: 7)
Compiling shader "Hidden/Internal-MotionVectors"
  Pass "" (vp)
    Target graphics API: metal
    Full variant space:         1
    After settings filtering:   1
    After built-in stripping:   3
    After scriptable stripping: 3
    Processed in 0.00 seconds
  Pass "" (fp)
    Target graphics API: metal
    Full variant space:         1
    After settings filtering:   1
    After built-in stripping:   3
    After scriptable stripping: 3
    Processed in 0.00 seconds
  Pass "" (vp)
    Target graphics API: metal
    Full variant space:         1
    After settings filtering:   1
    After built-in stripping:   3
    After scriptable stripping: 3
    Processed in 0.00 seconds
  Pass "" (fp)
    Target graphics API: metal
    Full variant space:         1
    After settings filtering:   1
    After built-in stripping:   3
    After scriptable stripping: 3
    Processed in 0.00 seconds
  Pass "" (vp)
    Target graphics API: metal
    Full variant space:         1
    After settings filtering:   1
    After built-in stripping:   3
    After scriptable stripping: 3
    Processed in 0.00 seconds
  Pass "" (fp)
    Target graphics API: metal
    Full variant space:         1
    After settings filtering:   1
    After built-in stripping:   3
    After scriptable stripping: 3
    Processed in 0.00 seconds
  Pass  (vp, metal) finished in 0.01 seconds. Local cache hits 3 (0.03s CPU time), remote cache hits 0 (0.00s CPU time), compiled 0 variants (0.00s CPU time), skipped 0 variants.
    Prepared data for serialisation in 0.00s
  Pass  (fp, metal) finished in 0.01 seconds. Local cache hits 3 (0.03s CPU time), remote cache hits 0 (0.00s CPU time), compiled 0 variants (0.00s CPU time), skipped 0 variants.
    Prepared data for serialisation in 0.00s
  Pass  (vp, metal) finished in 0.01 seconds. Local cache hits 3 (0.03s CPU time), remote cache hits 0 (0.00s CPU time), compiled 0 variants (0.00s CPU time), skipped 0 variants.
    Prepared data for serialisation in 0.00s
  Pass  (fp, metal) finished in 0.01 seconds. Local cache hits 3 (0.02s CPU time), remote cache hits 0 (0.00s CPU time), compiled 0 variants (0.00s CPU time), skipped 0 variants.
    Prepared data for serialisation in 0.00s
  Pass  (vp, metal) finished in 0.00 seconds. Local cache hits 3 (0.01s CPU time), remote cache hits 0 (0.00s CPU time), compiled 0 variants (0.00s CPU time), skipped 0 variants.
    Prepared data for serialisation in 0.00s
  Pass  (fp, metal) finished in 0.01 seconds. Local cache hits 3 (0.03s CPU time), remote cache hits 0 (0.00s CPU time), compiled 0 variants (0.00s CPU time), skipped 0 variants.
    Prepared data for serialisation in 0.00s
Serialized binary data for shader Hidden/Internal-MotionVectors in 0.00s
    metal (total internal programs: 18, unique: 5)
Compiling shader "Hidden/Internal-Flare"
  Pass "" (vp)
    Target graphics API: metal
    Full variant space:         1
    After settings filtering:   1
    After built-in stripping:   3
    After scriptable stripping: 3
    Processed in 0.00 seconds
  Pass "" (fp)
    Target graphics API: metal
    Full variant space:         1
    After settings filtering:   1
    After built-in stripping:   3
    After scriptable stripping: 3
    Processed in 0.00 seconds
  Pass  (vp, metal) finished in 0.01 seconds. Local cache hits 3 (0.03s CPU time), remote cache hits 0 (0.00s CPU time), compiled 0 variants (0.00s CPU time), skipped 0 variants.
    Prepared data for serialisation in 0.00s
  Pass  (fp, metal) finished in 0.01 seconds. Local cache hits 3 (0.02s CPU time), remote cache hits 0 (0.00s CPU time), compiled 0 variants (0.00s CPU time), skipped 0 variants.
    Prepared data for serialisation in 0.00s
Serialized binary data for shader Hidden/Internal-Flare in 0.00s
    metal (total internal programs: 6, unique: 2)
Compiling shader "Hidden/Internal-Halo"
  Pass "" (vp)
    Target graphics API: metal
    Full variant space:         4
    After settings filtering:   4
    After built-in stripping:   3
    After scriptable stripping: 3
    Processed in 0.00 seconds
  Pass "" (fp)
    Target graphics API: metal
    Full variant space:         4
    After settings filtering:   4
    After built-in stripping:   3
    After scriptable stripping: 3
    Processed in 0.00 seconds
  Pass  (vp, metal) finished in 0.01 seconds. Local cache hits 3 (0.03s CPU time), remote cache hits 0 (0.00s CPU time), compiled 0 variants (0.00s CPU time), skipped 0 variants.
    Prepared data for serialisation in 0.00s
  Pass  (fp, metal) finished in 0.01 seconds. Local cache hits 3 (0.03s CPU time), remote cache hits 0 (0.00s CPU time), compiled 0 variants (0.00s CPU time), skipped 0 variants.
    Prepared data for serialisation in 0.00s
Serialized binary data for shader Hidden/Internal-Halo in 0.00s
    metal (total internal programs: 6, unique: 2)
Compiling shader "Hidden/BlitCopyWithDepth"
  Pass "" (vp)
    Target graphics API: metal
    Full variant space:         1
    After settings filtering:   1
    After built-in stripping:   3
    After scriptable stripping: 3
    Processed in 0.00 seconds
  Pass "" (fp)
    Target graphics API: metal
    Full variant space:         1
    After settings filtering:   1
    After built-in stripping:   3
    After scriptable stripping: 3
    Processed in 0.00 seconds
  Pass  (vp, metal) finished in 0.00 seconds. Local cache hits 3 (0.01s CPU time), remote cache hits 0 (0.00s CPU time), compiled 0 variants (0.00s CPU time), skipped 0 variants.
    Prepared data for serialisation in 0.00s
  Pass  (fp, metal) finished in 0.01 seconds. Local cache hits 3 (0.02s CPU time), remote cache hits 0 (0.00s CPU time), compiled 0 variants (0.00s CPU time), skipped 0 variants.
    Prepared data for serialisation in 0.00s
Serialized binary data for shader Hidden/BlitCopyWithDepth in 0.00s
    metal (total internal programs: 6, unique: 2)
Compiling shader "Hidden/BlitToDepth"
  Pass "" (vp)
    Target graphics API: metal
    Full variant space:         1
    After settings filtering:   1
    After built-in stripping:   3
    After scriptable stripping: 3
    Processed in 0.00 seconds
  Pass "" (fp)
    Target graphics API: metal
    Full variant space:         1
    After settings filtering:   1
    After built-in stripping:   3
    After scriptable stripping: 3
    Processed in 0.00 seconds
  Pass  (vp, metal) finished in 0.00 seconds. Local cache hits 3 (0.01s CPU time), remote cache hits 0 (0.00s CPU time), compiled 0 variants (0.00s CPU time), skipped 0 variants.
    Prepared data for serialisation in 0.00s
  Pass  (fp, metal) finished in 0.01 seconds. Local cache hits 3 (0.02s CPU time), remote cache hits 0 (0.00s CPU time), compiled 0 variants (0.00s CPU time), skipped 0 variants.
    Prepared data for serialisation in 0.00s
Serialized binary data for shader Hidden/BlitToDepth in 0.00s
    metal (total internal programs: 6, unique: 2)
Compiling shader "Hidden/BlitToDepth_MSAA"
  Pass "" (vp)
    Target graphics API: metal
    Full variant space:         1
    After settings filtering:   1
    After built-in stripping:   3
    After scriptable stripping: 3
    Processed in 0.00 seconds
  Pass "" (fp)
    Target graphics API: metal
    Full variant space:         1
    After settings filtering:   1
    After built-in stripping:   3
    After scriptable stripping: 3
    Processed in 0.00 seconds
  Pass  (vp, metal) finished in 0.00 seconds. Local cache hits 3 (0.01s CPU time), remote cache hits 0 (0.00s CPU time), compiled 0 variants (0.00s CPU time), skipped 0 variants.
    Prepared data for serialisation in 0.00s
  Pass  (fp, metal) finished in 0.01 seconds. Local cache hits 3 (0.02s CPU time), remote cache hits 0 (0.00s CPU time), compiled 0 variants (0.00s CPU time), skipped 0 variants.
    Prepared data for serialisation in 0.00s
Serialized binary data for shader Hidden/BlitToDepth_MSAA in 0.00s
    metal (total internal programs: 6, unique: 2)
Compiling shader "Hidden/BlitCopyHDRTonemap"
  Pass "" (vp)
    Target graphics API: metal
    Full variant space:         1
    After settings filtering:   1
    After built-in stripping:   3
    After scriptable stripping: 3
    Processed in 0.00 seconds
  Pass "" (fp)
    Target graphics API: metal
    Full variant space:         1
    After settings filtering:   1
    After built-in stripping:   3
    After scriptable stripping: 3
    Processed in 0.00 seconds
  Pass  (vp, metal) finished in 0.00 seconds. Local cache hits 3 (0.01s CPU time), remote cache hits 0 (0.00s CPU time), compiled 0 variants (0.00s CPU time), skipped 0 variants.
    Prepared data for serialisation in 0.00s
  Pass  (fp, metal) finished in 0.01 seconds. Local cache hits 3 (0.02s CPU time), remote cache hits 0 (0.00s CPU time), compiled 0 variants (0.00s CPU time), skipped 0 variants.
    Prepared data for serialisation in 0.00s
Serialized binary data for shader Hidden/BlitCopyHDRTonemap in 0.00s
    metal (total internal programs: 6, unique: 2)
Compiling shader "Hidden/Internal-DebugPattern"
  Pass "Target Color and DepthStencil" (vp)
    Target graphics API: metal
    Full variant space:         1
    After settings filtering:   1
    After built-in stripping:   3
    After scriptable stripping: 3
    Processed in 0.00 seconds
  Pass "Target Color and DepthStencil" (fp)
    Target graphics API: metal
    Full variant space:         1
    After settings filtering:   1
    After built-in stripping:   3
    After scriptable stripping: 3
    Processed in 0.00 seconds
  Pass "Target only Color" (vp)
    Target graphics API: metal
    Full variant space:         1
    After settings filtering:   1
    After built-in stripping:   3
    After scriptable stripping: 3
    Processed in 0.00 seconds
  Pass "Target only Color" (fp)
    Target graphics API: metal
    Full variant space:         1
    After settings filtering:   1
    After built-in stripping:   3
    After scriptable stripping: 3
    Processed in 0.00 seconds
  Pass "Target only DepthStencil" (vp)
    Target graphics API: metal
    Full variant space:         1
    After settings filtering:   1
    After built-in stripping:   3
    After scriptable stripping: 3
    Processed in 0.00 seconds
  Pass "Target only DepthStencil" (fp)
    Target graphics API: metal
    Full variant space:         1
    After settings filtering:   1
    After built-in stripping:   3
    After scriptable stripping: 3
    Processed in 0.00 seconds
  Pass Target Color and DepthStencil (vp, metal) finished in 0.01 seconds. Local cache hits 3 (0.03s CPU time), remote cache hits 0 (0.00s CPU time), compiled 0 variants (0.00s CPU time), skipped 0 variants.
    Prepared data for serialisation in 0.00s
  Pass Target Color and DepthStencil (fp, metal) finished in 0.01 seconds. Local cache hits 3 (0.03s CPU time), remote cache hits 0 (0.00s CPU time), compiled 0 variants (0.00s CPU time), skipped 0 variants.
    Prepared data for serialisation in 0.00s
  Pass Target only Color (vp, metal) finished in 0.01 seconds. Local cache hits 3 (0.03s CPU time), remote cache hits 0 (0.00s CPU time), compiled 0 variants (0.00s CPU time), skipped 0 variants.
    Prepared data for serialisation in 0.00s
  Pass Target only Color (fp, metal) finished in 0.02 seconds. Local cache hits 3 (0.03s CPU time), remote cache hits 0 (0.00s CPU time), compiled 0 variants (0.00s CPU time), skipped 0 variants.
    Prepared data for serialisation in 0.00s
  Pass Target only DepthStencil (vp, metal) finished in 0.01 seconds. Local cache hits 3 (0.01s CPU time), remote cache hits 0 (0.00s CPU time), compiled 0 variants (0.00s CPU time), skipped 0 variants.
    Prepared data for serialisation in 0.00s
  Pass Target only DepthStencil (fp, metal) finished in 0.01 seconds. Local cache hits 3 (0.02s CPU time), remote cache hits 0 (0.00s CPU time), compiled 0 variants (0.00s CPU time), skipped 0 variants.
    Prepared data for serialisation in 0.00s
Serialized binary data for shader Hidden/Internal-DebugPattern in 0.00s
    metal (total internal programs: 18, unique: 4)
Compiling shader "Hidden/Internal-GUITextureClip"
  Pass "" (vp)
    Target graphics API: metal
    Full variant space:         1
    After settings filtering:   1
    After built-in stripping:   3
    After scriptable stripping: 3
    Processed in 0.00 seconds
  Pass "" (fp)
    Target graphics API: metal
    Full variant space:         1
    After settings filtering:   1
    After built-in stripping:   3
    After scriptable stripping: 3
    Processed in 0.00 seconds
  Pass "" (vp)
    Target graphics API: metal
    Full variant space:         1
    After settings filtering:   1
    After built-in stripping:   3
    After scriptable stripping: 3
    Processed in 0.00 seconds
  Pass "" (fp)
    Target graphics API: metal
    Full variant space:         1
    After settings filtering:   1
    After built-in stripping:   3
    After scriptable stripping: 3
    Processed in 0.00 seconds
  Pass  (vp, metal) finished in 0.01 seconds. Local cache hits 3 (0.03s CPU time), remote cache hits 0 (0.00s CPU time), compiled 0 variants (0.00s CPU time), skipped 0 variants.
    Prepared data for serialisation in 0.00s
  Pass  (fp, metal) finished in 0.01 seconds. Local cache hits 3 (0.03s CPU time), remote cache hits 0 (0.00s CPU time), compiled 0 variants (0.00s CPU time), skipped 0 variants.
    Prepared data for serialisation in 0.00s
  Pass  (vp, metal) finished in 0.01 seconds. Local cache hits 3 (0.03s CPU time), remote cache hits 0 (0.00s CPU time), compiled 0 variants (0.00s CPU time), skipped 0 variants.
    Prepared data for serialisation in 0.00s
  Pass  (fp, metal) finished in 0.01 seconds. Local cache hits 3 (0.02s CPU time), remote cache hits 0 (0.00s CPU time), compiled 0 variants (0.00s CPU time), skipped 0 variants.
    Prepared data for serialisation in 0.00s
Serialized binary data for shader Hidden/Internal-GUITextureClip in 0.00s
    metal (total internal programs: 12, unique: 2)
Compiling shader "Hidden/Internal-GUITextureClipText"
  Pass "" (vp)
    Target graphics API: metal
    Full variant space:         1
    After settings filtering:   1
    After built-in stripping:   3
    After scriptable stripping: 3
    Processed in 0.00 seconds
  Pass "" (fp)
    Target graphics API: metal
    Full variant space:         1
    After settings filtering:   1
    After built-in stripping:   3
    After scriptable stripping: 3
    Processed in 0.00 seconds
  Pass "" (vp)
    Target graphics API: metal
    Full variant space:         1
    After settings filtering:   1
    After built-in stripping:   3
    After scriptable stripping: 3
    Processed in 0.00 seconds
  Pass "" (fp)
    Target graphics API: metal
    Full variant space:         1
    After settings filtering:   1
    After built-in stripping:   3
    After scriptable stripping: 3
    Processed in 0.00 seconds
  Pass  (vp, metal) finished in 0.01 seconds. Local cache hits 3 (0.03s CPU time), remote cache hits 0 (0.00s CPU time), compiled 0 variants (0.00s CPU time), skipped 0 variants.
    Prepared data for serialisation in 0.00s
  Pass  (fp, metal) finished in 0.01 seconds. Local cache hits 3 (0.04s CPU time), remote cache hits 0 (0.00s CPU time), compiled 0 variants (0.00s CPU time), skipped 0 variants.
    Prepared data for serialisation in 0.00s
  Pass  (vp, metal) finished in 0.01 seconds. Local cache hits 3 (0.03s CPU time), remote cache hits 0 (0.00s CPU time), compiled 0 variants (0.00s CPU time), skipped 0 variants.
    Prepared data for serialisation in 0.00s
  Pass  (fp, metal) finished in 0.01 seconds. Local cache hits 3 (0.02s CPU time), remote cache hits 0 (0.00s CPU time), compiled 0 variants (0.00s CPU time), skipped 0 variants.
    Prepared data for serialisation in 0.00s
Serialized binary data for shader Hidden/Internal-GUITextureClipText in 0.00s
    metal (total internal programs: 12, unique: 2)
Compiling shader "Hidden/Internal-GUITexture"
  Pass "" (vp)
    Target graphics API: metal
    Full variant space:         1
    After settings filtering:   1
    After built-in stripping:   3
    After scriptable stripping: 3
    Processed in 0.00 seconds
  Pass "" (fp)
    Target graphics API: metal
    Full variant space:         1
    After settings filtering:   1
    After built-in stripping:   3
    After scriptable stripping: 3
    Processed in 0.00 seconds
  Pass "" (vp)
    Target graphics API: metal
    Full variant space:         1
    After settings filtering:   1
    After built-in stripping:   3
    After scriptable stripping: 3
    Processed in 0.00 seconds
  Pass "" (fp)
    Target graphics API: metal
    Full variant space:         1
    After settings filtering:   1
    After built-in stripping:   3
    After scriptable stripping: 3
    Processed in 0.00 seconds
  Pass  (vp, metal) finished in 0.01 seconds. Local cache hits 3 (0.03s CPU time), remote cache hits 0 (0.00s CPU time), compiled 0 variants (0.00s CPU time), skipped 0 variants.
    Prepared data for serialisation in 0.00s
  Pass  (fp, metal) finished in 0.01 seconds. Local cache hits 3 (0.03s CPU time), remote cache hits 0 (0.00s CPU time), compiled 0 variants (0.00s CPU time), skipped 0 variants.
    Prepared data for serialisation in 0.00s
  Pass  (vp, metal) finished in 0.01 seconds. Local cache hits 3 (0.03s CPU time), remote cache hits 0 (0.00s CPU time), compiled 0 variants (0.00s CPU time), skipped 0 variants.
    Prepared data for serialisation in 0.00s
  Pass  (fp, metal) finished in 0.01 seconds. Local cache hits 3 (0.02s CPU time), remote cache hits 0 (0.00s CPU time), compiled 0 variants (0.00s CPU time), skipped 0 variants.
    Prepared data for serialisation in 0.00s
Serialized binary data for shader Hidden/Internal-GUITexture in 0.00s
    metal (total internal programs: 12, unique: 2)
Compiling shader "Hidden/Internal-GUITextureBlit"
  Pass "" (vp)
    Target graphics API: metal
    Full variant space:         1
    After settings filtering:   1
    After built-in stripping:   3
    After scriptable stripping: 3
    Processed in 0.00 seconds
  Pass "" (fp)
    Target graphics API: metal
    Full variant space:         1
    After settings filtering:   1
    After built-in stripping:   3
    After scriptable stripping: 3
    Processed in 0.00 seconds
  Pass "" (vp)
    Target graphics API: metal
    Full variant space:         1
    After settings filtering:   1
    After built-in stripping:   3
    After scriptable stripping: 3
    Processed in 0.00 seconds
  Pass "" (fp)
    Target graphics API: metal
    Full variant space:         1
    After settings filtering:   1
    After built-in stripping:   3
    After scriptable stripping: 3
    Processed in 0.00 seconds
  Pass  (vp, metal) finished in 0.00 seconds. Local cache hits 3 (0.01s CPU time), remote cache hits 0 (0.00s CPU time), compiled 0 variants (0.00s CPU time), skipped 0 variants.
    Prepared data for serialisation in 0.00s
  Pass  (fp, metal) finished in 0.01 seconds. Local cache hits 3 (0.03s CPU time), remote cache hits 0 (0.00s CPU time), compiled 0 variants (0.00s CPU time), skipped 0 variants.
    Prepared data for serialisation in 0.00s
  Pass  (vp, metal) finished in 0.01 seconds. Local cache hits 3 (0.01s CPU time), remote cache hits 0 (0.00s CPU time), compiled 0 variants (0.00s CPU time), skipped 0 variants.
    Prepared data for serialisation in 0.00s
  Pass  (fp, metal) finished in 0.01 seconds. Local cache hits 3 (0.02s CPU time), remote cache hits 0 (0.00s CPU time), compiled 0 variants (0.00s CPU time), skipped 0 variants.
    Prepared data for serialisation in 0.00s
Serialized binary data for shader Hidden/Internal-GUITextureBlit in 0.00s
    metal (total internal programs: 12, unique: 2)
Compiling shader "Hidden/Internal-GUIRoundedRect"
  Pass "" (vp)
    Target graphics API: metal
    Full variant space:         1
    After settings filtering:   1
    After built-in stripping:   3
    After scriptable stripping: 3
    Processed in 0.00 seconds
  Pass "" (fp)
    Target graphics API: metal
    Full variant space:         1
    After settings filtering:   1
    After built-in stripping:   3
    After scriptable stripping: 3
    Processed in 0.00 seconds
  Pass "" (vp)
    Target graphics API: metal
    Full variant space:         1
    After settings filtering:   1
    After built-in stripping:   3
    After scriptable stripping: 3
    Processed in 0.00 seconds
  Pass "" (fp)
    Target graphics API: metal
    Full variant space:         1
    After settings filtering:   1
    After built-in stripping:   3
    After scriptable stripping: 3
    Processed in 0.00 seconds
  Pass  (vp, metal) finished in 0.01 seconds. Local cache hits 3 (0.03s CPU time), remote cache hits 0 (0.00s CPU time), compiled 0 variants (0.00s CPU time), skipped 0 variants.
    Prepared data for serialisation in 0.00s
  Pass  (fp, metal) finished in 0.01 seconds. Local cache hits 3 (0.03s CPU time), remote cache hits 0 (0.00s CPU time), compiled 0 variants (0.00s CPU time), skipped 0 variants.
    Prepared data for serialisation in 0.00s
  Pass  (vp, metal) finished in 0.01 seconds. Local cache hits 3 (0.03s CPU time), remote cache hits 0 (0.00s CPU time), compiled 0 variants (0.00s CPU time), skipped 0 variants.
    Prepared data for serialisation in 0.00s
  Pass  (fp, metal) finished in 0.01 seconds. Local cache hits 3 (0.02s CPU time), remote cache hits 0 (0.00s CPU time), compiled 0 variants (0.00s CPU time), skipped 0 variants.
    Prepared data for serialisation in 0.00s
Serialized binary data for shader Hidden/Internal-GUIRoundedRect in 0.00s
    metal (total internal programs: 12, unique: 2)
Compiling shader "Hidden/Internal-GUIRoundedRectWithColorPerBorder"
  Pass "" (vp)
    Target graphics API: metal
    Full variant space:         1
    After settings filtering:   1
    After built-in stripping:   3
    After scriptable stripping: 3
    Processed in 0.00 seconds
  Pass "" (fp)
    Target graphics API: metal
    Full variant space:         1
    After settings filtering:   1
    After built-in stripping:   3
    After scriptable stripping: 3
    Processed in 0.00 seconds
  Pass "" (vp)
    Target graphics API: metal
    Full variant space:         1
    After settings filtering:   1
    After built-in stripping:   3
    After scriptable stripping: 3
    Processed in 0.00 seconds
  Pass "" (fp)
    Target graphics API: metal
    Full variant space:         1
    After settings filtering:   1
    After built-in stripping:   3
    After scriptable stripping: 3
    Processed in 0.00 seconds
  Pass  (vp, metal) finished in 0.00 seconds. Local cache hits 3 (0.01s CPU time), remote cache hits 0 (0.00s CPU time), compiled 0 variants (0.00s CPU time), skipped 0 variants.
    Prepared data for serialisation in 0.00s
  Pass  (fp, metal) finished in 0.01 seconds. Local cache hits 3 (0.03s CPU time), remote cache hits 0 (0.00s CPU time), compiled 0 variants (0.00s CPU time), skipped 0 variants.
    Prepared data for serialisation in 0.00s
  Pass  (vp, metal) finished in 0.01 seconds. Local cache hits 3 (0.01s CPU time), remote cache hits 0 (0.00s CPU time), compiled 0 variants (0.00s CPU time), skipped 0 variants.
    Prepared data for serialisation in 0.00s
  Pass  (fp, metal) finished in 0.01 seconds. Local cache hits 3 (0.02s CPU time), remote cache hits 0 (0.00s CPU time), compiled 0 variants (0.00s CPU time), skipped 0 variants.
    Prepared data for serialisation in 0.00s
Serialized binary data for shader Hidden/Internal-GUIRoundedRectWithColorPerBorder in 0.00s
    metal (total internal programs: 12, unique: 2)
Compiling shader "Hidden/Internal-UIRDefault"
  Pass "" (vp)
    Target graphics API: metal
    Full variant space:         40
    After settings filtering:   40
    After built-in stripping:   120
    After scriptable stripping: 120
    Processed in 0.00 seconds
  Pass "" (fp)
    Target graphics API: metal
    Full variant space:         40
    After settings filtering:   40
    After built-in stripping:   120
    After scriptable stripping: 120
    Processed in 0.01 seconds
  Pass  (vp, metal) finished in 0.13 seconds. Local cache hits 120 (1.32s CPU time), remote cache hits 0 (0.00s CPU time), compiled 0 variants (0.00s CPU time), skipped 0 variants.
    Prepared data for serialisation in 0.00s
  Pass  (fp, metal) finished in 0.11 seconds. Local cache hits 120 (1.18s CPU time), remote cache hits 0 (0.00s CPU time), compiled 0 variants (0.00s CPU time), skipped 0 variants.
    Prepared data for serialisation in 0.00s
Serialized binary data for shader Hidden/Internal-UIRDefault in 0.00s
    metal (total internal programs: 240, unique: 80)
Compiling shader "Hidden/Internal-UIRAtlasBlitCopy"
  Pass "" (vp)
    Target graphics API: metal
    Full variant space:         1
    After settings filtering:   1
    After built-in stripping:   3
    After scriptable stripping: 3
    Processed in 0.00 seconds
  Pass "" (fp)
    Target graphics API: metal
    Full variant space:         1
    After settings filtering:   1
    After built-in stripping:   3
    After scriptable stripping: 3
    Processed in 0.00 seconds
  Pass  (vp, metal) finished in 0.01 seconds. Local cache hits 3 (0.03s CPU time), remote cache hits 0 (0.00s CPU time), compiled 0 variants (0.00s CPU time), skipped 0 variants.
    Prepared data for serialisation in 0.00s
  Pass  (fp, metal) finished in 0.01 seconds. Local cache hits 3 (0.03s CPU time), remote cache hits 0 (0.00s CPU time), compiled 0 variants (0.00s CPU time), skipped 0 variants.
    Prepared data for serialisation in 0.00s
Serialized binary data for shader Hidden/Internal-UIRAtlasBlitCopy in 0.00s
    metal (total internal programs: 6, unique: 2)
Compiling shader "Sprites/Default"
  Pass "" (vp)
    Target graphics API: metal
    Full variant space:         8
    After settings filtering:   8
    After built-in stripping:   12
    After scriptable stripping: 12
    Processed in 0.00 seconds
  Pass "" (fp)
    Target graphics API: metal
    Full variant space:         8
    After settings filtering:   8
    After built-in stripping:   12
    After scriptable stripping: 12
    Processed in 0.00 seconds
  Pass  (vp, metal) finished in 0.02 seconds. Local cache hits 12 (0.17s CPU time), remote cache hits 0 (0.00s CPU time), compiled 0 variants (0.00s CPU time), skipped 0 variants.
    Prepared data for serialisation in 0.00s
  Pass  (fp, metal) finished in 0.03 seconds. Local cache hits 12 (0.15s CPU time), remote cache hits 0 (0.00s CPU time), compiled 0 variants (0.00s CPU time), skipped 0 variants.
    Prepared data for serialisation in 0.00s
Serialized binary data for shader Sprites/Default in 0.00s
    metal (total internal programs: 24, unique: 8)
Compiling shader "Sprites/Mask"
  Pass "" (vp)
    Target graphics API: metal
    Full variant space:         4
    After settings filtering:   4
    After built-in stripping:   12
    After scriptable stripping: 12
    Processed in 0.00 seconds
  Pass "" (fp)
    Target graphics API: metal
    Full variant space:         4
    After settings filtering:   4
    After built-in stripping:   12
    After scriptable stripping: 12
    Processed in 0.00 seconds
  Pass  (vp, metal) finished in 0.02 seconds. Local cache hits 12 (0.16s CPU time), remote cache hits 0 (0.00s CPU time), compiled 0 variants (0.00s CPU time), skipped 0 variants.
    Prepared data for serialisation in 0.00s
  Pass  (fp, metal) finished in 0.02 seconds. Local cache hits 12 (0.12s CPU time), remote cache hits 0 (0.00s CPU time), compiled 0 variants (0.00s CPU time), skipped 0 variants.
    Prepared data for serialisation in 0.00s
Serialized binary data for shader Sprites/Mask in 0.00s
    metal (total internal programs: 24, unique: 8)
Compiling shader "UI/Default"
  Pass "Default" (vp)
    Target graphics API: metal
    Full variant space:         4
    After settings filtering:   4
    After built-in stripping:   12
    After scriptable stripping: 12
    Processed in 0.00 seconds
  Pass "Default" (fp)
    Target graphics API: metal
    Full variant space:         4
    After settings filtering:   4
    After built-in stripping:   12
    After scriptable stripping: 12
    Processed in 0.01 seconds
  Pass "XRMotionVectors" (vp)
    Target graphics API: metal
    Full variant space:         4
    After settings filtering:   4
    After built-in stripping:   12
    After scriptable stripping: 12
    Processed in 0.00 seconds
  Pass "XRMotionVectors" (fp)
    Target graphics API: metal
    Full variant space:         4
    After settings filtering:   4
    After built-in stripping:   12
    After scriptable stripping: 12
    Processed in 0.00 seconds
  Pass Default (vp, metal) finished in 0.02 seconds. Local cache hits 12 (0.12s CPU time), remote cache hits 0 (0.00s CPU time), compiled 0 variants (0.00s CPU time), skipped 0 variants.
    Prepared data for serialisation in 0.00s
  Pass Default (fp, metal) finished in 0.02 seconds. Local cache hits 12 (0.14s CPU time), remote cache hits 0 (0.00s CPU time), compiled 0 variants (0.00s CPU time), skipped 0 variants.
    Prepared data for serialisation in 0.00s
  Pass XRMotionVectors (vp, metal) finished in 0.03 seconds. Local cache hits 12 (0.14s CPU time), remote cache hits 0 (0.00s CPU time), compiled 0 variants (0.00s CPU time), skipped 0 variants.
    Prepared data for serialisation in 0.00s
  Pass XRMotionVectors (fp, metal) finished in 0.03 seconds. Local cache hits 12 (0.15s CPU time), remote cache hits 0 (0.00s CPU time), compiled 0 variants (0.00s CPU time), skipped 0 variants.
    Prepared data for serialisation in 0.00s
Serialized binary data for shader UI/Default in 0.00s
    metal (total internal programs: 48, unique: 16)
Compiling shader "UI/DefaultETC1"
  Pass "Default" (vp)
    Target graphics API: metal
    Full variant space:         4
    After settings filtering:   4
    After built-in stripping:   12
    After scriptable stripping: 12
    Processed in 0.00 seconds
  Pass "Default" (fp)
    Target graphics API: metal
    Full variant space:         4
    After settings filtering:   4
    After built-in stripping:   12
    After scriptable stripping: 12
    Processed in 0.00 seconds
  Pass "XRMotionVectors" (vp)
    Target graphics API: metal
    Full variant space:         4
    After settings filtering:   4
    After built-in stripping:   12
    After scriptable stripping: 12
    Processed in 0.00 seconds
  Pass "XRMotionVectors" (fp)
    Target graphics API: metal
    Full variant space:         4
    After settings filtering:   4
    After built-in stripping:   12
    After scriptable stripping: 12
    Processed in 0.00 seconds
  Pass Default (vp, metal) finished in 0.01 seconds. Local cache hits 12 (0.04s CPU time), remote cache hits 0 (0.00s CPU time), compiled 0 variants (0.00s CPU time), skipped 0 variants.
    Prepared data for serialisation in 0.00s
  Pass Default (fp, metal) finished in 0.03 seconds. Local cache hits 12 (0.18s CPU time), remote cache hits 0 (0.00s CPU time), compiled 0 variants (0.00s CPU time), skipped 0 variants.
    Prepared data for serialisation in 0.00s
  Pass XRMotionVectors (vp, metal) finished in 0.04 seconds. Local cache hits 12 (0.13s CPU time), remote cache hits 0 (0.00s CPU time), compiled 0 variants (0.00s CPU time), skipped 0 variants.
    Prepared data for serialisation in 0.00s
  Pass XRMotionVectors (fp, metal) finished in 0.03 seconds. Local cache hits 12 (0.17s CPU time), remote cache hits 0 (0.00s CPU time), compiled 0 variants (0.00s CPU time), skipped 0 variants.
    Prepared data for serialisation in 0.00s
Serialized binary data for shader UI/DefaultETC1 in 0.00s
    metal (total internal programs: 48, unique: 16)
Compiling shader "Hidden/CubeBlur"
  Pass "" (vp)
    Target graphics API: metal
    Full variant space:         1
    After settings filtering:   1
    After built-in stripping:   3
    After scriptable stripping: 3
    Processed in 0.00 seconds
  Pass "" (fp)
    Target graphics API: metal
    Full variant space:         1
    After settings filtering:   1
    After built-in stripping:   3
    After scriptable stripping: 3
    Processed in 0.00 seconds
  Pass "" (vp)
    Target graphics API: metal
    Full variant space:         1
    After settings filtering:   1
    After built-in stripping:   3
    After scriptable stripping: 3
    Processed in 0.00 seconds
  Pass "" (fp)
    Target graphics API: metal
    Full variant space:         1
    After settings filtering:   1
    After built-in stripping:   3
    After scriptable stripping: 3
    Processed in 0.00 seconds
  Pass  (vp, metal) finished in 0.02 seconds. Local cache hits 3 (0.04s CPU time), remote cache hits 0 (0.00s CPU time), compiled 0 variants (0.00s CPU time), skipped 0 variants.
    Prepared data for serialisation in 0.00s
  Pass  (fp, metal) finished in 0.02 seconds. Local cache hits 3 (0.03s CPU time), remote cache hits 0 (0.00s CPU time), compiled 0 variants (0.00s CPU time), skipped 0 variants.
    Prepared data for serialisation in 0.00s
  Pass  (vp, metal) finished in 0.02 seconds. Local cache hits 3 (0.04s CPU time), remote cache hits 0 (0.00s CPU time), compiled 0 variants (0.00s CPU time), skipped 0 variants.
    Prepared data for serialisation in 0.00s
  Pass  (fp, metal) finished in 0.02 seconds. Local cache hits 3 (0.05s CPU time), remote cache hits 0 (0.00s CPU time), compiled 0 variants (0.00s CPU time), skipped 0 variants.
    Prepared data for serialisation in 0.00s
Serialized binary data for shader Hidden/CubeBlur in 0.00s
    metal (total internal programs: 12, unique: 3)
Compiling shader "Hidden/CubeCopy"
  Pass "" (vp)
    Target graphics API: metal
    Full variant space:         1
    After settings filtering:   1
    After built-in stripping:   3
    After scriptable stripping: 3
    Processed in 0.00 seconds
  Pass "" (fp)
    Target graphics API: metal
    Full variant space:         1
    After settings filtering:   1
    After built-in stripping:   3
    After scriptable stripping: 3
    Processed in 0.00 seconds
  Pass "" (vp)
    Target graphics API: metal
    Full variant space:         1
    After settings filtering:   1
    After built-in stripping:   3
    After scriptable stripping: 3
    Processed in 0.00 seconds
  Pass "" (fp)
    Target graphics API: metal
    Full variant space:         1
    After settings filtering:   1
    After built-in stripping:   3
    After scriptable stripping: 3
    Processed in 0.00 seconds
  Pass  (vp, metal) finished in 0.01 seconds. Local cache hits 3 (0.03s CPU time), remote cache hits 0 (0.00s CPU time), compiled 0 variants (0.00s CPU time), skipped 0 variants.
    Prepared data for serialisation in 0.00s
  Pass  (fp, metal) finished in 0.01 seconds. Local cache hits 3 (0.03s CPU time), remote cache hits 0 (0.00s CPU time), compiled 0 variants (0.00s CPU time), skipped 0 variants.
    Prepared data for serialisation in 0.00s
  Pass  (vp, metal) finished in 0.01 seconds. Local cache hits 3 (0.03s CPU time), remote cache hits 0 (0.00s CPU time), compiled 0 variants (0.00s CPU time), skipped 0 variants.
    Prepared data for serialisation in 0.00s
  Pass  (fp, metal) finished in 0.01 seconds. Local cache hits 3 (0.02s CPU time), remote cache hits 0 (0.00s CPU time), compiled 0 variants (0.00s CPU time), skipped 0 variants.
    Prepared data for serialisation in 0.00s
Serialized binary data for shader Hidden/CubeCopy in 0.00s
    metal (total internal programs: 12, unique: 2)
Compiling shader "Hidden/CubeBlend"
  Pass "" (vp)
    Target graphics API: metal
    Full variant space:         1
    After settings filtering:   1
    After built-in stripping:   3
    After scriptable stripping: 3
    Processed in 0.00 seconds
  Pass "" (fp)
    Target graphics API: metal
    Full variant space:         1
    After settings filtering:   1
    After built-in stripping:   3
    After scriptable stripping: 3
    Processed in 0.00 seconds
  Pass "" (vp)
    Target graphics API: metal
    Full variant space:         1
    After settings filtering:   1
    After built-in stripping:   3
    After scriptable stripping: 3
    Processed in 0.00 seconds
  Pass "" (fp)
    Target graphics API: metal
    Full variant space:         1
    After settings filtering:   1
    After built-in stripping:   3
    After scriptable stripping: 3
    Processed in 0.00 seconds
  Pass  (vp, metal) finished in 0.01 seconds. Local cache hits 3 (0.03s CPU time), remote cache hits 0 (0.00s CPU time), compiled 0 variants (0.00s CPU time), skipped 0 variants.
    Prepared data for serialisation in 0.00s
  Pass  (fp, metal) finished in 0.01 seconds. Local cache hits 3 (0.03s CPU time), remote cache hits 0 (0.00s CPU time), compiled 0 variants (0.00s CPU time), skipped 0 variants.
    Prepared data for serialisation in 0.00s
  Pass  (vp, metal) finished in 0.02 seconds. Local cache hits 3 (0.03s CPU time), remote cache hits 0 (0.00s CPU time), compiled 0 variants (0.00s CPU time), skipped 0 variants.
    Prepared data for serialisation in 0.00s
  Pass  (fp, metal) finished in 0.01 seconds. Local cache hits 3 (0.03s CPU time), remote cache hits 0 (0.00s CPU time), compiled 0 variants (0.00s CPU time), skipped 0 variants.
    Prepared data for serialisation in 0.00s
Serialized binary data for shader Hidden/CubeBlend in 0.00s
    metal (total internal programs: 12, unique: 2)
Compiling shader "Hidden/VR/BlitTexArraySlice"
  Pass "" (vp)
    Target graphics API: metal
    Full variant space:         1
    After settings filtering:   1
    After built-in stripping:   3
    After scriptable stripping: 3
    Processed in 0.00 seconds
  Pass "" (fp)
    Target graphics API: metal
    Full variant space:         1
    After settings filtering:   1
    After built-in stripping:   3
    After scriptable stripping: 3
    Processed in 0.00 seconds
  Pass  (vp, metal) finished in 0.00 seconds. Local cache hits 3 (0.01s CPU time), remote cache hits 0 (0.00s CPU time), compiled 0 variants (0.00s CPU time), skipped 0 variants.
    Prepared data for serialisation in 0.00s
  Pass  (fp, metal) finished in 0.01 seconds. Local cache hits 3 (0.02s CPU time), remote cache hits 0 (0.00s CPU time), compiled 0 variants (0.00s CPU time), skipped 0 variants.
    Prepared data for serialisation in 0.00s
Serialized binary data for shader Hidden/VR/BlitTexArraySlice in 0.00s
    metal (total internal programs: 6, unique: 2)
Compiling shader "Hidden/VR/BlitTexArraySliceToDepth"
  Pass "" (vp)
    Target graphics API: metal
    Full variant space:         1
    After settings filtering:   1
    After built-in stripping:   3
    After scriptable stripping: 3
    Processed in 0.00 seconds
  Pass "" (fp)
    Target graphics API: metal
    Full variant space:         1
    After settings filtering:   1
    After built-in stripping:   3
    After scriptable stripping: 3
    Processed in 0.00 seconds
  Pass  (vp, metal) finished in 0.00 seconds. Local cache hits 3 (0.01s CPU time), remote cache hits 0 (0.00s CPU time), compiled 0 variants (0.00s CPU time), skipped 0 variants.
    Prepared data for serialisation in 0.00s
  Pass  (fp, metal) finished in 0.01 seconds. Local cache hits 3 (0.03s CPU time), remote cache hits 0 (0.00s CPU time), compiled 0 variants (0.00s CPU time), skipped 0 variants.
    Prepared data for serialisation in 0.00s
Serialized binary data for shader Hidden/VR/BlitTexArraySliceToDepth in 0.00s
    metal (total internal programs: 6, unique: 2)
Compiling shader "Hidden/VR/BlitTexArraySliceToDepth_MSAA"
  Pass "" (vp)
    Target graphics API: metal
    Full variant space:         1
    After settings filtering:   1
    After built-in stripping:   3
    After scriptable stripping: 3
    Processed in 0.00 seconds
  Pass "" (fp)
    Target graphics API: metal
    Full variant space:         1
    After settings filtering:   1
    After built-in stripping:   3
    After scriptable stripping: 3
    Processed in 0.00 seconds
  Pass  (vp, metal) finished in 0.00 seconds. Local cache hits 3 (0.01s CPU time), remote cache hits 0 (0.00s CPU time), compiled 0 variants (0.00s CPU time), skipped 0 variants.
    Prepared data for serialisation in 0.00s
  Pass  (fp, metal) finished in 0.01 seconds. Local cache hits 3 (0.03s CPU time), remote cache hits 0 (0.00s CPU time), compiled 0 variants (0.00s CPU time), skipped 0 variants.
    Prepared data for serialisation in 0.00s
Serialized binary data for shader Hidden/VR/BlitTexArraySliceToDepth_MSAA in 0.00s
    metal (total internal programs: 6, unique: 2)
Compiling shader "Hidden/Internal-ODSWorldTexture"
  Pass "" (vp)
    Target graphics API: metal
    Full variant space:         1
    After settings filtering:   1
    After built-in stripping:   3
    After scriptable stripping: 3
    Processed in 0.00 seconds
  Pass "" (fp)
    Target graphics API: metal
    Full variant space:         1
    After settings filtering:   1
    After built-in stripping:   3
    After scriptable stripping: 3
    Processed in 0.00 seconds
  Pass "" (vp)
    Target graphics API: metal
    Full variant space:         1
    After settings filtering:   1
    After built-in stripping:   3
    After scriptable stripping: 3
    Processed in 0.00 seconds
  Pass "" (fp)
    Target graphics API: metal
    Full variant space:         1
    After settings filtering:   1
    After built-in stripping:   3
    After scriptable stripping: 3
    Processed in 0.00 seconds
  Pass "" (vp)
    Target graphics API: metal
    Full variant space:         1
    After settings filtering:   1
    After built-in stripping:   3
    After scriptable stripping: 3
    Processed in 0.00 seconds
  Pass "" (fp)
    Target graphics API: metal
    Full variant space:         1
    After settings filtering:   1
    After built-in stripping:   3
    After scriptable stripping: 3
    Processed in 0.00 seconds
  Pass "" (vp)
    Target graphics API: metal
    Full variant space:         1
    After settings filtering:   1
    After built-in stripping:   3
    After scriptable stripping: 3
    Processed in 0.00 seconds
  Pass "" (fp)
    Target graphics API: metal
    Full variant space:         1
    After settings filtering:   1
    After built-in stripping:   3
    After scriptable stripping: 3
    Processed in 0.00 seconds
  Pass "" (vp)
    Target graphics API: metal
    Full variant space:         1
    After settings filtering:   1
    After built-in stripping:   3
    After scriptable stripping: 3
    Processed in 0.00 seconds
  Pass "" (fp)
    Target graphics API: metal
    Full variant space:         1
    After settings filtering:   1
    After built-in stripping:   3
    After scriptable stripping: 3
    Processed in 0.00 seconds
  Pass "" (vp)
    Target graphics API: metal
    Full variant space:         1
    After settings filtering:   1
    After built-in stripping:   3
    After scriptable stripping: 3
    Processed in 0.00 seconds
  Pass "" (fp)
    Target graphics API: metal
    Full variant space:         1
    After settings filtering:   1
    After built-in stripping:   3
    After scriptable stripping: 3
    Processed in 0.00 seconds
  Pass "" (vp)
    Target graphics API: metal
    Full variant space:         1
    After settings filtering:   1
    After built-in stripping:   3
    After scriptable stripping: 3
    Processed in 0.00 seconds
  Pass "" (fp)
    Target graphics API: metal
    Full variant space:         1
    After settings filtering:   1
    After built-in stripping:   3
    After scriptable stripping: 3
    Processed in 0.00 seconds
  Pass "" (vp)
    Target graphics API: metal
    Full variant space:         1
    After settings filtering:   1
    After built-in stripping:   3
    After scriptable stripping: 3
    Processed in 0.00 seconds
  Pass "" (fp)
    Target graphics API: metal
    Full variant space:         1
    After settings filtering:   1
    After built-in stripping:   3
    After scriptable stripping: 3
    Processed in 0.00 seconds
  Pass "" (vp)
    Target graphics API: metal
    Full variant space:         1
    After settings filtering:   1
    After built-in stripping:   3
    After scriptable stripping: 3
    Processed in 0.00 seconds
  Pass "" (fp)
    Target graphics API: metal
    Full variant space:         1
    After settings filtering:   1
    After built-in stripping:   3
    After scriptable stripping: 3
    Processed in 0.00 seconds
  Pass "" (vp)
    Target graphics API: metal
    Full variant space:         1
    After settings filtering:   1
    After built-in stripping:   3
    After scriptable stripping: 3
    Processed in 0.00 seconds
  Pass "" (fp)
    Target graphics API: metal
    Full variant space:         1
    After settings filtering:   1
    After built-in stripping:   3
    After scriptable stripping: 3
    Processed in 0.00 seconds
  Pass  (vp, metal) finished in 0.02 seconds. Local cache hits 3 (0.04s CPU time), remote cache hits 0 (0.00s CPU time), compiled 0 variants (0.00s CPU time), skipped 0 variants.
    Prepared data for serialisation in 0.00s
  Pass  (fp, metal) finished in 0.02 seconds. Local cache hits 3 (0.04s CPU time), remote cache hits 0 (0.00s CPU time), compiled 0 variants (0.00s CPU time), skipped 0 variants.
    Prepared data for serialisation in 0.00s
  Pass  (vp, metal) finished in 0.02 seconds. Local cache hits 3 (0.05s CPU time), remote cache hits 0 (0.00s CPU time), compiled 0 variants (0.00s CPU time), skipped 0 variants.
    Prepared data for serialisation in 0.00s
  Pass  (fp, metal) finished in 0.02 seconds. Local cache hits 3 (0.02s CPU time), remote cache hits 0 (0.00s CPU time), compiled 0 variants (0.00s CPU time), skipped 0 variants.
    Prepared data for serialisation in 0.00s
  Pass  (vp, metal) finished in 0.02 seconds. Local cache hits 3 (0.04s CPU time), remote cache hits 0 (0.00s CPU time), compiled 0 variants (0.00s CPU time), skipped 0 variants.
    Prepared data for serialisation in 0.00s
  Pass  (fp, metal) finished in 0.02 seconds. Local cache hits 3 (0.01s CPU time), remote cache hits 0 (0.00s CPU time), compiled 0 variants (0.00s CPU time), skipped 0 variants.
    Prepared data for serialisation in 0.00s
  Pass  (vp, metal) finished in 0.02 seconds. Local cache hits 3 (0.04s CPU time), remote cache hits 0 (0.00s CPU time), compiled 0 variants (0.00s CPU time), skipped 0 variants.
    Prepared data for serialisation in 0.00s
  Pass  (fp, metal) finished in 0.03 seconds. Local cache hits 3 (0.04s CPU time), remote cache hits 0 (0.00s CPU time), compiled 0 variants (0.00s CPU time), skipped 0 variants.
    Prepared data for serialisation in 0.00s
  Pass  (vp, metal) finished in 0.03 seconds. Local cache hits 3 (0.05s CPU time), remote cache hits 0 (0.00s CPU time), compiled 0 variants (0.00s CPU time), skipped 0 variants.
    Prepared data for serialisation in 0.00s
  Pass  (fp, metal) finished in 0.04 seconds. Local cache hits 3 (0.01s CPU time), remote cache hits 0 (0.00s CPU time), compiled 0 variants (0.00s CPU time), skipped 0 variants.
    Prepared data for serialisation in 0.00s
  Pass  (vp, metal) finished in 0.03 seconds. Local cache hits 3 (0.02s CPU time), remote cache hits 0 (0.00s CPU time), compiled 0 variants (0.00s CPU time), skipped 0 variants.
    Prepared data for serialisation in 0.00s
  Pass  (fp, metal) finished in 0.04 seconds. Local cache hits 3 (0.02s CPU time), remote cache hits 0 (0.00s CPU time), compiled 0 variants (0.00s CPU time), skipped 0 variants.
    Prepared data for serialisation in 0.00s
  Pass  (vp, metal) finished in 0.02 seconds. Local cache hits 3 (0.01s CPU time), remote cache hits 0 (0.00s CPU time), compiled 0 variants (0.00s CPU time), skipped 0 variants.
    Prepared data for serialisation in 0.00s
  Pass  (fp, metal) finished in 0.03 seconds. Local cache hits 3 (0.01s CPU time), remote cache hits 0 (0.00s CPU time), compiled 0 variants (0.00s CPU time), skipped 0 variants.
    Prepared data for serialisation in 0.00s
  Pass  (vp, metal) finished in 0.02 seconds. Local cache hits 3 (0.03s CPU time), remote cache hits 0 (0.00s CPU time), compiled 0 variants (0.00s CPU time), skipped 0 variants.
    Prepared data for serialisation in 0.00s
  Pass  (fp, metal) finished in 0.03 seconds. Local cache hits 3 (0.04s CPU time), remote cache hits 0 (0.00s CPU time), compiled 0 variants (0.00s CPU time), skipped 0 variants.
    Prepared data for serialisation in 0.00s
  Pass  (vp, metal) finished in 0.01 seconds. Local cache hits 3 (0.03s CPU time), remote cache hits 0 (0.00s CPU time), compiled 0 variants (0.00s CPU time), skipped 0 variants.
    Prepared data for serialisation in 0.00s
  Pass  (fp, metal) finished in 0.03 seconds. Local cache hits 3 (0.04s CPU time), remote cache hits 0 (0.00s CPU time), compiled 0 variants (0.00s CPU time), skipped 0 variants.
    Prepared data for serialisation in 0.00s
  Pass  (vp, metal) finished in 0.01 seconds. Local cache hits 3 (0.03s CPU time), remote cache hits 0 (0.00s CPU time), compiled 0 variants (0.00s CPU time), skipped 0 variants.
    Prepared data for serialisation in 0.00s
  Pass  (fp, metal) finished in 0.02 seconds. Local cache hits 3 (0.01s CPU time), remote cache hits 0 (0.00s CPU time), compiled 0 variants (0.00s CPU time), skipped 0 variants.
    Prepared data for serialisation in 0.00s
Serialized binary data for shader Hidden/Internal-ODSWorldTexture in 0.00s
    metal (total internal programs: 60, unique: 14)
Compiling shader "Hidden/Internal-CubemapToEquirect"
  Pass "" (vp)
    Target graphics API: metal
    Full variant space:         1
    After settings filtering:   1
    After built-in stripping:   3
    After scriptable stripping: 3
    Processed in 0.00 seconds
  Pass "" (fp)
    Target graphics API: metal
    Full variant space:         1
    After settings filtering:   1
    After built-in stripping:   3
    After scriptable stripping: 3
    Processed in 0.00 seconds
  Pass  (vp, metal) finished in 0.00 seconds. Local cache hits 3 (0.01s CPU time), remote cache hits 0 (0.00s CPU time), compiled 0 variants (0.00s CPU time), skipped 0 variants.
    Prepared data for serialisation in 0.00s
  Pass  (fp, metal) finished in 0.01 seconds. Local cache hits 3 (0.03s CPU time), remote cache hits 0 (0.00s CPU time), compiled 0 variants (0.00s CPU time), skipped 0 variants.
    Prepared data for serialisation in 0.00s
Serialized binary data for shader Hidden/Internal-CubemapToEquirect in 0.00s
    metal (total internal programs: 6, unique: 2)
Compiling shader "Hidden/VR/BlitFromTex2DToTexArraySlice"
  Pass "" (vp)
    Target graphics API: metal
    Full variant space:         1
    After settings filtering:   1
    After built-in stripping:   3
    After scriptable stripping: 3
    Processed in 0.00 seconds
  Pass "" (fp)
    Target graphics API: metal
    Full variant space:         1
    After settings filtering:   1
    After built-in stripping:   3
    After scriptable stripping: 3
    Processed in 0.00 seconds
  Pass "" (vp)
    Target graphics API: metal
    Full variant space:         1
    After settings filtering:   1
    After built-in stripping:   3
    After scriptable stripping: 3
    Processed in 0.00 seconds
  Pass "" (fp)
    Target graphics API: metal
    Full variant space:         1
    After settings filtering:   1
    After built-in stripping:   3
    After scriptable stripping: 3
    Processed in 0.00 seconds
  Pass "" (gp)
    Target graphics API: metal
    Full variant space:         1
    After settings filtering:   1
    After built-in stripping:   3
    After scriptable stripping: 3
    Processed in 0.00 seconds
  Pass  (vp, metal) finished in 0.01 seconds. Local cache hits 3 (0.03s CPU time), remote cache hits 0 (0.00s CPU time), compiled 0 variants (0.00s CPU time), skipped 0 variants.
    Prepared data for serialisation in 0.00s
  Pass  (fp, metal) finished in 0.01 seconds. Local cache hits 3 (0.01s CPU time), remote cache hits 0 (0.00s CPU time), compiled 0 variants (0.00s CPU time), skipped 0 variants.
    Prepared data for serialisation in 0.00s
  Pass  (vp, metal) finished in 0.00 seconds. Local cache hits 0 (0.00s CPU time), remote cache hits 0 (0.00s CPU time), compiled 0 variants (0.00s CPU time), skipped 3 variants.
    Prepared data for serialisation in 0.00s
  Pass  (fp, metal) finished in 0.00 seconds. Local cache hits 0 (0.00s CPU time), remote cache hits 0 (0.00s CPU time), compiled 0 variants (0.00s CPU time), skipped 3 variants.
    Prepared data for serialisation in 0.00s
  Pass  (gp, metal) finished in -0.00 seconds. Local cache hits 0 (0.00s CPU time), remote cache hits 0 (0.00s CPU time), compiled 0 variants (0.00s CPU time), skipped 3 variants.
    Prepared data for serialisation in 0.00s
Serialized binary data for shader Hidden/VR/BlitFromTex2DToTexArraySlice in 0.00s
    metal (total internal programs: 6, unique: 2)
Compiling shader "Hidden/VideoComposite"
  Pass "Default" (vp)
    Target graphics API: metal
    Full variant space:         1
    After settings filtering:   1
    After built-in stripping:   3
    After scriptable stripping: 3
    Processed in 0.00 seconds
  Pass "Default" (fp)
    Target graphics API: metal
    Full variant space:         1
    After settings filtering:   1
    After built-in stripping:   3
    After scriptable stripping: 3
    Processed in 0.00 seconds
  Pass Default (vp, metal) finished in 0.01 seconds. Local cache hits 3 (0.03s CPU time), remote cache hits 0 (0.00s CPU time), compiled 0 variants (0.00s CPU time), skipped 0 variants.
    Prepared data for serialisation in 0.00s
  Pass Default (fp, metal) finished in 0.01 seconds. Local cache hits 3 (0.03s CPU time), remote cache hits 0 (0.00s CPU time), compiled 0 variants (0.00s CPU time), skipped 0 variants.
    Prepared data for serialisation in 0.00s
Serialized binary data for shader Hidden/VideoComposite in 0.00s
    metal (total internal programs: 6, unique: 2)
Compiling shader "Hidden/VideoDecode"
  Pass "YCbCr_To_RGB1" (vp)
    Target graphics API: metal
    Full variant space:         2
    After settings filtering:   2
    After built-in stripping:   6
    After scriptable stripping: 6
    Processed in 0.00 seconds
  Pass "YCbCr_To_RGB1" (fp)
    Target graphics API: metal
    Full variant space:         2
    After settings filtering:   2
    After built-in stripping:   6
    After scriptable stripping: 6
    Processed in 0.00 seconds
  Pass "YCbCrA_To_RGBAFull" (vp)
    Target graphics API: metal
    Full variant space:         2
    After settings filtering:   2
    After built-in stripping:   6
    After scriptable stripping: 6
    Processed in 0.00 seconds
  Pass "YCbCrA_To_RGBAFull" (fp)
    Target graphics API: metal
    Full variant space:         2
    After settings filtering:   2
    After built-in stripping:   6
    After scriptable stripping: 6
    Processed in 0.00 seconds
  Pass "YCbCrA_To_RGBA" (vp)
    Target graphics API: metal
    Full variant space:         2
    After settings filtering:   2
    After built-in stripping:   6
    After scriptable stripping: 6
    Processed in 0.00 seconds
  Pass "YCbCrA_To_RGBA" (fp)
    Target graphics API: metal
    Full variant space:         2
    After settings filtering:   2
    After built-in stripping:   6
    After scriptable stripping: 6
    Processed in 0.00 seconds
  Pass "Flip_RGBA_To_RGBA" (vp)
    Target graphics API: metal
    Full variant space:         2
    After settings filtering:   2
    After built-in stripping:   6
    After scriptable stripping: 6
    Processed in 0.00 seconds
  Pass "Flip_RGBA_To_RGBA" (fp)
    Target graphics API: metal
    Full variant space:         2
    After settings filtering:   2
    After built-in stripping:   6
    After scriptable stripping: 6
    Processed in 0.00 seconds
  Pass "Flip_RGBASplit_To_RGBA" (vp)
    Target graphics API: metal
    Full variant space:         2
    After settings filtering:   2
    After built-in stripping:   6
    After scriptable stripping: 6
    Processed in 0.00 seconds
  Pass "Flip_RGBASplit_To_RGBA" (fp)
    Target graphics API: metal
    Full variant space:         2
    After settings filtering:   2
    After built-in stripping:   6
    After scriptable stripping: 6
    Processed in 0.00 seconds
  Pass "Flip_NV12_To_RGB1" (vp)
    Target graphics API: metal
    Full variant space:         2
    After settings filtering:   2
    After built-in stripping:   6
    After scriptable stripping: 6
    Processed in 0.00 seconds
  Pass "Flip_NV12_To_RGB1" (fp)
    Target graphics API: metal
    Full variant space:         2
    After settings filtering:   2
    After built-in stripping:   6
    After scriptable stripping: 6
    Processed in 0.00 seconds
  Pass "Flip_NV12_To_RGBA" (vp)
    Target graphics API: metal
    Full variant space:         2
    After settings filtering:   2
    After built-in stripping:   6
    After scriptable stripping: 6
    Processed in 0.00 seconds
  Pass "Flip_NV12_To_RGBA" (fp)
    Target graphics API: metal
    Full variant space:         2
    After settings filtering:   2
    After built-in stripping:   6
    After scriptable stripping: 6
    Processed in 0.00 seconds
  Pass "Flip_P010_To_RGB1" (vp)
    Target graphics API: metal
    Full variant space:         1
    After settings filtering:   1
    After built-in stripping:   3
    After scriptable stripping: 3
    Processed in 0.00 seconds
  Pass "Flip_P010_To_RGB1" (fp)
    Target graphics API: metal
    Full variant space:         1
    After settings filtering:   1
    After built-in stripping:   3
    After scriptable stripping: 3
    Processed in 0.00 seconds
  Pass YCbCr_To_RGB1 (vp, metal) finished in 0.01 seconds. Local cache hits 6 (0.05s CPU time), remote cache hits 0 (0.00s CPU time), compiled 0 variants (0.00s CPU time), skipped 0 variants.
    Prepared data for serialisation in 0.00s
  Pass YCbCr_To_RGB1 (fp, metal) finished in 0.01 seconds. Local cache hits 6 (0.06s CPU time), remote cache hits 0 (0.00s CPU time), compiled 0 variants (0.00s CPU time), skipped 0 variants.
    Prepared data for serialisation in 0.00s
  Pass YCbCrA_To_RGBAFull (vp, metal) finished in 0.01 seconds. Local cache hits 6 (0.02s CPU time), remote cache hits 0 (0.00s CPU time), compiled 0 variants (0.00s CPU time), skipped 0 variants.
    Prepared data for serialisation in 0.00s
  Pass YCbCrA_To_RGBAFull (fp, metal) finished in 0.02 seconds. Local cache hits 6 (0.06s CPU time), remote cache hits 0 (0.00s CPU time), compiled 0 variants (0.00s CPU time), skipped 0 variants.
    Prepared data for serialisation in 0.00s
  Pass YCbCrA_To_RGBA (vp, metal) finished in 0.02 seconds. Local cache hits 6 (0.02s CPU time), remote cache hits 0 (0.00s CPU time), compiled 0 variants (0.00s CPU time), skipped 0 variants.
    Prepared data for serialisation in 0.00s
  Pass YCbCrA_To_RGBA (fp, metal) finished in 0.02 seconds. Local cache hits 6 (0.08s CPU time), remote cache hits 0 (0.00s CPU time), compiled 0 variants (0.00s CPU time), skipped 0 variants.
    Prepared data for serialisation in 0.00s
  Pass Flip_RGBA_To_RGBA (vp, metal) finished in 0.03 seconds. Local cache hits 6 (0.07s CPU time), remote cache hits 0 (0.00s CPU time), compiled 0 variants (0.00s CPU time), skipped 0 variants.
    Prepared data for serialisation in 0.00s
  Pass Flip_RGBA_To_RGBA (fp, metal) finished in 0.01 seconds. Local cache hits 6 (0.04s CPU time), remote cache hits 0 (0.00s CPU time), compiled 0 variants (0.00s CPU time), skipped 0 variants.
    Prepared data for serialisation in 0.00s
  Pass Flip_RGBASplit_To_RGBA (vp, metal) finished in 0.03 seconds. Local cache hits 6 (0.03s CPU time), remote cache hits 0 (0.00s CPU time), compiled 0 variants (0.00s CPU time), skipped 0 variants.
    Prepared data for serialisation in 0.00s
  Pass Flip_RGBASplit_To_RGBA (fp, metal) finished in 0.02 seconds. Local cache hits 6 (0.08s CPU time), remote cache hits 0 (0.00s CPU time), compiled 0 variants (0.00s CPU time), skipped 0 variants.
    Prepared data for serialisation in 0.00s
  Pass Flip_NV12_To_RGB1 (vp, metal) finished in 0.03 seconds. Local cache hits 6 (0.02s CPU time), remote cache hits 0 (0.00s CPU time), compiled 0 variants (0.00s CPU time), skipped 0 variants.
    Prepared data for serialisation in 0.00s
  Pass Flip_NV12_To_RGB1 (fp, metal) finished in 0.01 seconds. Local cache hits 6 (0.07s CPU time), remote cache hits 0 (0.00s CPU time), compiled 0 variants (0.00s CPU time), skipped 0 variants.
    Prepared data for serialisation in 0.00s
  Pass Flip_NV12_To_RGBA (vp, metal) finished in 0.03 seconds. Local cache hits 6 (0.01s CPU time), remote cache hits 0 (0.00s CPU time), compiled 0 variants (0.00s CPU time), skipped 0 variants.
    Prepared data for serialisation in 0.00s
  Pass Flip_NV12_To_RGBA (fp, metal) finished in 0.01 seconds. Local cache hits 6 (0.06s CPU time), remote cache hits 0 (0.00s CPU time), compiled 0 variants (0.00s CPU time), skipped 0 variants.
    Prepared data for serialisation in 0.00s
  Pass Flip_P010_To_RGB1 (vp, metal) finished in 0.03 seconds. Local cache hits 3 (0.01s CPU time), remote cache hits 0 (0.00s CPU time), compiled 0 variants (0.00s CPU time), skipped 0 variants.
    Prepared data for serialisation in 0.00s
  Pass Flip_P010_To_RGB1 (fp, metal) finished in 0.01 seconds. Local cache hits 3 (0.03s CPU time), remote cache hits 0 (0.00s CPU time), compiled 0 variants (0.00s CPU time), skipped 0 variants.
    Prepared data for serialisation in 0.00s
Serialized binary data for shader Hidden/VideoDecode in 0.00s
    metal (total internal programs: 90, unique: 19)
Compiling shader "Hidden/TextCore/Distance Field SSD"
  Pass "" (vp)
    Target graphics API: metal
    Full variant space:         1
    After settings filtering:   1
    After built-in stripping:   3
    After scriptable stripping: 3
    Processed in 0.00 seconds
  Pass "" (fp)
    Target graphics API: metal
    Full variant space:         1
    After settings filtering:   1
    After built-in stripping:   3
    After scriptable stripping: 3
    Processed in 0.00 seconds
  Pass  (vp, metal) finished in 0.01 seconds. Local cache hits 3 (0.03s CPU time), remote cache hits 0 (0.00s CPU time), compiled 0 variants (0.00s CPU time), skipped 0 variants.
    Prepared data for serialisation in 0.00s
  Pass  (fp, metal) finished in 0.01 seconds. Local cache hits 3 (0.03s CPU time), remote cache hits 0 (0.00s CPU time), compiled 0 variants (0.00s CPU time), skipped 0 variants.
    Prepared data for serialisation in 0.00s
Serialized binary data for shader Hidden/TextCore/Distance Field SSD in 0.00s
    metal (total internal programs: 6, unique: 2)
Compiling shader "Hidden/Physics2D/SDF_CircleGeometry"
  Pass "" (vp)
    Target graphics API: metal
    Full variant space:         2
    After settings filtering:   2
    After built-in stripping:   3
    After scriptable stripping: 3
    Processed in 0.00 seconds
  Pass "" (fp)
    Target graphics API: metal
    Full variant space:         2
    After settings filtering:   2
    After built-in stripping:   3
    After scriptable stripping: 3
    Processed in 0.00 seconds
  Pass  (vp, metal) finished in 0.01 seconds. Local cache hits 3 (0.02s CPU time), remote cache hits 0 (0.00s CPU time), compiled 0 variants (0.00s CPU time), skipped 0 variants.
    Prepared data for serialisation in 0.00s
  Pass  (fp, metal) finished in 0.01 seconds. Local cache hits 3 (0.03s CPU time), remote cache hits 0 (0.00s CPU time), compiled 0 variants (0.00s CPU time), skipped 0 variants.
    Prepared data for serialisation in 0.00s
Serialized binary data for shader Hidden/Physics2D/SDF_CircleGeometry in 0.00s
    metal (total internal programs: 6, unique: 2)
Compiling shader "Hidden/Physics2D/SDF_CapsuleGeometry"
  Pass "" (vp)
    Target graphics API: metal
    Full variant space:         2
    After settings filtering:   2
    After built-in stripping:   3
    After scriptable stripping: 3
    Processed in 0.00 seconds
  Pass "" (fp)
    Target graphics API: metal
    Full variant space:         2
    After settings filtering:   2
    After built-in stripping:   3
    After scriptable stripping: 3
    Processed in 0.00 seconds
  Pass  (vp, metal) finished in 0.01 seconds. Local cache hits 3 (0.03s CPU time), remote cache hits 0 (0.00s CPU time), compiled 0 variants (0.00s CPU time), skipped 0 variants.
    Prepared data for serialisation in 0.00s
  Pass  (fp, metal) finished in 0.01 seconds. Local cache hits 3 (0.02s CPU time), remote cache hits 0 (0.00s CPU time), compiled 0 variants (0.00s CPU time), skipped 0 variants.
    Prepared data for serialisation in 0.00s
Serialized binary data for shader Hidden/Physics2D/SDF_CapsuleGeometry in 0.00s
    metal (total internal programs: 6, unique: 2)
Compiling shader "Hidden/Physics2D/SDF_PolygonGeometry"
  Pass "" (vp)
    Target graphics API: metal
    Full variant space:         2
    After settings filtering:   2
    After built-in stripping:   3
    After scriptable stripping: 3
    Processed in 0.00 seconds
  Pass "" (fp)
    Target graphics API: metal
    Full variant space:         2
    After settings filtering:   2
    After built-in stripping:   3
    After scriptable stripping: 3
    Processed in 0.00 seconds
  Pass  (vp, metal) finished in 0.01 seconds. Local cache hits 3 (0.03s CPU time), remote cache hits 0 (0.00s CPU time), compiled 0 variants (0.00s CPU time), skipped 0 variants.
    Prepared data for serialisation in 0.00s
  Pass  (fp, metal) finished in 0.01 seconds. Local cache hits 3 (0.03s CPU time), remote cache hits 0 (0.00s CPU time), compiled 0 variants (0.00s CPU time), skipped 0 variants.
    Prepared data for serialisation in 0.00s
Serialized binary data for shader Hidden/Physics2D/SDF_PolygonGeometry in 0.00s
    metal (total internal programs: 6, unique: 2)
Compiling shader "Hidden/Physics2D/SDF_Line"
  Pass "" (vp)
    Target graphics API: metal
    Full variant space:         2
    After settings filtering:   2
    After built-in stripping:   3
    After scriptable stripping: 3
    Processed in 0.00 seconds
  Pass "" (fp)
    Target graphics API: metal
    Full variant space:         2
    After settings filtering:   2
    After built-in stripping:   3
    After scriptable stripping: 3
    Processed in 0.00 seconds
  Pass  (vp, metal) finished in 0.01 seconds. Local cache hits 3 (0.03s CPU time), remote cache hits 0 (0.00s CPU time), compiled 0 variants (0.00s CPU time), skipped 0 variants.
    Prepared data for serialisation in 0.00s
  Pass  (fp, metal) finished in 0.01 seconds. Local cache hits 3 (0.02s CPU time), remote cache hits 0 (0.00s CPU time), compiled 0 variants (0.00s CPU time), skipped 0 variants.
    Prepared data for serialisation in 0.00s
Serialized binary data for shader Hidden/Physics2D/SDF_Line in 0.00s
    metal (total internal programs: 6, unique: 2)
Compiling shader "Hidden/Physics2D/SDF_Point"
  Pass "" (vp)
    Target graphics API: metal
    Full variant space:         2
    After settings filtering:   2
    After built-in stripping:   3
    After scriptable stripping: 3
    Processed in 0.00 seconds
  Pass "" (fp)
    Target graphics API: metal
    Full variant space:         2
    After settings filtering:   2
    After built-in stripping:   3
    After scriptable stripping: 3
    Processed in 0.00 seconds
  Pass  (vp, metal) finished in 0.01 seconds. Local cache hits 3 (0.02s CPU time), remote cache hits 0 (0.00s CPU time), compiled 0 variants (0.00s CPU time), skipped 0 variants.
    Prepared data for serialisation in 0.00s
  Pass  (fp, metal) finished in 0.01 seconds. Local cache hits 3 (0.02s CPU time), remote cache hits 0 (0.00s CPU time), compiled 0 variants (0.00s CPU time), skipped 0 variants.
    Prepared data for serialisation in 0.00s
Serialized binary data for shader Hidden/Physics2D/SDF_Point in 0.00s
    metal (total internal programs: 6, unique: 2)
SpriteAtlasDatabase::Cleanup
Starting: C:\Program Files\Unity\Hub\Editor\6000.6.0f1\Editor\Data\Tools\BuildPipeline\bee_backend.exe --ipc --dagfile="Library/Bee/Player17798690.dag" --profile="Library/Bee/backend1.traceevents" Player
WorkingDir: C:/Users/chuntley/Desktop/Proyecto MCOC/P1L4/unity_visualizador_ios
DisplayProgressbar: Incremental Player Build
Starting: C:\Program Files\Unity\Hub\Editor\6000.6.0f1\Editor\Data\DotNetSdk\dotnet.exe "C:\Program Files\Unity\Hub\Editor\6000.6.0f1\Editor\Data\PlaybackEngines\iOSSupport\iOSPlayerBuildProgram.exe" "C:/Program Files/Unity/Hub/Editor/6000.6.0f1/Editor/Data/PlaybackEngines/iOSSupport/Bee;C:/Program Files/Unity/Hub/Editor/6000.6.0f1/Editor/Data/Tools/BuildPipeline" "Library/Bee/Player17798690.dag.json" "Library/Bee/Player17798690-inputdata.json" "Library\Bee\buildprogram0.traceevents"
WorkingDir: C:/Users/chuntley/Desktop/Proyecto MCOC/P1L4/unity_visualizador_ios
ExitCode: 4 Duration: 0s284ms
ExitCode: 0 Duration: 2s653ms
Starting: C:\Program Files\Unity\Hub\Editor\6000.6.0f1\Editor\Data\Tools\BuildPipeline\bee_backend.exe --ipc --dagfile="Library/Bee/Player17798690.dag" --dagfilejson="Library\Bee\Player17798690.dag.json" --profile="Library/Bee/backend2.traceevents" Player
WorkingDir: C:/Users/chuntley/Desktop/Proyecto MCOC/P1L4/unity_visualizador_ios
Starting: C:\Program Files\Unity\Hub\Editor\6000.6.0f1\Editor\Data\DotNetSdk\dotnet.exe "C:\Program Files\Unity\Hub\Editor\6000.6.0f1\Editor\Data\PlaybackEngines\iOSSupport\iOSPlayerBuildProgram.exe" "C:/Program Files/Unity/Hub/Editor/6000.6.0f1/Editor/Data/PlaybackEngines/iOSSupport/Bee;C:/Program Files/Unity/Hub/Editor/6000.6.0f1/Editor/Data/Tools/BuildPipeline" "Library/Bee/Player17798690.dag.json" "Library/Bee/Player17798690-inputdata.json" "Library\Bee\buildprogram1.traceevents"
WorkingDir: C:/Users/chuntley/Desktop/Proyecto MCOC/P1L4/unity_visualizador_ios
ExitCode: 4 Duration: 33s
ExitCode: 0 Duration: 1s23ms
Starting: C:\Program Files\Unity\Hub\Editor\6000.6.0f1\Editor\Data\Tools\BuildPipeline\bee_backend.exe --ipc --dagfile="Library/Bee/Player17798690.dag" --dagfilejson="Library\Bee\Player17798690.dag.json" --profile="Library/Bee/backend3.traceevents" Player
WorkingDir: C:/Users/chuntley/Desktop/Proyecto MCOC/P1L4/unity_visualizador_ios
ExitCode: 0 Duration: 0s648ms
Total cache size 69200540
Total cache size after purge 69200540, took 00:00:00.3465901
Refreshing native plugins compatible for Editor in 5.01 ms, found 1 plugins.

-------------------------------------------------------------------------------
Build Report
Uncompressed usage by category (Percentages based on user generated assets only):
Textures               2.9 mb	 0.8% 
Meshes                 0.0 kb	 0.0% 
Animations             0.0 kb	 0.0% 
Sounds                 0.0 kb	 0.0% 
Shaders                94.2 kb	 0.0% 
Other Assets           356.6 mb	 99.1% 
Levels                 3.5 kb	 0.0% 
File headers           32.5 kb	 0.0% 
Total User Assets      359.7 mb	 100.0% 
Complete build size    1.3 gb
Used Assets and files from the Resources folder, sorted by uncompressed size:
 43.6 mb	 3.3% Assets/Resources/MobileSeismic/el_centro_1940_ns_X_i150_payload.bytes
 43.6 mb	 3.3% Assets/Resources/MobileSeismic/el_centro_1940_ns_X_i050_payload.bytes
 43.6 mb	 3.3% Assets/Resources/MobileSeismic/el_centro_1940_ns_X_i100_payload.bytes
 43.6 mb	 3.3% Assets/Resources/MobileSeismic/el_centro_1940_ns_X_i025_payload.bytes
 43.5 mb	 3.3% Assets/Resources/MobileSeismic/el_centro_1940_ns_Y_i150_payload.bytes
 43.5 mb	 3.2% Assets/Resources/MobileSeismic/el_centro_1940_ns_Y_i100_payload.bytes
 43.5 mb	 3.2% Assets/Resources/MobileSeismic/el_centro_1940_ns_Y_i050_payload.bytes
 43.5 mb	 3.2% Assets/Resources/MobileSeismic/el_centro_1940_ns_Y_i025_payload.bytes
 5.3 mb	 0.4% Assets/Resources/estructura_p1l4_unity.json
 1.2 mb	 0.1% Built-in Texture2D: Splash Screen Unity Logo
 1.2 mb	 0.1% Assets/Resources/StudyRoomLaptopScreen.png
 582.8 kb	 0.0% Resources/unity_builtin_extra
 440.6 kb	 0.0% Assets/Resources/estructura_completo_unity.json
 402.0 kb	 0.0% Assets/Resources/slab_load_surfaces.json
 268.3 kb	 0.0% Assets/Resources/MobileSeismic/el_centro_1940_ns_Y_i025.json
 268.3 kb	 0.0% Assets/Resources/MobileSeismic/el_centro_1940_ns_X_i025.json
 268.2 kb	 0.0% Assets/Resources/MobileSeismic/el_centro_1940_ns_Y_i050.json
 268.2 kb	 0.0% Assets/Resources/MobileSeismic/el_centro_1940_ns_X_i100.json
 268.2 kb	 0.0% Assets/Resources/MobileSeismic/el_centro_1940_ns_X_i150.json
 268.2 kb	 0.0% Assets/Resources/MobileSeismic/el_centro_1940_ns_Y_i100.json
 268.2 kb	 0.0% Assets/Resources/MobileSeismic/el_centro_1940_ns_X_i050.json
 268.2 kb	 0.0% Assets/Resources/MobileSeismic/el_centro_1940_ns_Y_i150.json
 21.5 kb	 0.0% Packages/com.google.xr.cardboard/Resources/Cardboard/quantum_ic_settings_white_24.png
 21.5 kb	 0.0% Packages/com.google.xr.cardboard/Resources/Cardboard/quantum_ic_close_white_24.png
 9.7 kb	 0.0% Packages/com.unity.xr.arkit/Assets/Shaders/ARKitBackgroundAfterOpaques.shader
 6.4 kb	 0.0% Packages/com.unity.xr.arkit/Assets/Shaders/ARKitBackground.shader
 4.6 kb	 0.0% Assets/Resources/VRVisualEnvironment.shader
 4.5 kb	 0.0% Assets/Resources/VRMenuOverlay.shader
 2.9 kb	 0.0% Packages/com.google.xr.cardboard/Resources/Cardboard/quantum_ic_line_white_24.png
 1.9 kb	 0.0% Assets/Scenes/StructuralARScene.unity
 1.7 kb	 0.0% Packages/com.unity.xr.arfoundation/Assets/InputActions/XR Simulation Input Actions.inputactions
 1.4 kb	 0.0% Assets/StructuralAR/Simulation/MCOCStructuralSimulationEnvironment.prefab
 0.4 kb	 0.0% Built-in Sprite: 
 0.2 kb	 0.0% Assets/XR/Resources/XRSimulationRuntimeSettings.asset
 0.2 kb	 0.0% Packages/com.unity.xr.arfoundation/Runtime/InternalUtils/ShowInDebugInspectorOnlyAttribute.cs
 0.2 kb	 0.0% Packages/com.unity.xr.arfoundation/Runtime/ARFoundation/Images/MutableRuntimeReferenceImageLibraryExtensions.cs
 0.2 kb	 0.0% Packages/com.unity.xr.arfoundation/Runtime/ARSubsystems/EnvironmentProbes/XREnvironmentProbeSubsystemDescriptor.cs
 0.2 kb	 0.0% Packages/com.unity.xr.arfoundation/Runtime/ARFoundation/Session/ARCommandBufferSupportRendererFeature.cs
 0.2 kb	 0.0% Packages/com.unity.xr.arfoundation/Runtime/ARFoundation/Camera/ARDefaultCameraBackgroundRenderingParams.cs
 0.2 kb	 0.0% Packages/com.unity.xr.core-utils/Runtime/ARTrackablesParentTransformChangedEventArgs.cs
 0.2 kb	 0.0% Packages/com.unity.xr.arfoundation/Runtime/InternalUtils/UnitConversionUtility.cs
 0.2 kb	 0.0% Packages/com.unity.xr.arfoundation/Runtime/InternalUtils/SerializableGuidUtility.cs
 0.2 kb	 0.0% Packages/com.unity.xr.arfoundation/Runtime/ARFoundation/Deprecated/ARTrackedObjectsChangedEventArgs.deprecated.cs
 0.2 kb	 0.0% Packages/com.unity.xr.arfoundation/Runtime/ARFoundation/Deprecated/ARTrackedImagesChangedEventArgs.deprecated.cs
 0.2 kb	 0.0% Packages/com.unity.xr.arfoundation/Runtime/ARFoundation/Deprecated/ARParticipantsChangedEventArgs.deprecated.cs
 0.2 kb	 0.0% Packages/com.unity.xr.arfoundation/Runtime/ARFoundation/Deprecated/AREnvironmentProbesChangedEvent.deprecated.cs
 0.2 kb	 0.0% Packages/com.unity.xr.arfoundation/Runtime/ARSubsystems/Objects/XRObjectTrackingSubsystemDescriptor.cs
 0.2 kb	 0.0% Packages/com.unity.xr.arfoundation/Runtime/ARSubsystems/Images/XRImageTrackingSubsystemDescriptor.cs
 0.2 kb	 0.0% Packages/com.unity.xr.arfoundation/Runtime/ARSubsystems/Images/MutableRuntimeReferenceImageLibrary.cs
 0.2 kb	 0.0% Packages/com.unity.xr.arfoundation/Runtime/ARSubsystems/Camera/XRCameraBackgroundRenderingParams.cs
 0.2 kb	 0.0% Packages/com.unity.xr.arfoundation/Runtime/ARFoundation/Deprecated/ARHumanBodiesChangedEventArgs.deprecated.cs
 0.2 kb	 0.0% Packages/com.unity.xr.arfoundation/Runtime/ARFoundation/Camera/CameraBackgroundRenderingMode.cs
 0.2 kb	 0.0% Packages/com.unity.inputsystem/InputSystem/Runtime/Devices/Commands/QueryEditorWindowCoordinatesCommand.cs
 0.2 kb	 0.0% Packages/com.unity.inputsystem/InputSystem/Runtime/Devices/Commands/InitiateUserAccountPairingCommand.cs
 0.2 kb	 0.0% Packages/com.unity.inputsystem/InputSystem/Editor/UITKAssetEditor/Views/CompositePartBindingPropertiesView.cs
 0.2 kb	 0.0% Packages/com.unity.inputsystem/InputSystem/Editor/UITKAssetEditor/Views/CollectionViewSelectionChangeFilter.cs
 0.2 kb	 0.0% Packages/com.unity.inputsystem/InputSystem/Editor/UITKAssetEditor/InputActionsEditorSettingsProvider.cs
 0.2 kb	 0.0% Packages/com.unity.inputsystem/InputSystem/Editor/PropertyDrawers/InputActionReferenceSearchProviders.cs
 0.2 kb	 0.0% Packages/com.unity.inputsystem/InputSystem/Editor/PropertyDrawers/InputActionReferencePropertyDrawer.cs
 0.2 kb	 0.0% Packages/com.unity.inputsystem/InputSystem/Editor/Devices/Remote/RemoteInputPlayerConnectionEditor.cs
 0.2 kb	 0.0% Packages/com.unity.inputsystem/InputSystem/Editor/Analytics/InputActionsEditorSessionAnalytic.cs
 0.2 kb	 0.0% Packages/com.unity.inputsystem/InputSystem/Editor/Actions/InputControlSchemeEditorExtensions.cs
 0.2 kb	 0.0% Packages/com.unity.xr.arfoundation/Runtime/InternalUtils/TextureExtensions.cs
 0.2 kb	 0.0% Packages/com.unity.xr.arfoundation/Runtime/InternalUtils/ObjectPoolCreateUtil.cs
 0.2 kb	 0.0% Packages/com.unity.xr.arfoundation/Runtime/ARSubsystems/PointClouds/XRDepthSubsystemDescriptor.deprecated.cs
 0.2 kb	 0.0% Packages/com.unity.xr.arfoundation/Runtime/ARFoundation/Deprecated/ARPointCloudChangedEventArgs.deprecated.cs
 0.2 kb	 0.0% Packages/com.unity.inputsystem/InputSystem/Editor/Plugins/UI/StandaloneInputModuleEditor.cs
 0.2 kb	 0.0% Packages/com.unity.inputsystem/InputSystem/Editor/Plugins/UI/InputSystemUIInputModuleEditor.cs
 0.1 kb	 0.0% Packages/com.unity.xr.arfoundation/Runtime/ARSubsystems/PointClouds/XRPointCloudSubsystemDescriptor.cs
 0.1 kb	 0.0% Packages/com.unity.xr.arfoundation/Runtime/ARSubsystems/Planes/PlaneClassification.deprecated.cs
 0.1 kb	 0.0% Packages/com.unity.xr.arfoundation/Runtime/ARSubsystems/Participants/XRParticipantSubsystemDescriptor.cs
 0.1 kb	 0.0% Packages/com.unity.xr.arfoundation/Runtime/ARSubsystems/Occlusion/XROcclusionSubsystemDescriptor.cs
 0.1 kb	 0.0% Packages/com.unity.xr.arfoundation/Runtime/ARSubsystems/Images/AddReferenceImageJobStatus.cs
 0.1 kb	 0.0% Packages/com.unity.xr.arfoundation/Runtime/ARSubsystems/HumanBodies/XRHumanBodySubsystemDescriptor.cs
 0.1 kb	 0.0% Packages/com.unity.xr.arfoundation/Runtime/ARSubsystems/BoundingBoxes/XRBoundingBoxSubsystemDescriptor.cs
 0.1 kb	 0.0% Packages/com.unity.xr.arfoundation/Runtime/ARFoundation/Session/ARSessionStateChangedEventArgs.cs
 0.1 kb	 0.0% Packages/com.unity.xr.arfoundation/Runtime/ARFoundation/PointClouds/ARPointCloudParticleVisualizer.cs
 0.1 kb	 0.0% Packages/com.unity.xr.arfoundation/Runtime/ARFoundation/Planes/PlaneDetectionModeMaskAttribute.cs
 0.1 kb	 0.0% Packages/com.unity.xr.arfoundation/Runtime/ARFoundation/Planes/ARPlaneBoundaryChangedEventArgs.cs
 0.1 kb	 0.0% Packages/com.unity.xr.arfoundation/Runtime/ARFoundation/Deprecated/ARAnchorsChangedEventArgs.deprecated.cs
 0.1 kb	 0.0% Packages/com.unity.inputsystem/InputSystem/Runtime/Devices/Commands/QuerySamplingFrequencyCommand.cs
 0.1 kb	 0.0% Packages/com.unity.inputsystem/InputSystem/Runtime/Devices/Commands/QueryPairedUserAccountCommand.cs
 0.1 kb	 0.0% Packages/com.unity.inputsystem/InputSystem/Editor/UITKAssetEditor/Views/CompositeBindingPropertiesView.cs
 0.1 kb	 0.0% Packages/com.unity.inputsystem/InputSystem/Editor/UITKAssetEditor/InputActionsEditorWindowUtils.cs
 0.1 kb	 0.0% Packages/com.unity.inputsystem/InputSystem/Editor/PropertyDrawers/InputActionAssetSearchProvider.cs
 0.1 kb	 0.0% Packages/com.unity.inputsystem/InputSystem/Editor/ProjectWideActions/ProjectWideActionsBuildProvider.cs
 0.1 kb	 0.0% Packages/com.unity.inputsystem/InputSystem/Editor/Plugins/OnScreen/UGUIOnScreenControlEditorUtils.cs
 0.1 kb	 0.0% Packages/com.unity.inputsystem/InputSystem/Editor/Internal/SerializedPropertyLinqExtensions.cs
 0.1 kb	 0.0% Packages/com.unity.inputsystem/InputSystem/Editor/Internal/InputActionSerializationHelpers.cs
 0.1 kb	 0.0% Packages/com.unity.inputsystem/InputSystem/Editor/EditorInputControlLayoutCache.cs
 0.1 kb	 0.0% Packages/com.unity.inputsystem/InputSystem/Editor/ControlPicker/Layouts/TouchscreenControlPickerLayout.cs
 0.1 kb	 0.0% Packages/com.unity.inputsystem/InputSystem/Editor/ControlPicker/Layouts/DefaultInputControlPickerLayout.cs
 0.1 kb	 0.0% Packages/com.unity.inputsystem/InputSystem/Editor/Analytics/VirtualMouseInputEditorAnalytic.cs
 0.1 kb	 0.0% Packages/com.unity.inputsystem/InputSystem/Editor/Analytics/PlayerInputManagerEditorAnalytic.cs
 0.1 kb	 0.0% Assets/XR/Settings/XRGeneralSettingsPerBuildTarget.asset
 0.1 kb	 0.0% Packages/com.unity.xr.legacyinputhelpers/Runtime/ArmModels/TransitionArmModel.cs
 0.1 kb	 0.0% Packages/com.unity.xr.arkit/Runtime/Subsystems/Objects/ARKitXRObjectTrackingSubsystem.deprecated.cs
 0.1 kb	 0.0% Packages/com.unity.xr.arfoundation/Runtime/InternalUtils/XRManagerUtility.cs
 0.1 kb	 0.0% Packages/com.unity.xr.arfoundation/Runtime/InternalUtils/SubsystemUtils.cs
 0.1 kb	 0.0% Packages/com.unity.xr.arfoundation/Runtime/ARSubsystems/Occlusion/HumanSegmentationStencilMode.cs
 0.1 kb	 0.0% Packages/com.unity.xr.arfoundation/Runtime/ARSubsystems/Occlusion/HumanSegmentationDepthMode.cs
 0.1 kb	 0.0% Packages/com.unity.xr.arfoundation/Runtime/ARFoundation/Deprecated/ARPlanesChangedEventArgs.deprecated.cs
 0.1 kb	 0.0% Packages/com.unity.xr.arfoundation/Runtime/ARFoundation/Deprecated/ARFacesChangedEventArgs.deprecated.cs
 0.1 kb	 0.0% Packages/com.unity.inputsystem/InputSystem/Runtime/Utilities/DisplayStringFormatAttribute.cs
 0.1 kb	 0.0% Packages/com.unity.inputsystem/InputSystem/Runtime/Plugins/XR/Haptics/SendBufferedHapticsCommand.cs
 0.1 kb	 0.0% Packages/com.unity.inputsystem/InputSystem/Runtime/Plugins/XR/Haptics/GetHapticCapabilitiesCommand.cs
 0.1 kb	 0.0% Packages/com.unity.inputsystem/InputSystem/Runtime/Plugins/XR/Haptics/GetCurrentHapticStateCommand.cs
 0.1 kb	 0.0% Packages/com.unity.inputsystem/InputSystem/Runtime/Plugins/UI/ExtendedSubmitCancelEventData.cs
 0.1 kb	 0.0% Packages/com.unity.inputsystem/InputSystem/Runtime/Plugins/Android/AndroidGameController.cs
 0.1 kb	 0.0% Packages/com.unity.inputsystem/InputSystem/Runtime/Controls/Processors/NormalizeVector3Processor.cs
 0.1 kb	 0.0% Packages/com.unity.inputsystem/InputSystem/Runtime/Controls/Processors/NormalizeVector2Processor.cs
 0.1 kb	 0.0% Packages/com.unity.inputsystem/InputSystem/Runtime/Controls/Processors/EditorWindowSpaceProcessor.cs
 0.1 kb	 0.0% Packages/com.unity.inputsystem/InputSystem/Runtime/Controls/Processors/CompensateRotationProcessor.cs
 0.1 kb	 0.0% Packages/com.unity.inputsystem/InputSystem/Runtime/Controls/Processors/CompensateDirectionProcessor.cs
 0.1 kb	 0.0% Packages/com.unity.inputsystem/InputSystem/Editor/Plugins/HID/HIDSupportEditorInitializer.cs
 0.1 kb	 0.0% Packages/com.unity.inputsystem/InputSystem/Editor/Controls/Processors/StickDeadzoneProcessorEditor.cs
 0.1 kb	 0.0% Packages/com.unity.inputsystem/InputSystem/Editor/Controls/Processors/AxisDeadzoneProcessorEditor.cs
 0.1 kb	 0.0% Packages/com.unity.inputsystem/InputSystem/Editor/Actions/Interactions/MultiTapInteractionEditor.cs
 0.1 kb	 0.0% Packages/com.unity.xr.core-utils/Runtime/CapabilityProfile/Dictionary/CustomCapabilityKeyAttribute.cs
 0.1 kb	 0.0% Packages/com.unity.xr.arfoundation/Runtime/VisualScripting/Constants.cs
 0.1 kb	 0.0% Packages/com.unity.xr.arfoundation/Runtime/ARSubsystems/Session/XRSessionSubsystemDescriptor.cs
 0.1 kb	 0.0% Packages/com.unity.xr.arfoundation/Runtime/ARSubsystems/Session/Configuration/DefaultConfigurationChooser.cs
 0.1 kb	 0.0% Packages/com.unity.xr.arfoundation/Runtime/ARSubsystems/Raycasts/XRRaycastSubsystemDescriptor.cs
 0.1 kb	 0.0% Packages/com.unity.xr.arfoundation/Runtime/ARSubsystems/Planes/XRPlaneSubsystemDescriptor.cs
 0.1 kb	 0.0% Packages/com.unity.xr.arfoundation/Runtime/ARSubsystems/Objects/XRObjectTrackingSubsystem.cs
 0.1 kb	 0.0% Packages/com.unity.xr.arfoundation/Runtime/ARSubsystems/Markers/XRMarkerSubsystemDescriptor.cs
 0.1 kb	 0.0% Packages/com.unity.xr.arfoundation/Runtime/ARSubsystems/Images/RuntimeReferenceImageLibrary.cs
 0.1 kb	 0.0% Packages/com.unity.xr.arfoundation/Runtime/ARSubsystems/Images/AddReferenceImageJobState.cs
 0.1 kb	 0.0% Packages/com.unity.xr.arfoundation/Runtime/ARSubsystems/Faces/XRFaceSubsystemDescriptor.cs
 0.1 kb	 0.0% Packages/com.unity.xr.arfoundation/Runtime/ARSubsystems/EnvironmentProbes/XREnvironmentProbeSubsystem.cs
 0.1 kb	 0.0% Packages/com.unity.xr.arfoundation/Runtime/ARSubsystems/Camera/XRCameraSubsystemDescriptor.cs
 0.1 kb	 0.0% Packages/com.unity.xr.arfoundation/Runtime/ARSubsystems/Anchors/XRAnchorSubsystemDescriptor.cs
 0.1 kb	 0.0% Packages/com.unity.xr.arfoundation/Runtime/ARFoundation/Raycasts/ARRaycastUpdatedEventArgs.cs
 0.1 kb	 0.0% Packages/com.unity.xr.arfoundation/Runtime/ARFoundation/PointClouds/ARPointCloudUpdatedEventArgs.cs
 0.1 kb	 0.0% Packages/com.unity.xr.arfoundation/Runtime/ARFoundation/PointClouds/ARPointCloudMeshVisualizer.cs
 0.1 kb	 0.0% Packages/com.unity.xr.arfoundation/Runtime/ARFoundation/Occlusion/SoftOcclusionPreprocessor.cs
 0.1 kb	 0.0% Packages/com.unity.xr.arfoundation/Runtime/ARFoundation/Occlusion/AROcclusionSourceEventArgs.cs
 0.1 kb	 0.0% Packages/com.unity.xr.arfoundation/Runtime/ARFoundation/Occlusion/AROcclusionFrameEventArgs.cs
 0.1 kb	 0.0% Packages/com.unity.xr.arfoundation/Runtime/ARFoundation/Meshing/ARMeshInfosChangedEventArgs.cs
 0.1 kb	 0.0% Packages/com.unity.xr.arfoundation/Runtime/ARFoundation/EnvironmentProbes/AREnvironmentProbeManager.cs
 0.1 kb	 0.0% Packages/com.unity.xr.arfoundation/Runtime/ARFoundation/Deprecated/ARPlaneMeshGenerators.deprecated.cs
 0.1 kb	 0.0% Packages/com.unity.xr.arfoundation/Runtime/ARFoundation/Common/Textures/UpdatableRenderTextureRef.cs
 0.1 kb	 0.0% Packages/com.unity.xr.arfoundation/Runtime/ARFoundation/Common/Textures/FixedLengthSwapchainStrategy.cs
 0.1 kb	 0.0% Packages/com.unity.xr.arfoundation/Runtime/ARFoundation/Camera/ARBackgroundRendererFeature.cs
 0.1 kb	 0.0% Packages/com.unity.inputsystem/InputSystem/Runtime/State/IInputStateCallbackReceiver.cs
 0.1 kb	 0.0% Packages/com.unity.inputsystem/InputSystem/Runtime/Plugins/InputForUI/InputSystemProvider.cs
 0.1 kb	 0.0% Packages/com.unity.inputsystem/InputSystem/Runtime/Plugins/DualShock/DualShockGamepadHID.cs
 0.1 kb	 0.0% Packages/com.unity.inputsystem/InputSystem/Runtime/Devices/IInputUpdateCallbackReceiver.cs
 0.1 kb	 0.0% Packages/com.unity.inputsystem/InputSystem/Runtime/Devices/Commands/SetSamplingFrequencyCommand.cs
 0.1 kb	 0.0% Packages/com.unity.inputsystem/InputSystem/Runtime/Devices/Commands/SetIMECursorPositionCommand.cs
 0.1 kb	 0.0% Packages/com.unity.inputsystem/InputSystem/Runtime/Devices/Commands/QueryKeyboardLayoutCommand.cs
 0.1 kb	 0.0% Packages/com.unity.inputsystem/InputSystem/Runtime/Devices/Commands/EnableIMECompositionCommand.cs
 0.1 kb	 0.0% Packages/com.unity.inputsystem/InputSystem/Runtime/Controls/InputControlLayoutAttribute.cs
 0.1 kb	 0.0% Packages/com.unity.inputsystem/InputSystem/Runtime/Actions/InputActionRebindingExtensions.cs
 0.1 kb	 0.0% Packages/com.unity.inputsystem/InputSystem/Runtime/Actions/DeferBindingResolutionContext.cs
 0.1 kb	 0.0% Packages/com.unity.inputsystem/InputSystem/Editor/UITKAssetEditor/Views/NameAndParametersListView.cs
 0.1 kb	 0.0% Packages/com.unity.inputsystem/InputSystem/Editor/UITKAssetEditor/Views/InputActionMapsTreeViewItem.cs
 0.1 kb	 0.0% Packages/com.unity.inputsystem/InputSystem/Editor/UITKAssetEditor/InputActionsEditorConstants.cs
 0.1 kb	 0.0% Packages/com.unity.inputsystem/InputSystem/Editor/Settings/InputSettingsBuildProvider.cs
 0.1 kb	 0.0% Packages/com.unity.inputsystem/InputSystem/Editor/Settings/EditorPlayerSettingHelpers.cs
 0.1 kb	 0.0% Packages/com.unity.inputsystem/InputSystem/Editor/PropertyDrawers/InputActionPropertyDrawer.cs
 0.1 kb	 0.0% Packages/com.unity.inputsystem/InputSystem/Editor/PropertyDrawers/GamepadButtonPropertyDrawer.cs
 0.1 kb	 0.0% Packages/com.unity.inputsystem/InputSystem/Editor/Internal/SerializedPropertyHelpers.cs
 0.1 kb	 0.0% Packages/com.unity.inputsystem/InputSystem/Editor/Internal/AdvancedDropdown/AdvancedDropdownDataSource.cs
 0.1 kb	 0.0% Packages/com.unity.inputsystem/InputSystem/Editor/InputSystemPackageControl.cs
 0.1 kb	 0.0% Packages/com.unity.inputsystem/InputSystem/Editor/InputSystemEditorInitializer.cs
 0.1 kb	 0.0% Packages/com.unity.inputsystem/InputSystem/Editor/Debugger/SampleFrequencyCalculator.cs
 0.1 kb	 0.0% Packages/com.unity.inputsystem/InputSystem/Editor/Debugger/InputDeviceDebuggerWindow.cs
 0.1 kb	 0.0% Packages/com.unity.inputsystem/InputSystem/Editor/Debugger/InputActionDebuggerWindow.cs
 0.1 kb	 0.0% Packages/com.unity.inputsystem/InputSystem/Editor/ControlPicker/InputControlPickerDropdown.cs
 0.1 kb	 0.0% Packages/com.unity.inputsystem/InputSystem/Editor/ControlPicker/IInputControlPickerLayout.cs
 0.1 kb	 0.0% Packages/com.unity.inputsystem/InputSystem/Editor/AssetImporter/InputActionImporterEditor.cs
 0.1 kb	 0.0% Packages/com.unity.inputsystem/InputSystem/Editor/AssetImporter/InputActionAssetIconLoader.cs
 0.1 kb	 0.0% Packages/com.unity.inputsystem/InputSystem/Editor/AssetEditor/InputBindingPropertiesView.cs
 0.1 kb	 0.0% Packages/com.unity.inputsystem/InputSystem/Editor/AssetEditor/InputActionPropertiesView.cs
 0.1 kb	 0.0% Packages/com.unity.inputsystem/InputSystem/Editor/Analytics/PlayerInputEditorAnalytic.cs
 0.1 kb	 0.0% Packages/com.unity.inputsystem/InputSystem/Editor/Analytics/OnScreenStickEditorAnalytic.cs
 0.1 kb	 0.0% Packages/com.unity.inputsystem/InputSystem/Editor/Analytics/InputExitPlayModeAnalytic.cs
 0.1 kb	 0.0% Packages/com.unity.inputsystem/InputSystem/Editor/Analytics/InputComponentEditorAnalytic.cs
 0.1 kb	 0.0% Assets/XR/UserSimulationSettings/Resources/XRSimulationPreferences.asset
 0.1 kb	 0.0% Packages/com.unity.xr.legacyinputhelpers/Runtime/ArmModels/SwingArmModel.cs
 0.1 kb	 0.0% Packages/com.unity.xr.core-utils/Runtime/Datums/AnimationCurveDatumProperty.cs
 0.1 kb	 0.0% Packages/com.unity.xr.core-utils/Runtime/Attributes/ScriptableSettingsPathAttribute.cs
 0.1 kb	 0.0% Packages/com.unity.xr.arkit/Runtime/Subsystems/PointClouds/ARKitXRPointCloudSubsystem.deprecated.cs
 0.1 kb	 0.0% Packages/com.unity.xr.arkit/Runtime/Subsystems/Faces/XRFaceBlendShapeExtensions.cs
 0.1 kb	 0.0% Packages/com.unity.xr.arkit/Runtime/Subsystems/Faces/ARKitBlendShapeCoefficient.cs
 0.1 kb	 0.0% Packages/com.unity.xr.arfoundation/Runtime/Simulation/XRSimulationRuntimeSettings.cs
 0.1 kb	 0.0% Packages/com.unity.xr.arfoundation/Runtime/InternalUtils/PoseUtils.cs
 0.1 kb	 0.0% Packages/com.unity.xr.arfoundation/Runtime/ARSubsystems/Session/SessionAvailability.cs
 0.1 kb	 0.0% Packages/com.unity.xr.arfoundation/Runtime/ARSubsystems/Occlusion/EnvironmentDepthMode.cs
 0.1 kb	 0.0% Packages/com.unity.ugui/Runtime/UGUI/EventSystem/UIElements/UIToolkitInteroperabilityBridge.cs
 0.1 kb	 0.0% Packages/com.unity.inputsystem/InputSystem/Runtime/Utilities/Observables/ForDeviceEventObservable.cs
 0.1 kb	 0.0% Packages/com.unity.inputsystem/InputSystem/Runtime/Plugins/XR/Haptics/SendHapticImpulseCommand.cs
 0.1 kb	 0.0% Packages/com.unity.inputsystem/InputSystem/Runtime/Plugins/Android/AndroidSensors.cs
 0.1 kb	 0.0% Packages/com.unity.inputsystem/InputSystem/Runtime/Controls/Processors/StickDeadzoneProcessor.cs
 0.1 kb	 0.0% Packages/com.unity.inputsystem/InputSystem/Runtime/Controls/Processors/ScaleVector3Processor.cs
 0.1 kb	 0.0% Packages/com.unity.inputsystem/InputSystem/Runtime/Controls/Processors/ScaleVector2Processor.cs
 0.1 kb	 0.0% Packages/com.unity.inputsystem/InputSystem/Runtime/Controls/Processors/InvertVector3Processor.cs
 0.1 kb	 0.0% Packages/com.unity.inputsystem/InputSystem/Runtime/Controls/Processors/InvertVector2Processor.cs
 0.1 kb	 0.0% Packages/com.unity.inputsystem/InputSystem/Runtime/Controls/Processors/AxisDeadzoneProcessor.cs
 0.1 kb	 0.0% Packages/com.unity.inputsystem/InputSystem/Runtime/Actions/Composites/TwoModifiersComposite.cs
 0.1 kb	 0.0% Packages/com.unity.inputsystem/InputSystem/Runtime/Actions/Composites/ButtonWithTwoModifiers.cs
 0.1 kb	 0.0% Packages/com.unity.inputsystem/InputSystem/Runtime/Actions/Composites/ButtonWithOneModifier.cs
 0.1 kb	 0.0% Packages/com.unity.inputsystem/InputSystem/Editor/AssetEditor/NameAndParameterListView.cs
 0.1 kb	 0.0% Packages/com.unity.inputsystem/InputSystem/Editor/Actions/Interactions/SlowTapInteractionEditor.cs
 0.1 kb	 0.0% Packages/com.unity.inputsystem/InputSystem/Editor/Actions/Interactions/PressInteractionEditor.cs
 0.1 kb	 0.0% Packages/com.unity.inputsystem/InputSystem/Editor/Actions/Interactions/HoldInteractionEditor.cs
 0.1 kb	 0.0% Packages/com.unity.inputsystem/InputSystem/Editor/Actions/Composites/Vector3CompositeEditor.cs
 0.1 kb	 0.0% Packages/com.unity.inputsystem/InputSystem/Editor/Actions/Composites/Vector2CompositeEditor.cs
 0.1 kb	 0.0% Packages/com.unity.xr.legacyinputhelpers/Runtime/TrackedPoseDriver/BasePoseProvider.cs
 0.1 kb	 0.0% Packages/com.unity.xr.core-utils/Runtime/CapabilityProfile/Dictionary/StandardCapabilityKeys.cs
 0.1 kb	 0.0% Packages/com.unity.xr.arkit/Runtime/Subsystems/Session/SerializedARCollaborationData.cs
 0.1 kb	 0.0% Packages/com.unity.xr.arkit/Runtime/Subsystems/EnvironmentProbes/ARKitEnvironmentProbeSubsystem.cs
 0.1 kb	 0.0% Packages/com.unity.xr.arkit/Runtime/Subsystems/Camera/HighResolutionCpuImagePromise.cs
 0.1 kb	 0.0% Packages/com.unity.xr.arfoundation/Runtime/ARSubsystems/Session/XRSessionUpdateParams.cs
 0.1 kb	 0.0% Packages/com.unity.xr.arfoundation/Runtime/ARSubsystems/Session/Configuration/ConfigurationDescriptor.cs
 0.1 kb	 0.0% Packages/com.unity.xr.arfoundation/Runtime/ARSubsystems/PointClouds/XRPointCloudSubsystem.cs
 0.1 kb	 0.0% Packages/com.unity.xr.arfoundation/Runtime/ARSubsystems/Participants/XRParticipantSubsystem.cs
 0.1 kb	 0.0% Packages/com.unity.xr.arfoundation/Runtime/ARSubsystems/Objects/XRReferenceObjectLibrary.cs
 0.1 kb	 0.0% Packages/com.unity.xr.arfoundation/Runtime/ARSubsystems/Objects/XRReferenceObjectEntry.cs
 0.1 kb	 0.0% Packages/com.unity.xr.arfoundation/Runtime/ARSubsystems/Input/HandheldARInputDevice.cs
 0.1 kb	 0.0% Packages/com.unity.xr.arfoundation/Runtime/ARSubsystems/Images/XRReferenceImageLibrary.cs
 0.1 kb	 0.0% Packages/com.unity.xr.arfoundation/Runtime/ARSubsystems/Images/XRImageTrackingSubsystem.cs
 0.1 kb	 0.0% Packages/com.unity.xr.arfoundation/Runtime/ARSubsystems/Images/IReferenceImageLibrary.cs
 0.1 kb	 0.0% Packages/com.unity.xr.arfoundation/Runtime/ARSubsystems/HumanBodies/XRHumanBodyPose2DJoint.cs
 0.1 kb	 0.0% Packages/com.unity.xr.arfoundation/Runtime/ARSubsystems/Camera/XRCameraFrameExifData.cs
 0.1 kb	 0.0% Packages/com.unity.xr.arfoundation/Runtime/ARSubsystems/Camera/XRCameraConfiguration.cs
 0.1 kb	 0.0% Packages/com.unity.xr.arfoundation/Runtime/ARSubsystems/BoundingBoxes/XRBoundingBoxSubsystem.cs
 0.1 kb	 0.0% Packages/com.unity.xr.arfoundation/Runtime/ARFoundation/Raycasts/FallbackRaycastRegistry.cs
 0.1 kb	 0.0% Packages/com.unity.xr.arfoundation/Runtime/ARFoundation/Planes/ARPlaneMeshVisualizer.cs
 0.1 kb	 0.0% Packages/com.unity.xr.arfoundation/Runtime/ARFoundation/Objects/ARTrackedObjectManager.cs
 0.1 kb	 0.0% Packages/com.unity.xr.arfoundation/Runtime/ARFoundation/Meshing/ARMeshesChangedEventArgs.cs
 0.1 kb	 0.0% Packages/com.unity.xr.arfoundation/Runtime/ARFoundation/Images/ARTrackedImageManager.cs
 0.1 kb	 0.0% Packages/com.unity.xr.arfoundation/Runtime/ARFoundation/Faces/ARFaceUpdatedEventArgs.cs
 0.1 kb	 0.0% Packages/com.unity.xr.arfoundation/Runtime/ARFoundation/Common/Textures/UpdatableTextureFactory.cs
 0.1 kb	 0.0% Packages/com.unity.xr.arfoundation/Runtime/ARFoundation/Common/Textures/UpdatableRenderTexture.cs
 0.1 kb	 0.0% Packages/com.unity.xr.arfoundation/Runtime/ARFoundation/Camera/ARLightEstimationData.cs
 0.1 kb	 0.0% Packages/com.unity.xr.arfoundation/Runtime/ARFoundation/Camera/ARCameraFrameEventArgs.cs
 0.1 kb	 0.0% Packages/com.unity.xr.arfoundation/Runtime/ARFoundation/Anchors/ARSaveOrLoadAnchorResult.cs
 0.1 kb	 0.0% Packages/com.unity.ugui/Runtime/TMP/TMP_SpriteAssetImportFormats.cs
 0.1 kb	 0.0% Packages/com.unity.inputsystem/InputSystem/Runtime/State/IInputStateChangeMonitor.cs
 0.1 kb	 0.0% Packages/com.unity.inputsystem/InputSystem/Runtime/Plugins/iOS/IOSGameController.cs
 0.1 kb	 0.0% Packages/com.unity.inputsystem/InputSystem/Runtime/Plugins/XInput/XInputControllerWindows.cs
 0.1 kb	 0.0% Packages/com.unity.inputsystem/InputSystem/Runtime/Plugins/Users/InputUserAccountHandle.cs
 0.1 kb	 0.0% Packages/com.unity.inputsystem/InputSystem/Runtime/Plugins/Switch/SwitchProControllerHID.cs
 0.1 kb	 0.0% Packages/com.unity.inputsystem/InputSystem/Runtime/Plugins/OSX/OSXGameController.cs
 0.1 kb	 0.0% Packages/com.unity.inputsystem/InputSystem/Runtime/Plugins/EnhancedTouch/EnhancedTouchSupport.cs
 0.1 kb	 0.0% Packages/com.unity.inputsystem/InputSystem/Runtime/InputManagerStateMonitors.cs
 0.1 kb	 0.0% Packages/com.unity.inputsystem/InputSystem/Runtime/Events/DeviceConfigurationEvent.cs
 0.1 kb	 0.0% Packages/com.unity.inputsystem/InputSystem/Runtime/Devices/Remote/RemoteInputPlayerConnection.cs
 0.1 kb	 0.0% Packages/com.unity.inputsystem/InputSystem/Runtime/Devices/InputDeviceDescription.cs
 0.1 kb	 0.0% Packages/com.unity.inputsystem/InputSystem/Runtime/Devices/Haptics/DualMotorRumbleCommand.cs
 0.1 kb	 0.0% Packages/com.unity.inputsystem/InputSystem/Runtime/Devices/Commands/WarpMousePositionCommand.cs
 0.1 kb	 0.0% Packages/com.unity.inputsystem/InputSystem/Runtime/Devices/Commands/QueryEnabledStateCommand.cs
 0.1 kb	 0.0% Packages/com.unity.inputsystem/InputSystem/Runtime/Devices/Commands/QueryDimensionsCommand.cs
 0.1 kb	 0.0% Packages/com.unity.inputsystem/InputSystem/Runtime/Devices/Commands/QueryCanRunInBackground.cs
 0.1 kb	 0.0% Packages/com.unity.inputsystem/InputSystem/Runtime/Devices/Commands/IInputDeviceCommandInfo.cs
 0.1 kb	 0.0% Packages/com.unity.inputsystem/InputSystem/Runtime/Controls/InputControlAttribute.cs
 0.1 kb	 0.0% Packages/com.unity.inputsystem/InputSystem/Runtime/Controls/DiscreteButtonControl.cs
 0.1 kb	 0.0% Packages/com.unity.inputsystem/InputSystem/Runtime/Actions/InputBindingCompositeContext.cs
 0.1 kb	 0.0% Packages/com.unity.inputsystem/InputSystem/Runtime/Actions/InputActionSetupExtensions.cs
 0.1 kb	 0.0% Packages/com.unity.inputsystem/InputSystem/Runtime/Actions/InputActionParameters.cs
 0.1 kb	 0.0% Packages/com.unity.inputsystem/InputSystem/Editor/UITKAssetEditor/Views/VisualElementExtensions.cs
 0.1 kb	 0.0% Packages/com.unity.inputsystem/InputSystem/Editor/UITKAssetEditor/Views/InputActionsTreeViewItem.cs
 0.1 kb	 0.0% Packages/com.unity.inputsystem/InputSystem/Editor/UITKAssetEditor/Views/InputActionsEditorView.cs
 0.1 kb	 0.0% Packages/com.unity.inputsystem/InputSystem/Editor/UITKAssetEditor/Views/BindingPropertiesView.cs
 0.1 kb	 0.0% Packages/com.unity.inputsystem/InputSystem/Editor/UITKAssetEditor/SerializedInputBinding.cs
 0.1 kb	 0.0% Packages/com.unity.inputsystem/InputSystem/Editor/UITKAssetEditor/SerializedInputActionMap.cs
 0.1 kb	 0.0% Packages/com.unity.inputsystem/InputSystem/Editor/UITKAssetEditor/SerializedInputAction.cs
 0.1 kb	 0.0% Packages/com.unity.inputsystem/InputSystem/Editor/UITKAssetEditor/InputActionsEditorWindow.cs
 0.1 kb	 0.0% Packages/com.unity.inputsystem/InputSystem/Editor/UITKAssetEditor/InputActionsEditorState.cs
 0.1 kb	 0.0% Packages/com.unity.inputsystem/InputSystem/Editor/UITKAssetEditor/Commands/ControlSchemeCommands.cs
 0.1 kb	 0.0% Packages/com.unity.inputsystem/InputSystem/Editor/Settings/InputSettingsProvider.cs
 0.1 kb	 0.0% Packages/com.unity.inputsystem/InputSystem/Editor/PropertyDrawers/InputControlPathDrawer.cs
 0.1 kb	 0.0% Packages/com.unity.inputsystem/InputSystem/Editor/PropertyDrawers/InputActionDrawerBase.cs
 0.1 kb	 0.0% Packages/com.unity.inputsystem/InputSystem/Editor/PropertyDrawers/InputActionAssetDrawer.cs
 0.1 kb	 0.0% Packages/com.unity.inputsystem/InputSystem/Editor/ProjectWideActions/ProjectWideActionsAsset.cs
 0.1 kb	 0.0% Packages/com.unity.inputsystem/InputSystem/Editor/Plugins/PlayerInput/PlayerInputManagerEditor.cs
 0.1 kb	 0.0% Packages/com.unity.inputsystem/InputSystem/Editor/Plugins/EnhancedTouch/TouchSimulationEditor.cs
 0.1 kb	 0.0% Packages/com.unity.inputsystem/InputSystem/Editor/Internal/AdvancedDropdown/AdvancedDropdownWindow.cs
 0.1 kb	 0.0% Packages/com.unity.inputsystem/InputSystem/Editor/Internal/AdvancedDropdown/AdvancedDropdownState.cs
 0.1 kb	 0.0% Packages/com.unity.inputsystem/InputSystem/Editor/InputSystemPluginControl.cs
 0.1 kb	 0.0% Packages/com.unity.inputsystem/InputSystem/Editor/InputLayoutCodeGenerator.cs
 0.1 kb	 0.0% Packages/com.unity.inputsystem/InputSystem/Editor/InputAssetEditorUtils.cs
 0.1 kb	 0.0% Packages/com.unity.inputsystem/InputSystem/Editor/Debugger/InputLatencyCalculator.cs
 0.1 kb	 0.0% Packages/com.unity.inputsystem/InputSystem/Editor/ControlPicker/InputControlPickerState.cs
 0.1 kb	 0.0% Packages/com.unity.inputsystem/InputSystem/Editor/ControlPicker/InputControlPathEditor.cs
 0.1 kb	 0.0% Packages/com.unity.inputsystem/InputSystem/Editor/ControlPicker/InputControlDropdownItem.cs
 0.1 kb	 0.0% Packages/com.unity.inputsystem/InputSystem/Editor/AssetImporter/InputActionCodeGenerator.cs
 0.1 kb	 0.0% Packages/com.unity.inputsystem/InputSystem/Editor/AssetImporter/InputActionAssetEditor.cs
 0.1 kb	 0.0% Packages/com.unity.inputsystem/InputSystem/Editor/AssetImporter/IInputActionAssetEditor.cs
 0.1 kb	 0.0% Packages/com.unity.inputsystem/InputSystem/Editor/AssetEditor/InputActionAssetManager.cs
 0.1 kb	 0.0% Packages/com.unity.inputsystem/InputSystem/Actions/InputActionStateMonitorIndex.cs
 0.1 kb	 0.0% Packages/com.unity.xr.management/Runtime/XRManagementAnalytics.cs
 0.1 kb	 0.0% Packages/com.unity.xr.management/Runtime/XRConfigurationData.cs
 0.1 kb	 0.0% Packages/com.unity.xr.legacyinputhelpers/Runtime/TrackedPoseDriver/TrackedPoseDriver.cs
 0.1 kb	 0.0% Packages/com.unity.xr.legacyinputhelpers/Runtime/CameraOffset.cs
 0.1 kb	 0.0% Packages/com.unity.xr.arkit/Runtime/NativeTypes/ARKit/ARWorldMapRequestStatus.cs
 0.1 kb	 0.0% Packages/com.unity.xr.arfoundation/Runtime/Simulation/XRSimulationPreferences.cs
 0.1 kb	 0.0% Packages/com.unity.xr.arfoundation/Runtime/Simulation/Environment/SimulationEnvironment.cs
 0.1 kb	 0.0% Packages/com.unity.xr.arfoundation/Runtime/ARSubsystems/PointClouds/XRDepthSubsystem.deprecated.cs
 0.1 kb	 0.0% Packages/com.unity.xr.arfoundation/Runtime/ARFoundation/Camera/LightEstimation.cs
 0.1 kb	 0.0% Packages/com.unity.xr.arfoundation/Runtime/ARFoundation/Camera/CameraFacingDirection.cs
 0.1 kb	 0.0% Packages/com.unity.ugui/Runtime/UGUI/UI/Core/Layout/HorizontalOrVerticalLayoutGroup.cs
 0.1 kb	 0.0% Packages/com.unity.inputsystem/InputSystem/Runtime/Utilities/NameAndParameters.cs
 0.1 kb	 0.0% Packages/com.unity.inputsystem/InputSystem/Runtime/Utilities/CSharpCodeHelpers.cs
 0.1 kb	 0.0% Packages/com.unity.inputsystem/InputSystem/Runtime/Plugins/UI/TrackedDeviceRaycaster.cs
 0.1 kb	 0.0% Packages/com.unity.inputsystem/InputSystem/Runtime/Plugins/UI/MultiplayerEventSystem.cs
 0.1 kb	 0.0% Packages/com.unity.inputsystem/InputSystem/Runtime/Plugins/UI/InputSystemUIInputModule.cs
 0.1 kb	 0.0% Packages/com.unity.inputsystem/InputSystem/Runtime/Plugins/UI/ExtendedPointerEventData.cs
 0.1 kb	 0.0% Packages/com.unity.inputsystem/InputSystem/Runtime/Plugins/UI/ExtendedAxisEventData.cs
 0.1 kb	 0.0% Packages/com.unity.inputsystem/InputSystem/Runtime/Plugins/DualShock/IDualShockHaptics.cs
 0.1 kb	 0.0% Packages/com.unity.inputsystem/InputSystem/Runtime/Controls/Processors/NormalizeProcessor.cs
 0.1 kb	 0.0% Packages/com.unity.inputsystem/InputSystem/Runtime/Actions/Interactions/SlowTapInteraction.cs
 0.1 kb	 0.0% Packages/com.unity.inputsystem/InputSystem/Runtime/Actions/Interactions/MultiTapInteraction.cs
 0.1 kb	 0.0% Packages/com.unity.inputsystem/InputSystem/Runtime/Actions/Composites/OneModifierComposite.cs
 0.1 kb	 0.0% Packages/com.unity.inputsystem/InputSystem/Editor/Utilities/DirtyAssetTracker.cs
 0.1 kb	 0.0% Packages/com.unity.inputsystem/InputSystem/Editor/Plugins/HID/HIDDescriptorWindow.cs
 0.1 kb	 0.0% Packages/com.unity.inputsystem/InputSystem/Editor/AssetEditor/ParameterListView.cs
 0.1 kb	 0.0% Packages/com.unity.inputsystem/InputSystem/Editor/AssetEditor/InputActionTreeViewItems.cs
 0.1 kb	 0.0% Packages/com.unity.inputsystem/InputSystem/Editor/Actions/Interactions/TapInteractionEditor.cs
 0.1 kb	 0.0% Packages/com.unity.inputsystem/InputSystem/Editor/Actions/Composites/AxisCompositeEditor.cs
 0.1 kb	 0.0% Packages/com.unity.xr.core-utils/Runtime/CapabilityProfile/Dictionary/ICapabilityModifier.cs
 0.1 kb	 0.0% Packages/com.unity.xr.core-utils/Runtime/CapabilityProfile/Dictionary/CapabilityDictionary.cs
 0.1 kb	 0.0% Packages/com.unity.xr.core-utils/Runtime/CapabilityProfile/CapabilityProfile.cs
 0.1 kb	 0.0% Packages/com.unity.xr.core-utils/Runtime/Attributes/FlagsPropertyAttribute.cs
 0.1 kb	 0.0% Packages/com.unity.xr.arkit/Runtime/Subsystems/Session/DefaultARKitSessionDelegate.cs
 0.1 kb	 0.0% Packages/com.unity.xr.arkit/Runtime/Subsystems/Session/ARCollaborationDataBuilder.cs
 0.1 kb	 0.0% Packages/com.unity.xr.arkit/Runtime/Subsystems/PointClouds/ARKitXRDepthSubsystem.deprecated.cs
 0.1 kb	 0.0% Packages/com.unity.xr.arkit/Runtime/Subsystems/Planes/ARKitXRPlaneSubsystem.deprecated.cs
 0.1 kb	 0.0% Packages/com.unity.xr.arkit/Runtime/Subsystems/Participants/ARKitParticipantSubsystem.cs
 0.1 kb	 0.0% Packages/com.unity.xr.arkit/Runtime/Subsystems/Objects/ARKitReferenceObjectEntry.cs
 0.1 kb	 0.0% Packages/com.unity.xr.arkit/Runtime/Subsystems/Objects/ARKitObjectTrackingSubsystem.cs
 0.1 kb	 0.0% Packages/com.unity.xr.arkit/Runtime/Subsystems/Meshing/ARKitMeshSubsystemExtensions.cs
 0.1 kb	 0.0% Packages/com.unity.xr.arkit/Runtime/Subsystems/Images/ARKitImageTrackingProvider.cs
 0.1 kb	 0.0% Packages/com.unity.xr.arkit/Runtime/Subsystems/BoundingBoxes/RoomPlanBoundingBoxSubsystem.cs
 0.1 kb	 0.0% Packages/com.unity.xr.arfoundation/Runtime/ARSubsystems/Utils/SharedStringBuilder.cs
 0.1 kb	 0.0% Packages/com.unity.xr.arfoundation/Runtime/ARSubsystems/Utils/ObjectPoolCreateUtil.cs
 0.1 kb	 0.0% Packages/com.unity.xr.arfoundation/Runtime/ARSubsystems/Utils/NativeCopyUtility.cs
 0.1 kb	 0.0% Packages/com.unity.xr.arfoundation/Runtime/ARSubsystems/Session/XRSessionSubsystem.cs
 0.1 kb	 0.0% Packages/com.unity.xr.arfoundation/Runtime/ARSubsystems/Session/Configuration/ConfigurationChooser.cs
 0.1 kb	 0.0% Packages/com.unity.xr.arfoundation/Runtime/ARSubsystems/Raycasts/XRRaycastSubsystem.cs
 0.1 kb	 0.0% Packages/com.unity.xr.arfoundation/Runtime/ARSubsystems/Planes/PlaneAlignment.cs
 0.1 kb	 0.0% Packages/com.unity.xr.arfoundation/Runtime/ARSubsystems/Planes/BoundedPlaneBuilder.cs
 0.1 kb	 0.0% Packages/com.unity.xr.arfoundation/Runtime/ARSubsystems/Occlusion/XROcclusionSubsystem.cs
 0.1 kb	 0.0% Packages/com.unity.xr.arfoundation/Runtime/ARSubsystems/Objects/XRReferenceObject.cs
 0.1 kb	 0.0% Packages/com.unity.xr.arfoundation/Runtime/ARSubsystems/Markers/XRMarkerSubsystem.cs
 0.1 kb	 0.0% Packages/com.unity.xr.arfoundation/Runtime/ARSubsystems/HumanBodies/XRHumanBodySubsystem.cs
 0.1 kb	 0.0% Packages/com.unity.xr.arfoundation/Runtime/ARSubsystems/EnvironmentProbes/XREnvironmentProbe.cs
 0.1 kb	 0.0% Packages/com.unity.xr.arfoundation/Runtime/ARSubsystems/Common/Textures/XRTextureType.cs
 0.1 kb	 0.0% Packages/com.unity.xr.arfoundation/Runtime/ARSubsystems/Common/Textures/XRTextureDescriptor.cs
 0.1 kb	 0.0% Packages/com.unity.xr.arfoundation/Runtime/ARSubsystems/Camera/XRCameraSubsystem.cs
 0.1 kb	 0.0% Packages/com.unity.xr.arfoundation/Runtime/ARSubsystems/Camera/XRCameraIntrinsics.cs
 0.1 kb	 0.0% Packages/com.unity.xr.arfoundation/Runtime/ARSubsystems/BoundingBoxes/XRBoundingBoxBuilder.cs
 0.1 kb	 0.0% Packages/com.unity.xr.arfoundation/Runtime/ARSubsystems/Anchors/XRSaveAnchorResult.cs
 0.1 kb	 0.0% Packages/com.unity.xr.arfoundation/Runtime/ARSubsystems/Anchors/XRLoadAnchorResult.cs
 0.1 kb	 0.0% Packages/com.unity.xr.arfoundation/Runtime/ARSubsystems/Anchors/XREraseAnchorResult.cs
 0.1 kb	 0.0% Packages/com.unity.xr.arfoundation/Runtime/ARSubsystems/Anchors/XRAnchorSubsystem.cs
 0.1 kb	 0.0% Packages/com.unity.xr.arfoundation/Runtime/ARFoundation/Utils/TransformExtensions.cs
 0.1 kb	 0.0% Packages/com.unity.xr.arfoundation/Runtime/ARFoundation/PointClouds/ARPointCloudManager.cs
 0.1 kb	 0.0% Packages/com.unity.xr.arfoundation/Runtime/ARFoundation/Planes/ARPlaneMeshGenerator.cs
 0.1 kb	 0.0% Packages/com.unity.xr.arfoundation/Runtime/ARFoundation/Participants/ARParticipantManager.cs
 0.1 kb	 0.0% Packages/com.unity.xr.arfoundation/Runtime/ARFoundation/Occlusion/ARShaderOcclusion.cs
 0.1 kb	 0.0% Packages/com.unity.xr.arfoundation/Runtime/ARFoundation/Occlusion/AROcclusionManager.cs
 0.1 kb	 0.0% Packages/com.unity.xr.arfoundation/Runtime/ARFoundation/HumanBodies/ARHumanBodyManager.cs
 0.1 kb	 0.0% Packages/com.unity.xr.arfoundation/Runtime/ARFoundation/Faces/ARFaceMeshVisualizer.cs
 0.1 kb	 0.0% Packages/com.unity.xr.arfoundation/Runtime/ARFoundation/EnvironmentProbes/AREnvironmentProbe.cs
 0.1 kb	 0.0% Packages/com.unity.xr.arfoundation/Runtime/ARFoundation/Common/Textures/UpdatableTexture3D.cs
 0.1 kb	 0.0% Packages/com.unity.xr.arfoundation/Runtime/ARFoundation/Common/Textures/UpdatableTexture2D.cs
 0.1 kb	 0.0% Packages/com.unity.xr.arfoundation/Runtime/ARFoundation/Common/Textures/NoSwapchainStrategy.cs
 0.1 kb	 0.0% Packages/com.unity.xr.arfoundation/Runtime/ARFoundation/Common/Textures/IUpdatableTexture.cs
 0.1 kb	 0.0% Packages/com.unity.xr.arfoundation/Runtime/ARFoundation/Common/Textures/ISwapchainStrategy.cs
 0.1 kb	 0.0% Packages/com.unity.xr.arfoundation/Runtime/ARFoundation/Common/Textures/ARExternalTexture.cs
 0.1 kb	 0.0% Packages/com.unity.xr.arfoundation/Runtime/ARFoundation/Camera/ARCameraBackground.cs
 0.1 kb	 0.0% Packages/com.unity.xr.arfoundation/Runtime/ARFoundation/BoundingBoxes/BoundingBoxRaycaster.cs
 0.1 kb	 0.0% Packages/com.unity.xr.arfoundation/Runtime/ARFoundation/BoundingBoxes/ARBoundingBoxManager.cs
 0.1 kb	 0.0% Packages/com.unity.ugui/Runtime/TMP/TMP_DynamicFontAssetUtilities.cs
 0.1 kb	 0.0% Packages/com.unity.inputsystem/InputSystem/Runtime/Utilities/Comparers.cs
 0.1 kb	 0.0% Packages/com.unity.inputsystem/InputSystem/Runtime/State/InputStateHistory.cs
 0.1 kb	 0.0% Packages/com.unity.inputsystem/InputSystem/Runtime/State/InputStateBuffers.cs
 0.1 kb	 0.0% Packages/com.unity.inputsystem/InputSystem/Runtime/State/IInputStateTypeInfo.cs
 0.1 kb	 0.0% Packages/com.unity.inputsystem/InputSystem/Runtime/Plugins/Users/InputUserSettings.cs
 0.1 kb	 0.0% Packages/com.unity.inputsystem/InputSystem/Runtime/Plugins/Switch/SwitchProController.cs
 0.1 kb	 0.0% Packages/com.unity.inputsystem/InputSystem/Runtime/Plugins/EnhancedTouch/TouchSimulation.cs
 0.1 kb	 0.0% Packages/com.unity.inputsystem/InputSystem/Runtime/NativeInputRuntime.cs
 0.1 kb	 0.0% Packages/com.unity.inputsystem/InputSystem/Runtime/InputEditorUserSettings.cs
 0.1 kb	 0.0% Packages/com.unity.inputsystem/InputSystem/Runtime/Events/InputEventListener.cs
 0.1 kb	 0.0% Packages/com.unity.inputsystem/InputSystem/Runtime/Events/IMECompositionEvent.cs
 0.1 kb	 0.0% Packages/com.unity.inputsystem/InputSystem/Runtime/Events/IInputEventTypeInfo.cs
 0.1 kb	 0.0% Packages/com.unity.inputsystem/InputSystem/Runtime/Events/DeviceRemoveEvent.cs
 0.1 kb	 0.0% Packages/com.unity.inputsystem/InputSystem/Runtime/Devices/InputDeviceMatcher.cs
 0.1 kb	 0.0% Packages/com.unity.inputsystem/InputSystem/Runtime/Devices/InputDeviceBuilder.cs
 0.1 kb	 0.0% Packages/com.unity.inputsystem/InputSystem/Runtime/Devices/ITextInputReceiver.cs
 0.1 kb	 0.0% Packages/com.unity.inputsystem/InputSystem/Runtime/Devices/IEventPreProcessor.cs
 0.1 kb	 0.0% Packages/com.unity.inputsystem/InputSystem/Runtime/Devices/ICustomDeviceReset.cs
 0.1 kb	 0.0% Packages/com.unity.inputsystem/InputSystem/Runtime/Devices/Commands/RequestSyncCommand.cs
 0.1 kb	 0.0% Packages/com.unity.inputsystem/InputSystem/Runtime/Devices/Commands/RequestResetCommand.cs
 0.1 kb	 0.0% Packages/com.unity.inputsystem/InputSystem/Runtime/Devices/Commands/QueryUserIdCommand.cs
 0.1 kb	 0.0% Packages/com.unity.inputsystem/InputSystem/Runtime/Devices/Commands/QueryKeyNameCommand.cs
 0.1 kb	 0.0% Packages/com.unity.inputsystem/InputSystem/Runtime/Devices/Commands/InputDeviceCommand.cs
 0.1 kb	 0.0% Packages/com.unity.inputsystem/InputSystem/Runtime/Devices/Commands/EnableDeviceCommand.cs
 0.1 kb	 0.0% Packages/com.unity.inputsystem/InputSystem/Runtime/Devices/Commands/DisableDeviceCommand.cs
 0.1 kb	 0.0% Packages/com.unity.inputsystem/InputSystem/Runtime/Controls/TouchPressControl.cs
 0.1 kb	 0.0% Packages/com.unity.inputsystem/InputSystem/Runtime/Controls/TouchPhaseControl.cs
 0.1 kb	 0.0% Packages/com.unity.inputsystem/InputSystem/Runtime/Controls/QuaternionControl.cs
 0.1 kb	 0.0% Packages/com.unity.inputsystem/InputSystem/Runtime/Controls/InputControlLayout.cs
 0.1 kb	 0.0% Packages/com.unity.inputsystem/InputSystem/Runtime/Controls/InputControlExtensions.cs
 0.1 kb	 0.0% Packages/com.unity.inputsystem/InputSystem/Runtime/Actions/InputInteractionContext.cs
 0.1 kb	 0.0% Packages/com.unity.inputsystem/InputSystem/Runtime/Actions/InputBindingComposite.cs
 0.1 kb	 0.0% Packages/com.unity.inputsystem/InputSystem/Runtime/Actions/IInputActionCollection.cs
 0.1 kb	 0.0% Packages/com.unity.inputsystem/InputSystem/Editor/VirtualMouseInputEditor.cs
 0.1 kb	 0.0% Packages/com.unity.inputsystem/InputSystem/Editor/UITKAssetEditor/Views/MatchingControlPaths.cs
 0.1 kb	 0.0% Packages/com.unity.inputsystem/InputSystem/Editor/UITKAssetEditor/Views/IViewStateCollection.cs
 0.1 kb	 0.0% Packages/com.unity.inputsystem/InputSystem/Editor/UITKAssetEditor/Views/ControlSchemesView.cs
 0.1 kb	 0.0% Packages/com.unity.inputsystem/InputSystem/Editor/UITKAssetEditor/Views/ActionPropertiesView.cs
 0.1 kb	 0.0% Packages/com.unity.inputsystem/InputSystem/Editor/UITKAssetEditor/EnumerableExtensions.cs
 0.1 kb	 0.0% Packages/com.unity.inputsystem/InputSystem/Editor/PropertyDrawers/InputActionMapDrawer.cs
 0.1 kb	 0.0% Packages/com.unity.inputsystem/InputSystem/Editor/PropertyDrawers/InputActionDrawer.cs
 0.1 kb	 0.0% Packages/com.unity.inputsystem/InputSystem/Editor/Plugins/iOS/InputSettingsiOSProvider.cs
 0.1 kb	 0.0% Packages/com.unity.inputsystem/InputSystem/Editor/Plugins/PlayerInput/PlayerInputEditor.cs
 0.1 kb	 0.0% Packages/com.unity.inputsystem/InputSystem/Editor/Plugins/OnScreen/OnScreenStickEditor.cs
 0.1 kb	 0.0% Packages/com.unity.inputsystem/InputSystem/Editor/Plugins/OnScreen/OnScreenButtonEditor.cs
 0.1 kb	 0.0% Packages/com.unity.inputsystem/InputSystem/Editor/Internal/InputEventTreeView.cs
 0.1 kb	 0.0% Packages/com.unity.inputsystem/InputSystem/Editor/Internal/InputControlTreeView.cs
 0.1 kb	 0.0% Packages/com.unity.inputsystem/InputSystem/Editor/Internal/BuildProviderHelpers.cs
 0.1 kb	 0.0% Packages/com.unity.inputsystem/InputSystem/Editor/Internal/AdvancedDropdown/MultiLevelDataSource.cs
 0.1 kb	 0.0% Packages/com.unity.inputsystem/InputSystem/Editor/Internal/AdvancedDropdown/CallbackDataSource.cs
 0.1 kb	 0.0% Packages/com.unity.inputsystem/InputSystem/Editor/Internal/AdvancedDropdown/AdvancedDropdownItem.cs
 0.1 kb	 0.0% Packages/com.unity.inputsystem/InputSystem/Editor/Internal/AdvancedDropdown/AdvancedDropdownGUI.cs
 0.1 kb	 0.0% Packages/com.unity.inputsystem/InputSystem/Editor/InputSystemStateManager.cs
 0.1 kb	 0.0% Packages/com.unity.inputsystem/InputSystem/Editor/InputParameterEditor.cs
 0.1 kb	 0.0% Packages/com.unity.inputsystem/InputSystem/Editor/DeviceSimulator/InputSystemPlugin.cs
 0.1 kb	 0.0% Packages/com.unity.inputsystem/InputSystem/Editor/Debugger/InputDebuggerWindow.cs
 0.1 kb	 0.0% Packages/com.unity.inputsystem/InputSystem/Editor/ControlPicker/InputControlPicker.cs
 0.1 kb	 0.0% Packages/com.unity.inputsystem/InputSystem/Editor/BuildPipeline/LinkFileGenerator.cs
 0.1 kb	 0.0% Packages/com.unity.inputsystem/InputSystem/Editor/AssetImporter/InputActionImporter.cs
 0.1 kb	 0.0% Packages/com.unity.inputsystem/InputSystem/Editor/AssetEditor/PropertiesViewBase.cs
 0.1 kb	 0.0% Packages/com.unity.inputsystem/InputSystem/Editor/AssetEditor/InputActionTreeView.cs
 0.1 kb	 0.0% Packages/com.unity.inputsystem/InputSystem/Editor/Analytics/InputEditorAnalytics.cs
 0.1 kb	 0.0% Packages/com.unity.inputsystem/InputSystem/Editor/Analytics/InputBuildAnalytic.cs
 0.1 kb	 0.0% Packages/com.unity.xr.management/Runtime/XRManagerSettings.cs
 0.1 kb	 0.0% Packages/com.unity.xr.management/Runtime/XRGeneralSettings.cs
 0.1 kb	 0.0% Packages/com.unity.xr.legacyinputhelpers/Runtime/ArmModels/ArmModel.cs
 0.1 kb	 0.0% Packages/com.unity.xr.core-utils/Runtime/ScriptableSettingsBase.cs
 0.1 kb	 0.0% Packages/com.unity.xr.core-utils/Runtime/Extensions/MonoBehaviourExtensions.cs
 0.1 kb	 0.0% Packages/com.unity.xr.core-utils/Runtime/Datums/StringDatumProperty.cs
 0.1 kb	 0.0% Packages/com.unity.xr.core-utils/Runtime/Datums/FloatDatumProperty.cs
 0.1 kb	 0.0% Packages/com.unity.xr.core-utils/Runtime/Datums/AnimationCurveDatum.cs
 0.1 kb	 0.0% Packages/com.unity.xr.arkit/Runtime/Subsystems/Faces/ARKitFaceSubsystem.cs
 0.1 kb	 0.0% Packages/com.unity.xr.arfoundation/Runtime/ARSubsystems/Common/Textures/XRCpuImage/AsyncConversionStatus.cs
 0.1 kb	 0.0% Packages/com.unity.xr.arfoundation/Runtime/ARFoundation/Session/TrackingMode.cs
 0.1 kb	 0.0% Packages/com.unity.ugui/Runtime/UGUI/EventSystem/UIElements/WorldDocumentRaycaster.cs
 0.1 kb	 0.0% Packages/com.unity.ugui/Runtime/UGUI/EventSystem/InputModules/StandaloneInputModule.cs
 0.1 kb	 0.0% Packages/com.unity.inputsystem/InputSystem/Runtime/Utilities/StringHelpers.cs
 0.1 kb	 0.0% Packages/com.unity.inputsystem/InputSystem/Runtime/Utilities/SpriteUtilities.cs
 0.1 kb	 0.0% Packages/com.unity.inputsystem/InputSystem/Runtime/Utilities/PrimitiveValue.cs
 0.1 kb	 0.0% Packages/com.unity.inputsystem/InputSystem/Runtime/Utilities/PredictiveParser.cs
 0.1 kb	 0.0% Packages/com.unity.inputsystem/InputSystem/Runtime/Utilities/NumberHelpers.cs
 0.1 kb	 0.0% Packages/com.unity.inputsystem/InputSystem/Runtime/Utilities/MemoryHelpers.cs
 0.1 kb	 0.0% Packages/com.unity.inputsystem/InputSystem/Runtime/Utilities/InternedString.cs
 0.1 kb	 0.0% Packages/com.unity.inputsystem/InputSystem/Runtime/Utilities/ExceptionHelpers.cs
 0.1 kb	 0.0% Packages/com.unity.inputsystem/InputSystem/Runtime/Utilities/DelegateHelpers.cs
 0.1 kb	 0.0% Packages/com.unity.inputsystem/InputSystem/Runtime/Plugins/iOS/iOSStepCounter.cs
 0.1 kb	 0.0% Packages/com.unity.inputsystem/InputSystem/Runtime/Plugins/XR/TrackedPoseDriver.cs
 0.1 kb	 0.0% Packages/com.unity.inputsystem/InputSystem/Runtime/Plugins/XR/Haptics/BufferedRumble.cs
 0.1 kb	 0.0% Packages/com.unity.inputsystem/InputSystem/Runtime/Plugins/UI/VirtualMouseInput.cs
 0.1 kb	 0.0% Packages/com.unity.inputsystem/InputSystem/Runtime/Plugins/UI/INavigationEventData.cs
 0.1 kb	 0.0% Packages/com.unity.inputsystem/InputSystem/Runtime/Plugins/UI/BaseInputOverride.cs
 0.1 kb	 0.0% Packages/com.unity.inputsystem/InputSystem/Runtime/Plugins/DualShock/DualShockSupport.cs
 0.1 kb	 0.0% Packages/com.unity.inputsystem/InputSystem/Runtime/Plugins/DualShock/DualShockGamepad.cs
 0.1 kb	 0.0% Packages/com.unity.inputsystem/InputSystem/Runtime/Controls/Processors/ScaleProcessor.cs
 0.1 kb	 0.0% Packages/com.unity.inputsystem/InputSystem/Runtime/Controls/Processors/InvertProcessor.cs
 0.1 kb	 0.0% Packages/com.unity.inputsystem/InputSystem/Runtime/Controls/Processors/ClampProcessor.cs
 0.1 kb	 0.0% Packages/com.unity.inputsystem/InputSystem/Runtime/Actions/Interactions/TapInteraction.cs
 0.1 kb	 0.0% Packages/com.unity.inputsystem/InputSystem/Runtime/Actions/Interactions/PressInteraction.cs
 0.1 kb	 0.0% Packages/com.unity.inputsystem/InputSystem/Runtime/Actions/Interactions/HoldInteraction.cs
 0.1 kb	 0.0% Packages/com.unity.inputsystem/InputSystem/Runtime/Actions/InputActionTrace.cs
 0.1 kb	 0.0% Packages/com.unity.inputsystem/InputSystem/Runtime/Actions/Composites/Vector3Composite.cs
 0.1 kb	 0.0% Packages/com.unity.inputsystem/InputSystem/Runtime/Actions/Composites/Vector2Composite.cs
 0.1 kb	 0.0% Packages/com.unity.inputsystem/InputSystem/Runtime/Actions/Composites/AxisComposite.cs
 0.1 kb	 0.0% Packages/com.unity.xr.core-utils/Runtime/Attributes/EnumDisplayAttribute.cs
 0.1 kb	 0.0% Packages/com.unity.xr.arkit/Runtime/Subsystems/Session/ARKitSessionSubsystem.cs
 0.1 kb	 0.0% Packages/com.unity.xr.arkit/Runtime/Subsystems/Raycasts/ARKitRaycastSubsystem.cs
 0.1 kb	 0.0% Packages/com.unity.xr.arkit/Runtime/Subsystems/PointClouds/ARKitPointCloudSubsystem.cs
 0.1 kb	 0.0% Packages/com.unity.xr.arkit/Runtime/Subsystems/Occlusion/ARKitOcclusionSubsystem.cs
 0.1 kb	 0.0% Packages/com.unity.xr.arkit/Runtime/Subsystems/Images/ManagedImageReference.cs
 0.1 kb	 0.0% Packages/com.unity.xr.arkit/Runtime/Subsystems/HumanBodies/ARKitHumanBodySubsystem.cs
 0.1 kb	 0.0% Packages/com.unity.xr.arkit/Runtime/Subsystems/Camera/ARKitWhiteBalanceRange.cs
 0.1 kb	 0.0% Packages/com.unity.xr.arkit/Runtime/Subsystems/Camera/ARKitWhiteBalanceGains.cs
 0.1 kb	 0.0% Packages/com.unity.xr.arfoundation/Runtime/ARSubsystems/Utils/ScopedProfiler.cs
 0.1 kb	 0.0% Packages/com.unity.xr.arfoundation/Runtime/ARSubsystems/Utils/ARRenderingUtils.cs
 0.1 kb	 0.0% Packages/com.unity.xr.arfoundation/Runtime/ARSubsystems/Session/Configuration/Configuration.cs
 0.1 kb	 0.0% Packages/com.unity.xr.arfoundation/Runtime/ARSubsystems/PointClouds/XRPointCloudData.cs
 0.1 kb	 0.0% Packages/com.unity.xr.arfoundation/Runtime/ARSubsystems/Planes/XRPlaneSubsystem.cs
 0.1 kb	 0.0% Packages/com.unity.xr.arfoundation/Runtime/ARSubsystems/Participants/XRParticipant.cs
 0.1 kb	 0.0% Packages/com.unity.xr.arfoundation/Runtime/ARSubsystems/Occlusion/XROcclusionFrame.cs
 0.1 kb	 0.0% Packages/com.unity.xr.arfoundation/Runtime/ARSubsystems/Occlusion/XRNearFarPlanes.cs
 0.1 kb	 0.0% Packages/com.unity.xr.arfoundation/Runtime/ARSubsystems/Objects/XRTrackedObject.cs
 0.1 kb	 0.0% Packages/com.unity.xr.arfoundation/Runtime/ARSubsystems/Markers/XRSpatialBuffer.cs
 0.1 kb	 0.0% Packages/com.unity.xr.arfoundation/Runtime/ARSubsystems/Markers/XRMarkerBuilder.cs
 0.1 kb	 0.0% Packages/com.unity.xr.arfoundation/Runtime/ARSubsystems/Images/XRTrackedImage.cs
 0.1 kb	 0.0% Packages/com.unity.xr.arfoundation/Runtime/ARSubsystems/Images/XRReferenceImage.cs
 0.1 kb	 0.0% Packages/com.unity.xr.arfoundation/Runtime/ARSubsystems/HumanBodies/XRHumanBodyJoint.cs
 0.1 kb	 0.0% Packages/com.unity.xr.arfoundation/Runtime/ARSubsystems/Faces/XRFaceSubsystem.cs
 0.1 kb	 0.0% Packages/com.unity.xr.arfoundation/Runtime/ARSubsystems/Faces/XRFaceBlendShape.cs
 0.1 kb	 0.0% Packages/com.unity.xr.arfoundation/Runtime/ARSubsystems/Common/XRResultStatus.cs
 0.1 kb	 0.0% Packages/com.unity.xr.arfoundation/Runtime/ARSubsystems/Common/Textures/XRShaderKeywords.cs
 0.1 kb	 0.0% Packages/com.unity.xr.arfoundation/Runtime/ARSubsystems/Common/Textures/ShaderKeywords.cs
 0.1 kb	 0.0% Packages/com.unity.xr.arfoundation/Runtime/ARSubsystems/Common/SerializableGuid.cs
 0.1 kb	 0.0% Packages/com.unity.xr.arfoundation/Runtime/ARSubsystems/Common/HelpUrlAttribute.cs
 0.1 kb	 0.0% Packages/com.unity.xr.arfoundation/Runtime/ARSubsystems/Camera/XRCameraParams.cs
 0.1 kb	 0.0% Packages/com.unity.xr.arfoundation/Runtime/ARSubsystems/Camera/XRCameraFrame.cs
 0.1 kb	 0.0% Packages/com.unity.xr.arfoundation/Runtime/ARSubsystems/BoundingBoxes/XRBoundingBox.cs
 0.1 kb	 0.0% Packages/com.unity.xr.arfoundation/Runtime/ARSubsystems/Anchors/XRAnchorBuilder.cs
 0.1 kb	 0.0% Packages/com.unity.xr.arfoundation/Runtime/ARFoundation/Utils/RenderingUtility.cs
 0.1 kb	 0.0% Packages/com.unity.xr.arfoundation/Runtime/ARFoundation/Utils/PoseExtensions.cs
 0.1 kb	 0.0% Packages/com.unity.xr.arfoundation/Runtime/ARFoundation/Utils/LoaderUtility.cs
 0.1 kb	 0.0% Packages/com.unity.xr.arfoundation/Runtime/ARFoundation/Session/ARSessionOrigin.cs
 0.1 kb	 0.0% Packages/com.unity.xr.arfoundation/Runtime/ARFoundation/Raycasts/ARRaycastManager.cs
 0.1 kb	 0.0% Packages/com.unity.xr.arfoundation/Runtime/ARFoundation/Planes/ARPlaneManager.cs
 0.1 kb	 0.0% Packages/com.unity.xr.arfoundation/Runtime/ARFoundation/Participants/ARParticipant.cs
 0.1 kb	 0.0% Packages/com.unity.xr.arfoundation/Runtime/ARFoundation/Objects/ARTrackedObject.cs
 0.1 kb	 0.0% Packages/com.unity.xr.arfoundation/Runtime/ARFoundation/Meshing/IXRMeshSubsystem.cs
 0.1 kb	 0.0% Packages/com.unity.xr.arfoundation/Runtime/ARFoundation/Meshing/ARMeshManager.cs
 0.1 kb	 0.0% Packages/com.unity.xr.arfoundation/Runtime/ARFoundation/Markers/ARMarkerManager.cs
 0.1 kb	 0.0% Packages/com.unity.xr.arfoundation/Runtime/ARFoundation/Input/ARInputManager.cs
 0.1 kb	 0.0% Packages/com.unity.xr.arfoundation/Runtime/ARFoundation/Images/ARTrackedImage.cs
 0.1 kb	 0.0% Packages/com.unity.xr.arfoundation/Runtime/ARFoundation/Faces/ARFaceManager.cs
 0.1 kb	 0.0% Packages/com.unity.xr.arfoundation/Runtime/ARFoundation/Common/TrackingSubsystem/TrackableSpawner/TrackableSpawner.cs
 0.1 kb	 0.0% Packages/com.unity.xr.arfoundation/Runtime/ARFoundation/Common/TrackingSubsystem/TrackableSpawner/TrackableEntry.cs
 0.1 kb	 0.0% Packages/com.unity.xr.arfoundation/Runtime/ARFoundation/Common/TrackingSubsystem/TrackableSpawner/ARNullTrackable.cs
 0.1 kb	 0.0% Packages/com.unity.xr.arfoundation/Runtime/ARFoundation/Common/Textures/UpdatableCubemap.cs
 0.1 kb	 0.0% Packages/com.unity.xr.arfoundation/Runtime/ARFoundation/Common/HelpUrlAttribute.cs
 0.1 kb	 0.0% Packages/com.unity.xr.arfoundation/Runtime/ARFoundation/Common/ARUpdateOrder.cs
 0.1 kb	 0.0% Packages/com.unity.xr.arfoundation/Runtime/ARFoundation/Camera/ARCameraManager.cs
 0.1 kb	 0.0% Packages/com.unity.xr.arfoundation/Runtime/ARFoundation/BoundingBoxes/ARBoundingBox.cs
 0.1 kb	 0.0% Packages/com.unity.xr.arfoundation/Runtime/ARFoundation/Anchors/ARAnchorManager.cs
 0.1 kb	 0.0% Packages/com.unity.ugui/Runtime/TMP/TMP_ScrollbarEventHandler.cs
 0.1 kb	 0.0% Packages/com.unity.ugui/Runtime/TMP/TMP_PackageResourceImporter.cs
 0.1 kb	 0.0% Packages/com.unity.ugui/Runtime/InternalBridge/ObjectUtilsBridge.cs
 0.1 kb	 0.0% Packages/com.unity.inputsystem/InputSystem/Runtime/State/InputStateBlock.cs
 0.1 kb	 0.0% Packages/com.unity.inputsystem/InputSystem/Runtime/Plugins/XInput/XInputSupport.cs
 0.1 kb	 0.0% Packages/com.unity.inputsystem/InputSystem/Runtime/Plugins/XInput/XInputController.cs
 0.1 kb	 0.0% Packages/com.unity.inputsystem/InputSystem/Runtime/Plugins/XInput/IXboxOneRumble.cs
 0.1 kb	 0.0% Packages/com.unity.inputsystem/InputSystem/Runtime/Plugins/WebGL/WebGLJoystick.cs
 0.1 kb	 0.0% Packages/com.unity.inputsystem/InputSystem/Runtime/Plugins/Switch/SwitchSupportHID.cs
 0.1 kb	 0.0% Packages/com.unity.inputsystem/InputSystem/Runtime/Plugins/PlayerInput/PlayerInputManager.cs
 0.1 kb	 0.0% Packages/com.unity.inputsystem/InputSystem/Runtime/Plugins/PlayerInput/DefaultInputActions.cs
 0.1 kb	 0.0% Packages/com.unity.inputsystem/InputSystem/Runtime/Plugins/OnScreen/OnScreenSupport.cs
 0.1 kb	 0.0% Packages/com.unity.inputsystem/InputSystem/Runtime/Plugins/OnScreen/OnScreenStick.cs
 0.1 kb	 0.0% Packages/com.unity.inputsystem/InputSystem/Runtime/Plugins/OnScreen/OnScreenControl.cs
 0.1 kb	 0.0% Packages/com.unity.inputsystem/InputSystem/Runtime/Plugins/OnScreen/OnScreenButton.cs
 0.1 kb	 0.0% Packages/com.unity.inputsystem/InputSystem/Runtime/Plugins/Linux/SDLDeviceBuilder.cs
 0.1 kb	 0.0% Packages/com.unity.inputsystem/InputSystem/Runtime/Plugins/EnhancedTouch/TouchHistory.cs
 0.1 kb	 0.0% Packages/com.unity.inputsystem/InputSystem/Runtime/Plugins/Android/AndroidSupport.cs
 0.1 kb	 0.0% Packages/com.unity.inputsystem/InputSystem/Runtime/InputSystemTestHooks.cs
 0.1 kb	 0.0% Packages/com.unity.inputsystem/InputSystem/Runtime/InputFeatureNames.cs
 0.1 kb	 0.0% Packages/com.unity.inputsystem/InputSystem/Runtime/IInputRuntime.cs
 0.1 kb	 0.0% Packages/com.unity.inputsystem/InputSystem/Runtime/IInputDiagnostics.cs
 0.1 kb	 0.0% Packages/com.unity.inputsystem/InputSystem/Runtime/Events/InputEventTrace.cs
 0.1 kb	 0.0% Packages/com.unity.inputsystem/InputSystem/Runtime/Events/InputEventStream.cs
 0.1 kb	 0.0% Packages/com.unity.inputsystem/InputSystem/Runtime/Events/InputEventPtr.cs
 0.1 kb	 0.0% Packages/com.unity.inputsystem/InputSystem/Runtime/Events/InputEventBuffer.cs
 0.1 kb	 0.0% Packages/com.unity.inputsystem/InputSystem/Runtime/Events/DeviceResetEvent.cs
 0.1 kb	 0.0% Packages/com.unity.inputsystem/InputSystem/Runtime/Events/DeltaStateEvent.cs
 0.1 kb	 0.0% Packages/com.unity.inputsystem/InputSystem/Runtime/Devices/Haptics/IDualMotorRumble.cs
 0.1 kb	 0.0% Packages/com.unity.inputsystem/InputSystem/Runtime/Devices/Haptics/DualMotorRumble.cs
 0.1 kb	 0.0% Packages/com.unity.inputsystem/InputSystem/Runtime/Controls/Vector3Control.cs
 0.1 kb	 0.0% Packages/com.unity.inputsystem/InputSystem/Runtime/Controls/Vector2Control.cs
 0.1 kb	 0.0% Packages/com.unity.inputsystem/InputSystem/Runtime/Controls/IntegerControl.cs
 0.1 kb	 0.0% Packages/com.unity.inputsystem/InputSystem/Runtime/Controls/DoubleControl.cs
 0.1 kb	 0.0% Packages/com.unity.inputsystem/InputSystem/Runtime/Controls/ButtonControl.cs
 0.1 kb	 0.0% Packages/com.unity.inputsystem/InputSystem/Runtime/Controls/AnyKeyControl.cs
 0.1 kb	 0.0% Packages/com.unity.inputsystem/InputSystem/Runtime/Actions/InputControlScheme.cs
 0.1 kb	 0.0% Packages/com.unity.inputsystem/InputSystem/Runtime/Actions/InputBindingResolver.cs
 0.1 kb	 0.0% Packages/com.unity.inputsystem/InputSystem/Runtime/Actions/InputActionReference.cs
 0.1 kb	 0.0% Packages/com.unity.inputsystem/InputSystem/Runtime/Actions/InputActionProperty.cs
 0.1 kb	 0.0% Packages/com.unity.inputsystem/InputSystem/Runtime/Actions/IInputInteraction.cs
 0.1 kb	 0.0% Packages/com.unity.inputsystem/InputSystem/Editor/UITKAssetEditor/Views/PropertiesView.cs
 0.1 kb	 0.0% Packages/com.unity.inputsystem/InputSystem/Editor/UITKAssetEditor/Views/DropManipulator.cs
 0.1 kb	 0.0% Packages/com.unity.inputsystem/InputSystem/Editor/UITKAssetEditor/Views/CopyPasteHelper.cs
 0.1 kb	 0.0% Packages/com.unity.inputsystem/InputSystem/Editor/UITKAssetEditor/Views/ActionsTreeView.cs
 0.1 kb	 0.0% Packages/com.unity.inputsystem/InputSystem/Editor/UITKAssetEditor/Views/ActionMapsView.cs
 0.1 kb	 0.0% Packages/com.unity.inputsystem/InputSystem/Editor/UITKAssetEditor/StateContainer.cs
 0.1 kb	 0.0% Packages/com.unity.inputsystem/InputSystem/Editor/UITKAssetEditor/ExpressionUtils.cs
 0.1 kb	 0.0% Packages/com.unity.inputsystem/InputSystem/Editor/Plugins/iOS/iOSPostProcessBuild.cs
 0.1 kb	 0.0% Packages/com.unity.inputsystem/InputSystem/Editor/Plugins/UnityRemote/UnityRemoteSupport.cs
 0.1 kb	 0.0% Packages/com.unity.inputsystem/InputSystem/Editor/Internal/TreeViewHelpers.cs
 0.1 kb	 0.0% Packages/com.unity.inputsystem/InputSystem/Editor/Internal/InputStateWindow.cs
 0.1 kb	 0.0% Packages/com.unity.inputsystem/InputSystem/Editor/Internal/EditorHelpers.cs
 0.1 kb	 0.0% Packages/com.unity.inputsystem/InputSystem/Editor/Internal/AdvancedDropdown/AdvancedDropdown.cs
 0.1 kb	 0.0% Packages/com.unity.inputsystem/InputSystem/Editor/InputSystemObject.cs
 0.1 kb	 0.0% Packages/com.unity.inputsystem/InputSystem/Editor/InputDiagnostics.cs
 0.1 kb	 0.0% Packages/com.unity.xr.management/Runtime/XRLoaderHelper.cs
 0.1 kb	 0.0% Packages/com.unity.xr.management/Runtime/IXRLoaderPreInit.cs
 0.1 kb	 0.0% Packages/com.unity.xr.core-utils/Runtime/SerializableGuidUtil.cs
 0.1 kb	 0.0% Packages/com.unity.xr.core-utils/Runtime/OnDestroyNotifier.cs
 0.1 kb	 0.0% Packages/com.unity.xr.core-utils/Runtime/Extensions/Vector3Extensions.cs
 0.1 kb	 0.0% Packages/com.unity.xr.core-utils/Runtime/Extensions/Vector2Extensions.cs
 0.1 kb	 0.0% Packages/com.unity.xr.core-utils/Runtime/Extensions/TransformExtensions.cs
 0.1 kb	 0.0% Packages/com.unity.xr.core-utils/Runtime/Extensions/StopwatchExtensions.cs
 0.1 kb	 0.0% Packages/com.unity.xr.core-utils/Runtime/Extensions/QuaternionExtensions.cs
 0.1 kb	 0.0% Packages/com.unity.xr.core-utils/Runtime/Extensions/LayerMaskExtensions.cs
 0.1 kb	 0.0% Packages/com.unity.xr.core-utils/Runtime/Extensions/HashSetExtensions.cs
 0.1 kb	 0.0% Packages/com.unity.xr.core-utils/Runtime/Extensions/GameObjectExtensions.cs
 0.1 kb	 0.0% Packages/com.unity.xr.core-utils/Runtime/Extensions/DictionaryExtensions.cs
 0.1 kb	 0.0% Packages/com.unity.xr.core-utils/Runtime/Extensions/CollectionExtensions.cs
 0.1 kb	 0.0% Packages/com.unity.xr.core-utils/Runtime/Datums/IntDatumProperty.cs
 0.1 kb	 0.0% Packages/com.unity.xr.core-utils/Runtime/Bindings/IEventBinding.cs
 0.1 kb	 0.0% Packages/com.unity.xr.core-utils/Runtime/Bindings/BindingsGroup.cs
 0.1 kb	 0.0% Packages/com.unity.xr.core-utils/Runtime/Attributes/ReadOnlyAttribute.cs
 0.1 kb	 0.0% Packages/com.unity.xr.arkit/Runtime/NativeTypes/CoreLocation/CoreLocationErrorCode.cs
 0.1 kb	 0.0% Packages/com.unity.xr.arfoundation/Runtime/ARSubsystems/Session/Configuration/Feature.cs
 0.1 kb	 0.0% Packages/com.unity.xr.arfoundation/Runtime/ARSubsystems/Common/Textures/XRCpuImage/Transformation.cs
 0.1 kb	 0.0% Packages/com.unity.xr.arfoundation/Runtime/ARSubsystems/Common/Textures/XRCpuImage/CpuImageFormat.cs
 0.1 kb	 0.0% Packages/com.unity.xr.arfoundation/Runtime/ARSubsystems/Common/Textures/XRCpuImage/ConversionParams.cs
 0.1 kb	 0.0% Packages/com.unity.xr.arfoundation/Runtime/ARSubsystems/Common/Textures/XRCpuImage/AsyncConversion.cs
 0.1 kb	 0.0% Packages/com.unity.xr.arfoundation/Runtime/ARSubsystems/Common/Supported.cs
 0.1 kb	 0.0% Packages/com.unity.ugui/Runtime/UGUI/UI/Core/Utility/ReflectionMethodsCache.cs
 0.1 kb	 0.0% Packages/com.unity.ugui/Runtime/UGUI/UI/Core/MultipleDisplayUtilities.cs
 0.1 kb	 0.0% Packages/com.unity.ugui/Runtime/UGUI/UI/Core/Layout/HorizontalLayoutGroup.cs
 0.1 kb	 0.0% Packages/com.unity.ugui/Runtime/UGUI/UI/Core/IGraphicEnabledDisabled.cs
 0.1 kb	 0.0% Packages/com.unity.ugui/Runtime/UGUI/UI/Core/GraphicRebuildTracker.cs
 0.1 kb	 0.0% Packages/com.unity.ugui/Runtime/UGUI/UI/Core/Culling/RectangularVertexClipper.cs
 0.1 kb	 0.0% Packages/com.unity.ugui/Runtime/UGUI/EventSystem/UIElements/PanelEventHandler.cs
 0.1 kb	 0.0% Packages/com.unity.ugui/Runtime/UGUI/EventSystem/Raycasters/Physics2DRaycaster.cs
 0.1 kb	 0.0% Packages/com.unity.ugui/Runtime/UGUI/EventSystem/InputModules/PointerInputModule.cs
 0.1 kb	 0.0% Packages/com.unity.inputsystem/InputSystem/Runtime/Utilities/TypeTable.cs
 0.1 kb	 0.0% Packages/com.unity.inputsystem/InputSystem/Runtime/Utilities/TypeHelpers.cs
 0.1 kb	 0.0% Packages/com.unity.inputsystem/InputSystem/Runtime/Utilities/Substring.cs
 0.1 kb	 0.0% Packages/com.unity.inputsystem/InputSystem/Runtime/Utilities/SavedState.cs
 0.1 kb	 0.0% Packages/com.unity.inputsystem/InputSystem/Runtime/Utilities/Observables/Observable.cs
 0.1 kb	 0.0% Packages/com.unity.inputsystem/InputSystem/Runtime/Utilities/NamedValue.cs
 0.1 kb	 0.0% Packages/com.unity.inputsystem/InputSystem/Runtime/Utilities/MiscHelpers.cs
 0.1 kb	 0.0% Packages/com.unity.inputsystem/InputSystem/Runtime/Utilities/JsonParser.cs
 0.1 kb	 0.0% Packages/com.unity.inputsystem/InputSystem/Runtime/Utilities/ArrayHelpers.cs
 0.1 kb	 0.0% Packages/com.unity.inputsystem/InputSystem/Runtime/Plugins/iOS/InputSettingsiOS.cs
 0.1 kb	 0.0% Packages/com.unity.inputsystem/InputSystem/Runtime/Plugins/XR/XRLayoutBuilder.cs
 0.1 kb	 0.0% Packages/com.unity.inputsystem/InputSystem/Runtime/Plugins/UI/NavigationModel.cs
 0.1 kb	 0.0% Packages/com.unity.inputsystem/InputSystem/Runtime/InputUpdateType.cs
 0.1 kb	 0.0% Packages/com.unity.xr.core-utils/Runtime/GUI/ScreenGUIUtils.cs
 0.1 kb	 0.0% Packages/com.unity.xr.core-utils/Runtime/Extensions/UnityEventExtensions.cs
 0.1 kb	 0.0% Packages/com.unity.xr.arkit/Runtime/Subsystems/Session/ARKitSessionDelegate.cs
 0.1 kb	 0.0% Packages/com.unity.xr.arkit/Runtime/Subsystems/Planes/ARKitPlaneSubsystem.cs
 0.1 kb	 0.0% Packages/com.unity.xr.arkit/Runtime/Subsystems/Input/InputLayoutLoader.cs
 0.1 kb	 0.0% Packages/com.unity.xr.arkit/Runtime/Subsystems/Images/ARKitImageDatabase.cs
 0.1 kb	 0.0% Packages/com.unity.xr.arkit/Runtime/Subsystems/EnvironmentProbes/EnvironmentProbeApi.cs
 0.1 kb	 0.0% Packages/com.unity.xr.arkit/Runtime/Subsystems/Camera/ARKitLockedCamera.cs
 0.1 kb	 0.0% Packages/com.unity.xr.arkit/Runtime/Subsystems/Camera/ARKitExposureRange.cs
 0.1 kb	 0.0% Packages/com.unity.xr.arkit/Runtime/Subsystems/Camera/ARKitCameraSubsystem.cs
 0.1 kb	 0.0% Packages/com.unity.xr.arkit/Runtime/Subsystems/Anchors/ARKitAnchorSubsystem.cs
 0.1 kb	 0.0% Packages/com.unity.xr.arkit/Runtime/NativeTypes/Foundation/NSKeyedUnarchiver.cs
 0.1 kb	 0.0% Packages/com.unity.xr.arkit/Runtime/NativeTypes/ARKit/ARWorldMapRequest.cs
 0.1 kb	 0.0% Packages/com.unity.xr.arkit/Runtime/NativeTypes/ARKit/ARReferenceObject.cs
 0.1 kb	 0.0% Packages/com.unity.xr.arkit/Runtime/NativeTypes/ARKit/ARCollaborationData.cs
 0.1 kb	 0.0% Packages/com.unity.xr.arkit/Runtime/Loader/ARKitLoaderSettings.cs
 0.1 kb	 0.0% Packages/com.unity.xr.arkit/Runtime/Loader/ARKitLoaderConstants.cs
 0.1 kb	 0.0% Packages/com.unity.xr.arfoundation/Runtime/ARSubsystems/Utils/HashCodeUtil.cs
 0.1 kb	 0.0% Packages/com.unity.xr.arfoundation/Runtime/ARSubsystems/Raycasts/XRRaycastHit.cs
 0.1 kb	 0.0% Packages/com.unity.xr.arfoundation/Runtime/ARSubsystems/Raycasts/XRRaycast.cs
 0.1 kb	 0.0% Packages/com.unity.xr.arfoundation/Runtime/ARSubsystems/PointClouds/XRPointCloud.cs
 0.1 kb	 0.0% Packages/com.unity.xr.arfoundation/Runtime/ARSubsystems/Planes/BoundedPlane.cs
 0.1 kb	 0.0% Packages/com.unity.xr.arfoundation/Runtime/ARSubsystems/HumanBodies/XRHumanBody.cs
 0.1 kb	 0.0% Packages/com.unity.xr.arfoundation/Runtime/ARSubsystems/Faces/XRFaceMesh.cs
 0.1 kb	 0.0% Packages/com.unity.xr.arfoundation/Runtime/ARSubsystems/Common/TrackingSubsystem/TrackableId.cs
 0.1 kb	 0.0% Packages/com.unity.xr.arfoundation/Runtime/ARSubsystems/Common/TrackingSubsystem/ITrackable.cs
 0.1 kb	 0.0% Packages/com.unity.xr.arfoundation/Runtime/ARSubsystems/Common/Textures/XRCpuImage/XRCpuImage.cs
 0.1 kb	 0.0% Packages/com.unity.xr.arfoundation/Runtime/ARFoundation/Utils/HashCodeUtil.cs
 0.1 kb	 0.0% Packages/com.unity.xr.arfoundation/Runtime/ARFoundation/Session/ARSession.cs
 0.1 kb	 0.0% Packages/com.unity.xr.arfoundation/Runtime/ARFoundation/Raycasts/IRaycaster.cs
 0.1 kb	 0.0% Packages/com.unity.xr.arfoundation/Runtime/ARFoundation/Raycasts/ARRaycastHit.cs
 0.1 kb	 0.0% Packages/com.unity.xr.arfoundation/Runtime/ARFoundation/Raycasts/ARRaycast.cs
 0.1 kb	 0.0% Packages/com.unity.xr.arfoundation/Runtime/ARFoundation/PointClouds/ARPointCloud.cs
 0.1 kb	 0.0% Packages/com.unity.xr.arfoundation/Runtime/ARFoundation/Meshing/MeshQueue.cs
 0.1 kb	 0.0% Packages/com.unity.xr.arfoundation/Runtime/ARFoundation/HumanBodies/ARHumanBody.cs
 0.1 kb	 0.0% Packages/com.unity.xr.arfoundation/Runtime/ARFoundation/Deprecated/ARPoseDriver.cs
 0.1 kb	 0.0% Packages/com.unity.xr.arfoundation/Runtime/ARFoundation/DebugMenu/ToolButton.cs
 0.1 kb	 0.0% Packages/com.unity.xr.arfoundation/Runtime/ARFoundation/DebugMenu/DebugSlider.cs
 0.1 kb	 0.0% Packages/com.unity.xr.arfoundation/Runtime/ARFoundation/DebugMenu/ARDebugMenu.cs
 0.1 kb	 0.0% Packages/com.unity.xr.arfoundation/Runtime/ARFoundation/Common/TrackingSubsystem/TrackableSpawner/TrackableKey.cs
 0.1 kb	 0.0% Packages/com.unity.xr.arfoundation/Runtime/ARFoundation/Common/TrackingSubsystem/ARTrackable.cs
 0.1 kb	 0.0% Packages/com.unity.ugui/Runtime/UGUI/UI/Animation/CoroutineTween.cs
 0.1 kb	 0.0% Packages/com.unity.ugui/Runtime/UGUI/EventSystem/EventInterfaces.cs
 0.1 kb	 0.0% Packages/com.unity.ugui/Runtime/TMP/TMPro_ExtensionMethods.cs
 0.1 kb	 0.0% Packages/com.unity.ugui/Runtime/TMP/TMP_TextParsingUtilities.cs
 0.1 kb	 0.0% Packages/com.unity.ugui/Runtime/TMP/TMP_TextElement_Legacy.cs
 0.1 kb	 0.0% Packages/com.unity.ugui/Runtime/TMP/TMP_FontAssetUtilities.cs
 0.1 kb	 0.0% Packages/com.unity.ugui/Runtime/TMP/MaterialReferenceManager.cs
 0.1 kb	 0.0% Packages/com.unity.ugui/Runtime/TMP/FontFeatureCommonGSUB.cs
 0.1 kb	 0.0% Packages/com.unity.inputsystem/InputSystem/Runtime/Utilities/DynamicBitfield.cs
 0.1 kb	 0.0% Packages/com.unity.inputsystem/InputSystem/Runtime/State/InputState.cs
 0.1 kb	 0.0% Packages/com.unity.inputsystem/InputSystem/Runtime/Plugins/WebGL/WebGLSupport.cs
 0.1 kb	 0.0% Packages/com.unity.inputsystem/InputSystem/Runtime/Plugins/WebGL/WebGLGamepad.cs
 0.1 kb	 0.0% Packages/com.unity.inputsystem/InputSystem/Runtime/Plugins/Users/InputUser.cs
 0.1 kb	 0.0% Packages/com.unity.inputsystem/InputSystem/Runtime/Plugins/Linux/LinuxSupport.cs
 0.1 kb	 0.0% Packages/com.unity.inputsystem/InputSystem/Runtime/Plugins/EnhancedTouch/Touch.cs
 0.1 kb	 0.0% Packages/com.unity.inputsystem/InputSystem/Runtime/Plugins/EnhancedTouch/Finger.cs
 0.1 kb	 0.0% Packages/com.unity.inputsystem/InputSystem/Runtime/InputSystemState.cs
 0.1 kb	 0.0% Packages/com.unity.inputsystem/InputSystem/Runtime/InputSettings.cs
 0.1 kb	 0.0% Packages/com.unity.inputsystem/InputSystem/Runtime/InputMetrics.cs
 0.1 kb	 0.0% Packages/com.unity.inputsystem/InputSystem/Runtime/InputExtensions.cs
 0.1 kb	 0.0% Packages/com.unity.inputsystem/InputSystem/Runtime/InputAnalytics.cs
 0.1 kb	 0.0% Packages/com.unity.inputsystem/InputSystem/Runtime/Events/TextEvent.cs
 0.1 kb	 0.0% Packages/com.unity.inputsystem/InputSystem/Runtime/Events/StateEvent.cs
 0.1 kb	 0.0% Packages/com.unity.inputsystem/InputSystem/Runtime/Events/InputEvent.cs
 0.1 kb	 0.0% Packages/com.unity.inputsystem/InputSystem/Runtime/Events/ActionEvent.cs
 0.1 kb	 0.0% Packages/com.unity.inputsystem/InputSystem/Runtime/Devices/TrackedDevice.cs
 0.1 kb	 0.0% Packages/com.unity.inputsystem/InputSystem/Runtime/Devices/Remote/InputRemoting.cs
 0.1 kb	 0.0% Packages/com.unity.inputsystem/InputSystem/Runtime/Devices/Precompiled/FastTouchscreen.cs
 0.1 kb	 0.0% Packages/com.unity.inputsystem/InputSystem/Runtime/Devices/Precompiled/FastMouse.partial.cs
 0.1 kb	 0.0% Packages/com.unity.inputsystem/InputSystem/Runtime/Devices/IEventMerger.cs
 0.1 kb	 0.0% Packages/com.unity.inputsystem/InputSystem/Runtime/Controls/TouchControl.cs
 0.1 kb	 0.0% Packages/com.unity.inputsystem/InputSystem/Runtime/Controls/StickControl.cs
 0.1 kb	 0.0% Packages/com.unity.inputsystem/InputSystem/Runtime/Controls/KeyControl.cs
 0.1 kb	 0.0% Packages/com.unity.inputsystem/InputSystem/Runtime/Controls/InputProcessor.cs
 0.1 kb	 0.0% Packages/com.unity.inputsystem/InputSystem/Runtime/Controls/InputControlPath.cs
 0.1 kb	 0.0% Packages/com.unity.inputsystem/InputSystem/Runtime/Controls/DpadControl.cs
 0.1 kb	 0.0% Packages/com.unity.inputsystem/InputSystem/Runtime/Controls/DeltaControl.cs
 0.1 kb	 0.0% Packages/com.unity.inputsystem/InputSystem/Runtime/Controls/AxisControl.cs
 0.1 kb	 0.0% Packages/com.unity.inputsystem/InputSystem/Runtime/Actions/InputActionState.cs
 0.1 kb	 0.0% Packages/com.unity.inputsystem/InputSystem/Runtime/Actions/InputActionMap.cs
 0.1 kb	 0.0% Packages/com.unity.inputsystem/InputSystem/Runtime/Actions/InputActionAsset.cs
 0.1 kb	 0.0% Packages/com.unity.inputsystem/InputSystem/Editor/UITKAssetEditor/Views/Selectors.cs
 0.1 kb	 0.0% Packages/com.unity.inputsystem/InputSystem/Editor/UITKAssetEditor/Views/ContextMenu.cs
 0.1 kb	 0.0% Packages/com.unity.inputsystem/InputSystem/Editor/Internal/GUIHelpers.cs
 0.1 kb	 0.0% Packages/com.unity.xr.core-utils/Runtime/XRLoggingUtils.cs
 0.1 kb	 0.0% Packages/com.unity.xr.core-utils/Runtime/UnityObjectUtils.cs
 0.1 kb	 0.0% Packages/com.unity.xr.core-utils/Runtime/SerializableGuid.cs
 0.1 kb	 0.0% Packages/com.unity.xr.core-utils/Runtime/ReflectionUtils.cs
 0.1 kb	 0.0% Packages/com.unity.xr.core-utils/Runtime/NativeArrayUtils.cs
 0.1 kb	 0.0% Packages/com.unity.xr.core-utils/Runtime/MaterialUtils.cs
 0.1 kb	 0.0% Packages/com.unity.xr.core-utils/Runtime/GeometryUtils.cs
 0.1 kb	 0.0% Packages/com.unity.xr.core-utils/Runtime/GameObjectUtils.cs
 0.1 kb	 0.0% Packages/com.unity.xr.core-utils/Runtime/Extensions/TypeExtensions.cs
 0.1 kb	 0.0% Packages/com.unity.xr.core-utils/Runtime/Extensions/StringExtensions.cs
 0.1 kb	 0.0% Packages/com.unity.xr.core-utils/Runtime/Extensions/PoseExtensions.cs
 0.1 kb	 0.0% Packages/com.unity.xr.core-utils/Runtime/Extensions/ListExtensions.cs
 0.1 kb	 0.0% Packages/com.unity.xr.core-utils/Runtime/Extensions/GuidExtensions.cs
 0.1 kb	 0.0% Packages/com.unity.xr.core-utils/Runtime/Extensions/CameraExtensions.cs
 0.1 kb	 0.0% Packages/com.unity.xr.core-utils/Runtime/Extensions/BoundsExtensions.cs
 0.1 kb	 0.0% Packages/com.unity.xr.core-utils/Runtime/Datums/StringDatum.cs
 0.1 kb	 0.0% Packages/com.unity.xr.core-utils/Runtime/Datums/FloatDatum.cs
 0.1 kb	 0.0% Packages/com.unity.xr.core-utils/Runtime/ComponentUtils.cs
 0.1 kb	 0.0% Packages/com.unity.xr.core-utils/Runtime/Bindings/EventBinding.cs
 0.1 kb	 0.0% Packages/com.unity.xr.arkit/Runtime/NativeTypes/ARKit/ARKitErrorCode.cs
 0.1 kb	 0.0% Packages/com.unity.xr.arfoundation/Runtime/ARSubsystems/Common/Textures/XRCpuImage/Plane.cs
 0.1 kb	 0.0% Packages/com.unity.xr.arfoundation/Runtime/ARFoundation/Utils/Assert.cs
 0.1 kb	 0.0% Packages/com.unity.ugui/Runtime/UGUI/UI/Core/SetPropertyUtility.cs
 0.1 kb	 0.0% Packages/com.unity.ugui/Runtime/UGUI/UI/Core/MaterialModifiers/IMaterialModifier.cs
 0.1 kb	 0.0% Packages/com.unity.ugui/Runtime/UGUI/UI/Core/Layout/VerticalLayoutGroup.cs
 0.1 kb	 0.0% Packages/com.unity.ugui/Runtime/UGUI/UI/Core/Layout/ContentSizeFitter.cs
 0.1 kb	 0.0% Packages/com.unity.ugui/Runtime/UGUI/UI/Core/Layout/AspectRatioFitter.cs
 0.1 kb	 0.0% Packages/com.unity.ugui/Runtime/UGUI/UI/Core/FontUpdateTracker.cs
 0.1 kb	 0.0% Packages/com.unity.ugui/Runtime/UGUI/UI/Core/CanvasUpdateRegistry.cs
 0.1 kb	 0.0% Packages/com.unity.ugui/Runtime/UGUI/UI/Core/AnimationTriggers.cs
 0.1 kb	 0.0% Packages/com.unity.ugui/Runtime/UGUI/EventSystem/UIElements/PanelRaycaster.cs
 0.1 kb	 0.0% Packages/com.unity.ugui/Runtime/UGUI/EventSystem/Raycasters/PhysicsRaycaster.cs
 0.1 kb	 0.0% Packages/com.unity.ugui/Runtime/UGUI/EventSystem/Raycasters/BaseRaycaster.cs
 0.1 kb	 0.0% Packages/com.unity.ugui/Runtime/UGUI/EventSystem/RaycasterManager.cs
 0.1 kb	 0.0% Packages/com.unity.ugui/Runtime/UGUI/EventSystem/RaycastResult.cs
 0.1 kb	 0.0% Packages/com.unity.ugui/Runtime/UGUI/EventSystem/InputModules/TouchInputModule.cs
 0.1 kb	 0.0% Packages/com.unity.ugui/Runtime/UGUI/EventSystem/InputModules/BaseInputModule.cs
 0.1 kb	 0.0% Packages/com.unity.ugui/Runtime/UGUI/EventSystem/ExecuteEvents.cs
 0.1 kb	 0.0% Packages/com.unity.ugui/Runtime/UGUI/EventSystem/EventData/PointerEventData.cs
 0.1 kb	 0.0% Packages/com.unity.ugui/Runtime/UGUI/EventSystem/EventData/BaseEventData.cs
 0.1 kb	 0.0% Packages/com.unity.ugui/Runtime/UGUI/EventSystem/EventData/AxisEventData.cs
 0.1 kb	 0.0% Packages/com.unity.ugui/Runtime/TMP/TMP_TextProcessingStack.cs
 0.1 kb	 0.0% Packages/com.unity.ugui/Runtime/TMP/TMP_FontFeaturesCommon.cs
 0.1 kb	 0.0% Packages/com.unity.inputsystem/InputSystem/Runtime/Utilities/FourCC.cs
 0.1 kb	 0.0% Packages/com.unity.inputsystem/InputSystem/Runtime/Plugins/iOS/iOSSupport.cs
 0.1 kb	 0.0% Packages/com.unity.inputsystem/InputSystem/Runtime/Plugins/XR/XRSupport.cs
 0.1 kb	 0.0% Packages/com.unity.inputsystem/InputSystem/Runtime/Plugins/XR/GenericXRDevice.cs
 0.1 kb	 0.0% Packages/com.unity.inputsystem/InputSystem/Runtime/Plugins/XR/Devices/WindowsMR.cs
 0.1 kb	 0.0% Packages/com.unity.inputsystem/InputSystem/Runtime/Plugins/XR/Controls/PoseControl.cs
 0.1 kb	 0.0% Packages/com.unity.inputsystem/InputSystem/Runtime/Plugins/UI/UISupport.cs
 0.1 kb	 0.0% Packages/com.unity.inputsystem/InputSystem/Runtime/Plugins/UI/PointerModel.cs
 0.1 kb	 0.0% Packages/com.unity.inputsystem/InputSystem/Runtime/Plugins/OSX/OSXSupport.cs
 0.1 kb	 0.0% Packages/com.unity.inputsystem/InputSystem/Runtime/Plugins/HID/HIDSupport.cs
 0.1 kb	 0.0% Packages/com.unity.inputsystem/InputSystem/Runtime/Plugins/HID/HIDParser.cs
 0.1 kb	 0.0% Assets/Scripts/SeismicPlaybackController.cs
 0.1 kb	 0.0% Assets/Scripts/MobileLoadResultsDashboard.cs
 0.1 kb	 0.0% Packages/com.unity.xr.arkit/Runtime/Subsystems/Camera/ARKitFocusRange.cs
 0.1 kb	 0.0% Packages/com.unity.xr.arkit/Runtime/Subsystems/Camera/ARKitExposure.cs
 0.1 kb	 0.0% Packages/com.unity.xr.arkit/Runtime/Subsystems/Camera/ARKitCpuImageApi.cs
 0.1 kb	 0.0% Packages/com.unity.xr.arkit/Runtime/NativeTypes/NativeChanges.cs
 0.1 kb	 0.0% Packages/com.unity.xr.arkit/Runtime/NativeTypes/Foundation/NSMutableString.cs
 0.1 kb	 0.0% Packages/com.unity.xr.arkit/Runtime/NativeTypes/Foundation/NSMutableData.cs
 0.1 kb	 0.0% Packages/com.unity.xr.arkit/Runtime/NativeTypes/ARKit/ARReferenceImage.cs
 0.1 kb	 0.0% Packages/com.unity.xr.arfoundation/Runtime/ARSubsystems/Utils/GuidUtil.cs
 0.1 kb	 0.0% Packages/com.unity.xr.arfoundation/Runtime/ARSubsystems/Occlusion/XRFov.cs
 0.1 kb	 0.0% Packages/com.unity.xr.arfoundation/Runtime/ARSubsystems/Markers/XRMarker.cs
 0.1 kb	 0.0% Packages/com.unity.xr.arfoundation/Runtime/ARSubsystems/Faces/XRFace.cs
 0.1 kb	 0.0% Packages/com.unity.xr.arfoundation/Runtime/ARSubsystems/Common/Textures/XRCpuImage/Api.cs
 0.1 kb	 0.0% Packages/com.unity.xr.arfoundation/Runtime/ARSubsystems/Anchors/XRAnchor.cs
 0.1 kb	 0.0% Packages/com.unity.xr.arfoundation/Runtime/ARFoundation/Planes/ARPlane.cs
 0.1 kb	 0.0% Packages/com.unity.xr.arfoundation/Runtime/ARFoundation/Markers/ARMarker.cs
 0.1 kb	 0.0% Packages/com.unity.xr.arfoundation/Runtime/ARFoundation/Faces/ARFace.cs
 0.1 kb	 0.0% Packages/com.unity.xr.arfoundation/Runtime/ARFoundation/Anchors/ARAnchor.cs
 0.1 kb	 0.0% Packages/com.unity.ugui/Runtime/TMP/TMPro_EventManager.cs
 0.1 kb	 0.0% Packages/com.unity.ugui/Runtime/TMP/TMP_UpdateRegistery.cs
 0.1 kb	 0.0% Packages/com.unity.ugui/Runtime/TMP/TMP_UpdateManager.cs
 0.1 kb	 0.0% Packages/com.unity.ugui/Runtime/TMP/TMP_TextUtilities.cs
 0.1 kb	 0.0% Packages/com.unity.ugui/Runtime/TMP/TMP_TextProcessingCommon.cs
 0.1 kb	 0.0% Packages/com.unity.ugui/Runtime/TMP/TMP_SpriteCharacter.cs
 0.1 kb	 0.0% Packages/com.unity.ugui/Runtime/TMP/TMP_SpriteAnimator.cs
 0.1 kb	 0.0% Packages/com.unity.ugui/Runtime/TMP/TMP_SelectionCaret.cs
 0.1 kb	 0.0% Packages/com.unity.ugui/Runtime/TMP/TMP_ResourcesManager.cs
 0.1 kb	 0.0% Packages/com.unity.ugui/Runtime/TMP/TMP_MaterialManager.cs
 0.1 kb	 0.0% Packages/com.unity.ugui/Runtime/TMP/TMP_InputValidator.cs
 0.1 kb	 0.0% Packages/com.unity.ugui/Runtime/TMP/TMP_FontFeatureTable.cs
 0.1 kb	 0.0% Packages/com.unity.ugui/Runtime/TMP/TMP_DefaultControls.cs
 0.1 kb	 0.0% Packages/com.unity.ugui/Runtime/TMP/TMP_Compatibility.cs
 0.1 kb	 0.0% Packages/com.unity.ugui/Runtime/TMP/TMP_ColorGradient.cs
 0.1 kb	 0.0% Packages/com.unity.ugui/Runtime/TMP/TMP_CharacterInfo.cs
 0.1 kb	 0.0% Packages/com.unity.ugui/Runtime/TMP/ITextPreProcessor.cs
 0.1 kb	 0.0% Packages/com.unity.ugui/Runtime/TMP/FontFeatureCommonGPOS.cs
 0.1 kb	 0.0% Packages/com.unity.ugui/Runtime/InternalBridge/TMPHelpURL.cs
 0.1 kb	 0.0% Packages/com.unity.inputsystem/InputSystem/Runtime/Plugins/PlayerInput/PlayerInput.cs
 0.1 kb	 0.0% Packages/com.unity.inputsystem/InputSystem/Runtime/Plugins/PlayerInput/InputValue.cs
 0.1 kb	 0.0% Packages/com.unity.inputsystem/InputSystem/Runtime/InputSystem.cs
 0.1 kb	 0.0% Packages/com.unity.inputsystem/InputSystem/Runtime/InputManager.cs
 0.1 kb	 0.0% Packages/com.unity.inputsystem/InputSystem/Runtime/Devices/Touchscreen.cs
 0.1 kb	 0.0% Packages/com.unity.inputsystem/InputSystem/Runtime/Devices/Precompiled/FastMouse.cs
 0.1 kb	 0.0% Packages/com.unity.inputsystem/InputSystem/Runtime/Devices/Precompiled/FastKeyboard.cs
 0.1 kb	 0.0% Packages/com.unity.inputsystem/InputSystem/Runtime/Devices/InputDevice.cs
 0.1 kb	 0.0% Packages/com.unity.inputsystem/InputSystem/Runtime/Devices/Haptics/IHaptics.cs
 0.1 kb	 0.0% Packages/com.unity.inputsystem/InputSystem/Runtime/Controls/InputControl.cs
 0.1 kb	 0.0% Packages/com.unity.inputsystem/InputSystem/Runtime/Controls/CommonUsages.cs
 0.1 kb	 0.0% Packages/com.unity.inputsystem/InputSystem/Runtime/Actions/InputBinding.cs
 0.1 kb	 0.0% Packages/com.unity.inputsystem/InputSystem/Runtime/Actions/InputAction.cs
 0.1 kb	 0.0% Packages/com.unity.inputsystem/InputSystem/Editor/UITKAssetEditor/Commands/Commands.cs
 0.1 kb	 0.0% Packages/com.unity.inputsystem/InputSystem/Editor/Dialog.cs
 0.1 kb	 0.0% Packages/com.unity.inputsystem/InputSystem/AssemblyInfo.cs
 0.1 kb	 0.0% Packages/com.google.xr.cardboard/Runtime/CardboardReticlePointer.cs
 0.1 kb	 0.0% Packages/com.unity.xr.management/Runtime/XRLoader.cs
 0.1 kb	 0.0% Packages/com.unity.xr.core-utils/Runtime/UndoBlock.cs
 0.1 kb	 0.0% Packages/com.unity.xr.core-utils/Runtime/TextureUtils.cs
 0.1 kb	 0.0% Packages/com.unity.xr.core-utils/Runtime/MathUtility.cs
 0.1 kb	 0.0% Packages/com.unity.xr.core-utils/Runtime/HashCodeUtil.cs
 0.1 kb	 0.0% Packages/com.unity.xr.core-utils/Runtime/DebugDraw.cs
 0.1 kb	 0.0% Packages/com.unity.xr.core-utils/Runtime/Datums/IntDatum.cs
 0.1 kb	 0.0% Packages/com.unity.xr.core-utils/Runtime/BoundsUtils.cs
 0.1 kb	 0.0% Packages/com.unity.xr.arkit/Runtime/PackageInfo.cs
 0.1 kb	 0.0% Packages/com.unity.ugui/Runtime/UGUI/UI/Core/VertexModifiers/PositionAsUV1.cs
 0.1 kb	 0.0% Packages/com.unity.ugui/Runtime/UGUI/UI/Core/VertexModifiers/IMeshModifier.cs
 0.1 kb	 0.0% Packages/com.unity.ugui/Runtime/UGUI/UI/Core/VertexModifiers/BaseMeshEffect.cs
 0.1 kb	 0.0% Packages/com.unity.ugui/Runtime/UGUI/UI/Core/StencilMaterial.cs
 0.1 kb	 0.0% Packages/com.unity.ugui/Runtime/UGUI/UI/Core/RaycastReceiver.cs
 0.1 kb	 0.0% Packages/com.unity.ugui/Runtime/UGUI/UI/Core/MaskableGraphic.cs
 0.1 kb	 0.0% Packages/com.unity.ugui/Runtime/UGUI/UI/Core/MaskUtilities.cs
 0.1 kb	 0.0% Packages/com.unity.ugui/Runtime/UGUI/UI/Core/Layout/LayoutUtility.cs
 0.1 kb	 0.0% Packages/com.unity.ugui/Runtime/UGUI/UI/Core/Layout/LayoutRebuilder.cs
 0.1 kb	 0.0% Packages/com.unity.ugui/Runtime/UGUI/UI/Core/Layout/LayoutElement.cs
 0.1 kb	 0.0% Packages/com.unity.ugui/Runtime/UGUI/UI/Core/Layout/ILayoutElement.cs
 0.1 kb	 0.0% Packages/com.unity.ugui/Runtime/UGUI/UI/Core/Layout/GridLayoutGroup.cs
 0.1 kb	 0.0% Packages/com.unity.ugui/Runtime/UGUI/UI/Core/GraphicRegistry.cs
 0.1 kb	 0.0% Packages/com.unity.ugui/Runtime/UGUI/UI/Core/GraphicRaycaster.cs
 0.1 kb	 0.0% Packages/com.unity.ugui/Runtime/UGUI/UI/Core/DefaultControls.cs
 0.1 kb	 0.0% Packages/com.unity.ugui/Runtime/UGUI/UI/Core/Culling/ClipperRegistry.cs
 0.1 kb	 0.0% Packages/com.unity.ugui/Runtime/UGUI/EventSystem/UIBehaviour.cs
 0.1 kb	 0.0% Packages/com.unity.ugui/Runtime/UGUI/EventSystem/InputModules/BaseInput.cs
 0.1 kb	 0.0% Packages/com.unity.ugui/Runtime/UGUI/EventSystem/EventTrigger.cs
 0.1 kb	 0.0% Packages/com.unity.ugui/Runtime/UGUI/EventSystem/EventSystem.cs
 0.1 kb	 0.0% Packages/com.unity.ugui/Runtime/TMP/TMPro_MeshUtilities.cs
 0.1 kb	 0.0% Packages/com.unity.ugui/Runtime/TMP/TMP_ShaderUtilities.cs
 0.1 kb	 0.0% Packages/com.unity.ugui/Runtime/TMP/TMP_RichTextTagsCommon.cs
 0.1 kb	 0.0% Packages/com.unity.ugui/Runtime/TMP/TMP_FontAssetCommon.cs
 0.1 kb	 0.0% Packages/com.unity.inputsystem/InputSystem/Runtime/Plugins/XR/Devices/Oculus.cs
 0.1 kb	 0.0% Packages/com.google.xr.cardboard/Runtime/XRSettings.cs
 0.1 kb	 0.0% Packages/com.google.xr.cardboard/Runtime/ApiConstants.cs
 0.1 kb	 0.0% Assets/Scripts/StructuralVRController.cs
 0.1 kb	 0.0% Assets/Scripts/StructuralModelEditor.cs
 0.1 kb	 0.0% Assets/Scripts/StructuralAuditReport.cs
 0.1 kb	 0.0% Assets/Scripts/StructuralARController.cs
 0.1 kb	 0.0% Assets/Scripts/SelectedBeamDiagramPanel.cs
 0.1 kb	 0.0% Assets/Scripts/SeismicDamageEvaluator.cs
 0.1 kb	 0.0% Assets/Scripts/MobileSeismicPlayback.cs
 0.1 kb	 0.0% Packages/com.unity.xr.arkit/Runtime/Subsystems/Camera/ARKitFocus.cs
 0.1 kb	 0.0% Packages/com.unity.xr.arkit/Runtime/OSVersion.cs
 0.1 kb	 0.0% Packages/com.unity.xr.arkit/Runtime/NativeTypes/NativeView.cs
 0.1 kb	 0.0% Packages/com.unity.xr.arkit/Runtime/NativeTypes/Foundation/NSMutableSet.cs
 0.1 kb	 0.0% Packages/com.unity.xr.arkit/Runtime/NativeTypes/Foundation/NSEnumerator.cs
 0.1 kb	 0.0% Packages/com.unity.xr.arkit/Runtime/NativeTypes/ARKit/ARWorldMap.cs
 0.1 kb	 0.0% Packages/com.unity.xr.arkit/Runtime/MemoryLayout.cs
 0.1 kb	 0.0% Packages/com.unity.xr.arkit/Runtime/Loader/ARKitLoader.cs
 0.1 kb	 0.0% Packages/com.unity.xr.arkit/Runtime/Constants.cs
 0.1 kb	 0.0% Packages/com.unity.ugui/Runtime/TMP/TextMeshProUGUI.cs
 0.1 kb	 0.0% Packages/com.unity.ugui/Runtime/TMP/TextContainer.cs
 0.1 kb	 0.0% Packages/com.unity.ugui/Runtime/TMP/TMP_TextElement.cs
 0.1 kb	 0.0% Packages/com.unity.ugui/Runtime/TMP/TMP_SubMeshUI.cs
 0.1 kb	 0.0% Packages/com.unity.ugui/Runtime/TMP/TMP_StyleSheet.cs
 0.1 kb	 0.0% Packages/com.unity.ugui/Runtime/TMP/TMP_SpriteGlyph.cs
 0.1 kb	 0.0% Packages/com.unity.ugui/Runtime/TMP/TMP_SpriteAsset.cs
 0.1 kb	 0.0% Packages/com.unity.ugui/Runtime/TMP/TMP_InputField.cs
 0.1 kb	 0.0% Packages/com.unity.ugui/Runtime/TMP/TMP_FontAsset.cs
 0.1 kb	 0.0% Packages/com.unity.ugui/Runtime/TMP/TMP_CoroutineTween.cs
 0.1 kb	 0.0% Packages/com.unity.ugui/Runtime/TMP/TMP_Character.cs
 0.1 kb	 0.0% Packages/com.unity.inputsystem/InputSystem/Runtime/Plugins/XR/Devices/GoogleVR.cs
 0.1 kb	 0.0% Packages/com.unity.inputsystem/InputSystem/Runtime/Devices/Sensor.cs
 0.1 kb	 0.0% Packages/com.unity.inputsystem/InputSystem/Runtime/Devices/Pointer.cs
 0.1 kb	 0.0% Packages/com.unity.inputsystem/InputSystem/Runtime/Devices/Mouse.cs
 0.1 kb	 0.0% Packages/com.unity.inputsystem/InputSystem/Runtime/Devices/Keyboard.cs
 0.1 kb	 0.0% Packages/com.unity.inputsystem/InputSystem/Runtime/Devices/Joystick.cs
 0.1 kb	 0.0% Packages/com.unity.inputsystem/InputSystem/Runtime/Devices/Gamepad.cs
 0.1 kb	 0.0% Packages/com.unity.inputsystem/InputSystem/Editor/DownloadableSample.cs
 0.1 kb	 0.0% Packages/com.unity.xr.core-utils/Runtime/XROrigin.cs
 0.1 kb	 0.0% Packages/com.unity.xr.core-utils/Runtime/GuidUtil.cs
 0.1 kb	 0.0% Packages/com.unity.ugui/Runtime/UGUI/UI/Core/Utility/VertexHelper.cs
 0.1 kb	 0.0% Packages/com.unity.ugui/Runtime/UGUI/UI/Core/ToggleGroup.cs
 0.1 kb	 0.0% Packages/com.unity.ugui/Runtime/UGUI/UI/Core/SpriteState.cs
 0.1 kb	 0.0% Packages/com.unity.ugui/Runtime/UGUI/UI/Core/Selectable.cs
 0.1 kb	 0.0% Packages/com.unity.ugui/Runtime/UGUI/UI/Core/Scrollbar.cs
 0.1 kb	 0.0% Packages/com.unity.ugui/Runtime/UGUI/UI/Core/ScrollRect.cs
 0.1 kb	 0.0% Packages/com.unity.ugui/Runtime/UGUI/UI/Core/RectMask2D.cs
 0.1 kb	 0.0% Packages/com.unity.ugui/Runtime/UGUI/UI/Core/Navigation.cs
 0.1 kb	 0.0% Packages/com.unity.ugui/Runtime/UGUI/UI/Core/Layout/LayoutGroup.cs
 0.1 kb	 0.0% Packages/com.unity.ugui/Runtime/UGUI/UI/Core/Layout/CanvasScaler.cs
 0.1 kb	 0.0% Packages/com.unity.ugui/Runtime/UGUI/UI/Core/InputField.cs
 0.1 kb	 0.0% Packages/com.unity.ugui/Runtime/UGUI/UI/Core/IMaskable.cs
 0.1 kb	 0.0% Packages/com.unity.ugui/Runtime/UGUI/UI/Core/ColorBlock.cs
 0.1 kb	 0.0% Packages/com.unity.inputsystem/InputSystem/Runtime/Plugins/XR/Devices/OpenVR.cs
 0.1 kb	 0.0% Packages/com.unity.inputsystem/InputSystem/Runtime/Plugins/HID/HID.cs
 0.1 kb	 0.0% Packages/com.google.xr.cardboard/Runtime/XRLoader.cs
 0.1 kb	 0.0% Packages/com.google.xr.cardboard/Runtime/Widget.cs
 0.1 kb	 0.0% Assets/Scripts/VisualSiteTerrain.cs
 0.1 kb	 0.0% Assets/Scripts/VisualSalmonRailings.cs
 0.1 kb	 0.0% Assets/Scripts/VisualFrameFacade.cs
 0.1 kb	 0.0% Assets/Scripts/VisualFootballCrowd.cs
 0.1 kb	 0.0% Assets/Scripts/SlabLoadPathGuide.cs
 0.1 kb	 0.0% Assets/Scripts/SeismicResponseData.cs
 0.1 kb	 0.0% Assets/Scripts/SeismicCrackVisual.cs
 0.1 kb	 0.0% Assets/Scripts/MobileLoadLivePanel.cs
 0.1 kb	 0.0% Assets/Scripts/MobileLoadController.cs
 0.1 kb	 0.0% Assets/Scripts/IOSCameraPermission.cs
 0.1 kb	 0.0% Assets/Scripts/ElementSelectable.cs
 0.1 kb	 0.0% Assets/Scripts/ElementResultsPanel.cs
 0.1 kb	 0.0% Assets/Scripts/DiagramController.cs
 0.1 kb	 0.0% Packages/com.unity.xr.arkit/Runtime/NativeTypes/ObjCRuntime/Class.cs
 0.1 kb	 0.0% Packages/com.unity.xr.arkit/Runtime/NativeTypes/Foundation/NSUUID.cs
 0.1 kb	 0.0% Packages/com.unity.xr.arkit/Runtime/NativeTypes/Foundation/NSURL.cs
 0.1 kb	 0.0% Packages/com.unity.xr.arkit/Runtime/NativeTypes/Foundation/NSString.cs
 0.1 kb	 0.0% Packages/com.unity.xr.arkit/Runtime/NativeTypes/Foundation/NSSet.cs
 0.1 kb	 0.0% Packages/com.unity.xr.arkit/Runtime/NativeTypes/Foundation/NSObject.cs
 0.1 kb	 0.0% Packages/com.unity.xr.arkit/Runtime/NativeTypes/Foundation/NSError.cs
 0.1 kb	 0.0% Packages/com.unity.xr.arkit/Runtime/NativeTypes/Foundation/NSData.cs
 0.1 kb	 0.0% Packages/com.unity.xr.arkit/Runtime/NativeTypes/Foundation/NSBundle.cs
 0.1 kb	 0.0% Packages/com.unity.ugui/Runtime/UGUI/UI/Core/Culling/IClipRegion.cs
 0.1 kb	 0.0% Packages/com.unity.ugui/Runtime/TMP/TextMeshPro.cs
 0.1 kb	 0.0% Packages/com.unity.ugui/Runtime/TMP/TMP_TextInfo.cs
 0.1 kb	 0.0% Packages/com.unity.ugui/Runtime/TMP/TMP_SubMesh.cs
 0.1 kb	 0.0% Packages/com.unity.ugui/Runtime/TMP/TMP_Style.cs
 0.1 kb	 0.0% Packages/com.unity.ugui/Runtime/TMP/TMP_Sprite.cs
 0.1 kb	 0.0% Packages/com.unity.ugui/Runtime/TMP/TMP_Settings.cs
 0.1 kb	 0.0% Packages/com.unity.ugui/Runtime/TMP/TMP_MeshInfo.cs
 0.1 kb	 0.0% Packages/com.unity.ugui/Runtime/TMP/TMP_LineInfo.cs
 0.1 kb	 0.0% Packages/com.unity.ugui/Runtime/TMP/TMP_Dropdown.cs
 0.1 kb	 0.0% Packages/com.unity.ugui/Runtime/TMP/TMP_Asset.cs
 0.1 kb	 0.0% Packages/com.unity.ugui/Runtime/TMP/FastAction.cs
 0.1 kb	 0.0% Packages/com.unity.inputsystem/InputSystem/Runtime/Devices/Pen.cs
 0.1 kb	 0.0% Packages/com.unity.xr.arkit/Runtime/Subsystems/ARKitApi.cs
 0.1 kb	 0.0% Packages/com.unity.ugui/Runtime/UGUI/UI/Core/VertexModifiers/Shadow.cs
 0.1 kb	 0.0% Packages/com.unity.ugui/Runtime/UGUI/UI/Core/VertexModifiers/Outline.cs
 0.1 kb	 0.0% Packages/com.unity.ugui/Runtime/UGUI/UI/Core/Toggle.cs
 0.1 kb	 0.0% Packages/com.unity.ugui/Runtime/UGUI/UI/Core/Slider.cs
 0.1 kb	 0.0% Packages/com.unity.ugui/Runtime/UGUI/UI/Core/SafeArea.cs
 0.1 kb	 0.0% Packages/com.unity.ugui/Runtime/UGUI/UI/Core/RawImage.cs
 0.1 kb	 0.0% Packages/com.unity.ugui/Runtime/UGUI/UI/Core/Image.cs
 0.1 kb	 0.0% Packages/com.unity.ugui/Runtime/UGUI/UI/Core/Graphic.cs
 0.1 kb	 0.0% Packages/com.unity.ugui/Runtime/UGUI/UI/Core/FontData.cs
 0.1 kb	 0.0% Packages/com.unity.ugui/Runtime/UGUI/UI/Core/Dropdown.cs
 0.1 kb	 0.0% Packages/com.unity.ugui/Runtime/UGUI/UI/Core/Culling/Clipping.cs
 0.1 kb	 0.0% Packages/com.unity.ugui/Runtime/UGUI/UI/Core/Button.cs
 0.1 kb	 0.0% Packages/com.google.xr.cardboard/Runtime/Api.cs
 0.1 kb	 0.0% Assets/Scripts/VisualStudyRoom.cs
 0.1 kb	 0.0% Assets/Scripts/VisualFlatRoof.cs
 0.1 kb	 0.0% Assets/Scripts/VisualCampusSite.cs
 0.1 kb	 0.0% Assets/Scripts/StructureViewer.cs
 0.1 kb	 0.0% Assets/Scripts/StructureData.cs
 0.1 kb	 0.0% Assets/Scripts/SlabSelectable.cs
 0.1 kb	 0.0% Assets/Scripts/MobileCapacity.cs
 0.1 kb	 0.0% Assets/Scripts/InfoSelectable.cs
 0.1 kb	 0.0% Assets/Scripts/ElementPicker.cs
 0.1 kb	 0.0% Packages/com.unity.ugui/Runtime/TMP/TMP_Text.cs
 0.1 kb	 0.0% Packages/com.unity.ugui/Runtime/UGUI/UI/Core/Text.cs
 0.1 kb	 0.0% Packages/com.unity.ugui/Runtime/UGUI/UI/Core/Misc.cs
 0.1 kb	 0.0% Packages/com.unity.ugui/Runtime/UGUI/UI/Core/Mask.cs
 0.1 kb	 0.0% Assets/Scripts/VisualStairs.cs
 0.1 kb	 0.0% Assets/Scripts/VisualCafe.cs
 0.1 kb	 0.0% Assets/Scripts/UnityData.cs
 0.1 kb	 0.0% Assets/Scripts/PanelLayout.cs
 0.1 kb	 0.0% Assets/Scripts/OrbitCamera.cs
 0.1 kb	 0.0% Assets/Scripts/FrameForces.cs
 0.1 kb	 0.0% Assets/Scripts/PMPanel.cs
 0.0 kb	 0.0% Assets/XR/Loaders/ARKitLoader.asset
 0.0 kb	 0.0% Assets/XR/Loaders/XRLoader.asset
-------------------------------------------------------------------------------
Unloading 5 Unused Serialized files (Serialized files now loaded: 0)
Unloading 17 unused Assets / (22.6 KB). Loaded Objects now: 2647.
Memory consumption went from 291.9 MB to 291.8 MB.
Total: 13.185600 ms (FindLiveObjects: 0.334300 ms CreateObjectMapping: 0.043100 ms MarkObjects: 12.528600 ms  DeleteObjects: 0.093600 ms)

DisplayProgressNotification: Build Successful
Build Finished, Result: Success.
Unloading 0 Unused Serialized files (Serialized files now loaded: 0)
Loaded scene 'Temp/__Backupscenes/0.backup'
	Deserialize:            0.878 ms
	Integration:            10.991 ms
	Integration of assets:  0.002 ms
	Thread Wait Time:       0.029 ms
	Total Operation Time:   11.900 ms
Unloading 0 unused Assets / (Unknown). Loaded Objects now: 2639.
Memory consumption went from 285.3 MB to 285.3 MB.
Total: 14.187000 ms (FindLiveObjects: 0.267300 ms CreateObjectMapping: 0.043100 ms MarkObjects: 13.625800 ms  DeleteObjects: 0.015400 ms)

[Licensing::Client] Successfully resolved entitlement details
[Licensing::Client] Successfully resolved entitlement details
[MCOC iOS] ZIP Xcode creado: C:\Users\chuntley\Desktop\Proyecto MCOC\P1L4\unity_visualizador_ios\Entregables\MCOC_iOS_Xcode_20261006_063239_329_0458f7.zip
UnityEngine.Debug:ExtractStackTraceNoAlloc (byte*,int,string)
UnityEngine.StackTraceUtility:ExtractStackTrace ()
UnityEngine.DebugLogHandler:Internal_Log (UnityEngine.LogType,UnityEngine.LogOption,string,UnityEngine.Object)
UnityEngine.DebugLogHandler:LogFormat (UnityEngine.LogType,UnityEngine.Object,string,object[])
UnityEngine.Logger:Log (UnityEngine.LogType,object)
UnityEngine.Debug:Log (object)
IOSBuild:PackageXcode (string) (at Assets/Scripts/Editor/IOSBuild.cs:242)
IOSZipBuildProcessor:OnPostprocessBuild (UnityEditor.Build.Reporting.BuildReport) (at Assets/Scripts/Editor/IOSBuild.cs:375)
UnityEditor.Build.BuildPipelineInterfaces/<>c__DisplayClass21_0:<OnBuildPostProcess>b__1 (UnityEditor.Build.IPostprocessBuildWithReport)
UnityEditor.Build.BuildPipelineInterfaces:InvokeCallbackInterfacesPair<UnityEditor.Build.IPostprocessBuild, UnityEditor.Build.IPostprocessBuildWithReport> (System.Collections.Generic.List`1<UnityEditor.Build.IPostprocessBuild>,System.Action`1<UnityEditor.Build.IPostprocessBuild>,System.Collections.Generic.List`1<UnityEditor.Build.IPostprocessBuildWithReport>,System.Action`1<UnityEditor.Build.IPostprocessBuildWithReport>,bool)
UnityEditor.Build.BuildPipelineInterfaces:OnBuildPostProcess (UnityEditor.Build.Reporting.BuildReport)
UnityEditor.BuildPipeline:BuildPlayerInternal (string[],string,string,UnityEditor.BuildTargetGroup,UnityEditor.BuildTarget,int,UnityEditor.BuildOptions,string[],string[],bool)
UnityEditor.BuildPipeline:BuildPlayer (UnityEditor.BuildPlayerOptions)
IOSBuild:Export () (at Assets/Scripts/Editor/IOSBuild.cs:163)
IOSBuild:ExportBatch () (at Assets/Scripts/Editor/IOSBuild.cs:119)

(Filename: Assets/Scripts/Editor/IOSBuild.cs Line: 242)

##utp:{"success":true,"type":"PlayerBuildInfo","version":2,"phase":"Immediate","time":1791268392333,"processId":14824,"steps":[{"description":"Call PrepareForBuild callbacks","duration":0},{"description":"Call internal build started callbacks","duration":0},{"description":"Preprocess Player","duration":8256},{"description":"Save scenes before build","duration":0},{"description":"Prepare For Build","duration":20},{"description":"ProducePlayerScriptAssemblies","duration":14450},{"description":"Verify Build setup","duration":2050},{"description":"Prepare assets for target platform","duration":66},{"description":"Prepare splash screen","duration":8},{"description":"Build scripts DLLs","duration":64},{"description":"Building scenes","duration":408},{"description":"Build GlobalGameManagers file","duration":171},{"description":"Writing asset files","duration":1482},{"description":"Building Resources/unity_builtin_extra","duration":1436},{"description":"Write data build dirty tracking information","duration":74},{"description":"Postprocess built player","duration":42489},{"description":"Call Post-Process callbacks","duration":33277}],"duration":104251}
MonoPathRemapper: Attempts to remap: 32208; Successful remaps: 3718
Serialized file version minimum: 23, current 23
AcceleratorClientConnectionCallback - disconnected - :0
Importing 'GUID: 00000000000000004000000000000000 - Path: ProjectSettings/ProjectSettings.asset' with importer (LibraryAssetImporter)
Imported 'GUID: 00000000000000004000000000000000' -> (Import Result ID: '92c664126c8aba9b101d098e2eb8a7c4') in 0.001 seconds [static dependencies only]. Details - ImportResultOutputID=054c890a8f4b6dddbea933bc5e4b7df4 DependenciesID=d9d82df9a9a1f8dc5e6b6433d23ab292 StaticDependenciesID=379a3b2a3552f4ef79d4e7d02a4b84fa 
Importing 'GUID: e140c899c3d924dff8f41e493d33d3a7 - Path: Packages/com.unity.xr.arkit/Tests/Editor/Assets/TestReferenceImageLibrary.asset' with importer (NativeFormatImporter)
Imported 'GUID: e140c899c3d924dff8f41e493d33d3a7' -> (Import Result ID: 'c7a434144d016757ad5ef04a0945c5a0') in 0.002 seconds [static dependencies only]. Details - ImportResultOutputID=b0dd915e722881d93bb6db9fe7d73f6e DependenciesID=44eacd80687d49aefee71cf2b375af38 StaticDependenciesID=2de5ee19e51f3d3c58283e0cac89d714 
Importing 'GUID: 7ced8a64facba294abb7f03af4790e31 - Path: Assets/StructuralAR/MCOCStructuralReferenceImages.asset' with importer (NativeFormatImporter)
Imported 'GUID: 7ced8a64facba294abb7f03af4790e31' -> (Import Result ID: 'efe3a835a55b90295345bbf28b37a50d') in 0.001 seconds [static dependencies only]. Details - ImportResultOutputID=b083ca53f6b1497f0d2a5d605fcc6bf8 DependenciesID=56928766532c43c789214b0e64e999c7 StaticDependenciesID=a5bc13624ae36313df65a6fa4ef6a242 
Refreshing native plugins compatible for Editor in 2.59 ms, found 1 plugins.
Asset Pipeline Refresh (id=a5cb3ca0db635f44ea669429ed4e4329): Total: 0.027 seconds - Initiated by StopAssetImportingV2(NoUpdateAssetOptions)
[Physics::Module] Cleanup current backend.
[Physics::Module] Id: 0xf2b8ea05
Input System module state changed to: ShutdownInProgress.
Input Polling Thread exited.
Input System module state changed to: Shutdown.
[Licensing::IpcConnector] LicenseClient-chuntley-notifications channel disconnected successfully.
[Licensing::IpcConnector] LicenseClient-chuntley channel disconnected successfully.
Lingering sessions upon destruction of worker manager
Unity Data Store service was successfully shut down
UDS shutting down local client system
Shut down UDS service system complete
AcceleratorClientConnectionCallback - disconnected - :0
Cleanup mono
CodeReloadManager destroyed
Checking for leaked weakptr:
  Found no leaked weakptrs.
[Package Manager] Server process was shutdown
##utp:{"type":"MemoryLeaks","version":2,"phase":"Immediate","time":1791268399312,"processId":14824,"allocatedMemory":13178130,"memoryLabels":[{"Default":185768},{"Permanent":15516},{"NewDelete":73327},{"Thread":4205560},{"Manager":32581},{"VertexData":8},{"Geometry":816},{"Texture":24},{"Shader":839667},{"Material":24},{"GfxDevice":58008},{"Animation":952},{"Audio":120},{"FreeType":8},{"FontEngine":736},{"Physics":1970},{"Physics2D":16},{"Serialization":17656},{"Input":42840},{"JobScheduler":256},{"TextLib":280},{"Mono":48},{"ScriptingNativeRuntime":1297016},{"BaseObject":49808},{"Resource":1208},{"Renderer":2376},{"Transform":4685},{"File":7397},{"WebCam":616},{"Culling":32},{"Terrain":11442},{"Wind":24},{"STL":40},{"String":1753169},{"StaticString":3808},{"Utility":2674262},{"Curl":2498},{"PoolAlloc":2168},{"AI":80},{"TypeTree":8869},{"ScriptManager":12640},{"CodeReload":448},{"RuntimeInitializeOnLoadManager":64},{"Sprites":102},{"SpriteAtlas":120},{"GI":7816},{"Director":8296},{"CloudService":7728},{"WebRequest":552},{"VR":49938},{"SceneManager":608},{"Video":64},{"LazyScriptCache":32},{"Camera":729},{"Secure":2377},{"SerializationCache":9256},{"APIUpdating":10320},{"Subsystems":48},{"VirtualTexturing":57888},{"StaticSafetyDebugInfo":278528},{"Analytics":768},{"Hierarchy":1188},{"UIElements":40},{"CoreStats":14456},{"Identifiers":7152},{"Gui":128},{"EditorUtility":103181},{"VersionControl":8},{"Undo":931},{"AssetDatabase":1237250},{"AssetImporter":40},{"EditorGi":328},{"UnityConnect":40441},{"Upm":1912},{"UpmDiagnostics":8},{"AssetCompliance":96},{"DrivenProperties":72},{"LocalIPC":266},{"ProfilerEditor":9746},{"CoreBusinessMetrics":3606},{"Windowing":456},{"Licensing":12760},{"AssetReference":32},{"IPCStream":32}]}
