VBCSCompilerPreWarmer: pre-warm launched (dotnet PID 11044)
VBCSCompiler prewarm took 8.62 ms
[Licensing::Module] Trying to connect to existing licensing client channel...
Built from '6000.6/respin/6000.6.0f1-fa21a270ab12' branch; Version is '6000.6.0f1 (f7f8ed4d1e24) revision 16251117'; Using compiler version '194234433'; Build Type 'Release'
[Licensing::IpcConnector] Successfully connected to: "LicenseClient-chuntley" at "2026-10-06T20:18:13.8788585Z"
OS: 'Windows 11  (10.0.26200) Professional' Language: 'es' Physical Memory: 24260 MB
BatchMode: 1, IsHumanControllingUs: 0, StartBugReporterOnCrash: 0, Is64bit: 1
System  architecture: x64
Process architecture: x64
Date: 2026-10-06T20:18:13Z
[Licensing::Client] Code 10 while verifying Licensing Client signature (process Id: 6784, path: "C:/Program Files/Unity Hub/UnityLicensingClient_V1/Unity.Licensing.Client.exe")
[Licensing::Module] LicensingClient has failed validation; ignoring
[Licensing::Client] Handshaking with LicensingClient:
  Version:                 1.18.3+d7ffd15
  Session Id:              f3f1a799a8b648f3903067497f3fa1af
  Correlation Id:          4ba745babcaf1c4054dba56c93494cac
  External correlation Id: 7563813383458009463
  Machine Id:              RVWmRlYDKragNEt0oPrKajgv5w0=
[Licensing::Module] Successfully connected to LicensingClient on channel: "LicenseClient-chuntley" (connect: 0.00s, validation: 0.00s, handshake: 0.06s)
[Licensing::IpcConnector] Successfully connected to: "LicenseClient-chuntley-notifications" at "2026-10-06T20:18:13.9379341Z"
[Licensing::Module] Error: Access token is unavailable; failed to update
[Licensing::Client] Successfully resolved entitlement details
[Licensing::Module] License group:
  Id: 4674248689123-UnityPersXXXX
  Product: Unity Personal
  Type: Assigned
  Expiration: Unlimited
[Licensing::Client] Successfully updated license, isAsync: True, time: 0.00
[Licensing::Client] Successfully resolved entitlement details
[Licensing::Module] Licensing Background thread has ended after 0.07s

COMMAND LINE ARGUMENTS:
C:\Program Files\Unity\Hub\Editor\6000.6.0f1\Editor\Unity.exe
-batchmode
-projectPath
C:/Users/chuntley/Desktop/Proyecto MCOC/P1L4/unity_visualizador/Builds/RoomValidation
-executeMethod
DesktopEnvironmentRevisionValidation.ValidateBatch
-logFile
C:/Users/chuntley/Desktop/Proyecto MCOC/revisiones/ambiente_y4_habitaciones.log
Successfully changed project path to: C:/Users/chuntley/Desktop/Proyecto MCOC/P1L4/unity_visualizador/Builds/RoomValidation
C:/Users/chuntley/Desktop/Proyecto MCOC/P1L4/unity_visualizador/Builds/RoomValidation
[UnityMemory] Configuration Parameters - Can be set up in boot.config
    "memorysetup-temp-allocator-size-gi-baking-worker=262144"
    "memorysetup-temp-allocator-size-gi-baking-worker=262144"
    "memorysetup-temp-allocator-size-gi-baking-worker=262144"
    "memorysetup-temp-allocator-size-gi-baking-worker=262144"
    "memorysetup-temp-allocator-size-gi-baking-worker=262144"
    "memorysetup-temp-allocator-size-nav-mesh-worker=65536"
    "memorysetup-temp-allocator-size-audio-worker=65536"
    "memorysetup-temp-allocator-size-cloud-worker=32768"
    "memorysetup-temp-allocator-size-gfx=262144"
    "memorysetup-remapper-allocator-initial-capacity=32768"
    "memorysetup-temp-allocator-size-preload-manager=33554432"
    "memorysetup-allocator-temp-initial-block-size-main=262144"
    "memorysetup-allocator-temp-initial-block-size-worker=262144"
    "memorysetup-temp-allocator-size-job-worker=262144"
    "memorysetup-temp-allocator-size-background-worker=32768"
    "memorysetup-bucket-allocator-granularity=16"
    "memorysetup-bucket-allocator-bucket-count=8"
    "memorysetup-bucket-allocator-block-size=33554432"
    "memorysetup-bucket-allocator-block-count=8"
    "memorysetup-main-allocator-block-size=16777216"
    "memorysetup-thread-allocator-block-size=16777216"
    "memorysetup-main-allocator-mimalloc-enabled=1"
    "memorysetup-gfx-main-allocator-block-size=16777216"
    "memorysetup-gfx-thread-allocator-block-size=16777216"
    "memorysetup-cache-allocator-block-size=4194304"
    "memorysetup-typetree-allocator-block-size=2097152"
    "memorysetup-profiler-bucket-allocator-granularity=16"
    "memorysetup-profiler-bucket-allocator-bucket-count=8"
    "memorysetup-profiler-bucket-allocator-block-size=33554432"
    "memorysetup-profiler-bucket-allocator-block-count=8"
    "memorysetup-profiler-allocator-block-size=16777216"
    "memorysetup-profiler-editor-allocator-block-size=1048576"
    "memorysetup-temp-allocator-size-main=16777216"
    "memorysetup-job-temp-allocator-block-size=2097152"
    "memorysetup-job-temp-allocator-block-size-background=1048576"
    "memorysetup-job-temp-allocator-reduction-small-platforms=262144"
Logging is directed to a specific file, skipping project log.
Player connection [16116]  Target information:

Player connection [16116]  * "[IP] 192.168.1.17 [Port] 55504 [Flags] 2 [Guid] 2805982266 [EditorId] 2805982266 [Version] 1048832 [Id] WindowsEditor(7,DESKTOP-CDJE44U) [Debug] 1 [PackageName] WindowsEditor [ProjectName] Editor" 

Player connection [16116] Host joined multi-casting on [225.0.0.222:54997]...
Player connection [16116] Host joined alternative multi-casting on [225.0.0.222:34997]...
Input System module state changed to: Initialized.
[Physics::Module] Initialized fallback backend.
[Physics::Module] Id: 0xdecafbad
[Package Manager] Connected to IPC stream "Upm-23424" after 0.3 seconds.
[Licensing::Client] Successfully resolved entitlement details
Library Redirect Path: Library/
Rebuilding Library because the asset database could not be found!
Initialising UDS system complete:
  - System type: Client
  - Resource namespace: 1f7092edd47142dfa41d8d34378d3e59
  - Shared memory size: 1073741824
  - Command buffer id: 1052576
  - Command buffer size: 8192
  - Hashmap size: 4194304
  - Service connected: false
Launching Unity Data Store - C:/Program Files/Unity/Hub/Editor/6000.6.0f1/Editor/Data/Tools/Unity.DataStore.exe 
Unity Data Store artifact dir = Library/DataStore, working dir = C:/Users/chuntley/Desktop/Proyecto MCOC/P1L4/unity_visualizador/Builds/RoomValidation[Physics::Module] Selected backend.
[Physics::Module] Name: PhysX
[Physics::Module] Id: 0xf2b8ea05
[Physics::Module] SDK Version: 4.1.2
[Physics::Module] Integration Version: 1.0.0
[Physics::Module] Threading Mode: Multi-Threaded
Unity Data Store running and initialised
Initialize engine version: 6000.6.0f1 (f7f8ed4d1e24)
[EntityIdStore] init: VM path (explicit commit), pageSize=4096, blockCount=1048576, entitiesPerBlock=256, slots reserved=4294967296 bytes
[Subsystems] Discovering subsystems at path C:/Program Files/Unity/Hub/Editor/6000.6.0f1/Editor/Data/Resources/UnitySubsystems
[Subsystems] Discovering subsystems at path C:/Users/chuntley/Desktop/Proyecto MCOC/P1L4/unity_visualizador/Builds/RoomValidation/Assets
GfxDevice: creating device client; kGfxThreadingModeNonThreaded
d3d12: failed to query info queue interface (0x80004002).
Direct3D:
    Version:         Direct3D 12 [level 12.1]
    Renderer:        Intel(R) Iris(R) Xe Graphics (ID=0xa7a1)
    Vendor:          Intel
    VRAM:            12130 MB
    App VRAM Budget: 11362 MB
    Driver:          32.0.101.7088
    Unified Memory Architecture
    Cache Coherent UMA
Initialize mono
Mono path[0] = 'C:/Program Files/Unity/Hub/Editor/6000.6.0f1/Editor/Data/Managed'
Mono path[1] = 'C:/Program Files/Unity/Hub/Editor/6000.6.0f1/Editor/Data/BCLExtensions/runtime/netstandard2.1'
Mono path[2] = 'C:/Program Files/Unity/Hub/Editor/6000.6.0f1/Editor/Data/MonoBleedingEdge/lib/mono/unityjit-win32'
Mono config path = 'C:/Program Files/Unity/Hub/Editor/6000.6.0f1/Editor/Data/MonoBleedingEdge/etc'
Using monoOptions --debugger-agent=transport=dt_socket,embedding=1,server=y,suspend=n,address=127.0.0.1:56424
CodeReloadManager initialized
ImportWorker Server TCP listen port: 0
AcceleratorClientConnectionCallback - disconnected - :0
Begin MonoManager ReloadAssembly
Registering precompiled unity dll's ...
Register platform support module: C:/Program Files/Unity/Hub/Editor/6000.6.0f1/Editor/Data/PlaybackEngines/WebGLSupport/UnityEditor.WebGL.Extensions.dll
Register platform support module: C:/Program Files/Unity/Hub/Editor/6000.6.0f1/Editor/Data/PlaybackEngines/WindowsStandaloneSupport/UnityEditor.WindowsStandalone.Extensions.dll
[Licensing::Client] Successfully resolved entitlement details
Register platform support module: C:/Program Files/Unity/Hub/Editor/6000.6.0f1/Editor/Data/PlaybackEngines/iOSSupport/UnityEditor.iOS.Extensions.dll
Registered in 0.005257 seconds.
Native extension for iOS target not found
Native extension for WindowsStandalone target not found
Native extension for WebGL target not found
Package Manager log level set to [2]
ScheduleIndexationOnStartup MainProcess:False IndexOnStartup:False
Scripting: successfully reloaded assembly
- Finished resetting the current domain, in  0.916 seconds
Domain Reload Profiling: 1526ms
	BeginReloadAssembly (171ms)
		CreateAndSetChildDomain (21ms)
	RebuildCommonClasses (5ms)
	RebuildNativeTypeToScriptingClass (16ms)
	initialDomainReloadingComplete (74ms)
	LoadAllAssembliesAndSetupDomain (342ms)
		LoadAssemblies (146ms)
		TypeCache.Refresh (223ms)
			TypeCache.ScanAssembly (208ms)
		AnalyzeDomain (1ms)
	FinalizeReload (918ms)
		SetupLoadedEditorAssemblies (0ms)
			InitializePlatformSupportModulesInManaged (18ms)
			BeforeProcessingInitializeOnLoad (124ms)
			ProcessInitializeOnLoadAttributes (171ms)
			ProcessInitializeOnLoadMethodAttributes (342ms)
[Licensing::Client] Successfully resolved entitlement details
Application.AssetDatabase Initial Refresh Start
[Package Manager] Done resolving packages in 7.37 seconds
[Licensing::Client] Successfully resolved entitlement details
[Package Manager] Registered 29 packages:
  Packages from [https://packages.unity.com]:
    com.unity.xr.arcore@6.6.2 (location: C:\Users\chuntley\Desktop\Proyecto MCOC\P1L4\unity_visualizador\Builds\RoomValidation\Library\PackageCache\com.unity.xr.arcore@48fb51f3ca76)
    com.unity.xr.arfoundation@6.6.2 (location: C:\Users\chuntley\Desktop\Proyecto MCOC\P1L4\unity_visualizador\Builds\RoomValidation\Library\PackageCache\com.unity.xr.arfoundation@d57b0b4d336a)
    com.unity.xr.management@4.5.3 (location: C:\Users\chuntley\Desktop\Proyecto MCOC\P1L4\unity_visualizador\Builds\RoomValidation\Library\PackageCache\com.unity.xr.management@574ebfb1e976)
    com.unity.inputsystem@1.20.0 (location: C:\Users\chuntley\Desktop\Proyecto MCOC\P1L4\unity_visualizador\Builds\RoomValidation\Library\PackageCache\com.unity.inputsystem@7a4e1a2a8194)
    com.unity.xr.legacyinputhelpers@3.0.1 (location: C:\Users\chuntley\Desktop\Proyecto MCOC\P1L4\unity_visualizador\Builds\RoomValidation\Library\PackageCache\com.unity.xr.legacyinputhelpers@3f62d634f63b)
    com.unity.xr.core-utils@2.6.0 (location: C:\Users\chuntley\Desktop\Proyecto MCOC\P1L4\unity_visualizador\Builds\RoomValidation\Library\PackageCache\com.unity.xr.core-utils@a8b900321199)
  Built-in packages:
    com.unity.modules.animation@1.0.0 (location: C:\Users\chuntley\Desktop\Proyecto MCOC\P1L4\unity_visualizador\Builds\RoomValidation\Library\PackageCache\com.unity.modules.animation)
    com.unity.modules.assetbundle@1.0.0 (location: C:\Users\chuntley\Desktop\Proyecto MCOC\P1L4\unity_visualizador\Builds\RoomValidation\Library\PackageCache\com.unity.modules.assetbundle)
    com.unity.modules.audio@1.0.0 (location: C:\Users\chuntley\Desktop\Proyecto MCOC\P1L4\unity_visualizador\Builds\RoomValidation\Library\PackageCache\com.unity.modules.audio)
    com.unity.modules.director@1.0.0 (location: C:\Users\chuntley\Desktop\Proyecto MCOC\P1L4\unity_visualizador\Builds\RoomValidation\Library\PackageCache\com.unity.modules.director)
    com.unity.modules.imageconversion@1.0.0 (location: C:\Users\chuntley\Desktop\Proyecto MCOC\P1L4\unity_visualizador\Builds\RoomValidation\Library\PackageCache\com.unity.modules.imageconversion)
    com.unity.modules.imgui@1.0.0 (location: C:\Users\chuntley\Desktop\Proyecto MCOC\P1L4\unity_visualizador\Builds\RoomValidation\Library\PackageCache\com.unity.modules.imgui)
    com.unity.modules.jsonserialize@1.0.0 (location: C:\Users\chuntley\Desktop\Proyecto MCOC\P1L4\unity_visualizador\Builds\RoomValidation\Library\PackageCache\com.unity.modules.jsonserialize)
    com.unity.modules.physics@1.0.0 (location: C:\Users\chuntley\Desktop\Proyecto MCOC\P1L4\unity_visualizador\Builds\RoomValidation\Library\PackageCache\com.unity.modules.physics)
    com.unity.modules.ui@1.0.0 (location: C:\Users\chuntley\Desktop\Proyecto MCOC\P1L4\unity_visualizador\Builds\RoomValidation\Library\PackageCache\com.unity.modules.ui)
    com.unity.modules.uielements@1.0.0 (location: C:\Users\chuntley\Desktop\Proyecto MCOC\P1L4\unity_visualizador\Builds\RoomValidation\Library\PackageCache\com.unity.modules.uielements)
    com.unity.modules.unitywebrequest@1.0.0 (location: C:\Users\chuntley\Desktop\Proyecto MCOC\P1L4\unity_visualizador\Builds\RoomValidation\Library\PackageCache\com.unity.modules.unitywebrequest)
    com.unity.modules.hierarchycore@1.0.0 (location: C:\Users\chuntley\Desktop\Proyecto MCOC\P1L4\unity_visualizador\Builds\RoomValidation\Library\PackageCache\com.unity.modules.hierarchycore)
    com.unity.modules.xr@1.0.0 (location: C:\Users\chuntley\Desktop\Proyecto MCOC\P1L4\unity_visualizador\Builds\RoomValidation\Library\PackageCache\com.unity.modules.xr)
    com.unity.modules.subsystems@1.0.0 (location: C:\Users\chuntley\Desktop\Proyecto MCOC\P1L4\unity_visualizador\Builds\RoomValidation\Library\PackageCache\com.unity.modules.subsystems)
    com.unity.ugui@2.6.0 (location: C:\Users\chuntley\Desktop\Proyecto MCOC\P1L4\unity_visualizador\Builds\RoomValidation\Library\PackageCache\com.unity.ugui@23caec89ae27)
    com.unity.mathematics@1.4.0 (location: C:\Users\chuntley\Desktop\Proyecto MCOC\P1L4\unity_visualizador\Builds\RoomValidation\Library\PackageCache\com.unity.mathematics@8306a64d0cd6)
    com.unity.editorcoroutines@6.6.0 (location: C:\Users\chuntley\Desktop\Proyecto MCOC\P1L4\unity_visualizador\Builds\RoomValidation\Library\PackageCache\com.unity.editorcoroutines@8cd72baa102a)
    com.unity.modules.particlesystem@1.0.0 (location: C:\Users\chuntley\Desktop\Proyecto MCOC\P1L4\unity_visualizador\Builds\RoomValidation\Library\PackageCache\com.unity.modules.particlesystem)
    com.unity.modules.unityanalytics@1.0.0 (location: C:\Users\chuntley\Desktop\Proyecto MCOC\P1L4\unity_visualizador\Builds\RoomValidation\Library\PackageCache\com.unity.modules.unityanalytics)
    com.unity.modules.androidjni@1.0.0 (location: C:\Users\chuntley\Desktop\Proyecto MCOC\P1L4\unity_visualizador\Builds\RoomValidation\Library\PackageCache\com.unity.modules.androidjni)
    com.unity.modules.physics2d@1.0.0 (location: C:\Users\chuntley\Desktop\Proyecto MCOC\P1L4\unity_visualizador\Builds\RoomValidation\Library\PackageCache\com.unity.modules.physics2d)
    com.unity.modules.physicscore2d@1.0.0 (location: C:\Users\chuntley\Desktop\Proyecto MCOC\P1L4\unity_visualizador\Builds\RoomValidation\Library\PackageCache\com.unity.modules.physicscore2d)
  Git packages:
    com.google.xr.cardboard@https://github.com/googlevr/cardboard-xr-plugin.git#36ac9815b8f191fe11e149b7f323368fa86655a6 (location: C:\Users\chuntley\Desktop\Proyecto MCOC\P1L4\unity_visualizador\Builds\RoomValidation\Library\PackageCache\com.google.xr.cardboard@36ac9815b8f1)
[Subsystems] Looking for new subsystems at path C:\Users\chuntley\Desktop\Proyecto MCOC\P1L4\unity_visualizador\Builds\RoomValidation\Library\PackageCache\com.unity.xr.arfoundation@d57b0b4d336a
[Subsystems] Novel subsystem found at Library/PackageCache/com.unity.xr.arfoundation@d57b0b4d336a/Runtime/UnitySubsystemsManifest.json
[Subsystems] Discovering subsystems at path C:/Program Files/Unity/Hub/Editor/6000.6.0f1/Editor/Data/Resources/UnitySubsystems
[Subsystems] Discovering subsystems at path C:/Users/chuntley/Desktop/Proyecto MCOC/P1L4/unity_visualizador/Builds/RoomValidation/Assets
[Subsystems] Discovering subsystems at path C:\Users\chuntley\Desktop\Proyecto MCOC\P1L4\unity_visualizador\Builds\RoomValidation\Library\PackageCache\com.unity.xr.arfoundation@d57b0b4d336a
[Subsystems] No descriptors matched for  examples in Library/PackageCache/com.unity.xr.arfoundation@d57b0b4d336a/Runtime/UnitySubsystemsManifest.json.
[Subsystems] 1 'inputs' descriptors matched in Library/PackageCache/com.unity.xr.arfoundation@d57b0b4d336a/Runtime/UnitySubsystemsManifest.json
[Subsystems] No descriptors matched for  displays in Library/PackageCache/com.unity.xr.arfoundation@d57b0b4d336a/Runtime/UnitySubsystemsManifest.json.
[Subsystems] 1 'meshings' descriptors matched in Library/PackageCache/com.unity.xr.arfoundation@d57b0b4d336a/Runtime/UnitySubsystemsManifest.json
[Subsystems] Discovering subsystems at path C:\Users\chuntley\Desktop\Proyecto MCOC\P1L4\unity_visualizador\Builds\RoomValidation\Library\PackageCache\com.google.xr.cardboard@36ac9815b8f1
[Subsystems] No descriptors matched for  examples in Library/PackageCache/com.google.xr.cardboard@36ac9815b8f1/Runtime/UnitySubsystemsManifest.json.
[Subsystems] 1 'inputs' descriptors matched in Library/PackageCache/com.google.xr.cardboard@36ac9815b8f1/Runtime/UnitySubsystemsManifest.json
[Subsystems] 1 'displays' descriptors matched in Library/PackageCache/com.google.xr.cardboard@36ac9815b8f1/Runtime/UnitySubsystemsManifest.json
[Subsystems] No descriptors matched for  meshings in Library/PackageCache/com.google.xr.cardboard@36ac9815b8f1/Runtime/UnitySubsystemsManifest.json.
[Package Manager] Done registering packages in 0.02 seconds
A meta data file (.meta) exists but its folder 'Assets/Resources/MobileSeismic' can't be found, and has been created. Empty directories cannot be stored in version control, so it's assumed that the meta data file is for an empty directory in version control. When moving or deleting folders outside of Unity, please ensure that the corresponding .meta file is moved or deleted along with it.
A meta data file (.meta) exists but its folder 'Assets/Resources/MobileSeismic' can't be found, and has been created. Empty directories cannot be stored in version control, so it's assumed that the meta data file is for an empty directory in version control. When moving or deleting folders outside of Unity, please ensure that the corresponding .meta file is moved or deleted along with it.
AcceleratorClientConnectionCallback - disconnected - :0
[ScriptCompilation] Requested script compilation because: Assembly Definition File(s) changed
[ScriptCompilation] Requested script compilation because: AssetDatabase observed changes in script compilation related files
Starting: C:\Program Files\Unity\Hub\Editor\6000.6.0f1\Editor\Data\Tools\BuildPipeline\bee_backend.exe --ipc --defer-dag-verification --dagfile="Library/Bee/1900b0aE.dag" --continue-on-failure --profile="Library/Bee/backend1.traceevents" ScriptAssemblies
WorkingDir: C:/Users/chuntley/Desktop/Proyecto MCOC/P1L4/unity_visualizador/Builds/RoomValidation
ExitCode: 4 Duration: 0s49ms
[             ] Require frontend run.  Library/Bee/1900b0aE.dag couldn't be loaded
Starting: C:\Program Files\Unity\Hub\Editor\6000.6.0f1\Editor\Data\DotNetSdk\dotnet.exe "C:\Program Files\Unity\Hub\Editor\6000.6.0f1\Editor\Data\Tools\BuildPipeline\ScriptCompilationBuildProgram.exe" "Library/Bee/1900b0aE.dag.json" "Library/Bee/1900b0aE-inputdata.json" "Library\Bee\buildprogram0.traceevents"
WorkingDir: C:/Users/chuntley/Desktop/Proyecto MCOC/P1L4/unity_visualizador/Builds/RoomValidation
DisplayProgressbar: Compiling Scripts
ExitCode: 0 Duration: 0s531ms
Starting: C:\Program Files\Unity\Hub\Editor\6000.6.0f1\Editor\Data\Tools\BuildPipeline\bee_backend.exe --ipc --defer-dag-verification --dagfile="Library/Bee/1900b0aE.dag" --continue-on-failure --dagfilejson="Library\Bee\1900b0aE.dag.json" --profile="Library/Bee/backend2.traceevents" ScriptAssemblies
WorkingDir: C:/Users/chuntley/Desktop/Proyecto MCOC/P1L4/unity_visualizador/Builds/RoomValidation
ExitCode: 0 Duration: 19s
Finished compiling graph: 571 nodes, 8710 flattened edges (7618 ToBuild, 74 ToUse), maximum node priority 552
[  1/568    0s] WriteText Library/Bee/artifacts/1900b0aE.dag/UnityEngine.UI.UnityAdditionalFile.txt
[  2/568    0s] WriteText Library/Bee/artifacts/1900b0aE.dag/UnityEngine.UI.rsp2
[  3/568    0s] MovedFromExtractor Library/Bee/artifacts/mvdfrm/UnityEditor.AssetComplianceModule.dll_D04684ED0316EAA8.mvfrm
[  4/568    0s] MovedFromExtractor Library/Bee/artifacts/mvdfrm/UnityEditor.CoreBusinessMetricsModule.dll_EEFCC6DF498AC781.mvfrm
[  5/568    0s] MovedFromExtractor Library/Bee/artifacts/mvdfrm/UnityEditor.BuildProfileModule.dll_6C6C5987238106C2.mvfrm
[  6/568    0s] MovedFromExtractor Library/Bee/artifacts/mvdfrm/UnityEditor.BuildAnalysisModule.dll_3F1FC5D4733909B7.mvfrm
[  7/568    0s] MovedFromExtractor Library/Bee/artifacts/mvdfrm/UnityEditor.AdaptivePerformanceModule.dll_6F11CD6523439887.mvfrm
[  8/568    0s] MovedFromExtractor Library/Bee/artifacts/mvdfrm/UnityEditor.ContentLoadModule.dll_F0D7FC81B3DEEABC.mvfrm
[  9/568    0s] MovedFromExtractor Library/Bee/artifacts/mvdfrm/UnityEditor.DeviceSimulatorModule.dll_976B74FE885B067B.mvfrm
[ 10/568    0s] MovedFromExtractor Library/Bee/artifacts/mvdfrm/UnityEditor.DiagnosticsModule.dll_8E8EBED13C58A209.mvfrm
[ 11/568    0s] MovedFromExtractor Library/Bee/artifacts/mvdfrm/UnityEditor.AnimationWindowModule.dll_32CF68D6BDE8F731.mvfrm
[ 12/568    0s] MovedFromExtractor Library/Bee/artifacts/mvdfrm/UnityEditor.BurstModule.dll_B26DF7373303321D.mvfrm
[ 13/568    0s] MovedFromExtractor Library/Bee/artifacts/mvdfrm/UnityEditor.ClothModule.dll_B05E62D9E5C9F917.mvfrm
[ 14/568    0s] MovedFromExtractor Library/Bee/artifacts/mvdfrm/UnityEditor.CoreModule.dll_4051978EFE412A26.mvfrm
[ 15/568    0s] MovedFromExtractor Library/Bee/artifacts/mvdfrm/UnityEditor.GraphicsStateCollectionSerializerModule.dll_B2015E3944AC6D83.mvfrm
[ 16/568    0s] MovedFromExtractor Library/Bee/artifacts/mvdfrm/UnityEditor.GenericRemoteModule.dll_7CD7DE2D33032A9A.mvfrm
[ 17/568    0s] MovedFromExtractor Library/Bee/artifacts/mvdfrm/UnityEditor.GIModule.dll_666751D2EE97E409.mvfrm
[ 18/568    0s] MovedFromExtractor Library/Bee/artifacts/mvdfrm/UnityEditor.GridAndSnapModule.dll_9847A552BFBD5EF8.mvfrm
[ 19/568    0s] MovedFromExtractor Library/Bee/artifacts/mvdfrm/UnityEditor.EmbreeModule.dll_78166392F2BCF32F.mvfrm
[ 20/568    0s] MovedFromExtractor Library/Bee/artifacts/mvdfrm/UnityEditor.GridModule.dll_1DC2B37D1695C01D.mvfrm
[ 21/568    0s] MovedFromExtractor Library/Bee/artifacts/mvdfrm/UnityEditor.GraphViewModule.dll_C86FF4F841505EC0.mvfrm
[ 22/568    0s] MovedFromExtractor Library/Bee/artifacts/mvdfrm/UnityEditor.HierarchyModule.dll_B5E3FBD3FF2F9D82.mvfrm
[ 23/568    0s] MovedFromExtractor Library/Bee/artifacts/mvdfrm/UnityEditor.EditorToolbarModule.dll_1CD29E244AF4B2EB.mvfrm
[ 24/568    0s] MovedFromExtractor Library/Bee/artifacts/mvdfrm/UnityEditor.GraphToolkitModule.dll_88493E3214303547.mvfrm
[ 25/568    0s] MovedFromExtractor Library/Bee/artifacts/mvdfrm/UnityEditor.LightingModule.dll_00C26F96ED022153.mvfrm
[ 26/568    0s] MovedFromExtractor Library/Bee/artifacts/mvdfrm/UnityEditor.MathematicsModule.dll_7CD6511A59D43A03.mvfrm
[ 27/568    0s] MovedFromExtractor Library/Bee/artifacts/mvdfrm/UnityEditor.MediaModule.dll_15361F7089F9A2C1.mvfrm
[ 28/568    0s] MovedFromExtractor Library/Bee/artifacts/mvdfrm/UnityEditor.PhysicsCore2DModule.dll_D49A5FFD3003F685.mvfrm
[ 29/568    0s] MovedFromExtractor Library/Bee/artifacts/mvdfrm/UnityEditor.PhysicsModule.dll_A6D06D32EAAF5964.mvfrm
[ 30/568    0s] MovedFromExtractor Library/Bee/artifacts/mvdfrm/UnityEditor.MultiplayerModule.dll_D769BFCD9E23D047.mvfrm
[ 31/568    0s] MovedFromExtractor Library/Bee/artifacts/mvdfrm/UnityEditor.PropertiesModule.dll_97C17886A61B0E5A.mvfrm
[ 32/568    0s] MovedFromExtractor Library/Bee/artifacts/mvdfrm/UnityEditor.Physics2DModule.dll_2DB57028D72A7916.mvfrm
[ 33/568    0s] MovedFromExtractor Library/Bee/artifacts/mvdfrm/UnityEditor.ProjectAuditorModule.dll_B01A3490B266E26C.mvfrm
[ 34/568    0s] MovedFromExtractor Library/Bee/artifacts/mvdfrm/UnityEditor.PlayModeModule.dll_4CAEE9D438DF678E.mvfrm
[ 35/568    0s] MovedFromExtractor Library/Bee/artifacts/mvdfrm/UnityEditor.QuickSearchModule.dll_199E3FDE952F9E62.mvfrm
[ 36/568    0s] MovedFromExtractor Library/Bee/artifacts/mvdfrm/UnityEditor.PresetsUIModule.dll_83D62DDA43A8B6C5.mvfrm
[ 37/568    0s] MovedFromExtractor Library/Bee/artifacts/mvdfrm/UnityEditor.QuickInstallModule.dll_4B4BA7C6650774F5.mvfrm
[ 38/568    0s] MovedFromExtractor Library/Bee/artifacts/mvdfrm/UnityEditor.SafeModeModule.dll_06BAF81A9A165827.mvfrm
[ 39/568    0s] MovedFromExtractor Library/Bee/artifacts/mvdfrm/UnityEditor.ShaderBuildSettingsModule.dll_7738140DF642C9C9.mvfrm
[ 40/568    0s] MovedFromExtractor Library/Bee/artifacts/mvdfrm/UnityEditor.SceneTemplateModule.dll_40720EE249E15D23.mvfrm
[ 41/568    0s] MovedFromExtractor Library/Bee/artifacts/mvdfrm/UnityEditor.SceneViewModule.dll_071FD80036732BCE.mvfrm
[ 42/568    0s] MovedFromExtractor Library/Bee/artifacts/mvdfrm/UnityEditor.ShaderFoundryModule.dll_7F51DF256C90D9B1.mvfrm
[ 43/568    0s] MovedFromExtractor Library/Bee/artifacts/mvdfrm/UnityEditor.SketchUpModule.dll_EECFDD6AE547F43E.mvfrm
[ 44/568    0s] MovedFromExtractor Library/Bee/artifacts/mvdfrm/UnityEditor.ShaderPreprocessorModule.dll_CBEA3FB5265E6B7B.mvfrm
[ 45/568    0s] MovedFromExtractor Library/Bee/artifacts/mvdfrm/UnityEditor.ShaderCompilationModule.dll_D69435E7736582BB.mvfrm
[ 46/568    0s] MovedFromExtractor Library/Bee/artifacts/mvdfrm/UnityEditor.SpriteShapeModule.dll_7122D09B9AFE7AD9.mvfrm
[ 47/568    0s] MovedFromExtractor Library/Bee/artifacts/mvdfrm/UnityEditor.SpriteMaskModule.dll_53B2ABD8549F3F98.mvfrm
[ 48/568    0s] MovedFromExtractor Library/Bee/artifacts/mvdfrm/UnityEditor.SyntaxTreeModule.dll_0FEF721A7EEB29A8.mvfrm
[ 49/568    0s] MovedFromExtractor Library/Bee/artifacts/mvdfrm/UnityEditor.SubstanceModule.dll_724F81D1D10836CD.mvfrm
[ 50/568    0s] MovedFromExtractor Library/Bee/artifacts/mvdfrm/UnityEditor.TerrainModule.dll_C116E8A1C06DA252.mvfrm
[ 51/568    0s] MovedFromExtractor Library/Bee/artifacts/mvdfrm/UnityEditor.TextCoreFontEngineModule.dll_A9053612283598E4.mvfrm
[ 52/568    0s] MovedFromExtractor Library/Bee/artifacts/mvdfrm/UnityEditor.TilemapModule.dll_60135022D82A835B.mvfrm
[ 53/568    0s] MovedFromExtractor Library/Bee/artifacts/mvdfrm/UnityEditor.TextCoreTextEngineModule.dll_F0ED6C83B7B95202.mvfrm
[ 54/568    0s] MovedFromExtractor Library/Bee/artifacts/mvdfrm/UnityEditor.TextRenderingModule.dll_8A15311D9C3E0E7C.mvfrm
[ 55/568    0s] MovedFromExtractor Library/Bee/artifacts/mvdfrm/UnityEditor.TimelineFoundationModule.dll_AB4AB51EC287FE1B.mvfrm
[ 56/568    0s] MovedFromExtractor Library/Bee/artifacts/mvdfrm/UnityEditor.TreeModule.dll_9DFD8C9D8606BF65.mvfrm
[ 57/568    0s] MovedFromExtractor Library/Bee/artifacts/mvdfrm/UnityEditor.UIAutomationModule.dll_1D0D4877BFF4CF82.mvfrm
[ 58/568    0s] MovedFromExtractor Library/Bee/artifacts/mvdfrm/UnityEditor.U2DModule.dll_56C35B5069B87B04.mvfrm
[ 59/568    0s] MovedFromExtractor Library/Bee/artifacts/mvdfrm/UnityEditor.UIElementsModule.dll_C29E73A2261363A2.mvfrm
[ 60/568    0s] MovedFromExtractor Library/Bee/artifacts/mvdfrm/UnityEditor.UIBuilderModule.dll_1CF8A214B408D7F4.mvfrm
[ 61/568    0s] MovedFromExtractor Library/Bee/artifacts/mvdfrm/UnityEditor.UIElementsSamplesModule.dll_CAC5D36F90618DEB.mvfrm
[ 62/568    0s] MovedFromExtractor Library/Bee/artifacts/mvdfrm/UnityEditor.UIToolkitAuthoringModule.dll_DC5BCA9F46BC1CA4.mvfrm
[ 63/568    0s] MovedFromExtractor Library/Bee/artifacts/mvdfrm/UnityEditor.VFXModule.dll_2AEAB06D341C1AA5.mvfrm
[ 64/568    0s] MovedFromExtractor Library/Bee/artifacts/mvdfrm/UnityEditor.UmbraModule.dll_C44AB1F798D3C5A6.mvfrm
[ 65/568    0s] MovedFromExtractor Library/Bee/artifacts/mvdfrm/UnityEditor.UnityConnectModule.dll_67A666FD4864EBDC.mvfrm
[ 66/568    0s] MovedFromExtractor Library/Bee/artifacts/mvdfrm/UnityEditor.XRModule.dll_4F2F907CDA24D471.mvfrm
[ 67/568    0s] MovedFromExtractor Library/Bee/artifacts/mvdfrm/UnityEditor.VectorGraphicsModule.dll_FCACC05FEFD49355.mvfrm
[ 68/568    0s] MovedFromExtractor Library/Bee/artifacts/mvdfrm/UnityEditor.VideoModule.dll_6E7F8A49CE3F35D8.mvfrm
[ 69/568    0s] MovedFromExtractor Library/Bee/artifacts/mvdfrm/UnityEditor.dll_CFB1EF3DD257268F.mvfrm
[ 70/568    0s] MovedFromExtractor Library/Bee/artifacts/mvdfrm/UnityEngine.ARModule.dll_C60C5F581B838E83.mvfrm
[ 71/568    0s] MovedFromExtractor Library/Bee/artifacts/mvdfrm/UnityEngine.AnimationModule.dll_96F571211BAD3366.mvfrm
[ 72/568    0s] MovedFromExtractor Library/Bee/artifacts/mvdfrm/UnityEngine.AndroidJNIModule.dll_40E75C756F32D278.mvfrm
[ 73/568    0s] MovedFromExtractor Library/Bee/artifacts/mvdfrm/UnityEngine.AssetBundleModule.dll_5D8772CFF7965354.mvfrm
[ 74/568    0s] MovedFromExtractor Library/Bee/artifacts/mvdfrm/UnityEngine.AudioModule.dll_0FA2C2433D2A4AD8.mvfrm
[ 75/568    0s] MovedFromExtractor Library/Bee/artifacts/mvdfrm/UnityEngine.ContentLoadModule.dll_F69DCC10C618FB41.mvfrm
[ 76/568    0s] MovedFromExtractor Library/Bee/artifacts/mvdfrm/UnityEngine.ClusterRendererModule.dll_9D18376FF81613FF.mvfrm
[ 77/568    0s] MovedFromExtractor Library/Bee/artifacts/mvdfrm/UnityEngine.ClusterInputModule.dll_E742DC12F9ECBEA2.mvfrm
[ 78/568    0s] MovedFromExtractor Library/Bee/artifacts/mvdfrm/UnityEngine.BurstModule.dll_789AB39B648062C2.mvfrm
[ 79/568    0s] MovedFromExtractor Library/Bee/artifacts/mvdfrm/UnityEngine.CrashReportingModule.dll_CD77A27A0BA92589.mvfrm
[ 80/568    0s] MovedFromExtractor Library/Bee/artifacts/mvdfrm/UnityEngine.CoreModule.dll_63726AE1A6469551.mvfrm
[ 81/568    0s] MovedFromExtractor Library/Bee/artifacts/mvdfrm/UnityEngine.DirectorModule.dll_01D1BA9B1DE12FAE.mvfrm
[ 82/568    0s] MovedFromExtractor Library/Bee/artifacts/mvdfrm/UnityEngine.DSPGraphModule.dll_07231C04904200CF.mvfrm
[ 83/568    0s] MovedFromExtractor Library/Bee/artifacts/mvdfrm/UnityEngine.GameCenterModule.dll_6B34A6903573C369.mvfrm
[ 84/568    0s] MovedFromExtractor Library/Bee/artifacts/mvdfrm/UnityEngine.GridModule.dll_40E386CFBE9B2B48.mvfrm
[ 85/568    0s] MovedFromExtractor Library/Bee/artifacts/mvdfrm/UnityEngine.GraphicsStateCollectionSerializerModule.dll_BAF52B2911ABB6E8.mvfrm
[ 86/568    0s] MovedFromExtractor Library/Bee/artifacts/mvdfrm/UnityEngine.GIModule.dll_A4D5E3625A1517D4.mvfrm
[ 87/568    0s] MovedFromExtractor Library/Bee/artifacts/mvdfrm/UnityEngine.HierarchyCoreModule.dll_EA321753B904DDB6.mvfrm
[ 88/568    0s] MovedFromExtractor Library/Bee/artifacts/mvdfrm/UnityEngine.IMGUIModule.dll_480261AA035BDEB9.mvfrm
[ 89/568    0s] MovedFromExtractor Library/Bee/artifacts/mvdfrm/UnityEngine.HotReloadModule.dll_183E2F26F6E04EE8.mvfrm
[ 90/568    0s] MovedFromExtractor Library/Bee/artifacts/mvdfrm/UnityEngine.IdentifiersModule.dll_3610FAC5BA0F216C.mvfrm
[ 91/568    0s] MovedFromExtractor Library/Bee/artifacts/mvdfrm/UnityEngine.InputModule.dll_761889F3B3626F7C.mvfrm
[ 92/568    0s] MovedFromExtractor Library/Bee/artifacts/mvdfrm/UnityEngine.ImageConversionModule.dll_090A35207A3ACBF3.mvfrm
[ 93/568    0s] MovedFromExtractor Library/Bee/artifacts/mvdfrm/UnityEngine.InputLegacyModule.dll_EECC8DEE8F880945.mvfrm
[ 94/568    0s] MovedFromExtractor Library/Bee/artifacts/mvdfrm/UnityEngine.InputForUIModule.dll_6DE700A995946025.mvfrm
[ 95/568    0s] MovedFromExtractor Library/Bee/artifacts/mvdfrm/UnityEngine.InsightsModule.dll_9B98832BA85E7F2D.mvfrm
[ 96/568    0s] MovedFromExtractor Library/Bee/artifacts/mvdfrm/UnityEngine.JSONSerializeModule.dll_D32F03B54992E54A.mvfrm
[ 97/568    0s] MovedFromExtractor Library/Bee/artifacts/mvdfrm/UnityEngine.LocalizationModule.dll_258FA6659168B19B.mvfrm
[ 98/568    0s] MovedFromExtractor Library/Bee/artifacts/mvdfrm/UnityEngine.MathematicsModule.dll_829C20A96C0E4A88.mvfrm
[ 99/568    0s] MovedFromExtractor Library/Bee/artifacts/mvdfrm/UnityEngine.ManagedKernelModule.dll_95CDB2FE398CB3CE.mvfrm
[100/568    0s] MovedFromExtractor Library/Bee/artifacts/mvdfrm/UnityEngine.MultiplayerModule.dll_DD2F8F5CB05DE0CC.mvfrm
[101/568    0s] MovedFromExtractor Library/Bee/artifacts/mvdfrm/UnityEngine.ParticleSystemModule.dll_2089EBC679BAB117.mvfrm
[102/568    0s] MovedFromExtractor Library/Bee/artifacts/mvdfrm/UnityEngine.PerformanceReportingModule.dll_F8248BB2D335BB10.mvfrm
[103/568    0s] MovedFromExtractor Library/Bee/artifacts/mvdfrm/UnityEngine.MarshallingModule.dll_05F01164DBBE80A6.mvfrm
[104/568    0s] MovedFromExtractor Library/Bee/artifacts/mvdfrm/UnityEngine.Physics2DModule.dll_E39B6111BCAA2AFB.mvfrm
[105/568    0s] MovedFromExtractor Library/Bee/artifacts/mvdfrm/UnityEngine.PhysicsBackendPhysXModule.dll_09B549A841452E4B.mvfrm
[106/568    0s] MovedFromExtractor Library/Bee/artifacts/mvdfrm/UnityEngine.PhysicsCore2DModule.dll_60DB5224A8FC79AA.mvfrm
[107/568    0s] MovedFromExtractor Library/Bee/artifacts/mvdfrm/UnityEngine.PhysicsModule.dll_994B25DD4FBE40A9.mvfrm
[108/568    0s] MovedFromExtractor Library/Bee/artifacts/mvdfrm/UnityEngine.RuntimeInitializeOnLoadManagerInitializerModule.dll_3DBF3BBF564211C4.mvfrm
[109/568    0s] MovedFromExtractor Library/Bee/artifacts/mvdfrm/UnityEngine.PropertiesModule.dll_986FE5CEA85F27A5.mvfrm
[110/568    0s] MovedFromExtractor Library/Bee/artifacts/mvdfrm/UnityEngine.RenderAs2DModule.dll_D9A7A85487B971DC.mvfrm
[111/568    0s] MovedFromExtractor Library/Bee/artifacts/mvdfrm/UnityEngine.ScriptingModule.dll_AE16C9E79B34E219.mvfrm
[112/568    0s] MovedFromExtractor Library/Bee/artifacts/mvdfrm/UnityEngine.ShaderVariantAnalyticsModule.dll_7E72D8A3053A1BF8.mvfrm
[113/568    0s] MovedFromExtractor Library/Bee/artifacts/mvdfrm/UnityEngine.StreamingModule.dll_4B8A5E716B34EAA4.mvfrm
[114/568    0s] MovedFromExtractor Library/Bee/artifacts/mvdfrm/UnityEngine.SpriteShapeModule.dll_76E8A02AAD388B5E.mvfrm
[115/568    0s] MovedFromExtractor Library/Bee/artifacts/mvdfrm/UnityEngine.SpriteMaskModule.dll_5461192056E358E3.mvfrm
[116/568    0s] MovedFromExtractor Library/Bee/artifacts/mvdfrm/UnityEngine.SubstanceModule.dll_283572BAB687E8B2.mvfrm
[117/568    0s] MovedFromExtractor Library/Bee/artifacts/mvdfrm/UnityEngine.SubsystemsModule.dll_BF0E7F82252B40F6.mvfrm
[118/568    0s] MovedFromExtractor Library/Bee/artifacts/mvdfrm/UnityEngine.TLSModule.dll_B62DBA51CD5EBF3D.mvfrm
[119/568    0s] MovedFromExtractor Library/Bee/artifacts/mvdfrm/UnityEngine.TextCoreTextEngineModule.dll_6F4CE7D6CAB710CD.mvfrm
[120/568    0s] MovedFromExtractor Library/Bee/artifacts/mvdfrm/UnityEngine.TextCoreFontEngineModule.dll_2764B1653B3357AF.mvfrm
[121/568    0s] MovedFromExtractor Library/Bee/artifacts/mvdfrm/UnityEngine.TextRenderingModule.dll_16562345153691A1.mvfrm
[122/568    0s] MovedFromExtractor Library/Bee/artifacts/mvdfrm/UnityEngine.U2DRuntimeModule.dll_8FEAD048F586B703.mvfrm
[123/568    0s] MovedFromExtractor Library/Bee/artifacts/mvdfrm/UnityEngine.UnityAnalyticsModule.dll_40295C9025E20313.mvfrm
[124/568    0s] MovedFromExtractor Library/Bee/artifacts/mvdfrm/UnityEngine.UnityAnalyticsCommonModule.dll_936348F6ED1E596E.mvfrm
[125/568    0s] MovedFromExtractor Library/Bee/artifacts/mvdfrm/UnityEngine.UIModule.dll_080D38821AAD3566.mvfrm
[126/568    0s] MovedFromExtractor Library/Bee/artifacts/mvdfrm/UnityEngine.UnityConsentModule.dll_26AB82384FF782D7.mvfrm
[127/568    0s] MovedFromExtractor Library/Bee/artifacts/mvdfrm/UnityEngine.UIElementsModule.dll_C34CE0EA28577CED.mvfrm
[128/568    0s] MovedFromExtractor Library/Bee/artifacts/mvdfrm/UnityEngine.UnityConnectModule.dll_5505EB0C42ECEC87.mvfrm
[129/568    0s] MovedFromExtractor Library/Bee/artifacts/mvdfrm/UnityEngine.UnityCurlModule.dll_CA1212528BC12553.mvfrm
[130/568    0s] MovedFromExtractor Library/Bee/artifacts/mvdfrm/UnityEngine.UnityWebRequestModule.dll_1AA93CCA852F6672.mvfrm
[131/568    0s] MovedFromExtractor Library/Bee/artifacts/mvdfrm/UnityEngine.VirtualTexturingModule.dll_BF978659A1C374AF.mvfrm
[132/568    0s] MovedFromExtractor Library/Bee/artifacts/mvdfrm/UnityEngine.XRModule.dll_8D9E220C45A2083C.mvfrm
[133/568    0s] MovedFromExtractor Library/Bee/artifacts/mvdfrm/UnityEngine.VFXModule.dll_370C52C0A3CC28AA.mvfrm
[134/568    0s] WriteText Library/Bee/artifacts/1900b0aE.dag/UnityEngine.UI.dll.mvfrm.rsp
[135/568    0s] WriteText Library/Bee/artifacts/1900b0aE.dag/UnityEngine.UI.rsp
[136/568    0s] WriteText Library/Bee/artifacts/1900b0aE.dag/UnityEditor.UI.UnityAdditionalFile.txt
[137/568    0s] WriteText Library/Bee/artifacts/1900b0aE.dag/UnityEditor.UI.rsp2
[138/568    0s] MovedFromExtractor Library/Bee/artifacts/mvdfrm/UnityEditor.Apple.Extensions.Common.dll_7E6D44C8F87E13A8.mvfrm
[139/568    0s] MovedFromExtractor Library/Bee/artifacts/mvdfrm/Unity.Scripting.dll_29E319F6551CD7FB.mvfrm
[140/568    0s] MovedFromExtractor Library/Bee/artifacts/mvdfrm/UnityEngine.dll_0256361630CAB374.mvfrm
[141/568    0s] MovedFromExtractor Library/Bee/artifacts/mvdfrm/UnityEditor.AccessibilityModule.dll_E6D68851D15F019B.mvfrm
[142/568    0s] MovedFromExtractor Library/Bee/artifacts/mvdfrm/UnityEditor.iOS.Extensions.Xcode.dll_2A3D1C0494891611.mvfrm
[143/568    0s] MovedFromExtractor Library/Bee/artifacts/mvdfrm/UnityEditor.AIModule.dll_CE2B08C552E8FBEF.mvfrm
[144/568    0s] MovedFromExtractor Library/Bee/artifacts/mvdfrm/UnityEditor.WebGL.Extensions.dll_57AC3C475C2A55EA.mvfrm
[145/568    0s] MovedFromExtractor Library/Bee/artifacts/mvdfrm/UnityEditor.iOS.Extensions.Common.dll_BB7FA72DE23DB26B.mvfrm
[146/568    0s] MovedFromExtractor Library/Bee/artifacts/mvdfrm/UnityEditor.Graphs.dll_FE3AB981DA5A0E58.mvfrm
[147/568    0s] MovedFromExtractor Library/Bee/artifacts/mvdfrm/UnityEngine.AdaptivePerformanceModule.dll_2FA1621B5E88EB8C.mvfrm
[148/568    0s] MovedFromExtractor Library/Bee/artifacts/mvdfrm/UnityEditor.WindowsStandalone.Extensions.dll_2B5DC5117BA4DFDA.mvfrm
[149/568    0s] MovedFromExtractor Library/Bee/artifacts/mvdfrm/UnityEditor.iOS.Extensions.dll_8923113F28746D8A.mvfrm
[150/568    0s] MovedFromExtractor Library/Bee/artifacts/mvdfrm/UnityEngine.ClothModule.dll_768B1F3E174729BC.mvfrm
[151/568    0s] MovedFromExtractor Library/Bee/artifacts/mvdfrm/UnityEngine.HierarchyModule.dll_6BC9ECBCE4AF4F67.mvfrm
[152/568    0s] MovedFromExtractor Library/Bee/artifacts/mvdfrm/UnityEngine.NVIDIAModule.dll_D0277B7A505A0DDD.mvfrm
[153/568    0s] MovedFromExtractor Library/Bee/artifacts/mvdfrm/UnityEngine.ScreenCaptureModule.dll_ED16B13A5DFF11AC.mvfrm
[154/568    0s] MovedFromExtractor Library/Bee/artifacts/mvdfrm/UnityEngine.TerrainModule.dll_B391A14C257C8997.mvfrm
[155/568    0s] MovedFromExtractor Library/Bee/artifacts/mvdfrm/UnityEngine.TetgenModule.dll_C8165B974D39FB5F.mvfrm
[156/568    0s] MovedFromExtractor Library/Bee/artifacts/mvdfrm/UnityEngine.TilemapModule.dll_528E08CD3D396AA0.mvfrm
[157/568    0s] MovedFromExtractor Library/Bee/artifacts/mvdfrm/UnityEngine.TimelineFoundationModule.dll_29AA3071D585BCE6.mvfrm
[158/568    0s] MovedFromExtractor Library/Bee/artifacts/mvdfrm/UnityEngine.UmbraModule.dll_8A776E5BCA50F64B.mvfrm
[159/568    0s] MovedFromExtractor Library/Bee/artifacts/mvdfrm/UnityEngine.UnityWebRequestAssetBundleModule.dll_B93E92DF9829BC24.mvfrm
[160/568    0s] MovedFromExtractor Library/Bee/artifacts/mvdfrm/UnityEngine.UnityWebRequestAudioModule.dll_7020DF9159A085A8.mvfrm
[161/568    0s] MovedFromExtractor-Combine Library/Bee/artifacts/1900b0aE.dag/UnityEngine.UI.dll.mvfrm
[162/568    0s] WriteText Library/Bee/artifacts/1900b0aE.dag/UnityEditor.UI.dll.mvfrm.rsp
[163/568    0s] WriteText Library/Bee/artifacts/1900b0aE.dag/UnityEditor.UI.rsp
[164/568    0s] WriteText Library/Bee/artifacts/1900b0aE.dag/Unity.InputSystem.UnityAdditionalFile.txt
[165/568    0s] WriteText Library/Bee/artifacts/1900b0aE.dag/Unity.InputSystem.rsp2
[166/568    0s] WriteText Library/Bee/artifacts/1900b0aE.dag/UnityEngine.SpatialTracking.UnityAdditionalFile.txt
[167/568    0s] WriteText Library/Bee/artifacts/1900b0aE.dag/UnityEngine.SpatialTracking.rsp2
[168/568    0s] WriteText Library/Bee/artifacts/1900b0aE.dag/Unity.InputSystem.dll.mvfrm.rsp
[169/568    0s] WriteText Library/Bee/artifacts/1900b0aE.dag/Unity.InputSystem.rsp
[170/568    0s] WriteText Library/Bee/artifacts/1900b0aE.dag/UnityEngine.SpatialTracking.dll.mvfrm.rsp
[171/568    0s] WriteText Library/Bee/artifacts/1900b0aE.dag/UnityEngine.SpatialTracking.rsp
[172/568    0s] WriteText Library/Bee/artifacts/1900b0aE.dag/Unity.XR.CoreUtils.UnityAdditionalFile.txt
[173/568    0s] WriteText Library/Bee/artifacts/1900b0aE.dag/Unity.XR.CoreUtils.rsp2
[174/568    0s] WriteText Library/Bee/artifacts/1900b0aE.dag/Unity.XR.CoreUtils.dll.mvfrm.rsp
[175/568    0s] WriteText Library/Bee/artifacts/1900b0aE.dag/Unity.XR.CoreUtils.rsp
[176/568    0s] WriteText Library/Bee/artifacts/1900b0aE.dag/Unity.XR.Management.rsp2
[177/568    0s] WriteText Library/Bee/artifacts/1900b0aE.dag/Unity.XR.Management.UnityAdditionalFile.txt
[178/568    0s] WriteText Library/Bee/artifacts/1900b0aE.dag/Unity.XR.ARSubsystems.UnityAdditionalFile.txt
[179/568    0s] WriteText Library/Bee/artifacts/1900b0aE.dag/Unity.XR.ARSubsystems.rsp2
[180/568    0s] WriteText Library/Bee/artifacts/1900b0aE.dag/Unity.XR.Management.dll.mvfrm.rsp
[181/568    0s] WriteText Library/Bee/artifacts/1900b0aE.dag/Unity.XR.Management.rsp
[182/568    0s] WriteText Library/Bee/artifacts/1900b0aE.dag/Unity.XR.ARSubsystems.dll.mvfrm.rsp
[183/568    0s] WriteText Library/Bee/artifacts/1900b0aE.dag/Unity.XR.ARSubsystems.rsp
[184/568    0s] WriteText Library/Bee/artifacts/1900b0aE.dag/Unity.XR.CoreUtils.Editor.UnityAdditionalFile.txt
[185/568    0s] WriteText Library/Bee/artifacts/1900b0aE.dag/Unity.XR.CoreUtils.Editor.rsp2
[186/568    0s] WriteText Library/Bee/artifacts/1900b0aE.dag/Unity.XR.ARFoundation.InternalUtils.rsp2
[187/568    0s] WriteText Library/Bee/artifacts/1900b0aE.dag/Unity.XR.ARFoundation.InternalUtils.UnityAdditionalFile.txt
[188/568    0s] WriteText Library/Bee/artifacts/1900b0aE.dag/Unity.XR.CoreUtils.Editor.dll.mvfrm.rsp
[189/568    0s] WriteText Library/Bee/artifacts/1900b0aE.dag/Unity.XR.ARFoundation.InternalUtils.dll.mvfrm.rsp
[190/568    0s] WriteText Library/Bee/artifacts/1900b0aE.dag/Unity.XR.CoreUtils.Editor.rsp
[191/568    0s] WriteText Library/Bee/artifacts/1900b0aE.dag/Unity.XR.ARFoundation.InternalUtils.rsp
[192/568    0s] WriteText Library/Bee/artifacts/1900b0aE.dag/Unity.XR.Management.Editor.rsp2
[193/568    0s] WriteText Library/Bee/artifacts/1900b0aE.dag/Unity.XR.Management.Editor.UnityAdditionalFile.txt
[194/568    0s] WriteText Library/Bee/artifacts/1900b0aE.dag/Unity.XR.ARFoundation.rsp2
[195/568    0s] WriteText Library/Bee/artifacts/1900b0aE.dag/Unity.XR.ARFoundation.UnityAdditionalFile.txt
[196/568    0s] WriteText Library/Bee/artifacts/1900b0aE.dag/Unity.InternalAPIEngineBridge.004.UnityAdditionalFile.txt
[197/568    0s] WriteText Library/Bee/artifacts/1900b0aE.dag/Unity.InternalAPIEngineBridge.004.rsp2
[198/568    0s] WriteText Library/Bee/artifacts/1900b0aE.dag/Unity.XR.Management.Editor.dll.mvfrm.rsp
[199/568    0s] WriteText Library/Bee/artifacts/1900b0aE.dag/Unity.XR.Management.Editor.rsp
[200/568    0s] WriteText Library/Bee/artifacts/1900b0aE.dag/Unity.XR.ARFoundation.dll.mvfrm.rsp
[201/568    0s] WriteText Library/Bee/artifacts/1900b0aE.dag/Unity.Mathematics.UnityAdditionalFile.txt
[202/568    0s] WriteText Library/Bee/artifacts/1900b0aE.dag/Unity.Mathematics.rsp2
[203/568    0s] WriteText Library/Bee/artifacts/1900b0aE.dag/Unity.XR.ARFoundation.rsp
[204/568    0s] WriteText Library/Bee/artifacts/1900b0aE.dag/Unity.InternalAPIEngineBridge.004.dll.mvfrm.rsp
[205/568    0s] WriteText Library/Bee/artifacts/1900b0aE.dag/Unity.InternalAPIEngineBridge.004.rsp
[206/568    0s] WriteText Library/Bee/artifacts/1900b0aE.dag/Unity.Mathematics.dll.mvfrm.rsp
[207/568    0s] WriteText Library/Bee/artifacts/1900b0aE.dag/Unity.Mathematics.rsp
[208/568    0s] WriteText Library/Bee/artifacts/1900b0aE.dag/Unity.TextMeshPro.UnityAdditionalFile.txt
[209/568    0s] WriteText Library/Bee/artifacts/1900b0aE.dag/Unity.TextMeshPro.rsp2
[210/568    0s] WriteText Library/Bee/artifacts/1900b0aE.dag/Unity.XR.ARAnalytics.Editor.rsp2
[211/568    0s] WriteText Library/Bee/artifacts/1900b0aE.dag/Unity.XR.ARAnalytics.Editor.UnityAdditionalFile.txt
[212/568    0s] WriteText Library/Bee/artifacts/1900b0aE.dag/Unity.InputSystem.ForUI.rsp2
[213/568    0s] WriteText Library/Bee/artifacts/1900b0aE.dag/Unity.InputSystem.ForUI.UnityAdditionalFile.txt
[214/568    0s] WriteText Library/Bee/artifacts/1900b0aE.dag/UnityEngine.XR.LegacyInputHelpers.rsp2
[215/568    0s] WriteText Library/Bee/artifacts/1900b0aE.dag/Unity.XR.ARSubsystems.Editor.rsp2
[216/568    0s] WriteText Library/Bee/artifacts/1900b0aE.dag/UnityEngine.XR.LegacyInputHelpers.UnityAdditionalFile.txt
[217/568    0s] WriteText Library/Bee/artifacts/1900b0aE.dag/Unity.XR.ARCore.rsp2
[218/568    0s] WriteText Library/Bee/artifacts/1900b0aE.dag/Unity.XR.ARSubsystems.Editor.UnityAdditionalFile.txt
[219/568    0s] WriteText Library/Bee/artifacts/1900b0aE.dag/Unity.EditorCoroutines.Editor.UnityAdditionalFile.txt
[220/568    0s] WriteText Library/Bee/artifacts/1900b0aE.dag/Unity.EditorCoroutines.Editor.rsp2
[221/568    0s] WriteText Library/Bee/artifacts/1900b0aE.dag/Unity.XR.Simulation.UnityAdditionalFile.txt
[222/568    0s] WriteText Library/Bee/artifacts/1900b0aE.dag/Unity.XR.Simulation.rsp2
[223/568    0s] WriteText Library/Bee/artifacts/1900b0aE.dag/Unity.XR.ARFoundation.VisualScripting.UnityAdditionalFile.txt
[224/568    0s] WriteText Library/Bee/artifacts/1900b0aE.dag/Unity.XR.ARFoundation.VisualScripting.rsp2
[225/568    0s] WriteText Library/Bee/artifacts/1900b0aE.dag/Unity.XR.ARCore.UnityAdditionalFile.txt
[226/568    0s] WriteText Library/Bee/artifacts/1900b0aE.dag/Unity.TextMeshPro.dll.mvfrm.rsp
[227/568    0s] WriteText Library/Bee/artifacts/1900b0aE.dag/Unity.XR.ARAnalytics.Editor.dll.mvfrm.rsp
[228/568    0s] WriteText Library/Bee/artifacts/1900b0aE.dag/Unity.XR.ARAnalytics.Editor.rsp
[229/568    0s] WriteText Library/Bee/artifacts/1900b0aE.dag/Unity.TextMeshPro.rsp
[230/568    0s] WriteText Library/Bee/artifacts/1900b0aE.dag/Unity.EditorCoroutines.Editor.dll.mvfrm.rsp
[231/568    0s] WriteText Library/Bee/artifacts/1900b0aE.dag/Unity.XR.ARCore.dll.mvfrm.rsp
[232/568    0s] WriteText Library/Bee/artifacts/1900b0aE.dag/Unity.XR.ARSubsystems.Editor.dll.mvfrm.rsp
[233/568    0s] WriteText Library/Bee/artifacts/1900b0aE.dag/Unity.XR.Simulation.dll.mvfrm.rsp
[234/568    0s] MovedFromExtractor Library/Bee/artifacts/mvdfrm/UnityEngine.UnityWebRequestWWWModule.dll_3A0F2D32BA76CD39.mvfrm
[235/568    0s] WriteText Library/Bee/artifacts/1900b0aE.dag/Unity.InputSystem.ForUI.dll.mvfrm.rsp
[236/568    0s] WriteText Library/Bee/artifacts/1900b0aE.dag/Unity.XR.ARFoundation.VisualScripting.dll.mvfrm.rsp
[237/568    0s] WriteText Library/Bee/artifacts/1900b0aE.dag/UnityEngine.XR.LegacyInputHelpers.dll.mvfrm.rsp
[238/568    0s] WriteText Library/Bee/artifacts/1900b0aE.dag/Unity.EditorCoroutines.Editor.rsp
[239/568    0s] WriteText Library/Bee/artifacts/1900b0aE.dag/Unity.XR.ARFoundation.VisualScripting.rsp
[240/568    0s] WriteText Library/Bee/artifacts/1900b0aE.dag/Unity.XR.Simulation.rsp
[241/568    0s] WriteText Library/Bee/artifacts/1900b0aE.dag/UnityEngine.XR.LegacyInputHelpers.rsp
[242/568    0s] WriteText Library/Bee/artifacts/1900b0aE.dag/Unity.XR.ARCore.rsp
[243/568    0s] WriteText Library/Bee/artifacts/1900b0aE.dag/Unity.XR.ARSubsystems.Editor.rsp
[244/568    0s] WriteText Library/Bee/artifacts/1900b0aE.dag/Unity.InputSystem.ForUI.rsp
[245/568    0s] WriteText Library/Bee/artifacts/1900b0aE.dag/Google.XR.Cardboard.UnityAdditionalFile.txt
[246/568    0s] WriteText Library/Bee/artifacts/1900b0aE.dag/Google.XR.Cardboard.rsp2
[247/568    0s] WriteText Library/Bee/artifacts/1900b0aE.dag/Unity.InputSystem.ForUI.Editor.UnityAdditionalFile.txt
[248/568    0s] WriteText Library/Bee/artifacts/1900b0aE.dag/UnityEditor.XR.LegacyInputHelpers.rsp2
[249/568    0s] WriteText Library/Bee/artifacts/1900b0aE.dag/Unity.InputSystem.ForUI.Editor.rsp2
[250/568    0s] WriteText Library/Bee/artifacts/1900b0aE.dag/Unity.TextMeshPro.Editor.UnityAdditionalFile.txt
[251/568    0s] WriteText Library/Bee/artifacts/1900b0aE.dag/Unity.TextMeshPro.Editor.rsp2
[252/568    0s] WriteText Library/Bee/artifacts/1900b0aE.dag/Unity.XR.ARCore.Editor.UnityAdditionalFile.txt
[253/568    0s] WriteText Library/Bee/artifacts/1900b0aE.dag/Unity.XR.ARCore.Editor.rsp2
[254/568    0s] WriteText Library/Bee/artifacts/1900b0aE.dag/Unity.XR.ARFoundation.Editor.UnityAdditionalFile.txt
[255/568    0s] WriteText Library/Bee/artifacts/1900b0aE.dag/UnityEditor.UI.Analytics.rsp2
[256/568    0s] MovedFromExtractor Library/Bee/artifacts/mvdfrm/UnityEngine.UnityWebRequestTextureModule.dll_BDB8BAF2596DE07D.mvfrm
[257/568    0s] WriteText Library/Bee/artifacts/1900b0aE.dag/Unity.XR.ARFoundation.Editor.rsp2
[258/568    0s] WriteText Library/Bee/artifacts/1900b0aE.dag/Unity.XR.ARFoundation.InternalUtils.Editor.UnityAdditionalFile.txt
[259/568    0s] WriteText Library/Bee/artifacts/1900b0aE.dag/Unity.XR.ARFoundation.InternalUtils.Editor.rsp2
[260/568    0s] WriteText Library/Bee/artifacts/1900b0aE.dag/Unity.XR.ARFoundation.VisualScripting.Editor.UnityAdditionalFile.txt
[261/568    0s] WriteText Library/Bee/artifacts/1900b0aE.dag/Unity.XR.ARFoundation.VisualScripting.Editor.rsp2
[262/568    0s] WriteText Library/Bee/artifacts/1900b0aE.dag/Unity.XR.Simulation.Editor.UnityAdditionalFile.txt
[263/568    0s] WriteText Library/Bee/artifacts/1900b0aE.dag/Unity.XR.Simulation.Editor.rsp2
[264/568    0s] WriteText Library/Bee/artifacts/1900b0aE.dag/UnityEditor.SpatialTracking.UnityAdditionalFile.txt
[265/568    0s] WriteText Library/Bee/artifacts/1900b0aE.dag/UnityEditor.SpatialTracking.rsp2
[266/568    0s] WriteText Library/Bee/artifacts/1900b0aE.dag/UnityEditor.UI.Analytics.UnityAdditionalFile.txt
[267/568    0s] WriteText Library/Bee/artifacts/1900b0aE.dag/UnityEditor.XR.LegacyInputHelpers.UnityAdditionalFile.txt
[268/568    0s] WriteText Library/Bee/artifacts/1900b0aE.dag/Google.XR.Cardboard.dll.mvfrm.rsp
[269/568    0s] WriteText Library/Bee/artifacts/1900b0aE.dag/Unity.InputSystem.ForUI.Editor.dll.mvfrm.rsp
[270/568    0s] WriteText Library/Bee/artifacts/1900b0aE.dag/Unity.XR.ARFoundation.InternalUtils.Editor.dll.mvfrm.rsp
[271/568    0s] WriteText Library/Bee/artifacts/1900b0aE.dag/Unity.XR.Simulation.Editor.dll.mvfrm.rsp
[272/568    0s] WriteText Library/Bee/artifacts/1900b0aE.dag/Unity.XR.ARFoundation.Editor.dll.mvfrm.rsp
[273/568    0s] WriteText Library/Bee/artifacts/1900b0aE.dag/UnityEditor.SpatialTracking.dll.mvfrm.rsp
[274/568    0s] WriteText Library/Bee/artifacts/1900b0aE.dag/Unity.XR.ARFoundation.VisualScripting.Editor.dll.mvfrm.rsp
[275/568    0s] WriteText Library/Bee/artifacts/1900b0aE.dag/UnityEditor.XR.LegacyInputHelpers.dll.mvfrm.rsp
[276/568    0s] WriteText Library/Bee/artifacts/1900b0aE.dag/Unity.TextMeshPro.Editor.dll.mvfrm.rsp
[277/568    0s] WriteText Library/Bee/artifacts/1900b0aE.dag/UnityEditor.UI.Analytics.dll.mvfrm.rsp
[278/568    0s] WriteText Library/Bee/artifacts/1900b0aE.dag/Unity.XR.ARCore.Editor.dll.mvfrm.rsp
[279/568    0s] WriteText Library/Bee/artifacts/1900b0aE.dag/Google.XR.Cardboard.rsp
[280/568    0s] WriteText Library/Bee/artifacts/1900b0aE.dag/Unity.XR.ARFoundation.VisualScripting.Editor.rsp
[281/568    0s] WriteText Library/Bee/artifacts/1900b0aE.dag/UnityEditor.SpatialTracking.rsp
[282/568    0s] WriteText Library/Bee/artifacts/1900b0aE.dag/UnityEditor.UI.Analytics.rsp
[283/568    0s] WriteText Library/Bee/artifacts/1900b0aE.dag/Unity.XR.ARFoundation.Editor.rsp
[284/568    0s] WriteText Library/Bee/artifacts/1900b0aE.dag/UnityEditor.XR.LegacyInputHelpers.rsp
[285/568    0s] WriteText Library/Bee/artifacts/1900b0aE.dag/Unity.XR.Simulation.Editor.rsp
[286/568    0s] WriteText Library/Bee/artifacts/1900b0aE.dag/Unity.InputSystem.ForUI.Editor.rsp
[287/568    0s] WriteText Library/Bee/artifacts/1900b0aE.dag/Unity.TextMeshPro.Editor.rsp
[288/568    0s] WriteText Library/Bee/artifacts/1900b0aE.dag/Unity.XR.ARFoundation.InternalUtils.Editor.rsp
[289/568    0s] WriteText Library/Bee/artifacts/1900b0aE.dag/Unity.XR.ARCore.Editor.rsp
[290/568    0s] WriteText Library/Bee/artifacts/1900b0aE.dag/Google.XR.Cardboard.Editor.UnityAdditionalFile.txt
[291/568    0s] WriteText Library/Bee/artifacts/1900b0aE.dag/Google.XR.Cardboard.Editor.rsp2
[292/568    0s] WriteText Library/Bee/artifacts/1900b0aE.dag/Google.XR.Cardboard.Editor.dll.mvfrm.rsp
[293/568    0s] WriteText Library/Bee/artifacts/1900b0aE.dag/Google.XR.Cardboard.Editor.rsp
[294/568    0s] WriteText Library/Bee/artifacts/1900b0aE.dag/Assembly-CSharp.rsp2
[295/568    0s] WriteText Library/Bee/artifacts/1900b0aE.dag/Assembly-CSharp.UnityAdditionalFile.txt
[296/568    0s] WriteText Library/Bee/artifacts/1900b0aE.dag/Assembly-CSharp.dll.mvfrm.rsp
[297/568    0s] WriteText Library/Bee/artifacts/1900b0aE.dag/Assembly-CSharp.rsp
[298/568    0s] WriteText Library/Bee/artifacts/1900b0aE.dag/Unity.InputSystem.DocCodeSamples.dll.mvfrm.rsp
[299/568    0s] WriteText Library/Bee/artifacts/1900b0aE.dag/Assembly-CSharp-Editor.dll.mvfrm.rsp
[300/568    0s] WriteText Library/Bee/artifacts/1900b0aE.dag/Unity.InputSystem.DocCodeSamples.UnityAdditionalFile.txt
[301/568    0s] WriteText Library/Bee/artifacts/1900b0aE.dag/Assembly-CSharp-Editor.UnityAdditionalFile.txt
[302/568    0s] WriteText Library/Bee/artifacts/1900b0aE.dag/Assembly-CSharp-Editor.rsp2
[303/568    0s] WriteText Library/Bee/artifacts/1900b0aE.dag/Unity.InputSystem.DocCodeSamples.rsp2
[304/568    0s] WriteText Library/Bee/artifacts/1900b0aE.dag/Unity.InputSystem.DocCodeSamples.rsp
[305/568    0s] WriteText Library/Bee/artifacts/1900b0aE.dag/Assembly-CSharp-Editor.rsp
[306/568    0s] WriteResponseFile Library/Bee/artifacts/rsp/6146630326014295711.rsp
[307/568    0s] WriteResponseFile Library/Bee/artifacts/rsp/4832358000590541344.rsp
[308/568    0s] WriteResponseFile Library/Bee/artifacts/rsp/16391873320122031643.rsp
[309/568    0s] WriteResponseFile Library/Bee/artifacts/rsp/13686715218353603589.rsp
[310/568    0s] WriteResponseFile Library/Bee/artifacts/rsp/7093433776233577073.rsp
[311/568    0s] WriteResponseFile Library/Bee/artifacts/rsp/17346584914308636752.rsp
[312/568    0s] WriteResponseFile Library/Bee/artifacts/rsp/14879560437332476990.rsp
[313/568    0s] WriteResponseFile Library/Bee/artifacts/rsp/12510176907858834296.rsp
[314/568    0s] WriteResponseFile Library/Bee/artifacts/rsp/5916180605834378387.rsp
[315/568    0s] WriteResponseFile Library/Bee/artifacts/rsp/7606483801609891643.rsp
[316/568    0s] WriteResponseFile Library/Bee/artifacts/rsp/11743693788726679458.rsp
[317/568    0s] WriteResponseFile Library/Bee/artifacts/rsp/10678863128556690338.rsp
[318/568    0s] WriteResponseFile Library/Bee/artifacts/rsp/8860347324984707772.rsp
[319/568    0s] WriteResponseFile Library/Bee/artifacts/rsp/11163775690543517529.rsp
[320/568    0s] WriteResponseFile Library/Bee/artifacts/rsp/3064155424177982801.rsp
[321/568    0s] WriteResponseFile Library/Bee/artifacts/rsp/5546506141355401238.rsp
[322/568    0s] WriteResponseFile Library/Bee/artifacts/rsp/6395847020536617641.rsp
[323/568    0s] WriteResponseFile Library/Bee/artifacts/rsp/14566447020836459352.rsp
[324/568    0s] WriteResponseFile Library/Bee/artifacts/rsp/8166486921578947860.rsp
[325/568    0s] WriteResponseFile Library/Bee/artifacts/rsp/9317567981082607088.rsp
[326/568    0s] WriteResponseFile Library/Bee/artifacts/rsp/609646877693935637.rsp
[327/568    0s] WriteResponseFile Library/Bee/artifacts/rsp/3974625879278513519.rsp
[328/568    0s] WriteResponseFile Library/Bee/artifacts/rsp/16919681131166719316.rsp
[329/568    0s] WriteResponseFile Library/Bee/artifacts/rsp/11896635970506379095.rsp
[330/568    0s] WriteResponseFile Library/Bee/artifacts/rsp/5861245798550499773.rsp
[331/568    0s] WriteResponseFile Library/Bee/artifacts/rsp/15958407531564136273.rsp
[332/568    0s] WriteResponseFile Library/Bee/artifacts/rsp/10292501669419677951.rsp
[333/568    0s] WriteResponseFile Library/Bee/artifacts/rsp/11721167980350881331.rsp
[334/568    0s] WriteResponseFile Library/Bee/artifacts/rsp/543479233975629205.rsp
[335/568    0s] WriteResponseFile Library/Bee/artifacts/rsp/6591615775254759062.rsp
[336/568    0s] WriteResponseFile Library/Bee/artifacts/rsp/8863518860715653438.rsp
[337/568    0s] WriteResponseFile Library/Bee/artifacts/rsp/2781082588993088484.rsp
[338/568    0s] WriteResponseFile Library/Bee/artifacts/rsp/12812556936427222528.rsp
[339/568    0s] MovedFromExtractor Library/Bee/artifacts/mvdfrm/UnityEngine.VectorGraphicsModule.dll_B7D121FB0BC12760.mvfrm
[340/568    0s] WriteResponseFile Library/Bee/artifacts/rsp/2953117779104569460.rsp
[341/568    0s] WriteResponseFile Library/Bee/artifacts/rsp/9131395799607273628.rsp
[342/568    0s] WriteResponseFile Library/Bee/artifacts/rsp/2608364965435695690.rsp
[343/568    0s] WriteResponseFile Library/Bee/artifacts/rsp/4519996371679727340.rsp
[344/568    0s] MovedFromExtractor Library/Bee/artifacts/mvdfrm/UnityEngine.VehiclesModule.dll_7994B41A980AFF49.mvfrm
[345/568    0s] MovedFromExtractor Library/Bee/artifacts/mvdfrm/UnityEngine.WindModule.dll_D9C1460A377D13BA.mvfrm
[346/568    0s] MovedFromExtractor Library/Bee/artifacts/mvdfrm/UnityEngine.VideoModule.dll_34AC46ADFFBC667D.mvfrm
[347/568    0s] MovedFromExtractor Library/Bee/artifacts/mvdfrm/UnityEngine.AMDModule.dll_B79DF6ECA62E43EA.mvfrm
[           0s] Csc Library/Bee/artifacts/1900b0aE.dag/UnityEngine.UI.dll (+2 others) [CacheMiss 083ad1d40313023f7a149d00f68db1fa00000000000000000000000000000006]
[348/568    0s] MovedFromExtractor Library/Bee/artifacts/mvdfrm/UnityEngine.AccessibilityModule.dll_73177A794A5784C0.mvfrm
[349/568    0s] MovedFromExtractor Library/Bee/artifacts/mvdfrm/UnityEngine.AIModule.dll_0C999A54BE662FBA.mvfrm
[350/568    0s] MovedFromExtractor Library/Bee/artifacts/mvdfrm/UnityEngine.TerrainPhysicsModule.dll_2104949992FDABA4.mvfrm
[351/568    0s] ILPP-Configuration Library/ilpp-configuration.nevergeneratedoutput
[352/568    1s] Csc Library/Bee/artifacts/1900b0aE.dag/UnityEngine.UI.dll (+2 others)
[           0s] Csc Library/Bee/artifacts/1900b0aE.dag/UnityEngine.UI.dll (+2 others) [CacheWrite 083ad1d40313023f7a149d00f68db1fa00000000000000000000000000000006]
[353/568    0s] MovedFromExtractor Library/Bee/artifacts/mvdfrm/UnityEngine.UI.ref.dll_08FEAA520A2EFD60.mvfrm
[354/568    0s] MovedFromExtractor-Combine Library/Bee/artifacts/1900b0aE.dag/UnityEditor.UI.dll.mvfrm
[           0s] Csc Library/Bee/artifacts/1900b0aE.dag/UnityEditor.UI.dll (+2 others) [CacheMiss 01a66787830d080560aa91eeb83ee41b00000000000000000000000000000006]
[355/568    0s] Csc Library/Bee/artifacts/1900b0aE.dag/UnityEditor.UI.dll (+2 others)
[           0s] Csc Library/Bee/artifacts/1900b0aE.dag/UnityEditor.UI.dll (+2 others) [CacheWrite 01a66787830d080560aa91eeb83ee41b00000000000000000000000000000006]
[356/568    0s] MovedFromExtractor Library/Bee/artifacts/mvdfrm/UnityEditor.UI.ref.dll_4C98D3F7040CD4F5.mvfrm
[357/568    0s] MovedFromExtractor-Combine Library/Bee/artifacts/1900b0aE.dag/Unity.InputSystem.dll.mvfrm
[358/568    0s] MovedFromExtractor-Combine Library/Bee/artifacts/1900b0aE.dag/Unity.InternalAPIEngineBridge.004.dll.mvfrm
[359/568    0s] MovedFromExtractor-Combine Library/Bee/artifacts/1900b0aE.dag/UnityEngine.SpatialTracking.dll.mvfrm
[360/568    0s] MovedFromExtractor-Combine Library/Bee/artifacts/1900b0aE.dag/Unity.EditorCoroutines.Editor.dll.mvfrm
[361/568    0s] MovedFromExtractor-Combine Library/Bee/artifacts/1900b0aE.dag/Unity.Mathematics.dll.mvfrm
[362/568    0s] MovedFromExtractor-Combine Library/Bee/artifacts/1900b0aE.dag/Unity.XR.Management.dll.mvfrm
[           0s] Csc Library/Bee/artifacts/1900b0aE.dag/Unity.InternalAPIEngineBridge.004.dll (+2 others) [CacheMiss a9bef598fd7d034fffcf6f2a16234cf200000000000000000000000000000006]
[           0s] Csc Library/Bee/artifacts/1900b0aE.dag/Unity.EditorCoroutines.Editor.dll (+2 others) [CacheMiss 9328d9f4f910dbb3f8c6e27c7cbf917000000000000000000000000000000006]
[           0s] Csc Library/Bee/artifacts/1900b0aE.dag/Unity.Mathematics.dll (+2 others) [CacheMiss 588cabf77d44bc101cf6c8fd53d7eb6a00000000000000000000000000000006]
[           0s] Csc Library/Bee/artifacts/1900b0aE.dag/Unity.XR.Management.dll (+2 others) [CacheMiss 03bf83bca9576c7ed03cdcad7199d30800000000000000000000000000000006]
[362/568    0s] Csc Library/Bee/artifacts/1900b0aE.dag/UnityEngine.SpatialTracking.dll (+2 others) [CacheHit b6a66089f6af6d4db97e427916102efd00000000000000000000000000000006]
[363/568    0s] Csc Library/Bee/artifacts/1900b0aE.dag/UnityEngine.SpatialTracking.dll (+2 others)
[365/568    0s] ILPostProcess Library/Bee/artifacts/1900b0aE.dag/post-processed/UnityEditor.UI.dll (+pdb)
Processing assembly Library/Bee/artifacts/1900b0aE.dag/UnityEditor.UI.dll, with 150 defines and 300 references

processors: zzzUnity.Burst.CodeGen.BurstILPostProcessor

1 processor(s) skipped this assembly
[366/568    0s] ILPostProcess Library/Bee/artifacts/1900b0aE.dag/post-processed/UnityEngine.UI.dll (+pdb)
Processing assembly Library/Bee/artifacts/1900b0aE.dag/UnityEngine.UI.dll, with 154 defines and 274 references

processors: zzzUnity.Burst.CodeGen.BurstILPostProcessor

1 processor(s) skipped this assembly
[367/568    0s] CopyFiles Library/ScriptAssemblies/UnityEditor.UI.pdb
[368/568    0s] CopyFiles Library/ScriptAssemblies/UnityEngine.UI.pdb
[369/568    0s] CopyFiles Library/ScriptAssemblies/UnityEngine.UI.dll
[370/568    0s] MovedFromExtractor Library/Bee/artifacts/mvdfrm/UnityEngine.SpatialTracking.ref.dll_1552DC8EFC971715.mvfrm
[371/568    0s] ILPostProcess Library/Bee/artifacts/1900b0aE.dag/post-processed/UnityEngine.SpatialTracking.dll (+pdb)
Processing assembly Library/Bee/artifacts/1900b0aE.dag/UnityEngine.SpatialTracking.dll, with 149 defines and 276 references

processors: zzzUnity.Burst.CodeGen.BurstILPostProcessor

1 processor(s) skipped this assembly
[369/568    0s] Csc Library/Bee/artifacts/1900b0aE.dag/Unity.InputSystem.dll (+2 others) [CacheHit aa8ce355b1288f640dc6c59afeca5ab300000000000000000000000000000006]
[372/568    0s] Csc Library/Bee/artifacts/1900b0aE.dag/Unity.InputSystem.dll (+2 others)
[374/568    0s] CopyFiles Library/ScriptAssemblies/UnityEngine.SpatialTracking.dll
[375/568    0s] CopyFiles Library/ScriptAssemblies/UnityEngine.SpatialTracking.pdb
[376/568    0s] Csc Library/Bee/artifacts/1900b0aE.dag/Unity.InternalAPIEngineBridge.004.dll (+2 others)
[377/568    0s] Csc Library/Bee/artifacts/1900b0aE.dag/Unity.EditorCoroutines.Editor.dll (+2 others)
[378/568    0s] Csc Library/Bee/artifacts/1900b0aE.dag/Unity.Mathematics.dll (+2 others)
[           0s] Csc Library/Bee/artifacts/1900b0aE.dag/Unity.InternalAPIEngineBridge.004.dll (+2 others) [CacheWrite a9bef598fd7d034fffcf6f2a16234cf200000000000000000000000000000006]
[           0s] Csc Library/Bee/artifacts/1900b0aE.dag/Unity.EditorCoroutines.Editor.dll (+2 others) [CacheWrite 9328d9f4f910dbb3f8c6e27c7cbf917000000000000000000000000000000006]
[           0s] Csc Library/Bee/artifacts/1900b0aE.dag/Unity.Mathematics.dll (+2 others) [CacheWrite 588cabf77d44bc101cf6c8fd53d7eb6a00000000000000000000000000000006]
[379/568    0s] MovedFromExtractor-Combine Library/Bee/artifacts/1900b0aE.dag/UnityEngine.XR.LegacyInputHelpers.dll.mvfrm
[380/568    0s] Csc Library/Bee/artifacts/1900b0aE.dag/Unity.XR.Management.dll (+2 others)
[381/568    0s] MovedFromExtractor-Combine Library/Bee/artifacts/1900b0aE.dag/UnityEditor.SpatialTracking.dll.mvfrm
[382/568    0s] CopyFiles Library/ScriptAssemblies/UnityEditor.UI.dll
[383/568    0s] MovedFromExtractor Library/Bee/artifacts/mvdfrm/Unity.InputSystem.ref.dll_FD2EC87C14EBE081.mvfrm
[           0s] Csc Library/Bee/artifacts/1900b0aE.dag/Unity.XR.Management.dll (+2 others) [CacheWrite 03bf83bca9576c7ed03cdcad7199d30800000000000000000000000000000006]
[381/568    0s] Csc Library/Bee/artifacts/1900b0aE.dag/UnityEngine.XR.LegacyInputHelpers.dll (+2 others) [CacheHit 94b5be32f8f77e090eb88dc3bc74cc7400000000000000000000000000000006]
[384/568    0s] Csc Library/Bee/artifacts/1900b0aE.dag/UnityEngine.XR.LegacyInputHelpers.dll (+2 others)
[386/568    0s] MovedFromExtractor Library/Bee/artifacts/mvdfrm/Unity.InternalAPIEngineBridge.004.ref.dll_9F91F1CFF2D20E26.mvfrm
[387/568    0s] ILPostProcess Library/Bee/artifacts/1900b0aE.dag/post-processed/Unity.InputSystem.dll (+pdb)
Processing assembly Library/Bee/artifacts/1900b0aE.dag/Unity.InputSystem.dll, with 162 defines and 276 references

processors: zzzUnity.Burst.CodeGen.BurstILPostProcessor

1 processor(s) skipped this assembly
[388/568    0s] ILPostProcess Library/Bee/artifacts/1900b0aE.dag/post-processed/Unity.InternalAPIEngineBridge.004.dll (+pdb)
Processing assembly Library/Bee/artifacts/1900b0aE.dag/Unity.InternalAPIEngineBridge.004.dll, with 149 defines and 276 references

processors: zzzUnity.Burst.CodeGen.BurstILPostProcessor

1 processor(s) skipped this assembly
[383/568    0s] Csc Library/Bee/artifacts/1900b0aE.dag/UnityEditor.SpatialTracking.dll (+2 others) [CacheHit eb1cc1471efe28afbdfb21e3fb6b5bf900000000000000000000000000000006]
[389/568    0s] Csc Library/Bee/artifacts/1900b0aE.dag/UnityEditor.SpatialTracking.dll (+2 others)
[391/568    0s] MovedFromExtractor Library/Bee/artifacts/mvdfrm/Unity.EditorCoroutines.Editor.ref.dll_34ED10A34098B2DB.mvfrm
[392/568    0s] MovedFromExtractor Library/Bee/artifacts/mvdfrm/Unity.Mathematics.ref.dll_E8EFDB1B8D5C174E.mvfrm
[393/568    0s] MovedFromExtractor-Combine Library/Bee/artifacts/1900b0aE.dag/Unity.InputSystem.ForUI.dll.mvfrm
[394/568    0s] MovedFromExtractor-Combine Library/Bee/artifacts/1900b0aE.dag/Unity.XR.CoreUtils.dll.mvfrm
[395/568    0s] ILPostProcess Library/Bee/artifacts/1900b0aE.dag/post-processed/Unity.Mathematics.dll (+pdb)
Processing assembly Library/Bee/artifacts/1900b0aE.dag/Unity.Mathematics.dll, with 149 defines and 276 references

processors: zzzUnity.Burst.CodeGen.BurstILPostProcessor

1 processor(s) skipped this assembly
[396/568    0s] MovedFromExtractor Library/Bee/artifacts/mvdfrm/Unity.XR.Management.ref.dll_404BC0C35449934F.mvfrm
[           0s] Csc Library/Bee/artifacts/1900b0aE.dag/Unity.XR.CoreUtils.dll (+2 others) [CacheMiss 84a43b3c006050201895ec9e8dd7127400000000000000000000000000000006]
[397/568    0s] CopyFiles Library/ScriptAssemblies/Unity.Mathematics.dll
[398/568    0s] CopyFiles Library/ScriptAssemblies/Unity.InternalAPIEngineBridge.004.dll
[399/568    0s] CopyFiles Library/ScriptAssemblies/Unity.InputSystem.dll
[400/568    0s] CopyFiles Library/ScriptAssemblies/Unity.Mathematics.pdb
[401/568    0s] CopyFiles Library/ScriptAssemblies/Unity.InternalAPIEngineBridge.004.pdb
[402/568    0s] CopyFiles Library/ScriptAssemblies/Unity.InputSystem.pdb
[403/568    0s] MovedFromExtractor Library/Bee/artifacts/mvdfrm/UnityEngine.XR.LegacyInputHelpers.ref.dll_FFA26A0728B3CF82.mvfrm
[404/568    0s] MovedFromExtractor-Combine Library/Bee/artifacts/1900b0aE.dag/Unity.TextMeshPro.dll.mvfrm
[405/568    0s] MovedFromExtractor Library/Bee/artifacts/mvdfrm/UnityEditor.SpatialTracking.ref.dll_8911EA67839E93F0.mvfrm
[406/568    0s] MovedFromExtractor-Combine Library/Bee/artifacts/1900b0aE.dag/Unity.InputSystem.DocCodeSamples.dll.mvfrm
[402/568    0s] Csc Library/Bee/artifacts/1900b0aE.dag/Unity.InputSystem.ForUI.dll (+2 others) [CacheHit 8895cbb98ee3b81234c9e359878e99b100000000000000000000000000000006]
[407/568    0s] Csc Library/Bee/artifacts/1900b0aE.dag/Unity.InputSystem.ForUI.dll (+2 others)
[           0s] Csc Library/Bee/artifacts/1900b0aE.dag/Unity.TextMeshPro.dll (+2 others) [CacheMiss b2a42711470fa2570768c98600dcca5100000000000000000000000000000006]
[409/568    0s] ILPostProcess Library/Bee/artifacts/1900b0aE.dag/post-processed/UnityEngine.XR.LegacyInputHelpers.dll (+pdb)
Processing assembly Library/Bee/artifacts/1900b0aE.dag/UnityEngine.XR.LegacyInputHelpers.dll, with 149 defines and 277 references

processors: zzzUnity.Burst.CodeGen.BurstILPostProcessor

1 processor(s) skipped this assembly
[410/568    0s] ILPostProcess Library/Bee/artifacts/1900b0aE.dag/post-processed/UnityEditor.SpatialTracking.dll (+pdb)
Processing assembly Library/Bee/artifacts/1900b0aE.dag/UnityEditor.SpatialTracking.dll, with 148 defines and 302 references

processors: zzzUnity.Burst.CodeGen.BurstILPostProcessor

1 processor(s) skipped this assembly
[411/568    0s] MovedFromExtractor-Combine Library/Bee/artifacts/1900b0aE.dag/Google.XR.Cardboard.dll.mvfrm
[412/568    0s] CopyFiles Library/ScriptAssemblies/UnityEditor.SpatialTracking.pdb
[413/568    0s] CopyFiles Library/ScriptAssemblies/UnityEditor.SpatialTracking.dll
[414/568    0s] CopyFiles Library/ScriptAssemblies/UnityEngine.XR.LegacyInputHelpers.pdb
[415/568    0s] CopyFiles Library/ScriptAssemblies/UnityEngine.XR.LegacyInputHelpers.dll
[410/568    0s] Csc Library/Bee/artifacts/1900b0aE.dag/Unity.InputSystem.DocCodeSamples.dll (+2 others) [CacheHit dde475d22a36ff0b44f704c245e7007b00000000000000000000000000000006]
[416/568    0s] Csc Library/Bee/artifacts/1900b0aE.dag/Unity.InputSystem.DocCodeSamples.dll (+2 others)
[418/568    0s] MovedFromExtractor-Combine Library/Bee/artifacts/1900b0aE.dag/UnityEditor.XR.LegacyInputHelpers.dll.mvfrm
[419/568    0s] ILPostProcess Library/Bee/artifacts/1900b0aE.dag/post-processed/Unity.InputSystem.ForUI.dll (+pdb)
Processing assembly Library/Bee/artifacts/1900b0aE.dag/Unity.InputSystem.ForUI.dll, with 149 defines and 277 references

processors: zzzUnity.Burst.CodeGen.BurstILPostProcessor

1 processor(s) skipped this assembly
[420/568    0s] ILPostProcess Library/Bee/artifacts/1900b0aE.dag/post-processed/Unity.EditorCoroutines.Editor.dll (+pdb)
Processing assembly Library/Bee/artifacts/1900b0aE.dag/Unity.EditorCoroutines.Editor.dll, with 147 defines and 301 references

processors: zzzUnity.Burst.CodeGen.BurstILPostProcessor

1 processor(s) skipped this assembly
[421/568    0s] MovedFromExtractor Library/Bee/artifacts/mvdfrm/Unity.InputSystem.ForUI.ref.dll_0478B67D1094CE70.mvfrm
[422/568    0s] CopyFiles Library/ScriptAssemblies/Unity.InputSystem.ForUI.pdb
[423/568    0s] CopyFiles Library/ScriptAssemblies/Unity.InputSystem.ForUI.dll
[424/568    0s] CopyFiles Library/ScriptAssemblies/Unity.EditorCoroutines.Editor.pdb
[425/568    0s] CopyFiles Library/ScriptAssemblies/Unity.EditorCoroutines.Editor.dll
[426/568    0s] ILPostProcess Library/Bee/artifacts/1900b0aE.dag/post-processed/Unity.XR.Management.dll (+pdb)
Processing assembly Library/Bee/artifacts/1900b0aE.dag/Unity.XR.Management.dll, with 150 defines and 276 references

processors: zzzUnity.Burst.CodeGen.BurstILPostProcessor

1 processor(s) skipped this assembly
[419/568    0s] Csc Library/Bee/artifacts/1900b0aE.dag/Google.XR.Cardboard.dll (+2 others) [CacheHit 2c5594fef38d2d9811b30994fa1f2c3500000000000000000000000000000006]
[427/568    0s] Csc Library/Bee/artifacts/1900b0aE.dag/Google.XR.Cardboard.dll (+2 others)
[429/568    0s] CopyFiles Library/ScriptAssemblies/Unity.XR.Management.dll
[430/568    0s] CopyFiles Library/ScriptAssemblies/Unity.XR.Management.pdb
[423/568    0s] Csc Library/Bee/artifacts/1900b0aE.dag/UnityEditor.XR.LegacyInputHelpers.dll (+2 others) [CacheHit a909a62c9c6f70edea15afdc4a61aee400000000000000000000000000000006]
[431/568    0s] Csc Library/Bee/artifacts/1900b0aE.dag/UnityEditor.XR.LegacyInputHelpers.dll (+2 others)
[433/568    0s] ILPostProcess Library/Bee/artifacts/1900b0aE.dag/post-processed/Unity.InputSystem.DocCodeSamples.dll (+pdb)
Processing assembly Library/Bee/artifacts/1900b0aE.dag/Unity.InputSystem.DocCodeSamples.dll, with 147 defines and 302 references

processors: zzzUnity.Burst.CodeGen.BurstILPostProcessor

1 processor(s) skipped this assembly
[434/568    0s] MovedFromExtractor-Combine Library/Bee/artifacts/1900b0aE.dag/Unity.InputSystem.ForUI.Editor.dll.mvfrm
[435/568    0s] CopyFiles Library/ScriptAssemblies/Unity.InputSystem.DocCodeSamples.dll
[436/568    0s] CopyFiles Library/ScriptAssemblies/Unity.InputSystem.DocCodeSamples.pdb
[437/568    0s] ILPostProcess Library/Bee/artifacts/1900b0aE.dag/post-processed/Google.XR.Cardboard.dll (+pdb)
Processing assembly Library/Bee/artifacts/1900b0aE.dag/Google.XR.Cardboard.dll, with 149 defines and 278 references

processors: zzzUnity.Burst.CodeGen.BurstILPostProcessor

1 processor(s) skipped this assembly
[438/568    0s] CopyFiles Library/ScriptAssemblies/Google.XR.Cardboard.dll
[439/568    0s] CopyFiles Library/ScriptAssemblies/Google.XR.Cardboard.pdb
[431/568    0s] Csc Library/Bee/artifacts/1900b0aE.dag/Unity.InputSystem.ForUI.Editor.dll (+2 others) [CacheHit 1bbdf9409dbdb8c7070300af852235f300000000000000000000000000000006]
[440/568    0s] Csc Library/Bee/artifacts/1900b0aE.dag/Unity.InputSystem.ForUI.Editor.dll (+2 others)
[442/568    0s] ILPostProcess Library/Bee/artifacts/1900b0aE.dag/post-processed/UnityEditor.XR.LegacyInputHelpers.dll (+pdb)
Processing assembly Library/Bee/artifacts/1900b0aE.dag/UnityEditor.XR.LegacyInputHelpers.dll, with 148 defines and 304 references

processors: zzzUnity.Burst.CodeGen.BurstILPostProcessor

1 processor(s) skipped this assembly
[443/568    0s] MovedFromExtractor Library/Bee/artifacts/mvdfrm/UnityEditor.XR.LegacyInputHelpers.ref.dll_3F12D550ED6E7C7D.mvfrm
[444/568    0s] CopyFiles Library/ScriptAssemblies/UnityEditor.XR.LegacyInputHelpers.pdb
[445/568    0s] CopyFiles Library/ScriptAssemblies/UnityEditor.XR.LegacyInputHelpers.dll
[446/568    0s] ILPostProcess Library/Bee/artifacts/1900b0aE.dag/post-processed/Unity.InputSystem.ForUI.Editor.dll (+pdb)
Processing assembly Library/Bee/artifacts/1900b0aE.dag/Unity.InputSystem.ForUI.Editor.dll, with 147 defines and 303 references

processors: zzzUnity.Burst.CodeGen.BurstILPostProcessor

1 processor(s) skipped this assembly
[447/568    0s] Csc Library/Bee/artifacts/1900b0aE.dag/Unity.XR.CoreUtils.dll (+2 others)
[448/568    0s] MovedFromExtractor Library/Bee/artifacts/mvdfrm/Unity.InputSystem.ForUI.Editor.ref.dll_40FECCA5C63FF041.mvfrm
[449/568    0s] CopyFiles Library/ScriptAssemblies/Unity.InputSystem.ForUI.Editor.pdb
[450/568    0s] CopyFiles Library/ScriptAssemblies/Unity.InputSystem.ForUI.Editor.dll
[           0s] Csc Library/Bee/artifacts/1900b0aE.dag/Unity.XR.CoreUtils.dll (+2 others) [CacheWrite 84a43b3c006050201895ec9e8dd7127400000000000000000000000000000006]
[451/568    0s] MovedFromExtractor Library/Bee/artifacts/mvdfrm/Unity.XR.CoreUtils.ref.dll_3CA2B461938B5BFC.mvfrm
[452/568    0s] ILPostProcess Library/Bee/artifacts/1900b0aE.dag/post-processed/Unity.XR.CoreUtils.dll (+pdb)
Processing assembly Library/Bee/artifacts/1900b0aE.dag/Unity.XR.CoreUtils.dll, with 155 defines and 278 references

processors: zzzUnity.Burst.CodeGen.BurstILPostProcessor

1 processor(s) skipped this assembly
[453/568    0s] MovedFromExtractor-Combine Library/Bee/artifacts/1900b0aE.dag/Unity.XR.CoreUtils.Editor.dll.mvfrm
[454/568    0s] MovedFromExtractor-Combine Library/Bee/artifacts/1900b0aE.dag/Unity.XR.ARSubsystems.dll.mvfrm
[           0s] Csc Library/Bee/artifacts/1900b0aE.dag/Unity.XR.CoreUtils.Editor.dll (+2 others) [CacheMiss 6e8a62ded16191aa31b018b560e7b7aa00000000000000000000000000000006]
[455/568    0s] CopyFiles Library/ScriptAssemblies/Unity.XR.CoreUtils.pdb
[456/568    0s] CopyFiles Library/ScriptAssemblies/Unity.XR.CoreUtils.dll
[           0s] Csc Library/Bee/artifacts/1900b0aE.dag/Unity.XR.ARSubsystems.dll (+2 others) [CacheMiss 7712801bdb4fd4bc6b0213dc503639e300000000000000000000000000000006]
[457/568    0s] Csc Library/Bee/artifacts/1900b0aE.dag/Unity.XR.CoreUtils.Editor.dll (+2 others)
[           0s] Csc Library/Bee/artifacts/1900b0aE.dag/Unity.XR.CoreUtils.Editor.dll (+2 others) [CacheWrite 6e8a62ded16191aa31b018b560e7b7aa00000000000000000000000000000006]
[458/568    2s] Csc Library/Bee/artifacts/1900b0aE.dag/Unity.TextMeshPro.dll (+2 others)
[           0s] Csc Library/Bee/artifacts/1900b0aE.dag/Unity.TextMeshPro.dll (+2 others) [CacheWrite b2a42711470fa2570768c98600dcca5100000000000000000000000000000006]
[459/568    0s] MovedFromExtractor Library/Bee/artifacts/mvdfrm/Unity.XR.CoreUtils.Editor.ref.dll_ABFC049C4594FF75.mvfrm
[460/568    0s] ILPostProcess Library/Bee/artifacts/1900b0aE.dag/post-processed/Unity.XR.CoreUtils.Editor.dll (+pdb)
Processing assembly Library/Bee/artifacts/1900b0aE.dag/Unity.XR.CoreUtils.Editor.dll, with 149 defines and 303 references

processors: zzzUnity.Burst.CodeGen.BurstILPostProcessor

1 processor(s) skipped this assembly
[461/568    0s] CopyFiles Library/ScriptAssemblies/Unity.XR.CoreUtils.Editor.pdb
[462/568    0s] MovedFromExtractor Library/Bee/artifacts/mvdfrm/Unity.TextMeshPro.ref.dll_84A4293DBDD182DB.mvfrm
[463/568    0s] MovedFromExtractor-Combine Library/Bee/artifacts/1900b0aE.dag/Unity.XR.Management.Editor.dll.mvfrm
[464/568    0s] MovedFromExtractor-Combine Library/Bee/artifacts/1900b0aE.dag/Unity.XR.ARAnalytics.Editor.dll.mvfrm
[465/568    0s] Csc Library/Bee/artifacts/1900b0aE.dag/Unity.XR.ARSubsystems.dll (+2 others)
[           0s] Csc Library/Bee/artifacts/1900b0aE.dag/Unity.XR.ARAnalytics.Editor.dll (+2 others) [CacheMiss 743e76708d6bceb2efd73cfe7e28c7a000000000000000000000000000000006]
[           0s] Csc Library/Bee/artifacts/1900b0aE.dag/Unity.XR.Management.Editor.dll (+2 others) [CacheMiss 6590539b1ec9aa6c93555dc970db8f5e00000000000000000000000000000006]
[466/568    0s] ILPostProcess Library/Bee/artifacts/1900b0aE.dag/post-processed/Unity.TextMeshPro.dll (+pdb)
Processing assembly Library/Bee/artifacts/1900b0aE.dag/Unity.TextMeshPro.dll, with 150 defines and 277 references

processors: zzzUnity.Burst.CodeGen.BurstILPostProcessor

1 processor(s) skipped this assembly
[           0s] Csc Library/Bee/artifacts/1900b0aE.dag/Unity.XR.ARSubsystems.dll (+2 others) [CacheWrite 7712801bdb4fd4bc6b0213dc503639e300000000000000000000000000000006]
[467/568    0s] CopyFiles Library/ScriptAssemblies/Unity.XR.CoreUtils.Editor.dll
[468/568    0s] CopyFiles Library/ScriptAssemblies/Unity.TextMeshPro.pdb
[469/568    0s] MovedFromExtractor-Combine Library/Bee/artifacts/1900b0aE.dag/Unity.TextMeshPro.Editor.dll.mvfrm
[470/568    0s] MovedFromExtractor-Combine Library/Bee/artifacts/1900b0aE.dag/UnityEditor.UI.Analytics.dll.mvfrm
[471/568    0s] CopyFiles Library/ScriptAssemblies/Unity.TextMeshPro.dll
[           0s] Csc Library/Bee/artifacts/1900b0aE.dag/UnityEditor.UI.Analytics.dll (+2 others) [CacheMiss e9541f6ac86f2125ee4afa95e0c38b2800000000000000000000000000000006]
[           0s] Csc Library/Bee/artifacts/1900b0aE.dag/Unity.TextMeshPro.Editor.dll (+2 others) [CacheMiss a24705f30a05f27ae3bbf0455c8b2e5d00000000000000000000000000000006]
[472/568    0s] MovedFromExtractor Library/Bee/artifacts/mvdfrm/Unity.XR.ARSubsystems.ref.dll_875816C5D1041D31.mvfrm
[473/568    0s] Csc Library/Bee/artifacts/1900b0aE.dag/Unity.XR.ARAnalytics.Editor.dll (+2 others)
[           0s] Csc Library/Bee/artifacts/1900b0aE.dag/Unity.XR.ARAnalytics.Editor.dll (+2 others) [CacheWrite 743e76708d6bceb2efd73cfe7e28c7a000000000000000000000000000000006]
[474/568    0s] MovedFromExtractor-Combine Library/Bee/artifacts/1900b0aE.dag/Unity.XR.ARFoundation.InternalUtils.dll.mvfrm
[475/568    0s] ILPostProcess Library/Bee/artifacts/1900b0aE.dag/post-processed/Unity.XR.ARSubsystems.dll (+pdb)
Processing assembly Library/Bee/artifacts/1900b0aE.dag/Unity.XR.ARSubsystems.dll, with 150 defines and 278 references

processors: zzzUnity.Burst.CodeGen.BurstILPostProcessor

1 processor(s) skipped this assembly
[476/568    0s] MovedFromExtractor-Combine Library/Bee/artifacts/1900b0aE.dag/Unity.XR.ARCore.dll.mvfrm
[477/568    0s] Csc Library/Bee/artifacts/1900b0aE.dag/UnityEditor.UI.Analytics.dll (+2 others)
[           0s] Csc Library/Bee/artifacts/1900b0aE.dag/Unity.XR.ARFoundation.InternalUtils.dll (+2 others) [CacheMiss 4f1784bd78166b827f07e5fb584dfd4a00000000000000000000000000000006]
[           0s] Csc Library/Bee/artifacts/1900b0aE.dag/Unity.XR.ARCore.dll (+2 others) [CacheMiss bc5ec30f5f228b6827681e4b34974de600000000000000000000000000000006]
[478/568    0s] CopyFiles Library/ScriptAssemblies/Unity.XR.ARSubsystems.dll
[479/568    0s] CopyFiles Library/ScriptAssemblies/Unity.XR.ARSubsystems.pdb
[           0s] Csc Library/Bee/artifacts/1900b0aE.dag/UnityEditor.UI.Analytics.dll (+2 others) [CacheWrite e9541f6ac86f2125ee4afa95e0c38b2800000000000000000000000000000006]
[480/568    0s] ILPostProcess Library/Bee/artifacts/1900b0aE.dag/post-processed/Unity.XR.ARAnalytics.Editor.dll (+pdb)
Processing assembly Library/Bee/artifacts/1900b0aE.dag/Unity.XR.ARAnalytics.Editor.dll, with 147 defines and 302 references

processors: zzzUnity.Burst.CodeGen.BurstILPostProcessor

1 processor(s) skipped this assembly
[481/568    0s] MovedFromExtractor Library/Bee/artifacts/mvdfrm/Unity.XR.ARAnalytics.Editor.ref.dll_0FA86D45F7AD4472.mvfrm
[482/568    0s] Csc Library/Bee/artifacts/1900b0aE.dag/Unity.XR.Management.Editor.dll (+2 others)
[483/568    0s] CopyFiles Library/ScriptAssemblies/Unity.XR.ARAnalytics.Editor.pdb
[484/568    0s] CopyFiles Library/ScriptAssemblies/Unity.XR.ARAnalytics.Editor.dll
[           0s] Csc Library/Bee/artifacts/1900b0aE.dag/Unity.XR.Management.Editor.dll (+2 others) [CacheWrite 6590539b1ec9aa6c93555dc970db8f5e00000000000000000000000000000006]
[485/568    0s] ILPostProcess Library/Bee/artifacts/1900b0aE.dag/post-processed/UnityEditor.UI.Analytics.dll (+pdb)
Processing assembly Library/Bee/artifacts/1900b0aE.dag/UnityEditor.UI.Analytics.dll, with 147 defines and 302 references

processors: zzzUnity.Burst.CodeGen.BurstILPostProcessor

1 processor(s) skipped this assembly
[486/568    0s] MovedFromExtractor Library/Bee/artifacts/mvdfrm/UnityEditor.UI.Analytics.ref.dll_3B64A5A3A726AD5D.mvfrm
[487/568    0s] CopyFiles Library/ScriptAssemblies/UnityEditor.UI.Analytics.dll
[488/568    0s] CopyFiles Library/ScriptAssemblies/UnityEditor.UI.Analytics.pdb
[489/568    0s] Csc Library/Bee/artifacts/1900b0aE.dag/Unity.XR.ARFoundation.InternalUtils.dll (+2 others)
[490/568    0s] MovedFromExtractor Library/Bee/artifacts/mvdfrm/Unity.XR.Management.Editor.ref.dll_7BA8CC5454F13E52.mvfrm
[           0s] Csc Library/Bee/artifacts/1900b0aE.dag/Unity.XR.ARFoundation.InternalUtils.dll (+2 others) [CacheWrite 4f1784bd78166b827f07e5fb584dfd4a00000000000000000000000000000006]
[491/568    0s] ILPostProcess Library/Bee/artifacts/1900b0aE.dag/post-processed/Unity.XR.Management.Editor.dll (+pdb)
Processing assembly Library/Bee/artifacts/1900b0aE.dag/Unity.XR.Management.Editor.dll, with 149 defines and 304 references

processors: zzzUnity.Burst.CodeGen.BurstILPostProcessor

1 processor(s) skipped this assembly
[492/568    0s] CopyFiles Library/ScriptAssemblies/Unity.XR.Management.Editor.pdb
[493/568    0s] MovedFromExtractor-Combine Library/Bee/artifacts/1900b0aE.dag/Google.XR.Cardboard.Editor.dll.mvfrm
[494/568    0s] MovedFromExtractor-Combine Library/Bee/artifacts/1900b0aE.dag/Unity.XR.ARSubsystems.Editor.dll.mvfrm
[495/568    0s] ILPostProcess Library/Bee/artifacts/1900b0aE.dag/post-processed/Unity.XR.ARFoundation.InternalUtils.dll (+pdb)
Processing assembly Library/Bee/artifacts/1900b0aE.dag/Unity.XR.ARFoundation.InternalUtils.dll, with 149 defines and 279 references

processors: zzzUnity.Burst.CodeGen.BurstILPostProcessor

1 processor(s) skipped this assembly
[           0s] Csc Library/Bee/artifacts/1900b0aE.dag/Unity.XR.ARSubsystems.Editor.dll (+2 others) [CacheMiss 8c6f4cc2bf81cb9d61d3728500135d4900000000000000000000000000000006]
[496/568    0s] MovedFromExtractor Library/Bee/artifacts/mvdfrm/Unity.XR.ARFoundation.InternalUtils.ref.dll_7D14A41A5D82BD06.mvfrm
[497/568    0s] CopyFiles Library/ScriptAssemblies/Unity.XR.ARFoundation.InternalUtils.pdb
[498/568    0s] CopyFiles Library/ScriptAssemblies/Unity.XR.ARFoundation.InternalUtils.dll
[499/568    0s] CopyFiles Library/ScriptAssemblies/Unity.XR.Management.Editor.dll
[500/568    0s] Csc Library/Bee/artifacts/1900b0aE.dag/Unity.XR.ARCore.dll (+2 others)
[490/568    0s] Csc Library/Bee/artifacts/1900b0aE.dag/Google.XR.Cardboard.Editor.dll (+2 others) [CacheHit 42a467fa32006b3e112faba29330cad100000000000000000000000000000006]
[501/568    0s] Csc Library/Bee/artifacts/1900b0aE.dag/Google.XR.Cardboard.Editor.dll (+2 others)
[503/568    1s] Csc Library/Bee/artifacts/1900b0aE.dag/Unity.TextMeshPro.Editor.dll (+2 others)
[           0s] Csc Library/Bee/artifacts/1900b0aE.dag/Unity.XR.ARCore.dll (+2 others) [CacheWrite bc5ec30f5f228b6827681e4b34974de600000000000000000000000000000006]
[504/568    0s] MovedFromExtractor-Combine Library/Bee/artifacts/1900b0aE.dag/Unity.XR.ARFoundation.dll.mvfrm
[505/568    0s] MovedFromExtractor-Combine Library/Bee/artifacts/1900b0aE.dag/Unity.XR.Simulation.dll.mvfrm
[506/568    0s] MovedFromExtractor-Combine Library/Bee/artifacts/1900b0aE.dag/Unity.XR.ARFoundation.InternalUtils.Editor.dll.mvfrm
[507/568    0s] ILPostProcess Library/Bee/artifacts/1900b0aE.dag/post-processed/Google.XR.Cardboard.Editor.dll (+pdb)
Processing assembly Library/Bee/artifacts/1900b0aE.dag/Google.XR.Cardboard.Editor.dll, with 148 defines and 304 references

processors: zzzUnity.Burst.CodeGen.BurstILPostProcessor

1 processor(s) skipped this assembly
[           0s] Csc Library/Bee/artifacts/1900b0aE.dag/Unity.TextMeshPro.Editor.dll (+2 others) [CacheWrite a24705f30a05f27ae3bbf0455c8b2e5d00000000000000000000000000000006]
[           0s] Csc Library/Bee/artifacts/1900b0aE.dag/Unity.XR.ARFoundation.InternalUtils.Editor.dll (+2 others) [CacheMiss fe7fe4e3fcd9fe6536b5ae24903951ff00000000000000000000000000000006]
[           0s] Csc Library/Bee/artifacts/1900b0aE.dag/Unity.XR.Simulation.dll (+2 others) [CacheMiss 43870e6b5067e732503549bac311a31c00000000000000000000000000000006]
[           0s] Csc Library/Bee/artifacts/1900b0aE.dag/Unity.XR.ARFoundation.dll (+2 others) [CacheMiss c78d5608825cc1b98099846d1148183500000000000000000000000000000006]
[508/568    0s] CopyFiles Library/ScriptAssemblies/Google.XR.Cardboard.Editor.dll
[509/568    0s] CopyFiles Library/ScriptAssemblies/Google.XR.Cardboard.Editor.pdb
[510/568    0s] MovedFromExtractor Library/Bee/artifacts/mvdfrm/Unity.XR.ARCore.ref.dll_6286C253F7085F6C.mvfrm
[511/568    0s] ILPostProcess Library/Bee/artifacts/1900b0aE.dag/post-processed/Unity.XR.ARCore.dll (+pdb)
Processing assembly Library/Bee/artifacts/1900b0aE.dag/Unity.XR.ARCore.dll, with 150 defines and 280 references

processors: zzzUnity.Burst.CodeGen.BurstILPostProcessor

1 processor(s) skipped this assembly
[512/568    0s] MovedFromExtractor Library/Bee/artifacts/mvdfrm/Unity.TextMeshPro.Editor.ref.dll_159E061D77A10B86.mvfrm
[513/568    0s] Csc Library/Bee/artifacts/1900b0aE.dag/Unity.XR.ARSubsystems.Editor.dll (+2 others)
[514/568    0s] CopyFiles Library/ScriptAssemblies/Unity.XR.ARCore.pdb
[           0s] Csc Library/Bee/artifacts/1900b0aE.dag/Unity.XR.ARSubsystems.Editor.dll (+2 others) [CacheWrite 8c6f4cc2bf81cb9d61d3728500135d4900000000000000000000000000000006]
[515/568    0s] CopyFiles Library/ScriptAssemblies/Unity.XR.ARCore.dll
[516/568    0s] Csc Library/Bee/artifacts/1900b0aE.dag/Unity.XR.ARFoundation.InternalUtils.Editor.dll (+2 others)
[           0s] Csc Library/Bee/artifacts/1900b0aE.dag/Unity.XR.ARFoundation.InternalUtils.Editor.dll (+2 others) [CacheWrite fe7fe4e3fcd9fe6536b5ae24903951ff00000000000000000000000000000006]
[517/568    0s] MovedFromExtractor Library/Bee/artifacts/mvdfrm/Unity.XR.ARSubsystems.Editor.ref.dll_A82E1A049415A890.mvfrm
[518/568    0s] ILPostProcess Library/Bee/artifacts/1900b0aE.dag/post-processed/Unity.XR.ARSubsystems.Editor.dll (+pdb)
Processing assembly Library/Bee/artifacts/1900b0aE.dag/Unity.XR.ARSubsystems.Editor.dll, with 147 defines and 304 references

processors: zzzUnity.Burst.CodeGen.BurstILPostProcessor

1 processor(s) skipped this assembly
[519/568    0s] CopyFiles Library/ScriptAssemblies/Unity.XR.ARSubsystems.Editor.pdb
[520/568    0s] CopyFiles Library/ScriptAssemblies/Unity.XR.ARSubsystems.Editor.dll
[521/568    0s] MovedFromExtractor Library/Bee/artifacts/mvdfrm/Unity.XR.ARFoundation.InternalUtils.Editor.ref.dll_10FBB108A6013D0B.mvfrm
[522/568    0s] ILPostProcess Library/Bee/artifacts/1900b0aE.dag/post-processed/Unity.TextMeshPro.Editor.dll (+pdb)
Processing assembly Library/Bee/artifacts/1900b0aE.dag/Unity.TextMeshPro.Editor.dll, with 147 defines and 302 references

processors: zzzUnity.Burst.CodeGen.BurstILPostProcessor

1 processor(s) skipped this assembly
[523/568    0s] ILPostProcess Library/Bee/artifacts/1900b0aE.dag/post-processed/Unity.XR.ARFoundation.InternalUtils.Editor.dll (+pdb)
Processing assembly Library/Bee/artifacts/1900b0aE.dag/Unity.XR.ARFoundation.InternalUtils.Editor.dll, with 147 defines and 302 references

processors: zzzUnity.Burst.CodeGen.BurstILPostProcessor

1 processor(s) skipped this assembly
[524/568    0s] CopyFiles Library/ScriptAssemblies/Unity.TextMeshPro.Editor.pdb
[525/568    0s] CopyFiles Library/ScriptAssemblies/Unity.XR.ARFoundation.InternalUtils.Editor.dll
[526/568    0s] CopyFiles Library/ScriptAssemblies/Unity.XR.ARFoundation.InternalUtils.Editor.pdb
[527/568    1s] Csc Library/Bee/artifacts/1900b0aE.dag/Unity.XR.Simulation.dll (+2 others)
[           0s] Csc Library/Bee/artifacts/1900b0aE.dag/Unity.XR.Simulation.dll (+2 others) [CacheWrite 43870e6b5067e732503549bac311a31c00000000000000000000000000000006]
[528/568    1s] Csc Library/Bee/artifacts/1900b0aE.dag/Unity.XR.ARFoundation.dll (+2 others)
[           0s] Csc Library/Bee/artifacts/1900b0aE.dag/Unity.XR.ARFoundation.dll (+2 others) [CacheWrite c78d5608825cc1b98099846d1148183500000000000000000000000000000006]
[529/568    0s] MovedFromExtractor Library/Bee/artifacts/mvdfrm/Unity.XR.Simulation.ref.dll_FF5498C36B8315F3.mvfrm
[530/568    0s] ILPostProcess Library/Bee/artifacts/1900b0aE.dag/post-processed/Unity.XR.Simulation.dll (+pdb)
Processing assembly Library/Bee/artifacts/1900b0aE.dag/Unity.XR.Simulation.dll, with 149 defines and 282 references

processors: zzzUnity.Burst.CodeGen.BurstILPostProcessor

1 processor(s) skipped this assembly
[531/568    0s] MovedFromExtractor Library/Bee/artifacts/mvdfrm/Unity.XR.ARFoundation.ref.dll_ECD427E0715F1390.mvfrm
[532/568    0s] CopyFiles Library/ScriptAssemblies/Unity.XR.Simulation.pdb
[533/568    0s] MovedFromExtractor-Combine Library/Bee/artifacts/1900b0aE.dag/Unity.XR.Simulation.Editor.dll.mvfrm
[534/568    0s] ILPostProcess Library/Bee/artifacts/1900b0aE.dag/post-processed/Unity.XR.ARFoundation.dll (+pdb)
Processing assembly Library/Bee/artifacts/1900b0aE.dag/Unity.XR.ARFoundation.dll, with 150 defines and 281 references

processors: zzzUnity.Burst.CodeGen.BurstILPostProcessor

1 processor(s) skipped this assembly
[           0s] Csc Library/Bee/artifacts/1900b0aE.dag/Unity.XR.Simulation.Editor.dll (+2 others) [CacheMiss d2864b62770ecee402a47fafe165e0d700000000000000000000000000000006]
[535/568    0s] CopyFiles Library/ScriptAssemblies/Unity.XR.Simulation.dll
[536/568    0s] CopyFiles Library/ScriptAssemblies/Unity.XR.ARFoundation.pdb
[537/568    0s] MovedFromExtractor-Combine Library/Bee/artifacts/1900b0aE.dag/Unity.XR.ARFoundation.VisualScripting.dll.mvfrm
[538/568    0s] MovedFromExtractor-Combine Library/Bee/artifacts/1900b0aE.dag/Unity.XR.ARFoundation.Editor.dll.mvfrm
[539/568    0s] MovedFromExtractor-Combine Library/Bee/artifacts/1900b0aE.dag/Unity.XR.ARCore.Editor.dll.mvfrm
[           0s] Csc Library/Bee/artifacts/1900b0aE.dag/Unity.XR.ARFoundation.VisualScripting.dll (+2 others) [CacheMiss 6906fa447f821665bc81f4386b343a1a00000000000000000000000000000006]
[           0s] Csc Library/Bee/artifacts/1900b0aE.dag/Unity.XR.ARFoundation.Editor.dll (+2 others) [CacheMiss 689d3b1c30c3913f273728e230caf02000000000000000000000000000000006]
[           0s] Csc Library/Bee/artifacts/1900b0aE.dag/Unity.XR.ARCore.Editor.dll (+2 others) [CacheMiss 2cffeae6160e2fe5933ea3daec56fdf600000000000000000000000000000006]
[540/568    0s] CopyFiles Library/ScriptAssemblies/Unity.XR.ARFoundation.dll
[541/568    0s] CopyFiles Library/ScriptAssemblies/Unity.TextMeshPro.Editor.dll
[542/568    0s] Csc Library/Bee/artifacts/1900b0aE.dag/Unity.XR.ARFoundation.VisualScripting.dll (+2 others)
[543/568    0s] Csc Library/Bee/artifacts/1900b0aE.dag/Unity.XR.ARFoundation.Editor.dll (+2 others)
[           0s] Csc Library/Bee/artifacts/1900b0aE.dag/Unity.XR.ARFoundation.VisualScripting.dll (+2 others) [CacheWrite 6906fa447f821665bc81f4386b343a1a00000000000000000000000000000006]
[544/568    0s] Csc Library/Bee/artifacts/1900b0aE.dag/Unity.XR.ARCore.Editor.dll (+2 others)
[545/568    0s] Csc Library/Bee/artifacts/1900b0aE.dag/Unity.XR.Simulation.Editor.dll (+2 others)
[           0s] Csc Library/Bee/artifacts/1900b0aE.dag/Unity.XR.ARFoundation.Editor.dll (+2 others) [CacheWrite 689d3b1c30c3913f273728e230caf02000000000000000000000000000000006]
[           0s] Csc Library/Bee/artifacts/1900b0aE.dag/Unity.XR.ARCore.Editor.dll (+2 others) [CacheWrite 2cffeae6160e2fe5933ea3daec56fdf600000000000000000000000000000006]
[           0s] Csc Library/Bee/artifacts/1900b0aE.dag/Unity.XR.Simulation.Editor.dll (+2 others) [CacheWrite d2864b62770ecee402a47fafe165e0d700000000000000000000000000000006]
[546/568    0s] ILPostProcess Library/Bee/artifacts/1900b0aE.dag/post-processed/Unity.XR.ARFoundation.VisualScripting.dll (+pdb)
Processing assembly Library/Bee/artifacts/1900b0aE.dag/Unity.XR.ARFoundation.VisualScripting.dll, with 149 defines and 279 references

processors: zzzUnity.Burst.CodeGen.BurstILPostProcessor

1 processor(s) skipped this assembly
[547/568    0s] MovedFromExtractor Library/Bee/artifacts/mvdfrm/Unity.XR.ARFoundation.VisualScripting.ref.dll_60A56B83B6D48E59.mvfrm
[548/568    0s] CopyFiles Library/ScriptAssemblies/Unity.XR.ARFoundation.VisualScripting.pdb
[549/568    0s] CopyFiles Library/ScriptAssemblies/Unity.XR.ARFoundation.VisualScripting.dll
[550/568    0s] MovedFromExtractor Library/Bee/artifacts/mvdfrm/Unity.XR.ARFoundation.Editor.ref.dll_20E48050365C5D21.mvfrm
[551/568    0s] ILPostProcess Library/Bee/artifacts/1900b0aE.dag/post-processed/Unity.XR.ARFoundation.Editor.dll (+pdb)
Processing assembly Library/Bee/artifacts/1900b0aE.dag/Unity.XR.ARFoundation.Editor.dll, with 147 defines and 311 references

processors: zzzUnity.Burst.CodeGen.BurstILPostProcessor

1 processor(s) skipped this assembly
[552/568    0s] MovedFromExtractor Library/Bee/artifacts/mvdfrm/Unity.XR.ARCore.Editor.ref.dll_2FD3F097F4490305.mvfrm
[553/568    0s] CopyFiles Library/ScriptAssemblies/Unity.XR.ARFoundation.Editor.pdb
[554/568    0s] MovedFromExtractor Library/Bee/artifacts/mvdfrm/Unity.XR.Simulation.Editor.ref.dll_D4D48258557631EE.mvfrm
[555/568    0s] CopyFiles Library/ScriptAssemblies/Unity.XR.ARFoundation.Editor.dll
[556/568    0s] ILPostProcess Library/Bee/artifacts/1900b0aE.dag/post-processed/Unity.XR.ARCore.Editor.dll (+pdb)
Processing assembly Library/Bee/artifacts/1900b0aE.dag/Unity.XR.ARCore.Editor.dll, with 147 defines and 309 references

processors: zzzUnity.Burst.CodeGen.BurstILPostProcessor

1 processor(s) skipped this assembly
[557/568    0s] MovedFromExtractor-Combine Library/Bee/artifacts/1900b0aE.dag/Unity.XR.ARFoundation.VisualScripting.Editor.dll.mvfrm
[558/568    0s] CopyFiles Library/ScriptAssemblies/Unity.XR.ARCore.Editor.pdb
[559/568    0s] ILPostProcess Library/Bee/artifacts/1900b0aE.dag/post-processed/Unity.XR.Simulation.Editor.dll (+pdb)
Processing assembly Library/Bee/artifacts/1900b0aE.dag/Unity.XR.Simulation.Editor.dll, with 147 defines and 309 references

processors: zzzUnity.Burst.CodeGen.BurstILPostProcessor

1 processor(s) skipped this assembly
[           0s] Csc Library/Bee/artifacts/1900b0aE.dag/Unity.XR.ARFoundation.VisualScripting.Editor.dll (+2 others) [CacheMiss d49fc1645595c422e2068b57fb00346b00000000000000000000000000000006]
[560/568    0s] CopyFiles Library/ScriptAssemblies/Unity.XR.Simulation.Editor.pdb
[561/568    0s] CopyFiles Library/ScriptAssemblies/Unity.XR.ARCore.Editor.dll
[562/568    0s] Csc Library/Bee/artifacts/1900b0aE.dag/Unity.XR.ARFoundation.VisualScripting.Editor.dll (+2 others)
[           0s] Csc Library/Bee/artifacts/1900b0aE.dag/Unity.XR.ARFoundation.VisualScripting.Editor.dll (+2 others) [CacheWrite d49fc1645595c422e2068b57fb00346b00000000000000000000000000000006]
[563/568    0s] CopyFiles Library/ScriptAssemblies/Unity.XR.Simulation.Editor.dll
[564/568    0s] MovedFromExtractor Library/Bee/artifacts/mvdfrm/Unity.XR.ARFoundation.VisualScripting.Editor.ref.dll_2179841164C181E8.mvfrm
[565/568    0s] ILPostProcess Library/Bee/artifacts/1900b0aE.dag/post-processed/Unity.XR.ARFoundation.VisualScripting.Editor.dll (+pdb)
Processing assembly Library/Bee/artifacts/1900b0aE.dag/Unity.XR.ARFoundation.VisualScripting.Editor.dll, with 147 defines and 304 references

processors: zzzUnity.Burst.CodeGen.BurstILPostProcessor

1 processor(s) skipped this assembly
[566/568    0s] CopyFiles Library/ScriptAssemblies/Unity.XR.ARFoundation.VisualScripting.Editor.dll
[567/568    0s] CopyFiles Library/ScriptAssemblies/Unity.XR.ARFoundation.VisualScripting.Editor.pdb
[568/568    0s] MovedFromExtractor-Combine Library/Bee/artifacts/1900b0aE.dag/Assembly-CSharp.dll.mvfrm
[569/568    0s] MovedFromExtractor-Combine Library/Bee/artifacts/1900b0aE.dag/Assembly-CSharp-Editor.dll.mvfrm
[570/568    1s] Csc Library/Bee/artifacts/1900b0aE.dag/Assembly-CSharp.dll (+2 others)
Assets\Scripts\ElementPicker.cs(106,30): warning CS0618: 'Object.FindObjectOfType<T>()' is obsolete: 'Object.FindObjectOfType has been deprecated. Use Object.FindAnyObjectByType instead.'

Assets\Scripts\ElementPicker.cs(125,38): warning CS0618: 'Object.FindObjectOfType<T>()' is obsolete: 'Object.FindObjectOfType has been deprecated. Use Object.FindAnyObjectByType instead.'

Assets\Scripts\ElementPicker.cs(150,30): warning CS0618: 'Object.FindObjectOfType<T>()' is obsolete: 'Object.FindObjectOfType has been deprecated. Use Object.FindAnyObjectByType instead.'

Assets\Scripts\ElementPicker.cs(170,49): warning CS0618: 'Object.FindObjectsOfType<T>()' is obsolete: 'Object.FindObjectsOfType has been deprecated. Use Object.FindObjectsByType instead which lets you decide whether you need the results sorted or not.  FindObjectsOfType sorts the results by InstanceID but if you do not need this using FindObjectSortMode.None is considerably faster.'

Assets\Scripts\LrfdWeatherEnvironment.cs(25,62): warning CS0618: 'FindObjectsSortMode' is obsolete: 'FindObjectsSortMode has been deprecated. Use the FindObjectsByType overloads that do not take a FindObjectsSortMode parameter.'

Assets\Scripts\LrfdWeatherEnvironment.cs(25,30): warning CS0618: 'Object.FindObjectsByType<T>(FindObjectsSortMode)' is obsolete: 'FindObjectsByType with FindObjectsSortMode parameter has been deprecated. Use FindObjectsByType<T>() or FindObjectsByType<T>(FindObjectsInactive) instead. InstanceID will be replaced in the future with EntityId and previous sort order cannot be maintained.'

Assets\Scripts\ElementPicker.cs(213,49): warning CS0618: 'Object.FindObjectOfType<T>()' is obsolete: 'Object.FindObjectOfType has been deprecated. Use Object.FindAnyObjectByType instead.'

Assets\Scripts\ElementPicker.cs(219,26): warning CS0618: 'Object.FindObjectOfType<T>()' is obsolete: 'Object.FindObjectOfType has been deprecated. Use Object.FindAnyObjectByType instead.'

Assets\Scripts\ElementPicker.cs(229,43): warning CS0618: 'Object.FindObjectOfType<T>()' is obsolete: 'Object.FindObjectOfType has been deprecated. Use Object.FindAnyObjectByType instead.'

Assets\Scripts\ElementPicker.cs(235,27): warning CS0618: 'Object.FindObjectOfType<T>()' is obsolete: 'Object.FindObjectOfType has been deprecated. Use Object.FindAnyObjectByType instead.'

Assets\Scripts\ElementPicker.cs(244,47): warning CS0618: 'Object.FindObjectOfType<T>()' is obsolete: 'Object.FindObjectOfType has been deprecated. Use Object.FindAnyObjectByType instead.'

Assets\Scripts\MobileLoadLivePanel.cs(94,38): warning CS0618: 'Object.FindObjectOfType<T>()' is obsolete: 'Object.FindObjectOfType has been deprecated. Use Object.FindAnyObjectByType instead.'

Assets\Scripts\ElementPicker.cs(270,26): warning CS0618: 'Object.FindObjectOfType<T>()' is obsolete: 'Object.FindObjectOfType has been deprecated. Use Object.FindAnyObjectByType instead.'

Assets\Scripts\ElementPicker.cs(295,23): warning CS0618: 'Object.FindObjectOfType<T>()' is obsolete: 'Object.FindObjectOfType has been deprecated. Use Object.FindAnyObjectByType instead.'

Assets\Scripts\LrfdEvaluation.cs(143,20): warning CS0618: 'Object.FindFirstObjectByType<T>()' is obsolete: 'FindFirstObjectByType has been deprecated because it relies on instance ID ordering. Use FindAnyObjectByType instead, which does not depend on ordering.'

Assets\Scripts\PMPanel.cs(43,23): warning CS0618: 'Object.FindObjectsOfType<T>()' is obsolete: 'Object.FindObjectsOfType has been deprecated. Use Object.FindObjectsByType instead which lets you decide whether you need the results sorted or not.  FindObjectsOfType sorts the results by InstanceID but if you do not need this using FindObjectSortMode.None is considerably faster.'

Assets\Scripts\OrbitCamera.cs(136,42): warning CS0618: 'Object.FindFirstObjectByType<T>()' is obsolete: 'FindFirstObjectByType has been deprecated because it relies on instance ID ordering. Use FindAnyObjectByType instead, which does not depend on ordering.'

Assets\Scripts\MobileLoadController.cs(395,33): warning CS0618: 'Object.FindObjectOfType<T>()' is obsolete: 'Object.FindObjectOfType has been deprecated. Use Object.FindAnyObjectByType instead.'

Assets\Scripts\PMPanel.cs(194,43): warning CS0618: 'Object.FindObjectOfType<T>()' is obsolete: 'Object.FindObjectOfType has been deprecated. Use Object.FindAnyObjectByType instead.'

Assets\Scripts\SelectedBeamDiagramPanel.cs(39,38): warning CS0618: 'Object.FindObjectOfType<T>()' is obsolete: 'Object.FindObjectOfType has been deprecated. Use Object.FindAnyObjectByType instead.'

Assets\Scripts\SelectedBeamDiagramPanel.cs(66,68): warning CS0618: 'Object.FindObjectOfType<T>()' is obsolete: 'Object.FindObjectOfType has been deprecated. Use Object.FindAnyObjectByType instead.'

Assets\Scripts\MobileLoadController.cs(609,32): warning CS0618: 'Object.FindObjectsOfType<T>()' is obsolete: 'Object.FindObjectsOfType has been deprecated. Use Object.FindObjectsByType instead which lets you decide whether you need the results sorted or not.  FindObjectsOfType sorts the results by InstanceID but if you do not need this using FindObjectSortMode.None is considerably faster.'

Assets\Scripts\StructuralDemandRadar.cs(43,55): warning CS0618: 'Object.FindFirstObjectByType<T>()' is obsolete: 'FindFirstObjectByType has been deprecated because it relies on instance ID ordering. Use FindAnyObjectByType instead, which does not depend on ordering.'

Assets\Scripts\StructuralDemandRadar.cs(44,87): warning CS0618: 'Object.FindFirstObjectByType<T>()' is obsolete: 'FindFirstObjectByType has been deprecated because it relies on instance ID ordering. Use FindAnyObjectByType instead, which does not depend on ordering.'

Assets\Scripts\ElementResultsPanel.cs(96,38): warning CS0618: 'Object.FindObjectOfType<T>()' is obsolete: 'Object.FindObjectOfType has been deprecated. Use Object.FindAnyObjectByType instead.'

Assets\Scripts\MobileLoadResultsDashboard.cs(393,38): warning CS0618: 'Object.FindObjectOfType<T>()' is obsolete: 'Object.FindObjectOfType has been deprecated. Use Object.FindAnyObjectByType instead.'

Assets\Scripts\MobileLoadResultsDashboard.cs(402,9): warning CS0618: 'Object.FindObjectOfType<T>()' is obsolete: 'Object.FindObjectOfType has been deprecated. Use Object.FindAnyObjectByType instead.'

Assets\Scripts\MobileLoadResultsDashboard.cs(455,47): warning CS0618: 'Object.FindObjectsOfType<T>()' is obsolete: 'Object.FindObjectsOfType has been deprecated. Use Object.FindObjectsByType instead which lets you decide whether you need the results sorted or not.  FindObjectsOfType sorts the results by InstanceID but if you do not need this using FindObjectSortMode.None is considerably faster.'

Assets\Scripts\ElementResultsPanel.cs(145,22): warning CS0618: 'Object.FindObjectOfType<T>()' is obsolete: 'Object.FindObjectOfType has been deprecated. Use Object.FindAnyObjectByType instead.'

Assets\Scripts\StructuralDemandRadar.cs(149,32): warning CS0618: 'Object.FindFirstObjectByType<T>(FindObjectsInactive)' is obsolete: 'FindFirstObjectByType has been deprecated because it relies on instance ID ordering. Use FindAnyObjectByType instead, which does not depend on ordering.'

Assets\Scripts\MobileLoadResultsDashboard.cs(550,38): warning CS0618: 'Object.FindObjectOfType<T>()' is obsolete: 'Object.FindObjectOfType has been deprecated. Use Object.FindAnyObjectByType instead.'

Assets\Scripts\MobileLoadResultsDashboard.cs(551,47): warning CS0618: 'Object.FindObjectsOfType<T>()' is obsolete: 'Object.FindObjectsOfType has been deprecated. Use Object.FindObjectsByType instead which lets you decide whether you need the results sorted or not.  FindObjectsOfType sorts the results by InstanceID but if you do not need this using FindObjectSortMode.None is considerably faster.'

Assets\Scripts\MobileLoadResultsDashboard.cs(599,38): warning CS0618: 'Object.FindObjectOfType<T>()' is obsolete: 'Object.FindObjectOfType has been deprecated. Use Object.FindAnyObjectByType instead.'

Assets\Scripts\ElementResultsPanel.cs(311,22): warning CS0618: 'Object.FindObjectOfType<T>()' is obsolete: 'Object.FindObjectOfType has been deprecated. Use Object.FindAnyObjectByType instead.'

Assets\Scripts\MobileLoadResultsDashboard.cs(686,53): warning CS0618: 'Object.FindObjectsOfType<T>()' is obsolete: 'Object.FindObjectsOfType has been deprecated. Use Object.FindObjectsByType instead which lets you decide whether you need the results sorted or not.  FindObjectsOfType sorts the results by InstanceID but if you do not need this using FindObjectSortMode.None is considerably faster.'

Assets\Scripts\MobileLoadResultsDashboard.cs(691,13): warning CS0618: 'Object.FindObjectOfType<T>()' is obsolete: 'Object.FindObjectOfType has been deprecated. Use Object.FindAnyObjectByType instead.'

Assets\Scripts\MobileLoadResultsDashboard.cs(742,38): warning CS0618: 'Object.FindObjectOfType<T>()' is obsolete: 'Object.FindObjectOfType has been deprecated. Use Object.FindAnyObjectByType instead.'

Assets\Scripts\DiagramController.cs(1355,50): warning CS0618: 'Object.FindObjectOfType<T>()' is obsolete: 'Object.FindObjectOfType has been deprecated. Use Object.FindAnyObjectByType instead.'

Assets\Scripts\MobileLoadResultsDashboard.cs(855,30): warning CS0618: 'Object.FindObjectOfType<T>()' is obsolete: 'Object.FindObjectOfType has been deprecated. Use Object.FindAnyObjectByType instead.'
[571/568    0s] Csc Library/Bee/artifacts/1900b0aE.dag/Assembly-CSharp-Editor.dll (+2 others)
Assets\Scripts\Editor\DesktopWalkthroughPlayValidation.cs(29,22): warning CS0618: 'Object.FindObjectOfType<T>()' is obsolete: 'Object.FindObjectOfType has been deprecated. Use Object.FindAnyObjectByType instead.'

Assets\Scripts\Editor\MCOCSetup.cs(104,13): warning CS0618: 'Object.FindObjectOfType<T>()' is obsolete: 'Object.FindObjectOfType has been deprecated. Use Object.FindAnyObjectByType instead.'
[572/568    0s] ILPostProcess Library/Bee/artifacts/1900b0aE.dag/post-processed/Assembly-CSharp.dll (+pdb)
Processing assembly Library/Bee/artifacts/1900b0aE.dag/Assembly-CSharp.dll, with 149 defines and 304 references

processors: zzzUnity.Burst.CodeGen.BurstILPostProcessor

1 processor(s) skipped this assembly
[573/568    0s] ILPostProcess Library/Bee/artifacts/1900b0aE.dag/post-processed/Assembly-CSharp-Editor.dll (+pdb)
Processing assembly Library/Bee/artifacts/1900b0aE.dag/Assembly-CSharp-Editor.dll, with 147 defines and 334 references

processors: zzzUnity.Burst.CodeGen.BurstILPostProcessor

1 processor(s) skipped this assembly
[574/568    0s] CopyFiles Library/ScriptAssemblies/Assembly-CSharp.pdb
[575/568    0s] CopyFiles Library/ScriptAssemblies/Assembly-CSharp-Editor.pdb
[576/568    0s] CopyFiles Library/ScriptAssemblies/Assembly-CSharp-Editor.dll
[577/568    0s] CopyFiles Library/ScriptAssemblies/Assembly-CSharp.dll
*** Tundra build success (19.38 seconds), 557 items updated, 568 evaluated
Assets\Scripts\ElementPicker.cs(106,30): warning CS0618: 'Object.FindObjectOfType<T>()' is obsolete: 'Object.FindObjectOfType has been deprecated. Use Object.FindAnyObjectByType instead.'
Assets\Scripts\ElementPicker.cs(125,38): warning CS0618: 'Object.FindObjectOfType<T>()' is obsolete: 'Object.FindObjectOfType has been deprecated. Use Object.FindAnyObjectByType instead.'
Assets\Scripts\ElementPicker.cs(150,30): warning CS0618: 'Object.FindObjectOfType<T>()' is obsolete: 'Object.FindObjectOfType has been deprecated. Use Object.FindAnyObjectByType instead.'
Assets\Scripts\ElementPicker.cs(170,49): warning CS0618: 'Object.FindObjectsOfType<T>()' is obsolete: 'Object.FindObjectsOfType has been deprecated. Use Object.FindObjectsByType instead which lets you decide whether you need the results sorted or not.  FindObjectsOfType sorts the results by InstanceID but if you do not need this using FindObjectSortMode.None is considerably faster.'
Assets\Scripts\LrfdWeatherEnvironment.cs(25,62): warning CS0618: 'FindObjectsSortMode' is obsolete: 'FindObjectsSortMode has been deprecated. Use the FindObjectsByType overloads that do not take a FindObjectsSortMode parameter.'
Assets\Scripts\LrfdWeatherEnvironment.cs(25,30): warning CS0618: 'Object.FindObjectsByType<T>(FindObjectsSortMode)' is obsolete: 'FindObjectsByType with FindObjectsSortMode parameter has been deprecated. Use FindObjectsByType<T>() or FindObjectsByType<T>(FindObjectsInactive) instead. InstanceID will be replaced in the future with EntityId and previous sort order cannot be maintained.'
Assets\Scripts\ElementPicker.cs(213,49): warning CS0618: 'Object.FindObjectOfType<T>()' is obsolete: 'Object.FindObjectOfType has been deprecated. Use Object.FindAnyObjectByType instead.'
Assets\Scripts\ElementPicker.cs(219,26): warning CS0618: 'Object.FindObjectOfType<T>()' is obsolete: 'Object.FindObjectOfType has been deprecated. Use Object.FindAnyObjectByType instead.'
Assets\Scripts\ElementPicker.cs(229,43): warning CS0618: 'Object.FindObjectOfType<T>()' is obsolete: 'Object.FindObjectOfType has been deprecated. Use Object.FindAnyObjectByType instead.'
Assets\Scripts\ElementPicker.cs(235,27): warning CS0618: 'Object.FindObjectOfType<T>()' is obsolete: 'Object.FindObjectOfType has been deprecated. Use Object.FindAnyObjectByType instead.'
Assets\Scripts\ElementPicker.cs(244,47): warning CS0618: 'Object.FindObjectOfType<T>()' is obsolete: 'Object.FindObjectOfType has been deprecated. Use Object.FindAnyObjectByType instead.'
Assets\Scripts\MobileLoadLivePanel.cs(94,38): warning CS0618: 'Object.FindObjectOfType<T>()' is obsolete: 'Object.FindObjectOfType has been deprecated. Use Object.FindAnyObjectByType instead.'
Assets\Scripts\ElementPicker.cs(270,26): warning CS0618: 'Object.FindObjectOfType<T>()' is obsolete: 'Object.FindObjectOfType has been deprecated. Use Object.FindAnyObjectByType instead.'
Assets\Scripts\ElementPicker.cs(295,23): warning CS0618: 'Object.FindObjectOfType<T>()' is obsolete: 'Object.FindObjectOfType has been deprecated. Use Object.FindAnyObjectByType instead.'
Assets\Scripts\LrfdEvaluation.cs(143,20): warning CS0618: 'Object.FindFirstObjectByType<T>()' is obsolete: 'FindFirstObjectByType has been deprecated because it relies on instance ID ordering. Use FindAnyObjectByType instead, which does not depend on ordering.'
Assets\Scripts\PMPanel.cs(43,23): warning CS0618: 'Object.FindObjectsOfType<T>()' is obsolete: 'Object.FindObjectsOfType has been deprecated. Use Object.FindObjectsByType instead which lets you decide whether you need the results sorted or not.  FindObjectsOfType sorts the results by InstanceID but if you do not need this using FindObjectSortMode.None is considerably faster.'
Assets\Scripts\OrbitCamera.cs(136,42): warning CS0618: 'Object.FindFirstObjectByType<T>()' is obsolete: 'FindFirstObjectByType has been deprecated because it relies on instance ID ordering. Use FindAnyObjectByType instead, which does not depend on ordering.'
Assets\Scripts\MobileLoadController.cs(395,33): warning CS0618: 'Object.FindObjectOfType<T>()' is obsolete: 'Object.FindObjectOfType has been deprecated. Use Object.FindAnyObjectByType instead.'
Assets\Scripts\PMPanel.cs(194,43): warning CS0618: 'Object.FindObjectOfType<T>()' is obsolete: 'Object.FindObjectOfType has been deprecated. Use Object.FindAnyObjectByType instead.'
Assets\Scripts\SelectedBeamDiagramPanel.cs(39,38): warning CS0618: 'Object.FindObjectOfType<T>()' is obsolete: 'Object.FindObjectOfType has been deprecated. Use Object.FindAnyObjectByType instead.'
Assets\Scripts\SelectedBeamDiagramPanel.cs(66,68): warning CS0618: 'Object.FindObjectOfType<T>()' is obsolete: 'Object.FindObjectOfType has been deprecated. Use Object.FindAnyObjectByType instead.'
Assets\Scripts\MobileLoadController.cs(609,32): warning CS0618: 'Object.FindObjectsOfType<T>()' is obsolete: 'Object.FindObjectsOfType has been deprecated. Use Object.FindObjectsByType instead which lets you decide whether you need the results sorted or not.  FindObjectsOfType sorts the results by InstanceID but if you do not need this using FindObjectSortMode.None is considerably faster.'
Assets\Scripts\StructuralDemandRadar.cs(43,55): warning CS0618: 'Object.FindFirstObjectByType<T>()' is obsolete: 'FindFirstObjectByType has been deprecated because it relies on instance ID ordering. Use FindAnyObjectByType instead, which does not depend on ordering.'
Assets\Scripts\StructuralDemandRadar.cs(44,87): warning CS0618: 'Object.FindFirstObjectByType<T>()' is obsolete: 'FindFirstObjectByType has been deprecated because it relies on instance ID ordering. Use FindAnyObjectByType instead, which does not depend on ordering.'
Assets\Scripts\ElementResultsPanel.cs(96,38): warning CS0618: 'Object.FindObjectOfType<T>()' is obsolete: 'Object.FindObjectOfType has been deprecated. Use Object.FindAnyObjectByType instead.'
Assets\Scripts\MobileLoadResultsDashboard.cs(393,38): warning CS0618: 'Object.FindObjectOfType<T>()' is obsolete: 'Object.FindObjectOfType has been deprecated. Use Object.FindAnyObjectByType instead.'
Assets\Scripts\MobileLoadResultsDashboard.cs(402,9): warning CS0618: 'Object.FindObjectOfType<T>()' is obsolete: 'Object.FindObjectOfType has been deprecated. Use Object.FindAnyObjectByType instead.'
Assets\Scripts\MobileLoadResultsDashboard.cs(455,47): warning CS0618: 'Object.FindObjectsOfType<T>()' is obsolete: 'Object.FindObjectsOfType has been deprecated. Use Object.FindObjectsByType instead which lets you decide whether you need the results sorted or not.  FindObjectsOfType sorts the results by InstanceID but if you do not need this using FindObjectSortMode.None is considerably faster.'
Assets\Scripts\ElementResultsPanel.cs(145,22): warning CS0618: 'Object.FindObjectOfType<T>()' is obsolete: 'Object.FindObjectOfType has been deprecated. Use Object.FindAnyObjectByType instead.'
Assets\Scripts\StructuralDemandRadar.cs(149,32): warning CS0618: 'Object.FindFirstObjectByType<T>(FindObjectsInactive)' is obsolete: 'FindFirstObjectByType has been deprecated because it relies on instance ID ordering. Use FindAnyObjectByType instead, which does not depend on ordering.'
Assets\Scripts\MobileLoadResultsDashboard.cs(550,38): warning CS0618: 'Object.FindObjectOfType<T>()' is obsolete: 'Object.FindObjectOfType has been deprecated. Use Object.FindAnyObjectByType instead.'
Assets\Scripts\MobileLoadResultsDashboard.cs(551,47): warning CS0618: 'Object.FindObjectsOfType<T>()' is obsolete: 'Object.FindObjectsOfType has been deprecated. Use Object.FindObjectsByType instead which lets you decide whether you need the results sorted or not.  FindObjectsOfType sorts the results by InstanceID but if you do not need this using FindObjectSortMode.None is considerably faster.'
Assets\Scripts\MobileLoadResultsDashboard.cs(599,38): warning CS0618: 'Object.FindObjectOfType<T>()' is obsolete: 'Object.FindObjectOfType has been deprecated. Use Object.FindAnyObjectByType instead.'
Assets\Scripts\ElementResultsPanel.cs(311,22): warning CS0618: 'Object.FindObjectOfType<T>()' is obsolete: 'Object.FindObjectOfType has been deprecated. Use Object.FindAnyObjectByType instead.'
Assets\Scripts\MobileLoadResultsDashboard.cs(686,53): warning CS0618: 'Object.FindObjectsOfType<T>()' is obsolete: 'Object.FindObjectsOfType has been deprecated. Use Object.FindObjectsByType instead which lets you decide whether you need the results sorted or not.  FindObjectsOfType sorts the results by InstanceID but if you do not need this using FindObjectSortMode.None is considerably faster.'
Assets\Scripts\MobileLoadResultsDashboard.cs(691,13): warning CS0618: 'Object.FindObjectOfType<T>()' is obsolete: 'Object.FindObjectOfType has been deprecated. Use Object.FindAnyObjectByType instead.'
Assets\Scripts\MobileLoadResultsDashboard.cs(742,38): warning CS0618: 'Object.FindObjectOfType<T>()' is obsolete: 'Object.FindObjectOfType has been deprecated. Use Object.FindAnyObjectByType instead.'
Assets\Scripts\DiagramController.cs(1355,50): warning CS0618: 'Object.FindObjectOfType<T>()' is obsolete: 'Object.FindObjectOfType has been deprecated. Use Object.FindAnyObjectByType instead.'
Assets\Scripts\MobileLoadResultsDashboard.cs(855,30): warning CS0618: 'Object.FindObjectOfType<T>()' is obsolete: 'Object.FindObjectOfType has been deprecated. Use Object.FindAnyObjectByType instead.'
Assets\Scripts\Editor\DesktopWalkthroughPlayValidation.cs(29,22): warning CS0618: 'Object.FindObjectOfType<T>()' is obsolete: 'Object.FindObjectOfType has been deprecated. Use Object.FindAnyObjectByType instead.'
Assets\Scripts\Editor\MCOCSetup.cs(104,13): warning CS0618: 'Object.FindObjectOfType<T>()' is obsolete: 'Object.FindObjectOfType has been deprecated. Use Object.FindAnyObjectByType instead.'
Total cache size 74090372
Total cache size after purge 74090372, took 00:00:00.2418192
AssetDatabase: script compilation time: 27.062216s
Begin MonoManager ReloadAssembly
Importing 'GUID: 00000000000000001000000000000000 - Path: Assets' with importer (DefaultImporter)
Imported 'GUID: 00000000000000001000000000000000' -> (Import Result ID: '2740a6f043b2b326bdd7512375e96e57') in 0.014 seconds [static dependencies only]. Details - ImportResultOutputID=0bd79294e96b4d95e7775c04af3ef4c2 DependenciesID=5ddfff5767c8d340f2421f4cedfc88ba StaticDependenciesID=3cc2fb38edf9553804fe976b0521b786 
Importing 'GUID: 00000000000000002000000000000000 - Path: ProjectSettings/InputManager.asset' with importer (LibraryAssetImporter)
Imported 'GUID: 00000000000000002000000000000000' -> (Import Result ID: 'dc6dbfcf92dc9ef4b28ed9931a676836') in 0.001 seconds [static dependencies only]. Details - ImportResultOutputID=6ef5aadfef77827e2c23b904de4fe67c DependenciesID=e62f2d3f0de4f097502d77d38a98091a StaticDependenciesID=e7474a1cd5679ef76ef0771f30f6d1b6 
Importing 'GUID: 00000000000000003000000000000000 - Path: ProjectSettings/TagManager.asset' with importer (LibraryAssetImporter)
Imported 'GUID: 00000000000000003000000000000000' -> (Import Result ID: 'ce761f7e96a21b76304be31b54ec2807') in 0.001 seconds [static dependencies only]. Details - ImportResultOutputID=f000288eab4d423778547d37d97a06b9 DependenciesID=e40f7d9fba31016c0fb3d0eab36e2407 StaticDependenciesID=ef84777970d9f03216e9b1fff659135e 
Importing 'GUID: 00000000000000004000000000000000 - Path: ProjectSettings/ProjectSettings.asset' with importer (LibraryAssetImporter)
Imported 'GUID: 00000000000000004000000000000000' -> (Import Result ID: 'a16b0a72a1fd478c9bd68a4e883f0d88') in 0.001 seconds [static dependencies only]. Details - ImportResultOutputID=054c890a8f4b6dddbea933bc5e4b7df4 DependenciesID=ca8cd0464facdb1cbf0be57b7c7cf348 StaticDependenciesID=3bec662e1a47ad11a09e959826dbca5e 
Importing 'GUID: 00000000000000006000000000000000 - Path: ProjectSettings/AudioManager.asset' with importer (LibraryAssetImporter)
Imported 'GUID: 00000000000000006000000000000000' -> (Import Result ID: '3d0e77729e53897c175e3a689f8eaeb1') in 0.001 seconds [static dependencies only]. Details - ImportResultOutputID=d41ed101cdcb18327994de285944fd39 DependenciesID=e2a803ab0b1ffa7398decfbf508285d6 StaticDependenciesID=968387b3d1fe26efd2ded86eb7e40404 
Importing 'GUID: 00000000000000007000000000000000 - Path: ProjectSettings/TimeManager.asset' with importer (LibraryAssetImporter)
Imported 'GUID: 00000000000000007000000000000000' -> (Import Result ID: '38ed122280b0a32c5a6b505e2a501a87') in 0.000 seconds [static dependencies only]. Details - ImportResultOutputID=888360dbe4cb337dfbc4897083ee474b DependenciesID=9c3f53a2729c47ba210cbc44a6f13abd StaticDependenciesID=7169bf9560bf2dd853d55b6dcfaa5532 
Importing 'GUID: 00000000000000008000000000000000 - Path: ProjectSettings/DynamicsManager.asset' with importer (LibraryAssetImporter)
Imported 'GUID: 00000000000000008000000000000000' -> (Import Result ID: '2673d5a49b0af2814c457c554583d2aa') in 0.000 seconds [static dependencies only]. Details - ImportResultOutputID=f4e5ea74158efa9a7415a6abc5cfeedf DependenciesID=0ab80e1c0438d3d0bae45b678c6589cc StaticDependenciesID=07ca3da5de2804a76caf304ab04281d8 
Importing 'GUID: 00000000000000009000000000000000 - Path: ProjectSettings/QualitySettings.asset' with importer (LibraryAssetImporter)
Imported 'GUID: 00000000000000009000000000000000' -> (Import Result ID: '9a43bf5a37989b57844e39566ef02748') in 0.000 seconds [static dependencies only]. Details - ImportResultOutputID=2a108b3da874f726c62fbe5f12be4a8a DependenciesID=c5d54f2e4b69ae43698f2cbc788447df StaticDependenciesID=275e14ddcd5f857d50bf93bf22c6603b 
Importing 'GUID: 0000000000000000b000000000000000 - Path: ProjectSettings/EditorBuildSettings.asset' with importer (LibraryAssetImporter)
Imported 'GUID: 0000000000000000b000000000000000' -> (Import Result ID: 'f5f1af8fdaaca583f6e63ac5e39c24b7') in 0.000 seconds [static dependencies only]. Details - ImportResultOutputID=0a89a5c5f492143e0fa186859e17ba6f DependenciesID=4ff141b05b1dde605f26477ebd43ead0 StaticDependenciesID=32338a4edd77778e4ba07867674bb109 
Importing 'GUID: 0000000000000000c000000000000000 - Path: ProjectSettings/EditorSettings.asset' with importer (LibraryAssetImporter)
Imported 'GUID: 0000000000000000c000000000000000' -> (Import Result ID: 'f4bdd58f97c097bb8b290ac227624b84') in 0.000 seconds [static dependencies only]. Details - ImportResultOutputID=9bf1f3a6d7407228d033acb548d88253 DependenciesID=b6d206e80276c1a2c52db46b44a32122 StaticDependenciesID=b18f1812cf894f9bf30fb390ce3cd0d7 
Importing 'GUID: 00000000000000004100000000000000 - Path: ProjectSettings/NavMeshAreas.asset' with importer (LibraryAssetImporter)
Imported 'GUID: 00000000000000004100000000000000' -> (Import Result ID: 'faf16071b48461d05c9a3c9b509cccb8') in 0.000 seconds [static dependencies only]. Details - ImportResultOutputID=431705ea786ba1fb0433b092fce391ed DependenciesID=143a6df3df228d76c18a546cb42cb17b StaticDependenciesID=d3d374833aadc046dad74e6edd320857 
Importing 'GUID: 00000000000000005100000000000000 - Path: ProjectSettings/Physics2DSettings.asset' with importer (LibraryAssetImporter)
Imported 'GUID: 00000000000000005100000000000000' -> (Import Result ID: 'b1e2caa8d5fce74ce19d070d2fb7b67f') in 0.000 seconds [static dependencies only]. Details - ImportResultOutputID=d4b28e6b7b96fa6bea7060628c401421 DependenciesID=f617be107a1a67b73c42e7cde7da0a02 StaticDependenciesID=8f1ea4a152b3b4c8432e52780f8c5b92 
Importing 'GUID: 00000000000000006100000000000000 - Path: ProjectSettings/GraphicsSettings.asset' with importer (LibraryAssetImporter)
Imported 'GUID: 00000000000000006100000000000000' -> (Import Result ID: '76a0e4582b563389b53852e66fa066ca') in 0.000 seconds [static dependencies only]. Details - ImportResultOutputID=a2dcdb8bc9503711bc0f2e2d72cfd36c DependenciesID=fa17d601e62877826c77aa379d0d6410 StaticDependenciesID=f38c8bfeb6ae7ff28e9d14cdbd81d19d 
Importing 'GUID: 00000000000000007100000000000000 - Path: ProjectSettings/ClusterInputManager.asset' with importer (LibraryAssetImporter)
Imported 'GUID: 00000000000000007100000000000000' -> (Import Result ID: '58bef86a03a9618787b87ad4214178f9') in 0.000 seconds [static dependencies only]. Details - ImportResultOutputID=588fc89fed83f51a5c1aa7c8db0cdfd8 DependenciesID=ee909b6333107616ae40b9dc82041097 StaticDependenciesID=8289f66611dfb03198bc5ee374a941a2 
Importing 'GUID: 0000000000000000a100000000000000 - Path: ProjectSettings/UnityConnectSettings.asset' with importer (LibraryAssetImporter)
Imported 'GUID: 0000000000000000a100000000000000' -> (Import Result ID: '3e0926293e258a7eb3f6762126938321') in 0.000 seconds [static dependencies only]. Details - ImportResultOutputID=a2c5944bc70168a38041609ba26dc022 DependenciesID=2a12d8d76daadea632570b1ebccb6080 StaticDependenciesID=4ddeacde7e2414f50cd8ee22195f934a 
Importing 'GUID: 0000000000000000b100000000000000 - Path: ProjectSettings/PresetManager.asset' with importer (LibraryAssetImporter)
Imported 'GUID: 0000000000000000b100000000000000' -> (Import Result ID: '9ef93f669e0d8524c7876667ade9609e') in 0.001 seconds [static dependencies only]. Details - ImportResultOutputID=6bbf2909d22cca2bf12a4801b098b013 DependenciesID=117b4d76704bf359f7a3dcb2401cab90 StaticDependenciesID=0b42499c08ecb6056587f457948c869e 
Importing 'GUID: 0000000000000000c100000000000000 - Path: ProjectSettings/VFXManager.asset' with importer (LibraryAssetImporter)
Imported 'GUID: 0000000000000000c100000000000000' -> (Import Result ID: '9166afd47b4546d1635fc35f11dba89f') in 0.000 seconds [static dependencies only]. Details - ImportResultOutputID=f89698b22875eebc454842245beb374c DependenciesID=7bc6c771b373cdea860e72d5430143e1 StaticDependenciesID=62d723869ae06b08a8e58de33a29adbf 
Importing 'GUID: 0000000000000000d100000000000000 - Path: ProjectSettings/VersionControlSettings.asset' with importer (LibraryAssetImporter)
Imported 'GUID: 0000000000000000d100000000000000' -> (Import Result ID: '1644e5e04c1dac45437f3c3145289d93') in 0.000 seconds [static dependencies only]. Details - ImportResultOutputID=fe7ea0ac71117227a6d09fba509747a9 DependenciesID=129e78a2505f9c37da8f76ab8823ee8b StaticDependenciesID=d7248c5ece9876d9048926777e814826 
Importing 'GUID: 0000000000000000f100000000000000 - Path: ProjectSettings/MemorySettings.asset' with importer (LibraryAssetImporter)
Imported 'GUID: 0000000000000000f100000000000000' -> (Import Result ID: '5e594c72b978fa657e0a13118e764d61') in 0.000 seconds [static dependencies only]. Details - ImportResultOutputID=bc4e563a9c6fd2d5b4495e4db9c0cc0a DependenciesID=9f7055bd1cd7ebb030f4b400394e9633 StaticDependenciesID=2470a5fcef6af2bdaeb5b8f44262dff9 
Importing 'GUID: 00000000000000000200000000000000 - Path: ProjectSettings/MultiplayerManager.asset' with importer (LibraryAssetImporter)
Imported 'GUID: 00000000000000000200000000000000' -> (Import Result ID: '46a3cbfede81fa9f87ee265b715ad3fa') in 0.001 seconds [static dependencies only]. Details - ImportResultOutputID=0f99ec37a18b74b8746d5bfd6ca7ca98 DependenciesID=160b96f47d7b665f290158df74954c6f StaticDependenciesID=4fceead2931ad36719fc067278851e8b 
Importing 'GUID: 00000000000000001200000000000000 - Path: ProjectSettings/PhysicsCoreProjectSettings2D.asset' with importer (LibraryAssetImporter)
Imported 'GUID: 00000000000000001200000000000000' -> (Import Result ID: 'ed90b8d08eeec2e93722f5a3e1453fde') in 0.001 seconds [static dependencies only]. Details - ImportResultOutputID=fdcbf67861d1bc63eeeff8a918d0a8f1 DependenciesID=272a29201447ee60cb691d9fa4474899 StaticDependenciesID=58d243e1cc0272303e7855ab6f32cd20 
Importing 'GUID: 00000000000000002300000000000000 - Path: Library/BuildInstructions' with importer (DefaultImporter)
Imported 'GUID: 00000000000000002300000000000000' -> (Import Result ID: 'a80670de179e9c16064fd8e990e76876') in 0.000 seconds [static dependencies only]. Details - ImportResultOutputID=f125fbf11ce4ab979114dbed2f4fa98b DependenciesID=767c01dfc0924be3719004476dc4df22 StaticDependenciesID=e445e0bffc1e4a1d2bd6a79525da9468 
Importing 'GUID: c060426bfd6e82575228df6656368eaa - Path: Packages/com.unity.modules.imgui' with importer (DefaultImporter)
Imported 'GUID: c060426bfd6e82575228df6656368eaa' -> (Import Result ID: '682d49718337f9e8ad0c1953342b952a') in 0.000 seconds [static dependencies only]. Details - ImportResultOutputID=f5fc001a1ad129788ee2159d776db60d DependenciesID=6764ce33a9e0cede05d0ddf1e96d75b9 StaticDependenciesID=2e56775f807a7b7fbf419a5f33245a15 
Importing 'GUID: c0bb8db9b9ad0f44b945b0f7b7f10639 - Path: Assets/Scripts' with importer (DefaultImporter)
Imported 'GUID: c0bb8db9b9ad0f44b945b0f7b7f10639' -> (Import Result ID: '975081427832cc8979b6530be3728c8e') in 0.008 seconds [static dependencies only]. Details - ImportResultOutputID=ce5395b6c810ecb9e07fc5b8638cb3b0 DependenciesID=671869e3ed20639b6f71253577f4bc76 StaticDependenciesID=2a75f50017f6297064b6cb51a3fc39e2 
Importing 'GUID: 1158e311a3101950348dcecb1bebc42d - Path: Packages/com.unity.modules.animation' with importer (DefaultImporter)
Imported 'GUID: 1158e311a3101950348dcecb1bebc42d' -> (Import Result ID: '1cb0286f7bb4c7d360b6caf15ede32b0') in 0.001 seconds [static dependencies only]. Details - ImportResultOutputID=97d562cce453a32c309d667bce4112d1 DependenciesID=52f4022a640f0eac7e51a897036d8e8d StaticDependenciesID=e943035d232a48aff280a6118f5ffaef 
Importing 'GUID: 31012546a3d216f66e7e22c57ca15653 - Path: Packages/com.unity.mathematics' with importer (DefaultImporter)
Imported 'GUID: 31012546a3d216f66e7e22c57ca15653' -> (Import Result ID: '3233b433ceec0b1780ee4fd6448af550') in 0.000 seconds [static dependencies only]. Details - ImportResultOutputID=8e49b7f0b5c17545fc30bb972b5abe48 DependenciesID=9cc030ffca0e81ec3520349338356cf9 StaticDependenciesID=e71409e2319ac0a59fb5bbe2120dc8c4 
Importing 'GUID: 51a49a52ef8ceb149a9d49edcebb4bfc - Path: Assets/Resources' with importer (DefaultImporter)
Imported 'GUID: 51a49a52ef8ceb149a9d49edcebb4bfc' -> (Import Result ID: 'bd7c8514358b8b54487e23a109ffc710') in 0.009 seconds [static dependencies only]. Details - ImportResultOutputID=18dee65a6cf7f612bee3dbfc193c0324 DependenciesID=2ca22d51f6ebb75a697cb48c4c965aac StaticDependenciesID=14821ea8df3bd722614be89c885eca34 
Importing 'GUID: 515638b803bef8599dbd6d5c8bdaa53e - Path: Packages/com.unity.modules.xr' with importer (DefaultImporter)
Imported 'GUID: 515638b803bef8599dbd6d5c8bdaa53e' -> (Import Result ID: 'c863a302c93da23f9b787b182838053f') in 0.001 seconds [static dependencies only]. Details - ImportResultOutputID=4abc2d12d7cb863eccc06f40fa668046 DependenciesID=7cda08148d34c645c546687368e4e331 StaticDependenciesID=d7b74c9ab0bacc304e199bd48aac46ea 
Importing 'GUID: b219c86ce508e478367c0a46e1aa9fe4 - Path: Packages/com.unity.modules.assetbundle' with importer (DefaultImporter)
Imported 'GUID: b219c86ce508e478367c0a46e1aa9fe4' -> (Import Result ID: 'd579235fe42056f50dec7b5f78e8418d') in 0.000 seconds [static dependencies only]. Details - ImportResultOutputID=3b865eb0e861e2684118da921a42770f DependenciesID=b34e02bc9610c79a0e3caf9966c9109c StaticDependenciesID=c50e91621288bc046ceef15624b81bd8 
Importing 'GUID: d24dae64a61717ff6f35c0f92d10c69f - Path: Packages/com.unity.xr.arfoundation' with importer (DefaultImporter)
Imported 'GUID: d24dae64a61717ff6f35c0f92d10c69f' -> (Import Result ID: 'd4e73cb7bed03885736f941b289a6a6a') in 0.000 seconds [static dependencies only]. Details - ImportResultOutputID=4f6cd49fbd3eba2bbd8de4fbcb507a7a DependenciesID=e63bab137567ec4054fd3644973d9f1b StaticDependenciesID=ebb3e1cf8987308e21d48ad71fa7a6dd 
Importing 'GUID: a39e9b2bb659c51bcd404be69e7ec9d4 - Path: Packages/com.unity.inputsystem' with importer (DefaultImporter)
Imported 'GUID: a39e9b2bb659c51bcd404be69e7ec9d4' -> (Import Result ID: 'd1dbb21b00799cb5a0def12a20bf9885') in 0.000 seconds [static dependencies only]. Details - ImportResultOutputID=11f363d00f8668bc27090698a64494d8 DependenciesID=7a0b516aaad4be5d155eb39e641f899b StaticDependenciesID=fc1a823188654c5f8e7d1d778b822edc 
Importing 'GUID: c3a9aec884fdbfb1619641756e56aeda - Path: Packages/com.google.xr.cardboard' with importer (DefaultImporter)
Imported 'GUID: c3a9aec884fdbfb1619641756e56aeda' -> (Import Result ID: '8081eed7d2d15091fd548e4c2c2819ee') in 0.000 seconds [static dependencies only]. Details - ImportResultOutputID=7652e46d45cef56b79172ab3520029c7 DependenciesID=1eca743f8f051b0929cfb8d1b02b40a7 StaticDependenciesID=2ebecd3ed5b7bf0c66f3c9aa9ca07d14 
Importing 'GUID: 6470f47d6d76f2e4f85000df205bb9bc - Path: Assets/Shaders' with importer (DefaultImporter)
Imported 'GUID: 6470f47d6d76f2e4f85000df205bb9bc' -> (Import Result ID: 'ae0501f292214fadda821e4effe3081d') in 0.012 seconds [static dependencies only]. Details - ImportResultOutputID=10fa5ed10daadb3edead02fd17ebb4bd DependenciesID=aad60ac203751c80e2ff1e8589ac561b StaticDependenciesID=4238efcd0168a6e05c5b9b3ff5937e64 
Importing 'GUID: 850c54ee0b9e1aa740b1c67792eb1f26 - Path: Packages/com.unity.modules.imageconversion' with importer (DefaultImporter)
Imported 'GUID: 850c54ee0b9e1aa740b1c67792eb1f26' -> (Import Result ID: 'af90ed7476409e3905a496d14f73b0b3') in 0.001 seconds [static dependencies only]. Details - ImportResultOutputID=25e734cd17db43fca0a5646b579b21a1 DependenciesID=90c0129b19f84391f2419c00975c86bf StaticDependenciesID=b48e8f51d07b36dd8eb41f52bf2ba024 
Importing 'GUID: c522a644a29fcab2eaf63298c118a65b - Path: Packages/com.unity.modules.unitywebrequest' with importer (DefaultImporter)
Imported 'GUID: c522a644a29fcab2eaf63298c118a65b' -> (Import Result ID: '35a749b2771ad0b4b5b34b5d03bd8927') in 0.001 seconds [static dependencies only]. Details - ImportResultOutputID=42d17fa5e199085b5ebf5fe43fc0c3d6 DependenciesID=ce37d507f238dcd94a9d3e589600c542 StaticDependenciesID=7efec60060c890ac0bae1bf9ffddf104 
Importing 'GUID: 56b94a5b6990c879bb0f057719d1064b - Path: Packages/com.unity.modules.subsystems' with importer (DefaultImporter)
Imported 'GUID: 56b94a5b6990c879bb0f057719d1064b' -> (Import Result ID: '1e1cac68e3dc83406039b3e43f583f41') in 0.001 seconds [static dependencies only]. Details - ImportResultOutputID=591e9811461758a92a9a5eebd6cecb29 DependenciesID=5d1820edfdde2b2d4fabcc25ffb06c61 StaticDependenciesID=8646805af60443a28f57ca14888394d2 
Importing 'GUID: d6c6a000a805f00649b36b542e8426c2 - Path: Packages/com.unity.modules.unityanalytics' with importer (DefaultImporter)
Imported 'GUID: d6c6a000a805f00649b36b542e8426c2' -> (Import Result ID: 'fc2791e35f078eae4b236800632f7916') in 0.001 seconds [static dependencies only]. Details - ImportResultOutputID=404c94bd647a52d20e25d58febc853db DependenciesID=53973ece9e77b50e0b665c02b5f9cf61 StaticDependenciesID=07ccf3242da58ddd33f9f34377a02471 
Importing 'GUID: d6db7caf2e852b75ebb9c6098418179c - Path: Packages/com.unity.modules.physics' with importer (DefaultImporter)
Imported 'GUID: d6db7caf2e852b75ebb9c6098418179c' -> (Import Result ID: '9421eab3ec98d72e486581695fe386a6') in 0.001 seconds [static dependencies only]. Details - ImportResultOutputID=d99447c570abb9a9d540ac85d945527e DependenciesID=1576c1ebbc2e43cb8cd783a66da88e02 StaticDependenciesID=439d4caa592175ac26fb77639f400716 
Importing 'GUID: 376c84ea405e0f2b80562c23bb977216 - Path: Packages/com.unity.modules.physics2d' with importer (DefaultImporter)
Imported 'GUID: 376c84ea405e0f2b80562c23bb977216' -> (Import Result ID: '46fcc1a3300c8fe45a973eefc3817c4d') in 0.001 seconds [static dependencies only]. Details - ImportResultOutputID=76abd9b5f9d9723c46af1bb476315b64 DependenciesID=c7cdb6995e1fd6f8bb262dc47a15263a StaticDependenciesID=9eb03461e036054c251ca5627068ed0b 
Importing 'GUID: 2808ba6bccb2478ec9c7209d8bf1f3cc - Path: Packages/com.unity.modules.uielements' with importer (DefaultImporter)
Imported 'GUID: 2808ba6bccb2478ec9c7209d8bf1f3cc' -> (Import Result ID: '153312f574ed1d0674a499dcf69f6e2e') in 0.000 seconds [static dependencies only]. Details - ImportResultOutputID=12cb061fd9999a181bc535c6b37ba619 DependenciesID=3775b7c3743238b3a9049dc6ee9ac479 StaticDependenciesID=c9f81fd34bb8d67e782b0e178c6451fc 
Importing 'GUID: 48b10b41f58d5b49717f376cda59eeb8 - Path: Packages/com.unity.modules.particlesystem' with importer (DefaultImporter)
Imported 'GUID: 48b10b41f58d5b49717f376cda59eeb8' -> (Import Result ID: 'bd6c81b6eb8c41828acf5ad24d7db931') in 0.000 seconds [static dependencies only]. Details - ImportResultOutputID=6f138f103c8fc43882742e06d06ccf40 DependenciesID=48ae7ef00f9ac721edcdfad9583a1295 StaticDependenciesID=cdb9aa2fff4a61118cb0122aeb860ec7 
Importing 'GUID: 48eb972f5a647c788d39598c7989de84 - Path: Packages/com.unity.editorcoroutines' with importer (DefaultImporter)
Imported 'GUID: 48eb972f5a647c788d39598c7989de84' -> (Import Result ID: 'f90c7db1ddf6e89bce8fe2d2845cf5c7') in 0.000 seconds [static dependencies only]. Details - ImportResultOutputID=1c9a8536d749e1e8db3fa9d0cac953b6 DependenciesID=6830b7c17bf8a709a89109a8f16bac8c StaticDependenciesID=26ecd91fdaf25037e5a57093d057036d 
Importing 'GUID: 39728903e57c60021f80449a8bbc0096 - Path: Packages/com.unity.modules.ui' with importer (DefaultImporter)
Imported 'GUID: 39728903e57c60021f80449a8bbc0096' -> (Import Result ID: 'e4a206413ae403e264c1310773f95923') in 0.000 seconds [static dependencies only]. Details - ImportResultOutputID=b3a99ae549e12123977db11a77fa6dc8 DependenciesID=29c98a9193e31f636bb291b540413632 StaticDependenciesID=64b148cd46a70c82ade3f7e7b5c1a3d8 
Importing 'GUID: 995c08a3305ff9f0dab5e86f340bd9a7 - Path: Packages/com.unity.modules.androidjni' with importer (DefaultImporter)
Imported 'GUID: 995c08a3305ff9f0dab5e86f340bd9a7' -> (Import Result ID: '8d9fec0caa5ce7e5f68a6ab541c3002d') in 0.000 seconds [static dependencies only]. Details - ImportResultOutputID=41e43b0974a24d3349dec4b773ad496c DependenciesID=90c06ce69692aae6d8a89fd575a47967 StaticDependenciesID=42ecc5ca78b6c08022d64898942ebc42 
Importing 'GUID: e9fff71d49846721fca967fcfc0b2e26 - Path: Packages/com.unity.xr.core-utils' with importer (DefaultImporter)
Imported 'GUID: e9fff71d49846721fca967fcfc0b2e26' -> (Import Result ID: '8f3f314ee15678c8c6bdcc2187b77af2') in 0.000 seconds [static dependencies only]. Details - ImportResultOutputID=48381fad1f6e821907b804c69a043f29 DependenciesID=15f7565237d3f823828dde7ccc7f1128 StaticDependenciesID=a4292f685cfdcb2d9f8bee50e8cb51db 
Importing 'GUID: 6aa6d601429b42c5afe67682df857d61 - Path: Packages/com.unity.xr.legacyinputhelpers' with importer (DefaultImporter)
Imported 'GUID: 6aa6d601429b42c5afe67682df857d61' -> (Import Result ID: 'fe6469003ae63dd9732da3c76192607d') in 0.000 seconds [static dependencies only]. Details - ImportResultOutputID=724ce3ec8335ee021e3db550e4654046 DependenciesID=998926b0f0aa82ed48ac11454639c005 StaticDependenciesID=7bbcf332a980f7f532cef057e5a81899 
Importing 'GUID: 0b7fb9d842f1ed4425d67d4dd4808301 - Path: Packages/com.unity.xr.arcore' with importer (DefaultImporter)
Imported 'GUID: 0b7fb9d842f1ed4425d67d4dd4808301' -> (Import Result ID: '1590ceb478dd622de2004aa71cb73543') in 0.000 seconds [static dependencies only]. Details - ImportResultOutputID=8c54270f665724254b9c3b20aef8aceb DependenciesID=7e1b4502f53b1da8c4d3880fc0c1678a StaticDependenciesID=77bf598f2ec09cf7a8fd0ed9d2981a3f 
Importing 'GUID: 6b81377a4453ba7362eb3322f9bcc6c6 - Path: Packages/com.unity.modules.hierarchycore' with importer (DefaultImporter)
Imported 'GUID: 6b81377a4453ba7362eb3322f9bcc6c6' -> (Import Result ID: '8053c8d7db29af5fb0397e31dc86d875') in 0.000 seconds [static dependencies only]. Details - ImportResultOutputID=b0f4c945e5b6d2aa74b5842b405198e4 DependenciesID=c32b8cafebbc9f2d375525771f4ac028 StaticDependenciesID=49f6e71f33c0322e78878928ccd547ff 
Importing 'GUID: fc3a810351931f5e6183e16b9beb5563 - Path: Packages/com.unity.modules.jsonserialize' with importer (DefaultImporter)
Imported 'GUID: fc3a810351931f5e6183e16b9beb5563' -> (Import Result ID: '4c717e052ed35040b01181b8aeeabdce') in 0.000 seconds [static dependencies only]. Details - ImportResultOutputID=3becf28e3d8c6fcaad27baf9eff49eb7 DependenciesID=848cd90e9b19286877089217404f8606 StaticDependenciesID=36176ea3334c5c247398aca84b71bb81 
Importing 'GUID: 2d142b475fbfb8cf12ba3a795194300a - Path: Packages/com.unity.modules.director' with importer (DefaultImporter)
Imported 'GUID: 2d142b475fbfb8cf12ba3a795194300a' -> (Import Result ID: '8cbf287d051a321e64fdde141fecf2a9') in 0.000 seconds [static dependencies only]. Details - ImportResultOutputID=8da594cb73801a0203564c7a50c97887 DependenciesID=d733690a82e2a88fcdc8788c20ac6bed StaticDependenciesID=05b9aad4695553017a56b0bac923cae0 
Importing 'GUID: 2d6ba5cbe47e6ad3c87474c56174d4e0 - Path: Packages/com.unity.modules.audio' with importer (DefaultImporter)
Imported 'GUID: 2d6ba5cbe47e6ad3c87474c56174d4e0' -> (Import Result ID: 'b5aa5d11b09542a046a40d1b9836ff98') in 0.000 seconds [static dependencies only]. Details - ImportResultOutputID=e6811b686232d75db22bc2980b93bbaf DependenciesID=6751c7af021b92ac82702bc31f5cbdd7 StaticDependenciesID=c2d0f4358e023c44cf92941866870ca5 
Importing 'GUID: 5e22a8d6e557a1b3cae09054b0b5f9d8 - Path: Packages/com.unity.modules.physicscore2d' with importer (DefaultImporter)
Imported 'GUID: 5e22a8d6e557a1b3cae09054b0b5f9d8' -> (Import Result ID: '07edaf449a0a9b117acb9569ab2afb59') in 0.000 seconds [static dependencies only]. Details - ImportResultOutputID=e63105581d85229110be56a07ce9b194 DependenciesID=e74a20b9f862d58818230d53b786679c StaticDependenciesID=1a6acdd98d030a9eaa3796880b97de04 
Importing 'GUID: dea3e78f6fe0cdf5a510b9d52c82ab78 - Path: Packages/com.unity.xr.management' with importer (DefaultImporter)
Imported 'GUID: dea3e78f6fe0cdf5a510b9d52c82ab78' -> (Import Result ID: '5febe69687c124a3af337f6e8d451b66') in 0.000 seconds [static dependencies only]. Details - ImportResultOutputID=c1d45c4c51a427fb8faec7d94beed8ea DependenciesID=4e25595df292c07d9c3df40d8c7be51d StaticDependenciesID=38d97d8b5a3b3a589a77df020e659817 
Importing 'GUID: fe4917d0f6ea59979b332b4bbffbb92e - Path: Packages/com.unity.ugui' with importer (DefaultImporter)
Imported 'GUID: fe4917d0f6ea59979b332b4bbffbb92e' -> (Import Result ID: '503eabd386a94c0a4aff3110ba4878b9') in 0.000 seconds [static dependencies only]. Details - ImportResultOutputID=c6d61d0e62bfaff1d751b536deb047dd DependenciesID=f5494983030038c40ec887cf7419a529 StaticDependenciesID=707f431529516103cfaf62260722e1dd 
Importing 'GUID: 7070354fd57a74c118e1ca1a5be0ddbd - Path: Packages/com.unity.xr.core-utils/Tests' with importer (DefaultImporter)
Imported 'GUID: 7070354fd57a74c118e1ca1a5be0ddbd' -> (Import Result ID: 'a7021129aae8fa954e04e6134df83c93') in 0.001 seconds [static dependencies only]. Details - ImportResultOutputID=d487004deb17a84f985f2a2e7763bb7c DependenciesID=6dd5f532878b821882b7fbc0c87bc6eb StaticDependenciesID=81ba42202cb330628910f3bb5f32acc8 
Importing 'GUID: c0f26b555bfc14351a9f8ec342fd6ae8 - Path: Packages/com.unity.inputsystem/DocCodeSamples.Tests' with importer (DefaultImporter)
Imported 'GUID: c0f26b555bfc14351a9f8ec342fd6ae8' -> (Import Result ID: '7fc23b3d1f8bdbd31731e0ee85a75d06') in 0.001 seconds [static dependencies only]. Details - ImportResultOutputID=d6713acbc9ad268d7e5ae67887230f33 DependenciesID=b516a6bee0fdf7a936901cbf0762f4a0 StaticDependenciesID=89973f3e8e1336d1b048b99bb04fc262 
Importing 'GUID: d1a0a27327b54c3bac52a08929c33f81 - Path: Packages/com.unity.ugui/Editor Resources' with importer (DefaultImporter)
Imported 'GUID: d1a0a27327b54c3bac52a08929c33f81' -> (Import Result ID: 'ec55dcc419ded51d28ae0a99aa205c97') in 0.001 seconds [static dependencies only]. Details - ImportResultOutputID=f1f0263b99f7113da7a3d99551a16ff8 DependenciesID=fe53430d6bdc0951dc480a83062293b6 StaticDependenciesID=a4836ef5fff7300b94aab4372d89c5fd 
Importing 'GUID: f1e076de859fa49d7bf78a294d512bd7 - Path: Packages/com.google.xr.cardboard/Editor' with importer (DefaultImporter)
Imported 'GUID: f1e076de859fa49d7bf78a294d512bd7' -> (Import Result ID: '20b02702bc7244f9c7290997c551bf44') in 0.001 seconds [static dependencies only]. Details - ImportResultOutputID=82add1fb3de85a82e923fb6a09d03071 DependenciesID=3c9e42b3994ab02b2d2958c7f0a13553 StaticDependenciesID=de3a89a4c6d01839f8ce88efd13954c2 
Importing 'GUID: f1c1e9b3951e340e48a3d2c037d6f48b - Path: Packages/com.unity.inputsystem/Tests' with importer (DefaultImporter)
Imported 'GUID: f1c1e9b3951e340e48a3d2c037d6f48b' -> (Import Result ID: '1647a1b0129b7a8fcad65ba2e9408cc1') in 0.001 seconds [static dependencies only]. Details - ImportResultOutputID=eecd8eed25a7b88aaf6aa59db6c8a40d DependenciesID=55df14aef685978c5c288c16c30f1cb7 StaticDependenciesID=350a4c9d3494fe2e086735f3e14ce7b5 
Importing 'GUID: 5240fe65ba7be46b191a73822f0072a8 - Path: Packages/com.unity.xr.arcore/Assets' with importer (DefaultImporter)
Imported 'GUID: 5240fe65ba7be46b191a73822f0072a8' -> (Import Result ID: 'ec9e2e97abd284013e8ee1bf84380f5d') in 0.001 seconds [static dependencies only]. Details - ImportResultOutputID=c8b5a641b7a09fcc51ea031d228880d5 DependenciesID=806177e1c20eb0b471642fa2bc5bb193 StaticDependenciesID=6211600656468a6e7781bd224cb24a76 
Importing 'GUID: f27b222630c0f4b09a77a69bead14201 - Path: Packages/com.unity.inputsystem/InputSystem' with importer (DefaultImporter)
Imported 'GUID: f27b222630c0f4b09a77a69bead14201' -> (Import Result ID: 'f07891f3be27182f7d4b8754df5787c8') in 0.001 seconds [static dependencies only]. Details - ImportResultOutputID=0fae852111f85749544051294d222415 DependenciesID=dd94229bfdd852e452ab607b9e38b26c StaticDependenciesID=6f4716804673808d3af50fcad2f37bb1 
Importing 'GUID: 030d6110833494e0eb8f9624668e598a - Path: Packages/com.unity.xr.arcore/Tests' with importer (DefaultImporter)
Imported 'GUID: 030d6110833494e0eb8f9624668e598a' -> (Import Result ID: '8a9c539c837bfc53227e8f6bd6b5cc12') in 0.000 seconds [static dependencies only]. Details - ImportResultOutputID=397560ca8244a24cfeff34ef38e913d6 DependenciesID=fca26435fe1688c683972aafa5c94de1 StaticDependenciesID=db2d4332cc074cd8b2196329100ba4f0 
Importing 'GUID: 04270704ae4dc994cb99e586b2ddf5e0 - Path: Packages/com.unity.mathematics/Unity.Mathematics' with importer (DefaultImporter)
Imported 'GUID: 04270704ae4dc994cb99e586b2ddf5e0' -> (Import Result ID: 'b97282b5698ed5d10426e758c56a21fb') in 0.001 seconds [static dependencies only]. Details - ImportResultOutputID=e5e899b0a5a37bb4047264aa8ad30f6a DependenciesID=2f11ca12dc7a90ffe8e9f7027b0e005a StaticDependenciesID=884d8dc72f7cd8172320476d85f0efae 
Importing 'GUID: 9421d2ce3deaf45f390a84d593e75311 - Path: Packages/com.google.xr.cardboard/Resources' with importer (DefaultImporter)
Imported 'GUID: 9421d2ce3deaf45f390a84d593e75311' -> (Import Result ID: '07a05e52304485a1ebf15433fee30c7b') in 0.001 seconds [static dependencies only]. Details - ImportResultOutputID=4d002044540101ab517b7983e989a00f DependenciesID=aafdb8edbfc4ffe3f494949d037c450b StaticDependenciesID=8b2a552df44446e0bbdbd20b884a1448 
Importing 'GUID: a5d4a182a315c1e499859f6879113727 - Path: Packages/com.unity.xr.legacyinputhelpers/Runtime' with importer (DefaultImporter)
Imported 'GUID: a5d4a182a315c1e499859f6879113727' -> (Import Result ID: '950e1b1511e898f87cd0d311c2727699') in 0.001 seconds [static dependencies only]. Details - ImportResultOutputID=28f03228e3770adf7ba61519e0ef669f DependenciesID=7536d8212a379532e691a767bd3f79f9 StaticDependenciesID=b68f589638b9b0b6716c7be4bf6c49d1 
Importing 'GUID: d640407051394e845b5a2644547e9f7d - Path: Packages/com.unity.xr.arfoundation/Editor' with importer (DefaultImporter)
Imported 'GUID: d640407051394e845b5a2644547e9f7d' -> (Import Result ID: '7491230ed90c4389e8f03dc83cecfed8') in 0.001 seconds [static dependencies only]. Details - ImportResultOutputID=017ab467eeb51c74e41d9f872d08048f DependenciesID=a11847776a440cafb6e3034467b19416 StaticDependenciesID=bbf9138e8c336901486727021f55a0d8 
Importing 'GUID: d850db319a63d2546932ff76fe55a498 - Path: Packages/com.unity.ugui/Tests' with importer (DefaultImporter)
Imported 'GUID: d850db319a63d2546932ff76fe55a498' -> (Import Result ID: 'f7b29b916ad8dacf79347779596592af') in 0.001 seconds [static dependencies only]. Details - ImportResultOutputID=afe8a3e3be711a616ae011e8dc80e85e DependenciesID=02e2302c72c0af43f6504cc6cee9b334 StaticDependenciesID=342d01c1c59c1481d269928e2d1f3ee4 
Importing 'GUID: 7928452df125f6b4383b4691b9aec342 - Path: Packages/com.unity.xr.legacyinputhelpers/Tests' with importer (DefaultImporter)
Imported 'GUID: 7928452df125f6b4383b4691b9aec342' -> (Import Result ID: 'ecb63b10e96f4eb432c1087cbe42cbee') in 0.001 seconds [static dependencies only]. Details - ImportResultOutputID=3f337c0b1456fe222a80eb6bc60f42b4 DependenciesID=466e78bcf6fe274e9b7370882d95dcc6 StaticDependenciesID=bd3ddaafb8091b927a72ea9e5aea7163 
Importing 'GUID: a9a3c7249e82420f9ac5299086e6276a - Path: Packages/com.unity.xr.arcore/Runtime' with importer (DefaultImporter)
Imported 'GUID: a9a3c7249e82420f9ac5299086e6276a' -> (Import Result ID: '7bee6d89b35783f174768ce9a72275d0') in 0.000 seconds [static dependencies only]. Details - ImportResultOutputID=40d74aea024507052035f8b61799d689 DependenciesID=1a01a3125c0efc569c17460db70b0b2a StaticDependenciesID=f58a4cec70bb2c5d6b3da1ee3dea486c 
Importing 'GUID: 3a8792ae01c04f758f77e2f5c0153d91 - Path: Packages/com.unity.xr.arcore/Editor' with importer (DefaultImporter)
Imported 'GUID: 3a8792ae01c04f758f77e2f5c0153d91' -> (Import Result ID: '8a6f3bb3959b31e5f4c319f29b829f9c') in 0.000 seconds [static dependencies only]. Details - ImportResultOutputID=c51d4a2514d5c9f391243e468e8510ed DependenciesID=fa03e1bbc947db27d2857a48616e52f2 StaticDependenciesID=f589660e05a3204411fe84344b217b4a 
Importing 'GUID: 8a512234959c84f759a00b7053a0169b - Path: Packages/com.unity.mathematics/Tests' with importer (DefaultImporter)
Imported 'GUID: 8a512234959c84f759a00b7053a0169b' -> (Import Result ID: 'a0c3c81df3bf2ea773c3e1c1c479cd98') in 0.001 seconds [static dependencies only]. Details - ImportResultOutputID=937c9525b657fa8e0f5048abf321e497 DependenciesID=1f63201f1f1ab5d52df9a0cc8cc592d5 StaticDependenciesID=027bed999511c63203dac69da907ef56 
Importing 'GUID: aa14b70e6a58c5b4fa6663623e3dca91 - Path: Packages/com.unity.ugui/Runtime' with importer (DefaultImporter)
Imported 'GUID: aa14b70e6a58c5b4fa6663623e3dca91' -> (Import Result ID: '991e686a4c86372c8a2aae8638ea4208') in 0.001 seconds [static dependencies only]. Details - ImportResultOutputID=b4a8e4947743ed325c523ab5353898eb DependenciesID=26cbaacde89f82161dd9cefad7f02579 StaticDependenciesID=61249acfaefe73eb858339717067ee99 
Importing 'GUID: ca05aff1f90b74f429ab1a0c98f36a37 - Path: Packages/com.unity.xr.legacyinputhelpers/Prefabs' with importer (DefaultImporter)
Imported 'GUID: ca05aff1f90b74f429ab1a0c98f36a37' -> (Import Result ID: '67cfcfd7284ad638a2d8732417d5f53f') in 0.001 seconds [static dependencies only]. Details - ImportResultOutputID=f951c5fa8f61bede4192843b0df89eec DependenciesID=1c02cc1f336cc4880c3ed2824e534c7f StaticDependenciesID=0c1499dda986335501f8396206885a7a 
Importing 'GUID: ea5c7c3e409a74fe38cd2a72dea3daa9 - Path: Packages/com.unity.xr.core-utils/Runtime' with importer (DefaultImporter)
Imported 'GUID: ea5c7c3e409a74fe38cd2a72dea3daa9' -> (Import Result ID: '4a88ef72415991d9cfd789c49a149e52') in 0.000 seconds [static dependencies only]. Details - ImportResultOutputID=28ebe14d75d3cbfde54ae20a76c0df08 DependenciesID=848d79627433308a888297b3fbd06998 StaticDependenciesID=3b5c30a06c472b84d8c3e7c52bfeb7f8 
Importing 'GUID: 3b34a109dca7f438ba5b953052547fa0 - Path: Packages/com.unity.xr.core-utils/Editor' with importer (DefaultImporter)
Imported 'GUID: 3b34a109dca7f438ba5b953052547fa0' -> (Import Result ID: '377238167bdce004e8d727e65e9fc12b') in 0.000 seconds [static dependencies only]. Details - ImportResultOutputID=a6fceb7116889abe28bcb8f581c2bacb DependenciesID=180e358da726fb5708ac1815aad61ffe StaticDependenciesID=efbe026dc75fe0fbc1eaa09ee9ec2670 
Importing 'GUID: 4baf9d3a89175c143b9d1bb3e62526e7 - Path: Packages/com.unity.editorcoroutines/Editor' with importer (DefaultImporter)
Imported 'GUID: 4baf9d3a89175c143b9d1bb3e62526e7' -> (Import Result ID: '2a9f4b21a585095a7d35d52fca90c15c') in 0.001 seconds [static dependencies only]. Details - ImportResultOutputID=30a0544ed727a1deb1e97dca3eec0bc1 DependenciesID=d77d5c83a46facd69416d69f1eb058e7 StaticDependenciesID=e577e11a2409edadd5027b781cd847b4 
Importing 'GUID: 7b3736418a3da458ebb6d7f4bb77ffef - Path: Packages/com.google.xr.cardboard/Runtime' with importer (DefaultImporter)
Imported 'GUID: 7b3736418a3da458ebb6d7f4bb77ffef' -> (Import Result ID: '212dcac3865f414ef76f59e3e6add54a') in 0.000 seconds [static dependencies only]. Details - ImportResultOutputID=939bd582b6d90fbf30204f6d2709bd7f DependenciesID=d4bddea1a3194ecca47eeff5f8066362 StaticDependenciesID=d8cef4aa7a4f75b45376061a1d8c1921 
Importing 'GUID: abb13e18b7f635846ae5227543a999ed - Path: Packages/com.unity.xr.arfoundation/Assets' with importer (DefaultImporter)
Imported 'GUID: abb13e18b7f635846ae5227543a999ed' -> (Import Result ID: 'd88e2a1c510288c17efa7e655e0d8cac') in 0.000 seconds [static dependencies only]. Details - ImportResultOutputID=d00dfc2e963344254d4edd503c07f89b DependenciesID=d9b65ed689d6c1801765a0c1d153a3a4 StaticDependenciesID=31d8953a5ab4e974bc7493359c3358e7 
Importing 'GUID: ab67d34cb7e62e246a0f4c98b463ab1a - Path: Packages/com.unity.xr.arfoundation/Runtime' with importer (DefaultImporter)
Imported 'GUID: ab67d34cb7e62e246a0f4c98b463ab1a' -> (Import Result ID: 'f941cf995f719a653ef6bcb6159c5406') in 0.000 seconds [static dependencies only]. Details - ImportResultOutputID=9b71701cc0ca3d4e69198522aebe2cc4 DependenciesID=f188a32033c8abe4d1266493ceaf8d61 StaticDependenciesID=85fef7a66be0638207799ee672e13041 
Importing 'GUID: bbc970fb209dd41d6970da4a87b976e0 - Path: Packages/com.unity.xr.arfoundation/Tests' with importer (DefaultImporter)
Imported 'GUID: bbc970fb209dd41d6970da4a87b976e0' -> (Import Result ID: '67f0a0ee9e50f7e293003e315d29d627') in 0.001 seconds [static dependencies only]. Details - ImportResultOutputID=4481ca4b38f27b993104786922da810b DependenciesID=1640f9fa4da84da4ee719dc612d3d59c StaticDependenciesID=4c46e63f87429f806b376ac5d700343d 
Importing 'GUID: dcfbcd3f5f6514657924b8e122d97765 - Path: Packages/com.unity.xr.management/Editor' with importer (DefaultImporter)
Imported 'GUID: dcfbcd3f5f6514657924b8e122d97765' -> (Import Result ID: 'cccab4a835842b0de52a24a9059e2429') in 0.000 seconds [static dependencies only]. Details - ImportResultOutputID=870bca5cce17cf8d3646cfd379a8a4a1 DependenciesID=cc99a5038441a8dedec3750ae6dfe200 StaticDependenciesID=2f91a6bead050c13b1acd0aee198d544 
Importing 'GUID: cdbbaacae9c2a9b4ba09caf34ba4ad5e - Path: Packages/com.unity.xr.legacyinputhelpers/Editor' with importer (DefaultImporter)
Imported 'GUID: cdbbaacae9c2a9b4ba09caf34ba4ad5e' -> (Import Result ID: '7f07d6b6fb48e4763fa390ad55082853') in 0.001 seconds [static dependencies only]. Details - ImportResultOutputID=4c491a1bc00e3efd5f07336c030854b5 DependenciesID=4ff271d292476dae7f68646f8ff2b168 StaticDependenciesID=9863eac53797450294ae91f2be4de9b0 
Importing 'GUID: 5ec95f4d5b2d1f14e9ff8682562553f9 - Path: Packages/com.unity.ugui/Package Resources' with importer (DefaultImporter)
Imported 'GUID: 5ec95f4d5b2d1f14e9ff8682562553f9' -> (Import Result ID: '88662b6b3983d8bf7037f6bd62766dc2') in 0.001 seconds [static dependencies only]. Details - ImportResultOutputID=11c256cab0caecb35df8271557cec644 DependenciesID=6e644dc4c3fdef9b6716bdc789ba1f32 StaticDependenciesID=699112060df6ad49f8b22de2e09685cd 
Importing 'GUID: bee384ad5b4d1a843a018082e7db53cd - Path: Packages/com.unity.ugui/Editor' with importer (DefaultImporter)
Imported 'GUID: bee384ad5b4d1a843a018082e7db53cd' -> (Import Result ID: 'a845868bf9acf2749f852d4314b74912') in 0.001 seconds [static dependencies only]. Details - ImportResultOutputID=a0fd560b98a41f82a474a4017d1b5719 DependenciesID=6e786a153a6ad753d721be32b5b9071c StaticDependenciesID=79c334d152f5471a8b04745b673dd376 
Importing 'GUID: 0f855780383196f44aee7bb1a2e86eb8 - Path: Assets/Resources/MobileSeismic' with importer (DefaultImporter)
Imported 'GUID: 0f855780383196f44aee7bb1a2e86eb8' -> (Import Result ID: '9c53484a5c5d3f89ce9568a75e4454a3') in 0.001 seconds [static dependencies only]. Details - ImportResultOutputID=61e27f0f92a5e710b43a4890d9d2719a DependenciesID=628ef93c6149e4d52942487b6aef3309 StaticDependenciesID=dd64e30e4e841cfabb26d1ffe18cf4e2 
Importing 'GUID: 4fb10c2185e1347c4bef41feca4a8845 - Path: Packages/com.unity.xr.management/Runtime' with importer (DefaultImporter)
Imported 'GUID: 4fb10c2185e1347c4bef41feca4a8845' -> (Import Result ID: 'f42f292b2f2b1a9e5d3a9ed83e2ca307') in 0.001 seconds [static dependencies only]. Details - ImportResultOutputID=b4f824a48ec724534272eaeccd556faf DependenciesID=8b4eb9fc9afd12abc08e41fb6aa1e9b4 StaticDependenciesID=e9cab3399946dd0d8f1161c5f56b0ef0 
Importing 'GUID: 4fadb9d2c47be4b2587eec5da859310c - Path: Packages/com.unity.xr.management/Tests' with importer (DefaultImporter)
Imported 'GUID: 4fadb9d2c47be4b2587eec5da859310c' -> (Import Result ID: '63bf33732359c98d047ddec6f31a30b5') in 0.001 seconds [static dependencies only]. Details - ImportResultOutputID=a3bb52085fa906ad16a1e32a12681cde DependenciesID=a451b0cbf08700ed2d62c350ef6681b8 StaticDependenciesID=15f7b5192bac5372cf110736e623c8ec 
Importing 'GUID: df689625bce0ee14caa3997b08572940 - Path: Assets/Scripts/Editor' with importer (DefaultImporter)
Imported 'GUID: df689625bce0ee14caa3997b08572940' -> (Import Result ID: 'd55b84f2bcbcbdac284fcfe6ff030c81') in 0.001 seconds [static dependencies only]. Details - ImportResultOutputID=eb88fbdefee27c8bf03f1447f7d3da76 DependenciesID=c0787e780cbb98f62982f111d6cecd0c StaticDependenciesID=4166881874c78994b68baf517d400c69 
Importing 'GUID: 10f0a397e079845a386e3374b2cdb655 - Path: Packages/com.unity.xr.core-utils/Editor/GUI' with importer (DefaultImporter)
Imported 'GUID: 10f0a397e079845a386e3374b2cdb655' -> (Import Result ID: '85e9ec63616ea6799b4f2a2a763174ab') in 0.001 seconds [static dependencies only]. Details - ImportResultOutputID=8c918382037b59ca1d949ec85caa2a8d DependenciesID=eff76c65271d64272d44842868c19979 StaticDependenciesID=a0ed0463ae7ea1bbc41c5d01e9641442 
Importing 'GUID: 10d1425d9e87841d9a9deafe9e93a6f2 - Path: Packages/com.unity.ugui/Editor/TMP' with importer (DefaultImporter)
Imported 'GUID: 10d1425d9e87841d9a9deafe9e93a6f2' -> (Import Result ID: '27e9a06f425c7da588f5cf9fc23b5a9c') in 0.001 seconds [static dependencies only]. Details - ImportResultOutputID=2731610303d1e923ce3d8a98b0b79e45 DependenciesID=c4d2c26a21c1ef1bac5f717852eebc72 StaticDependenciesID=6ffccc06619ac6ae06fea1f09c096194 
Importing 'GUID: 300c4804f47d540fc9efec07999accf7 - Path: Packages/com.unity.xr.arfoundation/Editor/ARSubsystems' with importer (DefaultImporter)
Imported 'GUID: 300c4804f47d540fc9efec07999accf7' -> (Import Result ID: '59d9627bc80975585b5ac05a06706add') in 0.001 seconds [static dependencies only]. Details - ImportResultOutputID=585cfe126a1396d0a1220cf62499054f DependenciesID=847b57ac72c3de640e0c982cfae7cde3 StaticDependenciesID=b0e857a49ef2b220d1040e843feb0527 
Importing 'GUID: 6086591be400b46bea7bc39a491b23a9 - Path: Packages/com.unity.xr.arfoundation/Runtime/ARFoundation' with importer (DefaultImporter)
Imported 'GUID: 6086591be400b46bea7bc39a491b23a9' -> (Import Result ID: 'c652f168ad23b7441ecdf5b18b2bc2f0') in 0.001 seconds [static dependencies only]. Details - ImportResultOutputID=f45cfdcb2192df07f69b24fc482f1186 DependenciesID=f122a49d85d09a797b9c8a9ab7e49259 StaticDependenciesID=2a946e735e6dc3d4776d485b0897e850 
Importing 'GUID: 90e21806b8f84bedb947662baf96994e - Path: Packages/com.unity.xr.core-utils/Runtime/Collections' with importer (DefaultImporter)
Imported 'GUID: 90e21806b8f84bedb947662baf96994e' -> (Import Result ID: '9c316b5a3b70b715b48fe2ff5157c4a9') in 0.001 seconds [static dependencies only]. Details - ImportResultOutputID=5f5a500668157f7197c72d2531f6d3c1 DependenciesID=b4e1eb1bd4917236417f9810d3e76409 StaticDependenciesID=f3854f7fb398b896c6e19ac5883f92b4 
Importing 'GUID: c077772b186f48118aed074774d1148e - Path: Packages/com.unity.xr.core-utils/Runtime/Datums' with importer (DefaultImporter)
Imported 'GUID: c077772b186f48118aed074774d1148e' -> (Import Result ID: 'faa0b38061994b40b916e76c21aaf6a9') in 0.001 seconds [static dependencies only]. Details - ImportResultOutputID=52e8e3056ae884047a92e4ea50bf5ad5 DependenciesID=624b19dc310f1c990ec218dfd5958a12 StaticDependenciesID=6580b8988270be10374b022f498f6656 
Importing 'GUID: e07e4704de31272488f32563e145cb63 - Path: Packages/com.unity.xr.arfoundation/Assets/Materials' with importer (DefaultImporter)
Imported 'GUID: e07e4704de31272488f32563e145cb63' -> (Import Result ID: 'cb3fcb1219e3a8a3b7ea39fa86b7c337') in 0.001 seconds [static dependencies only]. Details - ImportResultOutputID=07154eb77563536b88f8bc54c8ae0c5d DependenciesID=38d2e8ffa2c3319c029e44b82b4c5151 StaticDependenciesID=62f8c4239e9bc01cde24f6e33d5a5dd7 
Importing 'GUID: 11a5cf454eec528428e2df5463d6a0ee - Path: Packages/com.unity.xr.legacyinputhelpers/Tests/Runtime' with importer (DefaultImporter)
Imported 'GUID: 11a5cf454eec528428e2df5463d6a0ee' -> (Import Result ID: '5dfc4dc07d6707475cfee0d1a916c081') in 0.000 seconds [static dependencies only]. Details - ImportResultOutputID=29ed9350c589967a3e7e3e53f0f1cfaf DependenciesID=0d3d603758db4e5d1817e74bd6e31bbf StaticDependenciesID=a4eac1408a085e9d9299b4c0d3dd3366 
Importing 'GUID: 512fe246e65d44e659c912df5080ed3e - Path: Packages/com.unity.xr.arcore/Runtime/NativeTypes' with importer (DefaultImporter)
Imported 'GUID: 512fe246e65d44e659c912df5080ed3e' -> (Import Result ID: '5aad4acafb0c76cba43cdbf9f8c41463') in 0.000 seconds [static dependencies only]. Details - ImportResultOutputID=0d4ee4a5332034f4b366b4df48d343c1 DependenciesID=3f94a31e16a0f12cb0f83ccee85a72fe StaticDependenciesID=810c2309ba60c1002bb3ca2d86fa246f 
Importing 'GUID: 619aadd8f276341ca84d7ad5a9c6db21 - Path: Packages/com.unity.ugui/Runtime/TMP' with importer (DefaultImporter)
Imported 'GUID: 619aadd8f276341ca84d7ad5a9c6db21' -> (Import Result ID: '7a7fa9cacfef57b8d9a51d43a588b6a1') in 0.001 seconds [static dependencies only]. Details - ImportResultOutputID=dd676c53e7bbae2a614be5f81a3feeb6 DependenciesID=f0e56af0f635fd2ed7695f7a0e0097d8 StaticDependenciesID=23902ad2a6056154a8a28f2f0063d7d4 
Importing 'GUID: 911a78dede4cd48149481a5b2b636d20 - Path: Packages/com.unity.xr.core-utils/Editor/ProjectValidation' with importer (DefaultImporter)
Imported 'GUID: 911a78dede4cd48149481a5b2b636d20' -> (Import Result ID: '3c799b246a4d161ef61ba1ad6e16be08') in 0.001 seconds [static dependencies only]. Details - ImportResultOutputID=8b897edf09b52810c1adf3c52128d3a1 DependenciesID=7e8483ddd96cfccc2d07598d8a7b2347 StaticDependenciesID=9105e85c93d3dadf3e90a7fa51a9ab2d 
Importing 'GUID: 4209e16f276e327468a3bba1ee24a3dd - Path: Packages/com.unity.xr.legacyinputhelpers/Editor/ArmModels' with importer (DefaultImporter)
Imported 'GUID: 4209e16f276e327468a3bba1ee24a3dd' -> (Import Result ID: 'e43d907edbdb83445be84e7d7377868a') in 0.001 seconds [static dependencies only]. Details - ImportResultOutputID=f9dde7dc70de6be1b8c304b652a3240a DependenciesID=8792710702ab3384ae2c312ddbd5903f StaticDependenciesID=b386c00110aee1a4f45a9245a71e0476 
Importing 'GUID: c270717213d3f48f59cfd8b720bedecf - Path: Packages/com.unity.xr.core-utils/Runtime/GUI' with importer (DefaultImporter)
Imported 'GUID: c270717213d3f48f59cfd8b720bedecf' -> (Import Result ID: '72683de785d15d8ef5ef7260060c9f3d') in 0.001 seconds [static dependencies only]. Details - ImportResultOutputID=b91e6f2d7ec7498d703d86073679c7bf DependenciesID=e11e299fc7bf7c2342977c6c06c0d774 StaticDependenciesID=333c2ebef0781f4e5fca30c59c52561b 
Importing 'GUID: 1319a301cc4eca5428ad164a16278da5 - Path: Packages/com.unity.xr.arfoundation/Assets/Shaders' with importer (DefaultImporter)
Imported 'GUID: 1319a301cc4eca5428ad164a16278da5' -> (Import Result ID: 'c202426378dee8c0f21532933b297ca0') in 0.001 seconds [static dependencies only]. Details - ImportResultOutputID=5a0483989024ac09f79003015663a3a4 DependenciesID=01b2d03f1ac1ddaaa76e07c7442d884d StaticDependenciesID=da17eca4f2e2d26f5d08d0012672f99a 
Importing 'GUID: 239813eae45e14dad8d54b17f6d52e5b - Path: Packages/com.unity.xr.core-utils/Runtime/Extensions' with importer (DefaultImporter)
Imported 'GUID: 239813eae45e14dad8d54b17f6d52e5b' -> (Import Result ID: 'cff5fa92120393e3ca236e861e85cd26') in 0.001 seconds [static dependencies only]. Details - ImportResultOutputID=c912037d5537c301f846e2d7a00bf784 DependenciesID=9b78aa3d5430121e258fbb11276b6190 StaticDependenciesID=69dc070ccc19a3677b92a4d157a95edf 
Importing 'GUID: 432210e3fbc6542d4b9770ed939fc0a7 - Path: Packages/com.unity.inputsystem/InputSystem/Runtime' with importer (DefaultImporter)
Imported 'GUID: 432210e3fbc6542d4b9770ed939fc0a7' -> (Import Result ID: 'd53456953a7c31c9402174ee070d32a0') in 0.001 seconds [static dependencies only]. Details - ImportResultOutputID=f999257d9695dffbc649888d1c51bf93 DependenciesID=b58081e886196d5b116157f9f4b550f7 StaticDependenciesID=5aa76650cb7d5c910a154c608dd09eb1 
Importing 'GUID: 936bea4b2545c4a4fad2e623b0f6371f - Path: Packages/com.unity.ugui/Tests/Editor' with importer (DefaultImporter)
Imported 'GUID: 936bea4b2545c4a4fad2e623b0f6371f' -> (Import Result ID: '486491fcb0ba74336d1bf76fcc02b685') in 0.001 seconds [static dependencies only]. Details - ImportResultOutputID=5e2f9f05513aba926879e97ca8e205cd DependenciesID=8f99883bce6b6fd0ffe65519cc1bb154 StaticDependenciesID=a42b50904223cea4eaa7035b6f2aaf65 
Importing 'GUID: b30653cbd8ce04e17b1668abb2eaf2c2 - Path: Packages/com.unity.xr.arcore/Assets/Shaders' with importer (DefaultImporter)
Imported 'GUID: b30653cbd8ce04e17b1668abb2eaf2c2' -> (Import Result ID: 'f99a9c275cc5ac9054de6c07ff16c5cb') in 0.001 seconds [static dependencies only]. Details - ImportResultOutputID=ad0d4cc538f2b6058d329ae68a53b80e DependenciesID=561db9a641e019e6f50e5a5f05234d2e StaticDependenciesID=12f63046f1391568cc06658999ce5377 
Importing 'GUID: e349610bc4b1546dd94c6dab37414d2b - Path: Packages/com.unity.inputsystem/Tests/TestFixture' with importer (DefaultImporter)
Imported 'GUID: e349610bc4b1546dd94c6dab37414d2b' -> (Import Result ID: '85eb22cc830e17d2186d04af01717d8c') in 0.001 seconds [static dependencies only]. Details - ImportResultOutputID=1ef476bf6df6d2a07d6bc89a49a357f7 DependenciesID=6263c3c36f7703aeaa84ce2a49842749 StaticDependenciesID=2fb1a53f6738b67a8b891315390b052d 
Importing 'GUID: 34cb3d9cb3dcf2c479d9c2034853c49e - Path: Packages/com.unity.xr.arfoundation/Runtime/Simulation' with importer (DefaultImporter)
Imported 'GUID: 34cb3d9cb3dcf2c479d9c2034853c49e' -> (Import Result ID: 'dc741e7939e1e7c34c0f8787036feaec') in 0.001 seconds [static dependencies only]. Details - ImportResultOutputID=4b27424503dcd02c8921fc69d9b4afba DependenciesID=58d024c4da519fb1efc3f3d9cc6aa08a StaticDependenciesID=db036226d077a1067198cce90b1e27ab 
Importing 'GUID: 945a8afcad9bd2440b2071e1bf752712 - Path: Packages/com.unity.xr.arcore/Runtime/Android' with importer (DefaultImporter)
Imported 'GUID: 945a8afcad9bd2440b2071e1bf752712' -> (Import Result ID: 'bf7e2aa6c47404119debd7ccd4118b32') in 0.001 seconds [static dependencies only]. Details - ImportResultOutputID=48f82c95d64dbc58907ddd8d74aca93c DependenciesID=af1d887997cd3ac9f18482b266a99578 StaticDependenciesID=67e74d72582e1377ec24ebf1d72128c0 
Importing 'GUID: 05bccdb13ab63410bb91245419b1b4e8 - Path: Packages/com.unity.xr.management/Tests/Runtime' with importer (DefaultImporter)
Imported 'GUID: 05bccdb13ab63410bb91245419b1b4e8' -> (Import Result ID: 'a67b4c711507c5a0924339227a2533bc') in 0.001 seconds [static dependencies only]. Details - ImportResultOutputID=72aef0af5a2acac9a6dde7df55802e28 DependenciesID=16f51fdd27cc9ce37df4a63718629266 StaticDependenciesID=87fcd79a97e5cd56672983b4a00bb009 
Importing 'GUID: 4598ea5d00316445abd4ab7d202861fd - Path: Packages/com.unity.mathematics/Tests/Editor' with importer (DefaultImporter)
Imported 'GUID: 4598ea5d00316445abd4ab7d202861fd' -> (Import Result ID: '348be4790e3691ac532980f974fb123a') in 0.001 seconds [static dependencies only]. Details - ImportResultOutputID=a80ddb4917c8b2ddddd41e57b7dda139 DependenciesID=0314cb739a8cb3295428c9ed789c6481 StaticDependenciesID=7039f1caa8321654ca7887e08f4c276c 
Importing 'GUID: 554908fd6237944259cc7f3868a820ff - Path: Packages/com.unity.xr.arfoundation/Tests/Runtime' with importer (DefaultImporter)
Imported 'GUID: 554908fd6237944259cc7f3868a820ff' -> (Import Result ID: 'f2445aff3b39d273159bd1ec0fab9669') in 0.001 seconds [static dependencies only]. Details - ImportResultOutputID=65e1afa52e9fc17a9bda9de121b11d37 DependenciesID=aaa480ea6616bb91b925d24c05e77368 StaticDependenciesID=9ad3c16c81554caa7678f006a1e15af0 
Importing 'GUID: 75ce2a23e6b90bf47b6440fc6b0805ca - Path: Packages/com.unity.xr.arcore/Runtime/Input' with importer (DefaultImporter)
Imported 'GUID: 75ce2a23e6b90bf47b6440fc6b0805ca' -> (Import Result ID: 'bc82233c549db518818dbf4b02f23e10') in 0.001 seconds [static dependencies only]. Details - ImportResultOutputID=d919dd975f80064ddf4162992cf05ee2 DependenciesID=6be1568d926a0d898f0d7b26c0d75c88 StaticDependenciesID=3c3818bf07a7f3cb10e6445a3691fe51 
Importing 'GUID: 8533e922e0177449da62244d62b53da1 - Path: Packages/com.unity.xr.core-utils/Tests/Editor' with importer (DefaultImporter)
Imported 'GUID: 8533e922e0177449da62244d62b53da1' -> (Import Result ID: 'ff7678f51ce6a2a649f3a5a4d2e2ad2c') in 0.001 seconds [static dependencies only]. Details - ImportResultOutputID=21e8b35f33514be309c686b8cab7c4e4 DependenciesID=a4c28163a6d7e0ab4bb5d77800820727 StaticDependenciesID=1e61414edb51247bce8b14e0a6204d4e 
Importing 'GUID: 857f018a2ed885449804cf82b4fec116 - Path: Packages/com.unity.inputsystem/Tests/IntegrationTests' with importer (DefaultImporter)
Imported 'GUID: 857f018a2ed885449804cf82b4fec116' -> (Import Result ID: '65f84e781bbbe12e888c211a7241d5fa') in 0.001 seconds [static dependencies only]. Details - ImportResultOutputID=3092b58e309fa731f45b89ecf547daa0 DependenciesID=1c207e3f26dc811d37470f3a1ba7898d StaticDependenciesID=9df80c5272558e86c8ce5bf0bffa2522 
Importing 'GUID: c545241cf2e56ec4997d7677f01ef43d - Path: Packages/com.unity.ugui/Tests/Runtime' with importer (DefaultImporter)
Imported 'GUID: c545241cf2e56ec4997d7677f01ef43d' -> (Import Result ID: '6a889a8ebadd1d1bf8f5d6b1b524c512') in 0.001 seconds [static dependencies only]. Details - ImportResultOutputID=b49dc4bddfefa834d76a8f1255a3c59e DependenciesID=9d5b0ed881b9bacb25cd05e7a471479b StaticDependenciesID=30dfe8bd27135fa7f5878ecdcbfb3237 
Importing 'GUID: c52726d811a9f66459355df6b0c3977b - Path: Packages/com.unity.ugui/Editor/Analytics' with importer (DefaultImporter)
Imported 'GUID: c52726d811a9f66459355df6b0c3977b' -> (Import Result ID: '19310e2e377ef8d11d75bfef3780e200') in 0.001 seconds [static dependencies only]. Details - ImportResultOutputID=ca7654a605c7595a3cdce6fde48bc1a5 DependenciesID=d872071f5c6951352ab64c363957029d StaticDependenciesID=f462490dc6592ce0a35842bd4ce49f35 
Importing 'GUID: 06a14d7acc22b497697bfd677b91b9de - Path: Packages/com.unity.xr.arcore/Tests/Runtime' with importer (DefaultImporter)
Imported 'GUID: 06a14d7acc22b497697bfd677b91b9de' -> (Import Result ID: '9347deaf855d68528618cfb69fe0b588') in 0.001 seconds [static dependencies only]. Details - ImportResultOutputID=3e0f4ae276feea2d5173d358c2ff2645 DependenciesID=18acee9e136c18a37ee873d589f3e00c StaticDependenciesID=91910c3764f553e2d2af023531e21506 
Importing 'GUID: 3642aed4b4ade4a759cfa78a5a493012 - Path: Packages/com.unity.xr.management/Tests/Editor' with importer (DefaultImporter)
Imported 'GUID: 3642aed4b4ade4a759cfa78a5a493012' -> (Import Result ID: 'a76720a621b13026613556ab04c99dc9') in 0.001 seconds [static dependencies only]. Details - ImportResultOutputID=38f1d591c09840972c9ebafb5bafa4ea DependenciesID=bd4b2c514a08bb426107f1de62c4e152 StaticDependenciesID=6559e4ecf965f3f1b322d2a6bfbcea00 
Importing 'GUID: 366b943182f744abca717ffdf2049625 - Path: Packages/com.unity.xr.arfoundation/Editor/Icons' with importer (DefaultImporter)
Imported 'GUID: 366b943182f744abca717ffdf2049625' -> (Import Result ID: '1ef19aa0bd1b64e22cf4d599cfeedf16') in 0.001 seconds [static dependencies only]. Details - ImportResultOutputID=3f491f2adf0381adc52f1f2098a1f616 DependenciesID=26d209063e2219ed5f73a8f5088e595b StaticDependenciesID=f4aed3315e40f1183ccba90199f6eade 
Importing 'GUID: a6b025db892bd1c45836749411bbb6f2 - Path: Packages/com.unity.xr.management/Tests/TestTooling' with importer (DefaultImporter)
Imported 'GUID: a6b025db892bd1c45836749411bbb6f2' -> (Import Result ID: 'ffd0a10a203cf94e30e94b77436c36ce') in 0.001 seconds [static dependencies only]. Details - ImportResultOutputID=877b1b17e9e8fe9ff86783f8240383d4 DependenciesID=0dadedcf5714802cfd394a3e07364464 StaticDependenciesID=c6328bae4adc3008dab37e8dfc8d462c 
Importing 'GUID: 278b6073a5bdd4362acd72ca43ff9e0d - Path: Packages/com.unity.ugui/Editor/UGUI' with importer (DefaultImporter)
Imported 'GUID: 278b6073a5bdd4362acd72ca43ff9e0d' -> (Import Result ID: '78a4e600c7d8999258a7661c55f414b6') in 0.001 seconds [static dependencies only]. Details - ImportResultOutputID=0c0b7f407af1c8ddce990e89762eb9d5 DependenciesID=e200aedbe10f6fb017044d65590e6795 StaticDependenciesID=73f68cd242529858ce463dd414355b54 
Importing 'GUID: 27bec097e71be44ce8249bbdb7674329 - Path: Packages/com.unity.xr.arfoundation/Runtime/VisualScripting' with importer (DefaultImporter)
Imported 'GUID: 27bec097e71be44ce8249bbdb7674329' -> (Import Result ID: 'f3d39f96a0617fcde32b9e1aea994094') in 0.001 seconds [static dependencies only]. Details - ImportResultOutputID=98c206e4c7eebb444648c1c6c4975b57 DependenciesID=574d376444384797553ecf2ccac54c7b StaticDependenciesID=f27f916a881a5d2d8446287d468b99f9 
Importing 'GUID: 673fc24707a94c16b0680813a80b298a - Path: Packages/com.unity.xr.core-utils/Runtime/Bindings' with importer (DefaultImporter)
Imported 'GUID: 673fc24707a94c16b0680813a80b298a' -> (Import Result ID: '81cfe0eb2f7412caa38191155ad5c132') in 0.001 seconds [static dependencies only]. Details - ImportResultOutputID=537a6cf5abed16ae113a6db59b575ca8 DependenciesID=06b200b536066caf913bdf80f169d1de StaticDependenciesID=17599477a0baf860a6f7bbb26b8dd127 
Importing 'GUID: a78f9ebc81dd33745a312d08443d3e3d - Path: Packages/com.unity.xr.arfoundation/Editor/Simulation' with importer (DefaultImporter)
Imported 'GUID: a78f9ebc81dd33745a312d08443d3e3d' -> (Import Result ID: '19f96f32e992d49a5cd7c5f3349035e8') in 0.000 seconds [static dependencies only]. Details - ImportResultOutputID=723a2d13abc6f6fb25b519714700c131 DependenciesID=4d3b0d20189a15bd08588f9c0209a54c StaticDependenciesID=ff9334622ed28ea28aa6f4ab3ad1b60c 
Importing 'GUID: 18e3893cc7046405989ab5bf882b5b71 - Path: Packages/com.unity.xr.arcore/Editor/ProjectValidation' with importer (DefaultImporter)
Imported 'GUID: 18e3893cc7046405989ab5bf882b5b71' -> (Import Result ID: '9fd2031a9f8ba6a14bc1f59b174fb3ba') in 0.001 seconds [static dependencies only]. Details - ImportResultOutputID=77d3abb2d663fbf85db55046d7857940 DependenciesID=40e32d106a16fbc4fb8b4a5c52ede795 StaticDependenciesID=1b357ccaeef5c79c3d97b87abfee4916 
Importing 'GUID: 1817d28a5343b4ec19b4ec7903730e2c - Path: Packages/com.unity.ugui/Runtime/UGUI' with importer (DefaultImporter)
Imported 'GUID: 1817d28a5343b4ec19b4ec7903730e2c' -> (Import Result ID: 'cc764e91961d19610fd58928ffc4de2f') in 0.001 seconds [static dependencies only]. Details - ImportResultOutputID=2242d9e8581fb186ee13246710700a0e DependenciesID=e6e212427c798649af377cde95efcd0d StaticDependenciesID=362d97d531b0dfffeddfb1760220dccc 
Importing 'GUID: a8243967ad5b0450c80aabd1750137e2 - Path: Packages/com.unity.xr.arcore/Tests/Editor' with importer (DefaultImporter)
Imported 'GUID: a8243967ad5b0450c80aabd1750137e2' -> (Import Result ID: '99319c4a3b10f1ec3caa11f060b55964') in 0.001 seconds [static dependencies only]. Details - ImportResultOutputID=eceffe2d83087df0ed78892a31a2dac9 DependenciesID=1d04ea689e324a470488c5d6ee6906a7 StaticDependenciesID=96322a7536d6f941a1164a2693bc930a 
Importing 'GUID: a84ad26cbb9204f9ba5d0c712459775f - Path: Packages/com.unity.xr.arfoundation/Editor/ARFoundation' with importer (DefaultImporter)
Imported 'GUID: a84ad26cbb9204f9ba5d0c712459775f' -> (Import Result ID: '865cea0c8df9fb0c87246f79c40bc4f4') in 0.001 seconds [static dependencies only]. Details - ImportResultOutputID=d220f89dccdfc31ac56b759fa54745db DependenciesID=b334ec8c319a532d509811adb31e46f7 StaticDependenciesID=3b22412e24780b086e2fff81ec4191c5 
Importing 'GUID: b87a7e5c753cb443fb61bc39f76430ae - Path: Packages/com.google.xr.cardboard/Runtime/Android' with importer (DefaultImporter)
Imported 'GUID: b87a7e5c753cb443fb61bc39f76430ae' -> (Import Result ID: 'd3f0206fda5c8693785d7365ef1e0171') in 0.001 seconds [static dependencies only]. Details - ImportResultOutputID=1f9542e177b8bba7607086f34f0f3be5 DependenciesID=2c67000d2ce7bc4f69ddfe26684c9969 StaticDependenciesID=98ca9c2a0f96087a8119cd55c39545d3 
Importing 'GUID: d849a297add04720b454eb5b398a201c - Path: Packages/com.unity.xr.arfoundation/Runtime/ARSubsystems' with importer (DefaultImporter)
Imported 'GUID: d849a297add04720b454eb5b398a201c' -> (Import Result ID: '9f6842d7f24535b6a0292980753ad863') in 0.001 seconds [static dependencies only]. Details - ImportResultOutputID=4e694cb4bfb634b235f4e0f24faf6d71 DependenciesID=8869637e4d15d6af9d1421ef20dbe0e7 StaticDependenciesID=b53625f25588701d8393a48f19945e53 
Importing 'GUID: f8e6a2d47aba4c6c9b3c5a72d9f48da5 - Path: Packages/com.unity.ugui/Editor Resources/Textures' with importer (DefaultImporter)
Imported 'GUID: f8e6a2d47aba4c6c9b3c5a72d9f48da5' -> (Import Result ID: '1875a6474b71f6012836d4d48ade4fcc') in 0.001 seconds [static dependencies only]. Details - ImportResultOutputID=f88c4563ff7662206400513842bd9f9d DependenciesID=58043838a058422eff9e3a6134f60200 StaticDependenciesID=7acc30137901a4bcc76947650281f9a0 
Importing 'GUID: 3985d44688bb0d44696a49e9c1f77074 - Path: Packages/com.unity.xr.core-utils/Runtime/CapabilityProfile' with importer (DefaultImporter)
Imported 'GUID: 3985d44688bb0d44696a49e9c1f77074' -> (Import Result ID: '2b748d9c0f48c90fed784db1c1e215c6') in 0.001 seconds [static dependencies only]. Details - ImportResultOutputID=863abce6ef2377d58531c35656b1bb17 DependenciesID=06823f8515825bb44c7d8d9d48653b2c StaticDependenciesID=11f267596779d798b921d761a33fd7ec 
Importing 'GUID: 9929f402f52107c41b499ab15a75c8b2 - Path: Packages/com.unity.xr.arfoundation/Editor/InternalUtils' with importer (DefaultImporter)
Imported 'GUID: 9929f402f52107c41b499ab15a75c8b2' -> (Import Result ID: '8a7531820ec8d248b2eb7b964ca7a986') in 0.001 seconds [static dependencies only]. Details - ImportResultOutputID=b1d5c709ec2929e29e2a05df0ecddcd5 DependenciesID=de39e84013b9a93e48928540fb0ea8c8 StaticDependenciesID=24520458237a0ddc1ce0462c26bd741c 
Importing 'GUID: b9305ba4c18ed014ca21b12059ff734a - Path: Packages/com.unity.xr.legacyinputhelpers/Editor/SeedXRInputBindings' with importer (DefaultImporter)
Imported 'GUID: b9305ba4c18ed014ca21b12059ff734a' -> (Import Result ID: '96be60a174dc1329a9f1f90489b1c7cd') in 0.001 seconds [static dependencies only]. Details - ImportResultOutputID=d0048d60e46e5bbb7b278211013b8dab DependenciesID=113afe10ac7de01dcb0a8d31e18e68e2 StaticDependenciesID=84ab7d5d953f1690666d8b05cd2fb3f7 
Importing 'GUID: e96b3142cde73414a8bb286718cacebd - Path: Packages/com.unity.xr.management/Editor/Metadata' with importer (DefaultImporter)
Imported 'GUID: e96b3142cde73414a8bb286718cacebd' -> (Import Result ID: 'f6da5bd21cd07ebc651f05529e641366') in 0.001 seconds [static dependencies only]. Details - ImportResultOutputID=ae0500d0a2cdfa0fdb67f4b59ecf8606 DependenciesID=4c94b092bc80aefe2865aca62da899ce StaticDependenciesID=7d33527851d17e965b3f1905ed7062f5 
Importing 'GUID: e93ec7eb6de342aabd156833e253f838 - Path: Packages/com.unity.ugui/Editor Resources/Gizmos' with importer (DefaultImporter)
Imported 'GUID: e93ec7eb6de342aabd156833e253f838' -> (Import Result ID: 'fc4ec806e0f074d4f620a56c0919b3c0') in 0.001 seconds [static dependencies only]. Details - ImportResultOutputID=ae5f0ef54f94d1b6c546fb129c32be52 DependenciesID=6c236f7df37341637028eabfc03a5200 StaticDependenciesID=7c79b5bb8120bed1160335beb17c6781 
Importing 'GUID: 3a26a2d0f5d07468f91f2924e89f9125 - Path: Packages/com.google.xr.cardboard/Runtime/Prefabs' with importer (DefaultImporter)
Imported 'GUID: 3a26a2d0f5d07468f91f2924e89f9125' -> (Import Result ID: '7e778b35efd9d0e05eef103a314bc45e') in 0.001 seconds [static dependencies only]. Details - ImportResultOutputID=f960bbe1ba97c33f5926939ef75fb540 DependenciesID=16097eee0ae9a358aa3d9921b9dfd664 StaticDependenciesID=e1c6cc15f5c087182d9fc917f9087c1c 
Importing 'GUID: 7ab74fff4fadf1841820ded42d6ecd4c - Path: Packages/com.unity.xr.management/Editor/AndroidManifest' with importer (DefaultImporter)
Imported 'GUID: 7ab74fff4fadf1841820ded42d6ecd4c' -> (Import Result ID: '629482f20830462459182c47e9303877') in 0.001 seconds [static dependencies only]. Details - ImportResultOutputID=f562547d1ad9a84df84ab9747e4f9629 DependenciesID=1788c1e9b705640f7d10e7032fedce36 StaticDependenciesID=29b44f7db09c1f023c62b6fb27ebe51f 
Importing 'GUID: 7a4a436f8d8c5c341958531231759e0d - Path: Packages/com.unity.xr.legacyinputhelpers/Tests/Editor' with importer (DefaultImporter)
Imported 'GUID: 7a4a436f8d8c5c341958531231759e0d' -> (Import Result ID: '5281fd28abb4669c50c259001bf98d80') in 0.001 seconds [static dependencies only]. Details - ImportResultOutputID=233dc9e4f4415c5ff1c968dd1ee42a25 DependenciesID=5dc791e77605f04a0de46a4fcac36b1f StaticDependenciesID=772a293fb6cba848abd80a8c412eb1ba 
Importing 'GUID: 9ad0ffaab255f4cfab1994be2e2ebc68 - Path: Packages/com.unity.xr.arfoundation/Tests/Editor' with importer (DefaultImporter)
Imported 'GUID: 9ad0ffaab255f4cfab1994be2e2ebc68' -> (Import Result ID: 'fb4b69e5faedbc43c15a7bde80679f06') in 0.001 seconds [static dependencies only]. Details - ImportResultOutputID=99e720eaf9bd2849c85454c032638d23 DependenciesID=8a3615c4491eb21f52d7553adf1b768c StaticDependenciesID=b6df4954b9af17549b18cadcabf479b8 
Importing 'GUID: bab3a29ab4f214742a44add41efffb7d - Path: Packages/com.unity.ugui/Runtime/InternalBridge' with importer (DefaultImporter)
Imported 'GUID: bab3a29ab4f214742a44add41efffb7d' -> (Import Result ID: '1e01c0f04ea29a3de8af7e1630137b0d') in 0.001 seconds [static dependencies only]. Details - ImportResultOutputID=82f819036902970c4bf2dacc5a54981e DependenciesID=bce7273942bc608bee79a3d298b9025c StaticDependenciesID=7e8ec80b443fad6f8eaf557de28f50ea 
Importing 'GUID: dad8cc712738148529d2e07d00e2eb35 - Path: Packages/com.unity.xr.core-utils/Tests/Runtime' with importer (DefaultImporter)
Imported 'GUID: dad8cc712738148529d2e07d00e2eb35' -> (Import Result ID: 'dca8709ebe3516afbaaaf7faee1448c2') in 0.001 seconds [static dependencies only]. Details - ImportResultOutputID=d5f627f578c61377bf9644b6ba4e03bf DependenciesID=2c4536d738cde91329db2dab3470c482 StaticDependenciesID=361970dc767b8f6ff4ec2ce1ca814470 
Importing 'GUID: 0b7bda0ba8124480691d0d615a642b91 - Path: Packages/com.unity.inputsystem/InputSystem/Editor' with importer (DefaultImporter)
Imported 'GUID: 0b7bda0ba8124480691d0d615a642b91' -> (Import Result ID: '2ae8da896e1214381f6fc48e1a028cdc') in 0.000 seconds [static dependencies only]. Details - ImportResultOutputID=049bc207ba002d8198f07cfbf4d60916 DependenciesID=6bf1e2d545c3f6c5651f1ec56e412a05 StaticDependenciesID=96964c83f7b6e7b702d06cca9307c5df 
Importing 'GUID: ab0755e91999f4e958a1a2fe02cba4cf - Path: Packages/com.unity.xr.arfoundation/Editor/ARAnalytics' with importer (DefaultImporter)
Imported 'GUID: ab0755e91999f4e958a1a2fe02cba4cf' -> (Import Result ID: '7ae130ded4462a6e9d40d8e26c92cb23') in 0.001 seconds [static dependencies only]. Details - ImportResultOutputID=060438d8fd5fed906d0673fc2c9434bb DependenciesID=5530effe530ef294875a5f70a4eb9fb3 StaticDependenciesID=9917a3eb7a03f14d2e53dfabb54411d9 
Importing 'GUID: cbc30bf63003b4dce8b6afa791da1814 - Path: Packages/com.unity.xr.arfoundation/Runtime/InternalUtils' with importer (DefaultImporter)
Imported 'GUID: cbc30bf63003b4dce8b6afa791da1814' -> (Import Result ID: '99e9edcf68749d6493852fc4cacd3acb') in 0.001 seconds [static dependencies only]. Details - ImportResultOutputID=c80e0e4d1b5e78e711329ae8bba5baeb DependenciesID=d0bfc35f5b2ff25da9657ff6204af63a StaticDependenciesID=c7f407ae88e381e604a05696ce420b81 
Importing 'GUID: cb856548625364b7aa4184e2958a44b8 - Path: Packages/com.unity.xr.arfoundation/Assets/InputActions' with importer (DefaultImporter)
Imported 'GUID: cb856548625364b7aa4184e2958a44b8' -> (Import Result ID: '96f73e8bed4be677c39ce56c599cd3b1') in 0.001 seconds [static dependencies only]. Details - ImportResultOutputID=7b93c4b5afce8e0d9c18ee9763a102c2 DependenciesID=1af9986b2bd6c121a5d11236a0a552d7 StaticDependenciesID=9f73e82fcefd736bace46d9abd4338b2 
Importing 'GUID: cb6ca502118ba4fdd84c117bdb8447ad - Path: Packages/com.unity.xr.arfoundation/Assets/Textures' with importer (DefaultImporter)
Imported 'GUID: cb6ca502118ba4fdd84c117bdb8447ad' -> (Import Result ID: 'a6c1735073d869472855f5255b904598') in 0.001 seconds [static dependencies only]. Details - ImportResultOutputID=f8c167d9b40c5563acc8a510298fd1c1 DependenciesID=5869090245b1cd774c056a06c71f0aee StaticDependenciesID=5f2b4242ecec86bb12d146969e9deea8 
Importing 'GUID: 0c5b615422acd45049de003ce7134437 - Path: Packages/com.unity.inputsystem/InputSystem/Actions' with importer (DefaultImporter)
Imported 'GUID: 0c5b615422acd45049de003ce7134437' -> (Import Result ID: 'f610d0603bc2f647f00be6215d3c0dfa') in 0.001 seconds [static dependencies only]. Details - ImportResultOutputID=deef9434811a78d00480af6d80375f52 DependenciesID=923bd3cc4d60a2fe8b0c9f5b3cd86e23 StaticDependenciesID=eac3793f1c698d3e274cd8946c32a2ce 
Importing 'GUID: 6c0033d55de8fca468f3e4fb9a2a0858 - Path: Packages/com.unity.xr.core-utils/Editor/CapabilityProfile' with importer (DefaultImporter)
Imported 'GUID: 6c0033d55de8fca468f3e4fb9a2a0858' -> (Import Result ID: 'bb3be5692c36628d97829e3ad5ba2f9c') in 0.001 seconds [static dependencies only]. Details - ImportResultOutputID=0b25304881bba2d08fb6a5ef07a99ba6 DependenciesID=9b3a38305af2dff1fb60815a048b2118 StaticDependenciesID=b6bd9e9daac29328009ccb6f6401eece 
Importing 'GUID: 7c10d3b41bac78a469f53bbd88046bdb - Path: Packages/com.unity.xr.management/Tests/StandaloneSubsystem' with importer (DefaultImporter)
Imported 'GUID: 7c10d3b41bac78a469f53bbd88046bdb' -> (Import Result ID: 'b6ac6512142ea67e7d9ec75f3f9615ea') in 0.001 seconds [static dependencies only]. Details - ImportResultOutputID=5d9fd7f7516804c8c706febaf1294ff0 DependenciesID=4156b98cbf2fa23ecb56a78cdc4db427 StaticDependenciesID=6243b7a8bdfdf54a72728702f069b514 
Importing 'GUID: 7c691f0ea17c03e47ac0c3d4c7125748 - Path: Packages/com.unity.xr.legacyinputhelpers/Runtime/TrackedPoseDriver' with importer (DefaultImporter)
Imported 'GUID: 7c691f0ea17c03e47ac0c3d4c7125748' -> (Import Result ID: '8afd5c111f4bdb5a006359e894cf7ece') in 0.001 seconds [static dependencies only]. Details - ImportResultOutputID=6665c599b0c37a0c7ec68bcf15037660 DependenciesID=133cab5710ba905a0f46e8055cc3a92e StaticDependenciesID=1fecdf281ff991cc00b0159e957a060e 
Importing 'GUID: 0d75a16052104bedb2fb2229e5e520aa - Path: Packages/com.unity.xr.arcore/Runtime/Utils' with importer (DefaultImporter)
Imported 'GUID: 0d75a16052104bedb2fb2229e5e520aa' -> (Import Result ID: '6cabc2606af36cd1cf92b5f926bb9b82') in 0.001 seconds [static dependencies only]. Details - ImportResultOutputID=0cea1da6dab96d3e31fbf18a45616d4b DependenciesID=b1a5a9c72658d1e2817cd478c48f306f StaticDependenciesID=cb6d604bd2bd335ae44226b1c322f5a6 
Importing 'GUID: 2da27f5fe80a3a549ac7331d9f52f5f0 - Path: Packages/com.unity.ugui/Editor Resources/Shaders' with importer (DefaultImporter)
Imported 'GUID: 2da27f5fe80a3a549ac7331d9f52f5f0' -> (Import Result ID: '94c81cb9217b6effd0b0ae1ac192a73e') in 0.001 seconds [static dependencies only]. Details - ImportResultOutputID=37a17ead154b74d4f8ead15f52efe66c DependenciesID=7e7183a231840b4a00078c592255dd1e StaticDependenciesID=afbed0dccfb5932643da0f09c951a74a 
Importing 'GUID: 3d6b5ad3915104da58aa307b011077af - Path: Packages/com.google.xr.cardboard/Resources/Cardboard' with importer (DefaultImporter)
Imported 'GUID: 3d6b5ad3915104da58aa307b011077af' -> (Import Result ID: '6bb1c08a0f7e58008ba39917394f723a') in 0.001 seconds [static dependencies only]. Details - ImportResultOutputID=6e9733f54423d2e4f50a1896f97f2e71 DependenciesID=2dce600e20724c3e873b3205a794667f StaticDependenciesID=e3974fec993a4a131894ecc426d123ce 
Importing 'GUID: 4d449e9c40fa7439d89b63d0b37ee141 - Path: Packages/com.unity.xr.core-utils/Runtime/Attributes' with importer (DefaultImporter)
Imported 'GUID: 4d449e9c40fa7439d89b63d0b37ee141' -> (Import Result ID: 'e83090298e773387138bc7d05f4cfbf9') in 0.001 seconds [static dependencies only]. Details - ImportResultOutputID=a31aea6b865007ffe6150a7a4fa7907a DependenciesID=99d8e24a38884bd02518c3256801a64c StaticDependenciesID=d22df929bb4bbe405cf7756d76289249 
Importing 'GUID: cd9af5c8c3b9a4fc3bcc32a8d47f54fb - Path: Packages/com.google.xr.cardboard/Runtime/Shaders' with importer (DefaultImporter)
Imported 'GUID: cd9af5c8c3b9a4fc3bcc32a8d47f54fb' -> (Import Result ID: '9b4c0abe1afc81ef3827d5758a62df37') in 0.000 seconds [static dependencies only]. Details - ImportResultOutputID=bd3d4b2b1180df9d06eb6d3fdc61d515 DependenciesID=87d4b02ebe9d8b9021bba2e21504e87f StaticDependenciesID=59a474f78ea01196783330c9dcafd720 
Importing 'GUID: 3e7a0244bf059440aba50af421abbf3d - Path: Packages/com.google.xr.cardboard/Runtime/Materials' with importer (DefaultImporter)
Imported 'GUID: 3e7a0244bf059440aba50af421abbf3d' -> (Import Result ID: '079a8bfe8357ac04dff582596ae9c15a') in 0.000 seconds [static dependencies only]. Details - ImportResultOutputID=2d01f53f4e310f867cc6924cc4127264 DependenciesID=f7f2fb39460cb05774212d75bcf51a3c StaticDependenciesID=15d80cfa7f86562e0c1b2096c44e0d5c 
Importing 'GUID: 6ea1dd653921f44908a72e58ecbcaddb - Path: Packages/com.unity.xr.arfoundation/Assets/Prefabs' with importer (DefaultImporter)
Imported 'GUID: 6ea1dd653921f44908a72e58ecbcaddb' -> (Import Result ID: '375336828a43225cb5fe846a52ccdbe1') in 0.000 seconds [static dependencies only]. Details - ImportResultOutputID=8b6b42a6a6b3e2df4f83365293091f92 DependenciesID=16d9ca265de3b68aab15b3cd9d560b08 StaticDependenciesID=51fbd68bbbb4150c2784749f11b9e2bb 
Importing 'GUID: 6eb6dad3a10d34f428dc7939ecab6d53 - Path: Packages/com.unity.xr.arfoundation/Editor/VisualScripting' with importer (DefaultImporter)
Imported 'GUID: 6eb6dad3a10d34f428dc7939ecab6d53' -> (Import Result ID: '00259034db4535057e10da84600c0dcc') in 0.000 seconds [static dependencies only]. Details - ImportResultOutputID=d8ca8c3d0fbe0596ce2fb454680fb766 DependenciesID=dff9fdcaf22f9ec670688c61c0b1a42b StaticDependenciesID=4b8193823f0c234a37d6f5203edfc81e 
Importing 'GUID: ce5bf91f8c88a4c8d8361dc65f7e733c - Path: Packages/com.unity.xr.arcore/Runtime/PointCloud' with importer (DefaultImporter)
Imported 'GUID: ce5bf91f8c88a4c8d8361dc65f7e733c' -> (Import Result ID: '7ec54e1189fc20fa3435cf599f750502') in 0.001 seconds [static dependencies only]. Details - ImportResultOutputID=8ef0143b65099c59a2849dc4c2af5eca DependenciesID=c6035d3fe0fa26ef96f76629ee1ab8c3 StaticDependenciesID=418b664183837bdd078055bb699d09df 
Importing 'GUID: de630d32a5256c747a7c22715ff7e160 - Path: Packages/com.unity.xr.core-utils/Editor/Analytics' with importer (DefaultImporter)
Imported 'GUID: de630d32a5256c747a7c22715ff7e160' -> (Import Result ID: '066dd7607f8ce1014260248c9ea17ddc') in 0.001 seconds [static dependencies only]. Details - ImportResultOutputID=4cfe0c30d924c5a64da0a7acfca8d8ae DependenciesID=22b816fd9472de5503561c4c154764b2 StaticDependenciesID=ea32d73306ddacab9627cea789e2ef22 
Importing 'GUID: fe5c30c1d5f39024cb890d87f6eea1a6 - Path: Packages/com.unity.xr.legacyinputhelpers/Editor/TrackedPoseDriver' with importer (DefaultImporter)
Imported 'GUID: fe5c30c1d5f39024cb890d87f6eea1a6' -> (Import Result ID: 'f6b5f1f5d1abf3c376cf798f54efcf39') in 0.001 seconds [static dependencies only]. Details - ImportResultOutputID=87e8ada95085c6f140985e48acf0b42c DependenciesID=58ad9717064dd40df9fa05a4709444ea StaticDependenciesID=8e2929e7b003678b3b09413946ad8f20 
Importing 'GUID: 3ff8e099033239542a4d9e3d3b4d21ab - Path: Packages/com.unity.xr.management/Tests/TestPackage' with importer (DefaultImporter)
Imported 'GUID: 3ff8e099033239542a4d9e3d3b4d21ab' -> (Import Result ID: 'c917aa85233298b275281e3c249703c8') in 0.001 seconds [static dependencies only]. Details - ImportResultOutputID=184464e3777ff6c234ca884a8a9bf397 DependenciesID=3cf45f1a86437af6b5dc3dac878d9ff4 StaticDependenciesID=501f300c5c37f9e081d57f55b1decea5 
Importing 'GUID: 7f3098a431eba6a4abbb32c7e344d73b - Path: Packages/com.unity.xr.legacyinputhelpers/Runtime/ArmModels' with importer (DefaultImporter)
Imported 'GUID: 7f3098a431eba6a4abbb32c7e344d73b' -> (Import Result ID: 'd98bc39efe807c0ef6928675d5ee4dc9') in 0.001 seconds [static dependencies only]. Details - ImportResultOutputID=fa73086c9710ea0253a5ada2aceb2f3d DependenciesID=94b814428872c5dfd864272319d5513e StaticDependenciesID=088f323e08b3a364f715626b502b1d65 
Importing 'GUID: bf131654a9d657a408f7db40058a8720 - Path: Packages/com.unity.xr.core-utils/Editor/BuildingBlocks' with importer (DefaultImporter)
Imported 'GUID: bf131654a9d657a408f7db40058a8720' -> (Import Result ID: 'a7a35417d643981c7d8a7070972466af') in 0.001 seconds [static dependencies only]. Details - ImportResultOutputID=e0615e9706d75f2f947fd46868c5793c DependenciesID=8f894fbb57024cc4cebb3dac938d3314 StaticDependenciesID=96ecd213881d4a27222b90d59c18178d 
Importing 'GUID: cf05dd09a1b364579808ce97486a3a56 - Path: Packages/com.google.xr.cardboard/Runtime/iOS' with importer (DefaultImporter)
Imported 'GUID: cf05dd09a1b364579808ce97486a3a56' -> (Import Result ID: '4d8f5f56d30557694f58de677a6503dd') in 0.001 seconds [static dependencies only]. Details - ImportResultOutputID=b651782e5b9bd12d240fa36dd1330300 DependenciesID=f23c9195d64a3df2f4d715e1f0cecb12 StaticDependenciesID=be1898e75d059eb0faa81e35b43a5912 
Importing 'GUID: ff2e0cd9f58c405bb6e9b217860eebca - Path: Packages/com.unity.xr.core-utils/Editor/Datums' with importer (DefaultImporter)
Imported 'GUID: ff2e0cd9f58c405bb6e9b217860eebca' -> (Import Result ID: 'f5f191b70c910332a326fac11aa1d545') in 0.001 seconds [static dependencies only]. Details - ImportResultOutputID=b6d7b86db3dec840dd1b4675a4a29235 DependenciesID=3993bbe9f2bbe944341663ff5643ef17 StaticDependenciesID=b67bdcf5f098a083ae91649ed583dcf4 
Importing 'GUID: 2069418e852748dbaa154cf71b8f033a - Path: Packages/com.unity.inputsystem/InputSystem/Runtime/Actions' with importer (DefaultImporter)
Imported 'GUID: 2069418e852748dbaa154cf71b8f033a' -> (Import Result ID: '5700bb4c50c52e784106a73aae62d67d') in 0.001 seconds [static dependencies only]. Details - ImportResultOutputID=8225db040f7e622b80c731db7ec903ea DependenciesID=7ae4880b481f8627bdee4a05150e6a2f StaticDependenciesID=511a68f7ebe8d947f91f7fe15a95a1bd 
Importing 'GUID: b01eed8192c9f442b820a7af87ac73f8 - Path: Packages/com.unity.inputsystem/InputSystem/Editor/ControlPicker' with importer (DefaultImporter)
Imported 'GUID: b01eed8192c9f442b820a7af87ac73f8' -> (Import Result ID: 'ac2e709403a4147326734efe78519963') in 0.001 seconds [static dependencies only]. Details - ImportResultOutputID=88a4c624decbd227f03e393f2f53055f DependenciesID=bcc74229b17c07a9f2af4ff74a55e2c5 StaticDependenciesID=90a394f49038be3b05732d81a03844c0 
Importing 'GUID: e0ac772a7ea3141c8beb2d6c4c4c6050 - Path: Packages/com.unity.xr.arfoundation/Runtime/VisualScripting/Units' with importer (DefaultImporter)
Imported 'GUID: e0ac772a7ea3141c8beb2d6c4c4c6050' -> (Import Result ID: '24ffaf0af668efdfe00ebdd362ede20a') in 0.001 seconds [static dependencies only]. Details - ImportResultOutputID=1a7f812ab980bfc426b514b7a744fd05 DependenciesID=75dcf6331a790225bac32946d78ab818 StaticDependenciesID=335269278f8c4fbf65e5ac03b85bf4c0 
Importing 'GUID: f020388ffd8bf4d248011c2eee833b55 - Path: Packages/com.unity.xr.arfoundation/Runtime/ARFoundation/Anchors' with importer (DefaultImporter)
Imported 'GUID: f020388ffd8bf4d248011c2eee833b55' -> (Import Result ID: '29e33316788387bb5c0b431ff53cd45e') in 0.001 seconds [static dependencies only]. Details - ImportResultOutputID=4a348d1f9207fab9e4e183d7bac47870 DependenciesID=3227eeb357df4b0484d71137cfa525f7 StaticDependenciesID=2f4436c916c9b751efad681089a79282 
Importing 'GUID: f09193ef380d4ebf8a1f2abcb9cd8789 - Path: Packages/com.unity.xr.arfoundation/Runtime/ARSubsystems/Images' with importer (DefaultImporter)
Imported 'GUID: f09193ef380d4ebf8a1f2abcb9cd8789' -> (Import Result ID: '156abfcf99559de01556a35f311b0542') in 0.001 seconds [static dependencies only]. Details - ImportResultOutputID=5a02368fc74af9e7a20228c9ba823d41 DependenciesID=015c42e26e707369d2802d68c5dea5a9 StaticDependenciesID=a2f603e57afd3fd7600f2b37fcd981bf 
Importing 'GUID: 0111adb255824ba69ecc8eab9ebbd6e8 - Path: Packages/com.unity.xr.arfoundation/Runtime/ARSubsystems/Markers' with importer (DefaultImporter)
Imported 'GUID: 0111adb255824ba69ecc8eab9ebbd6e8' -> (Import Result ID: 'f3ef860d8a8456ff25a34fd52cb26bee') in 0.001 seconds [static dependencies only]. Details - ImportResultOutputID=1eaf7d447a40a2ea52b84d4ec377e2a2 DependenciesID=1b5fc14b422437ffa513b610c2f6d87a StaticDependenciesID=998465e3c8477e657c8eea282ef78ca8 
Importing 'GUID: 3103627535e89f24bba53cdf46fd3c03 - Path: Packages/com.unity.xr.management/Tests/TestPackage/Runtime' with importer (DefaultImporter)
Imported 'GUID: 3103627535e89f24bba53cdf46fd3c03' -> (Import Result ID: '0611b752e896d0a5f0a6b9d47bd47ac0') in 0.001 seconds [static dependencies only]. Details - ImportResultOutputID=2d9a82a038392b3da76b7a4a480b52cb DependenciesID=233f71445c567a12e790b69c08535e17 StaticDependenciesID=af8ab480528998bc4eeccfe23dc7184c 
Importing 'GUID: 51d3d9771c63408fae8d36ace8613815 - Path: Packages/com.unity.xr.arfoundation/Runtime/ARSubsystems/EnvironmentProbes' with importer (DefaultImporter)
Imported 'GUID: 51d3d9771c63408fae8d36ace8613815' -> (Import Result ID: '5ae08baaf4141129b375661f0aaca937') in 0.001 seconds [static dependencies only]. Details - ImportResultOutputID=f2ec62f7300853aebfca760ce0f8f28f DependenciesID=57574789203cb8ab8394b49266e01a76 StaticDependenciesID=28532b6ac29e0c43e7e48bc254d7b125 
Importing 'GUID: 51e828593aae48cdbee6e9ae0ec20e5d - Path: Packages/com.unity.inputsystem/InputSystem/Runtime/Utilities' with importer (DefaultImporter)
Imported 'GUID: 51e828593aae48cdbee6e9ae0ec20e5d' -> (Import Result ID: '59c39befd47865b5f0f7948f2c1a9787') in 0.001 seconds [static dependencies only]. Details - ImportResultOutputID=193eff762fb4f706f55b2693fef6308b DependenciesID=2f0488ae97ec03aca1967e0c689e9385 StaticDependenciesID=d7adcbc6ccddd83b4e6828b54c76f841 
Importing 'GUID: 512b5ce46e6094261b398793e1efd1ff - Path: Packages/com.unity.xr.core-utils/Tests/Runtime/Scripts' with importer (DefaultImporter)
Imported 'GUID: 512b5ce46e6094261b398793e1efd1ff' -> (Import Result ID: '0e18d86be9e152052d94da0c9926b79e') in 0.001 seconds [static dependencies only]. Details - ImportResultOutputID=10fc53de32189313b71b38e0f59b4b5c DependenciesID=02d7e71eaae40239d08bede6be48d03e StaticDependenciesID=a6eb30fa696b7c89d87d62f11e5ea89c 
Importing 'GUID: 914613548ded44a43a59eb9852503f18 - Path: Packages/com.unity.ugui/Tests/Runtime/TMP' with importer (DefaultImporter)
Imported 'GUID: 914613548ded44a43a59eb9852503f18' -> (Import Result ID: 'bde54ce642facce8219f1e37581918f9') in 0.001 seconds [static dependencies only]. Details - ImportResultOutputID=17912888fbb260642c12c578d9419330 DependenciesID=6845671a1a2fc74e9047394ab2503c88 StaticDependenciesID=43db8f13931fd3860f3fe601cd3dcc64 
Importing 'GUID: c1782cb5ceba4109befe9ec9de659aa8 - Path: Packages/com.unity.xr.arfoundation/Runtime/ARSubsystems/Faces' with importer (DefaultImporter)
Imported 'GUID: c1782cb5ceba4109befe9ec9de659aa8' -> (Import Result ID: '12cfffd3446254d624054f07f484d753') in 0.001 seconds [static dependencies only]. Details - ImportResultOutputID=d9d66adbb0c9013bade3ebcf69ca7b97 DependenciesID=01c0b24cc9abfd61e880da7802668032 StaticDependenciesID=636af505f75f26fd57c4c122a5e25651 
Importing 'GUID: c189b798c1d4842fcb189cf619033d39 - Path: Packages/com.unity.inputsystem/InputSystem/Editor/Settings' with importer (DefaultImporter)
Imported 'GUID: c189b798c1d4842fcb189cf619033d39' -> (Import Result ID: '59d091aa346aae9e46824a0158475b51') in 0.001 seconds [static dependencies only]. Details - ImportResultOutputID=093f8c3c3eab83d8af8f4076021c3db1 DependenciesID=3a8fec67ab49ad5a7e55f0bcc013cddb StaticDependenciesID=6e32fa3271a22d6f80eabb94a231f865 
Importing 'GUID: c14e4ff2e791043d98ee84764ad4c794 - Path: Packages/com.unity.xr.arfoundation/Runtime/ARFoundation/Raycasts' with importer (DefaultImporter)
Imported 'GUID: c14e4ff2e791043d98ee84764ad4c794' -> (Import Result ID: '064faeb14543908fb2a7c8b972b000a0') in 0.001 seconds [static dependencies only]. Details - ImportResultOutputID=8e7aebf1d1597712098871671f0b8eee DependenciesID=db3412da623a23d74c31503c0df1b61e StaticDependenciesID=4ff9685e1511fb83879884166a940dd2 
Importing 'GUID: f11a7efe40adf44d385d9121d68a792b - Path: Packages/com.unity.xr.arfoundation/Runtime/ARSubsystems/HumanBodies' with importer (DefaultImporter)
Imported 'GUID: f11a7efe40adf44d385d9121d68a792b' -> (Import Result ID: 'cf85cece0f4d1dc39b1a9f36d09e59d4') in 0.001 seconds [static dependencies only]. Details - ImportResultOutputID=07e201e65f62b5c1a8afdeaec1b09819 DependenciesID=657429e063809988ed83353ec37597b5 StaticDependenciesID=31bed58668e24ded90bb2cb9c1fbf72d 
Importing 'GUID: 32e2186f4598cff489784aae586f2215 - Path: Packages/com.unity.ugui/Runtime/UGUI/Properties' with importer (DefaultImporter)
Imported 'GUID: 32e2186f4598cff489784aae586f2215' -> (Import Result ID: '785b4eced538b7d1b667ee2e9597d313') in 0.001 seconds [static dependencies only]. Details - ImportResultOutputID=810454d304565ea7df8469e782230661 DependenciesID=cb98bb667a88f115ab7601e7914ff6cf StaticDependenciesID=a1abb3c65b9017fac5f1b4a6502b1b67 
Importing 'GUID: 5247b711856f6410ab25a02761cfb254 - Path: Packages/com.unity.xr.arfoundation/Editor/ARFoundation/Analytics' with importer (DefaultImporter)
Imported 'GUID: 5247b711856f6410ab25a02761cfb254' -> (Import Result ID: 'e23ba2b0c37e28551bbc5afd0937d6f3') in 0.000 seconds [static dependencies only]. Details - ImportResultOutputID=a4ab3e9d01afacb0d4eb640e6ed02288 DependenciesID=1e94d5e7c56d3196e5afb97d5a3902b0 StaticDependenciesID=b405f002cfb0899c40c79028c718384b 
Importing 'GUID: 62af5a4e86cc4721afcb8ea6d0ff8124 - Path: Packages/com.unity.xr.arfoundation/Runtime/ARSubsystems/PointClouds' with importer (DefaultImporter)
Imported 'GUID: 62af5a4e86cc4721afcb8ea6d0ff8124' -> (Import Result ID: 'c38c794c9ea0d367797a35fd917793db') in 0.001 seconds [static dependencies only]. Details - ImportResultOutputID=e5d422ae6cd3a2b8013708b9eb852baf DependenciesID=2ea186117c26b615f26ca3633c7fa4bd StaticDependenciesID=53b618b3d229aeb38d11914fe56843e7 
Importing 'GUID: 726294051bc6c426e886d72ea4702f21 - Path: Packages/com.unity.inputsystem/InputSystem/Editor/PropertyDrawers' with importer (DefaultImporter)
Imported 'GUID: 726294051bc6c426e886d72ea4702f21' -> (Import Result ID: '5e051df4d06597d5a15e670a5e67b6f7') in 0.001 seconds [static dependencies only]. Details - ImportResultOutputID=a1520190cf73c3821a4de4876a7b6296 DependenciesID=c2ac846cc837fb66e4f96fc92466645e StaticDependenciesID=8f2fd4637f9c54eae8d67eb8c54ca942 
Importing 'GUID: 9264bbaac8fbe403b987d9584bb1ffc5 - Path: Packages/com.unity.inputsystem/InputSystem/Editor/Plugins' with importer (DefaultImporter)
Imported 'GUID: 9264bbaac8fbe403b987d9584bb1ffc5' -> (Import Result ID: '3e00187fb14c76ea4de9ce29b064f189') in 0.001 seconds [static dependencies only]. Details - ImportResultOutputID=e76688f4bd79cd0090de19e733b6980f DependenciesID=fbec2b33cbb6b8ba9e0c97984a8b3ce5 StaticDependenciesID=f5762e0a47381447a068f44f8a0139ee 
Importing 'GUID: f25456d40fe594d4f86af0bd878fcd68 - Path: Packages/com.unity.xr.arfoundation/Runtime/ARFoundation/HumanBodies' with importer (DefaultImporter)
Imported 'GUID: f25456d40fe594d4f86af0bd878fcd68' -> (Import Result ID: '3bb2d9499152593a61f51fad8cca4389') in 0.001 seconds [static dependencies only]. Details - ImportResultOutputID=ba75554a6847e108f8a995b329005f86 DependenciesID=8a613320245027b63dd635a1ea599648 StaticDependenciesID=4549ab42fd78079862b6fed67a9f66c5 
Importing 'GUID: 137bb8f5b17af48ffa9ae0d2b21004fb - Path: Packages/com.unity.xr.core-utils/Tests/Editor/XRCoreUtilities' with importer (DefaultImporter)
Imported 'GUID: 137bb8f5b17af48ffa9ae0d2b21004fb' -> (Import Result ID: 'e523ae2ddc2d15ac01baa815d198bef1') in 0.001 seconds [static dependencies only]. Details - ImportResultOutputID=fb5df5fa27870396b965cd566750e60c DependenciesID=626cf3e8d539f8980ffda5bde0a11c06 StaticDependenciesID=58ac096f5b10ca8e13fbe19d122747ed 
Importing 'GUID: 5303cf09266de41f494ce612ce15e500 - Path: Packages/com.unity.xr.arfoundation/Runtime/ARFoundation/Meshing' with importer (DefaultImporter)
Imported 'GUID: 5303cf09266de41f494ce612ce15e500' -> (Import Result ID: '003ff7e5169dee0e5ca95f94c5130939') in 0.001 seconds [static dependencies only]. Details - ImportResultOutputID=8eed030bb8c62ff8b507ff08a3f4ea80 DependenciesID=c8c32dc1c3b4ebbb9666475b3e6701b4 StaticDependenciesID=f9b074f84946eb2e4a4dfbc8fe7249a8 
Importing 'GUID: 53caebc5909234b4ebe1fcaf3dc913a5 - Path: Packages/com.unity.ugui/Tests/Runtime/UGUI' with importer (DefaultImporter)
Imported 'GUID: 53caebc5909234b4ebe1fcaf3dc913a5' -> (Import Result ID: '54c046a9492f18eb83f86163153e1943') in 0.001 seconds [static dependencies only]. Details - ImportResultOutputID=7c3cbbd41f066d186013bf438cd4f32a DependenciesID=3c8d254de51827b9c3b7f9a17d488c79 StaticDependenciesID=720b1de9c60d57f52a3e48ad915c1b9e 
Importing 'GUID: 631f79156a80bda4db24cfb8a19276f3 - Path: Packages/com.unity.xr.arfoundation/Editor/Simulation/Rendering' with importer (DefaultImporter)
Imported 'GUID: 631f79156a80bda4db24cfb8a19276f3' -> (Import Result ID: '23f68afe1b2c03ff445774ca8a701fd6') in 0.001 seconds [static dependencies only]. Details - ImportResultOutputID=82b7df8564bc8c3346a2f5721eaae63c DependenciesID=283ea0f4e9f3675d88f20d43051faedc StaticDependenciesID=f8a6920decc3d8b64cd66ac18d81bbfd 
Importing 'GUID: 730faf1c9a6ee8845a923cd20b8c4521 - Path: Packages/com.unity.xr.management/Tests/TestPackage/Editor' with importer (DefaultImporter)
Imported 'GUID: 730faf1c9a6ee8845a923cd20b8c4521' -> (Import Result ID: 'd2aa4ce4b969e4420cb34bb85d43dcd4') in 0.001 seconds [static dependencies only]. Details - ImportResultOutputID=7aa766ca486cb3b6eb3191fa2c7d31fb DependenciesID=257c3a7eea27f42b99bc2c230333ac4b StaticDependenciesID=9bafa96b941415b618e0b0e83aa56def 
Importing 'GUID: 735f1b61039e3234cb4a34ff9899306b - Path: Packages/com.unity.xr.arfoundation/Runtime/ARSubsystems/Raycasts' with importer (DefaultImporter)
Imported 'GUID: 735f1b61039e3234cb4a34ff9899306b' -> (Import Result ID: '1fec7fe164b4a7cf07c3835aefc61313') in 0.001 seconds [static dependencies only]. Details - ImportResultOutputID=4f6ccf4435236967e061e6dc79fc5947 DependenciesID=357442db403189f4e75f5f9ded96801e StaticDependenciesID=14ee82cba3d208166566b662a4b5fd2f 
Importing 'GUID: 8377f8bca2884d3ba3dd053d9b5d06f7 - Path: Packages/com.unity.inputsystem/InputSystem/Editor/Internal' with importer (DefaultImporter)
Imported 'GUID: 8377f8bca2884d3ba3dd053d9b5d06f7' -> (Import Result ID: 'f6ae348b6d85e2d0dafa435a4ed0a13b') in 0.001 seconds [static dependencies only]. Details - ImportResultOutputID=8d1fb34ad1dc53eb5ce53fcce59adf92 DependenciesID=8025cebe93afd59c2b437e1cdeb9e9a4 StaticDependenciesID=6bc9968fbb97fd487edd6da44b366c11 
Importing 'GUID: 93d70cfaa3270d94cadadc3e54ee7f1f - Path: Packages/com.unity.xr.arfoundation/Runtime/ARSubsystems/Planes' with importer (DefaultImporter)
Imported 'GUID: 93d70cfaa3270d94cadadc3e54ee7f1f' -> (Import Result ID: '2ced61c9ac13ef0f79a967d00233e993') in 0.001 seconds [static dependencies only]. Details - ImportResultOutputID=c48e26c78f87ea936b4f1d8c01574bd3 DependenciesID=3c499be54e45e4296650e084794eda29 StaticDependenciesID=fbe31dcac87897649144d104838effea 
Importing 'GUID: b3739f5eb340449fb9bdd2b36385f9c6 - Path: Packages/com.unity.xr.arfoundation/Runtime/ARSubsystems/Common' with importer (DefaultImporter)
Imported 'GUID: b3739f5eb340449fb9bdd2b36385f9c6' -> (Import Result ID: '5b97466aaeb61a8c8767774ba5168326') in 0.001 seconds [static dependencies only]. Details - ImportResultOutputID=c9fb9cafdcf95a8e221379915357ed7a DependenciesID=50d1fa710090c1829ae5e8d67d7e1d2e StaticDependenciesID=55ff76c1f1d0211e3efd6e6fbc9ba968 
Importing 'GUID: 14b97d93227b4458689fe84ac6b19037 - Path: Packages/com.unity.xr.arfoundation/Runtime/ARSubsystems/Participants' with importer (DefaultImporter)
Imported 'GUID: 14b97d93227b4458689fe84ac6b19037' -> (Import Result ID: 'ae4cf65452abeeca2783661f778caead') in 0.001 seconds [static dependencies only]. Details - ImportResultOutputID=f399402e5aa2a2183977982a9a999be6 DependenciesID=dccd975c40324c790204038ede4ec4a9 StaticDependenciesID=388ecd0dbc5cc4268003899af1ec6144 
Importing 'GUID: 248e6491ac85942a780d14de9531762d - Path: Packages/com.unity.xr.arfoundation/Tests/Editor/InternalUtils' with importer (DefaultImporter)
Imported 'GUID: 248e6491ac85942a780d14de9531762d' -> (Import Result ID: '9a2f2fc2fcca63187eed2f596a29778f') in 0.001 seconds [static dependencies only]. Details - ImportResultOutputID=1e900260b305b69d0084bf0f4110c46e DependenciesID=b387576371b7f3ac8397742e3873604f StaticDependenciesID=3d22d10bbba964178e2f392ce27831e9 
Importing 'GUID: 742654cad2425334696ba6ed4495cfef - Path: Packages/com.unity.ugui/Runtime/UGUI/UI' with importer (DefaultImporter)
Imported 'GUID: 742654cad2425334696ba6ed4495cfef' -> (Import Result ID: '57e25d84a66306ee7483e2a86e90a5b1') in 0.001 seconds [static dependencies only]. Details - ImportResultOutputID=f55297ef0667c4e984b77c90987bfd9d DependenciesID=f8f027bb6e0605f22cb3fa2317d132a4 StaticDependenciesID=d3754da713ab707aaeaa3ba2351aba6f 
Importing 'GUID: 949d73ae1e0166c469c8706d4d7a21c7 - Path: Packages/com.unity.inputsystem/InputSystem/Editor/ProjectWideActions' with importer (DefaultImporter)
Imported 'GUID: 949d73ae1e0166c469c8706d4d7a21c7' -> (Import Result ID: '2aedcd1da6dc8680bfff21366e2adafe') in 0.001 seconds [static dependencies only]. Details - ImportResultOutputID=25b10f3e8c0b5e1d8161036452a76d32 DependenciesID=cc401b6f95b5cd3f1901b108e82c2c52 StaticDependenciesID=ad2f745bb362d74128b4b86a58375e5d 
Importing 'GUID: 75b9e21a555114e7aacc6a9fb06e7a2b - Path: Packages/com.unity.xr.arfoundation/Runtime/ARSubsystems/Meshing' with importer (DefaultImporter)
Imported 'GUID: 75b9e21a555114e7aacc6a9fb06e7a2b' -> (Import Result ID: '97bfb613b7f9cac2ee04a6fa9630ed34') in 0.001 seconds [static dependencies only]. Details - ImportResultOutputID=d33a8a4d8a391c05f462ec443bff8eb2 DependenciesID=ff014155553e37ee2c4208c21764983b StaticDependenciesID=d1a1e0381f78ed07353593c8316bd7c3 
Importing 'GUID: 85e28f5195854363a14503fe061ca813 - Path: Packages/com.unity.xr.arfoundation/Tests/Runtime/XRSimulation' with importer (DefaultImporter)
Imported 'GUID: 85e28f5195854363a14503fe061ca813' -> (Import Result ID: '679ac20a124f8a9b08e10bc948589d73') in 0.001 seconds [static dependencies only]. Details - ImportResultOutputID=4bfeb0639235ddaba4d94fb403eb2352 DependenciesID=545da30d7b2bbe89c2bc377465be5a11 StaticDependenciesID=375e9ec8902e401f65e27d203d6bf086 
Importing 'GUID: 853edc343b78a7c4c81cbb3851d48c0a - Path: Packages/com.unity.ugui/Editor/UGUI/UI' with importer (DefaultImporter)
Imported 'GUID: 853edc343b78a7c4c81cbb3851d48c0a' -> (Import Result ID: '20a8d64d521f4d09f89187eb4b209cba') in 0.001 seconds [static dependencies only]. Details - ImportResultOutputID=84ca5f75f96d69114bbd62c15da8c046 DependenciesID=4a6d160abfb51c1b7cf1165d4f6ac12f StaticDependenciesID=d804bbb843b17b765a5ca30f9f17c4e9 
Importing 'GUID: a5c84a68c16874bd5ba1a9d15a5e5044 - Path: Packages/com.unity.inputsystem/InputSystem/Editor/AssetEditor' with importer (DefaultImporter)
Imported 'GUID: a5c84a68c16874bd5ba1a9d15a5e5044' -> (Import Result ID: '1ea3ae95728226c8ee1c2016df213692') in 0.001 seconds [static dependencies only]. Details - ImportResultOutputID=5d953c9085babbbbc7cee7aedddc9a5a DependenciesID=415ad92b1210e03c5279f6a4f5f08fb3 StaticDependenciesID=0b6c055ab1ca33d3eb9f9e0d439d19d3 
Importing 'GUID: b515c4e6a4ca71643b0e830024fe733f - Path: Packages/com.unity.xr.legacyinputhelpers/Tests/Runtime/TrackedPoseDriver' with importer (DefaultImporter)
Imported 'GUID: b515c4e6a4ca71643b0e830024fe733f' -> (Import Result ID: 'f56fd0d24e0af11b70391fc8119d2dfc') in 0.001 seconds [static dependencies only]. Details - ImportResultOutputID=ec69feccc5a6f1406433cf2002b7da17 DependenciesID=dc9d1936daed324cb808b3d8d6babd11 StaticDependenciesID=3606dd74d00fd458ed63ad0e8d52f4d4 
Importing 'GUID: b50c35d88216452084f2479e33ed55d5 - Path: Packages/com.unity.xr.arfoundation/Runtime/ARSubsystems/Anchors' with importer (DefaultImporter)
Imported 'GUID: b50c35d88216452084f2479e33ed55d5' -> (Import Result ID: '5db43a1a18474752d3cc533bcd550e28') in 0.001 seconds [static dependencies only]. Details - ImportResultOutputID=897feed32eddb5c293a1836fa02e0ec9 DependenciesID=d93d0773963b4f0ad515307eccfe6941 StaticDependenciesID=dd4abcfd1fd0f69c2e65a12d8c0efcfe 
Importing 'GUID: b59deec458d4f4120ab29fa90e4a9f4d - Path: Packages/com.unity.xr.arfoundation/Runtime/ARSubsystems/Occlusion' with importer (DefaultImporter)
Imported 'GUID: b59deec458d4f4120ab29fa90e4a9f4d' -> (Import Result ID: 'b3e7d911d4b9903563d1691bbb5226ce') in 0.001 seconds [static dependencies only]. Details - ImportResultOutputID=3d0e19ac5f7159401c8b0705aea52bf1 DependenciesID=0012679d2a11f7145cad14769f36fc40 StaticDependenciesID=b902ad29f7cd84955e2ca1f24c08bc0d 
Importing 'GUID: c508ce3f09190004f9ac23ebb52be024 - Path: Packages/com.unity.xr.core-utils/Editor/CapabilityProfile/Dictionary' with importer (DefaultImporter)
Imported 'GUID: c508ce3f09190004f9ac23ebb52be024' -> (Import Result ID: 'e285c1d51a8452ed88b03f64fd4b2549') in 0.001 seconds [static dependencies only]. Details - ImportResultOutputID=7f92b8304b123598ff09cd32ec9236da DependenciesID=f577d132ee3d55bc762092f840f7c078 StaticDependenciesID=baed3fd7c238b2f7c84fe75ac7403b3b 
Importing 'GUID: d596517bb17474a2e88ad74752d8e501 - Path: Packages/com.unity.xr.arfoundation/Tests/Editor/XRTestTooling' with importer (DefaultImporter)
Imported 'GUID: d596517bb17474a2e88ad74752d8e501' -> (Import Result ID: '6905bbcb58cc00f8ad3f787651ca1bf0') in 0.001 seconds [static dependencies only]. Details - ImportResultOutputID=d264ad139a4c95c1a27fee46ebbfab39 DependenciesID=8148a4a28fc2475af56b3c822db2bf01 StaticDependenciesID=dc72729918fb4ca56159b711dbf6096a 
Importing 'GUID: d519c6f3e4912420f8534bc46f362325 - Path: Packages/com.unity.xr.arfoundation/Tests/Editor/ARFoundation' with importer (DefaultImporter)
Imported 'GUID: d519c6f3e4912420f8534bc46f362325' -> (Import Result ID: 'd2c8770a1e4a7089ed3ac4b962b33ff4') in 0.001 seconds [static dependencies only]. Details - ImportResultOutputID=f275534e1b8285c780714bd5dbae4cf5 DependenciesID=b57fa2e6f1eacd7a0fc9a1496d208c2e StaticDependenciesID=7120cfd09d26733745750ae5caa2393d 
Importing 'GUID: e567d2ac33fb7414b9278f693de20b77 - Path: Packages/com.unity.xr.arfoundation/Runtime/ARFoundation/Planes' with importer (DefaultImporter)
Imported 'GUID: e567d2ac33fb7414b9278f693de20b77' -> (Import Result ID: 'c63930cf4b0ecfa5b060b205e2005364') in 0.001 seconds [static dependencies only]. Details - ImportResultOutputID=1b0fe158e028d8a893ecfade75d46b9d DependenciesID=5f605e3db25c3432ec60e540906c559a StaticDependenciesID=fb38b996667f55d7a5b0ea33e463d812 
Importing 'GUID: f525580684527b147b70cf94aaa70dbc - Path: Packages/com.unity.ugui/Editor/UGUI/EventSystem' with importer (DefaultImporter)
Imported 'GUID: f525580684527b147b70cf94aaa70dbc' -> (Import Result ID: '8627b56743e8632edb6f5c032fd15bf2') in 0.001 seconds [static dependencies only]. Details - ImportResultOutputID=add6993ea7599701cf577e99c4d0f7c6 DependenciesID=2cca847503ce9493a46795925ba34bed StaticDependenciesID=d51fd195e8c16a1b8e334ad3cc08d48c 
Importing 'GUID: f55c8aa2f418fae4693a0db0739d4b7a - Path: Packages/com.unity.xr.legacyinputhelpers/Tests/Editor/SeedXRInputBindings' with importer (DefaultImporter)
Imported 'GUID: f55c8aa2f418fae4693a0db0739d4b7a' -> (Import Result ID: '3cc27b16bfe5a7f7e0a3fc735a744acc') in 0.001 seconds [static dependencies only]. Details - ImportResultOutputID=0e193051dc164c4a75ee3ee5f60eb83f DependenciesID=ea27cd9b4cf024c087ea9f7d2e825f59 StaticDependenciesID=85c7c07976a6d003b47f24d662f9a1b4 
Importing 'GUID: 4613cbf0854744a44a2247957671aaca - Path: Packages/com.unity.xr.arcore/Tests/Runtime/CodeSamples' with importer (DefaultImporter)
Imported 'GUID: 4613cbf0854744a44a2247957671aaca' -> (Import Result ID: '6c1f1836f463172ea932dc5dbc5c8e3a') in 0.001 seconds [static dependencies only]. Details - ImportResultOutputID=23f41496898c50cbbb340ba7ec358822 DependenciesID=264eb1d99dd38f96ef4933f0a2fae16c StaticDependenciesID=3c505459e364892478b4455d5ff5df17 
Importing 'GUID: 461c380dccba54a569c07d9810dd3b32 - Path: Packages/com.unity.inputsystem/InputSystem/Editor/Debugger' with importer (DefaultImporter)
Imported 'GUID: 461c380dccba54a569c07d9810dd3b32' -> (Import Result ID: '85faa9ceef9e699baf7c820d837b02dc') in 0.001 seconds [static dependencies only]. Details - ImportResultOutputID=af089681b4379a754f101689e2f5a6a3 DependenciesID=a7df1db6ee2943dd08483cca54f4cff4 StaticDependenciesID=8f81c786baf9d946aefc3d18c1fd1db3 
Importing 'GUID: 864ca89a59879504d8f94a4e6ef5bb30 - Path: Packages/com.unity.xr.arfoundation/Runtime/ARSubsystems/Session' with importer (DefaultImporter)
Imported 'GUID: 864ca89a59879504d8f94a4e6ef5bb30' -> (Import Result ID: '28045520fb536fd8d8eafb7344e75aaf') in 0.001 seconds [static dependencies only]. Details - ImportResultOutputID=2828225fe099344896506f7e9be266c6 DependenciesID=d4c453dc351445909323a4e942c6ea5c StaticDependenciesID=0f04ec73fc7d7af58339960143d00212 
Importing 'GUID: 869c9be541a2f4a998e3bf6dd0964735 - Path: Packages/com.unity.xr.arfoundation/Runtime/ARFoundation/Common' with importer (DefaultImporter)
Imported 'GUID: 869c9be541a2f4a998e3bf6dd0964735' -> (Import Result ID: '84f2205e2320a5ce7985cf97afdf0456') in 0.001 seconds [static dependencies only]. Details - ImportResultOutputID=83c0c6445edd997f5fc208320a95ef3f DependenciesID=3faf7a87ec3beed68fae22ed7e320f92 StaticDependenciesID=abd7b577d9ddd2d01951d717c13066be 
Importing 'GUID: a6724a4cbf5d47a2b01ca5fe41036ddd - Path: Packages/com.unity.inputsystem/InputSystem/Runtime/State' with importer (DefaultImporter)
Imported 'GUID: a6724a4cbf5d47a2b01ca5fe41036ddd' -> (Import Result ID: '85be1b8358f4ff56d0892e2d246c5041') in 0.001 seconds [static dependencies only]. Details - ImportResultOutputID=a84c8649f9fceefaa08f0ae45817023d DependenciesID=b5e3be9900cc531b44fc913760f080fc StaticDependenciesID=aebb45507cdc206bbd3e1f4b9f9b2cd9 
Importing 'GUID: b68deb0f38f724eb7ad59aaef4506112 - Path: Packages/com.unity.xr.arfoundation/Editor/Simulation/Environment' with importer (DefaultImporter)
Imported 'GUID: b68deb0f38f724eb7ad59aaef4506112' -> (Import Result ID: '23b5aecfc553e854ae2f758dab084ecf') in 0.001 seconds [static dependencies only]. Details - ImportResultOutputID=cdeba726b9f71b259f34b1bc51b076a3 DependenciesID=aba64087f69b96539d5518ab69425135 StaticDependenciesID=207abb24324b8453df830762d57b5f71 
Importing 'GUID: e6a2a99e72b5d4b1786a98127522385f - Path: Packages/com.unity.xr.arfoundation/Editor/Simulation/ProjectValidation' with importer (DefaultImporter)
Imported 'GUID: e6a2a99e72b5d4b1786a98127522385f' -> (Import Result ID: 'b3e8f18de30ea6b49383ceccb10dc279') in 0.001 seconds [static dependencies only]. Details - ImportResultOutputID=575a7a3671cb8654600a179a2eeb928b DependenciesID=5fa6c33f5368ad0f18cef15725f59f2e StaticDependenciesID=8e513d5488d0dd09aa1cc5c06cda554d 
Importing 'GUID: 57639542052af4119a3bc2cf7465b8eb - Path: Packages/com.unity.xr.arfoundation/Tests/Editor/ARSubsystems' with importer (DefaultImporter)
Imported 'GUID: 57639542052af4119a3bc2cf7465b8eb' -> (Import Result ID: 'c89798a51e9f1d96227a735ecc2d251e') in 0.001 seconds [static dependencies only]. Details - ImportResultOutputID=9c9c640afada9a2238ef96e0ff31ee81 DependenciesID=5910c0de6f3df8e6ac06852e99d8ec3f StaticDependenciesID=b270e219e18892c2932d80a1fc42a5f3 
Importing 'GUID: 57788796914f74150a3e809c482f0ff9 - Path: Packages/com.unity.xr.arfoundation/Runtime/ARFoundation/Input' with importer (DefaultImporter)
Imported 'GUID: 57788796914f74150a3e809c482f0ff9' -> (Import Result ID: '941677c74029a57a25033d12fee155fd') in 0.001 seconds [static dependencies only]. Details - ImportResultOutputID=5331941d4af7bd8f82aedf06d8ce7e10 DependenciesID=94b0a3fd6a80b85f5b693414774f0228 StaticDependenciesID=b9944a0e138a4680a8de4c45b6fd4ea5 
Importing 'GUID: 67e9c723e26a749f5a926e65e78e6ace - Path: Packages/com.unity.xr.arfoundation/Runtime/ARFoundation/DebugMenu' with importer (DefaultImporter)
Imported 'GUID: 67e9c723e26a749f5a926e65e78e6ace' -> (Import Result ID: '8fad02ccaf672da65c5131697fd32a01') in 0.001 seconds [static dependencies only]. Details - ImportResultOutputID=6948408640ece8f9f733ca8dbb6df561 DependenciesID=b8bcab0d3b222d1403edec8de15d82dc StaticDependenciesID=75dd62771294b67366a8327cf855fee3 
Importing 'GUID: 77417b0f4cf6d334f916c64448d24133 - Path: Packages/com.unity.ugui/Editor/Analytics/IAnalytic' with importer (DefaultImporter)
Imported 'GUID: 77417b0f4cf6d334f916c64448d24133' -> (Import Result ID: 'ea8e1288ea40dd3f8110485989045062') in 0.001 seconds [static dependencies only]. Details - ImportResultOutputID=060d8b247920e2c692d1e525995a7476 DependenciesID=d18c4a59d4fe5d2b98ee6c99fbe1a0c6 StaticDependenciesID=89e3244abd31a42e77c204559f2b9502 
Importing 'GUID: 77f3de98bb2d643e993890cccb91b92e - Path: Packages/com.unity.xr.arfoundation/Runtime/ARFoundation/EnvironmentProbes' with importer (DefaultImporter)
Imported 'GUID: 77f3de98bb2d643e993890cccb91b92e' -> (Import Result ID: 'c53df8cec5d825e556608a1907af2c2e') in 0.001 seconds [static dependencies only]. Details - ImportResultOutputID=5d189f06a4767d8c603cf3da7923e534 DependenciesID=998094aa212821cbb574422a6810d26a StaticDependenciesID=315911d26ecf6c37f8d4a16c5af6132e 
Importing 'GUID: d7fcb545eb7743c8bd27f341b51151dc - Path: Packages/com.unity.inputsystem/InputSystem/Editor/Analytics' with importer (DefaultImporter)
Imported 'GUID: d7fcb545eb7743c8bd27f341b51151dc' -> (Import Result ID: 'decfe11b5f9bfb64df7d1c1b4d622455') in 0.001 seconds [static dependencies only]. Details - ImportResultOutputID=9e230c813fd381d3a4c485ba1b73ad8f DependenciesID=5abc697c7ce2b1c1c6c60442990a1e2d StaticDependenciesID=80b3a6e20c521fb48df27542d6e65e65 
Importing 'GUID: 28a51e721e1d4416cb3c377985a47339 - Path: Packages/com.unity.xr.arfoundation/Runtime/ARFoundation/PointClouds' with importer (DefaultImporter)
Imported 'GUID: 28a51e721e1d4416cb3c377985a47339' -> (Import Result ID: '64e325d4cce1df898dfcf80eb6915999') in 0.001 seconds [static dependencies only]. Details - ImportResultOutputID=94b6a1fb421145a9aef5d0697c499e6e DependenciesID=79abcf82c83ca3fcd5a8694a1280569f StaticDependenciesID=585d33840086e5ab214ecde9870c574b 
Importing 'GUID: 28fe1e4e833b4006ac4ddd2a138d7b22 - Path: Packages/com.unity.xr.arfoundation/Runtime/Simulation/Input' with importer (DefaultImporter)
Imported 'GUID: 28fe1e4e833b4006ac4ddd2a138d7b22' -> (Import Result ID: 'a230978f121a73fd37ec5e3341c4470c') in 0.001 seconds [static dependencies only]. Details - ImportResultOutputID=365004986c5317847941c44c2e03ed01 DependenciesID=cb40e4f491dfd78f9c53c31db2ff1d05 StaticDependenciesID=2a5865e2d1cf2605682be86083e7f78f 
Importing 'GUID: 48b3efd3f5d914c53a4b7be35baf09a9 - Path: Packages/com.unity.inputsystem/InputSystem/Editor/Devices' with importer (DefaultImporter)
Imported 'GUID: 48b3efd3f5d914c53a4b7be35baf09a9' -> (Import Result ID: '87aafaab903b8d78fdc1e62a3731d6e4') in 0.001 seconds [static dependencies only]. Details - ImportResultOutputID=52bf8ceea09769b2861494da4393acb5 DependenciesID=f387ace82f0921fe619a1ab45ba5e56d StaticDependenciesID=ae6af3cc4f8f4d9be6426c83f6d5430e 
Importing 'GUID: 4896a6e5ce044582aa0557bf15e23e56 - Path: Packages/com.unity.xr.arfoundation/Runtime/ARSubsystems/BoundingBoxes' with importer (DefaultImporter)
Imported 'GUID: 4896a6e5ce044582aa0557bf15e23e56' -> (Import Result ID: '7cd0636f8715e2430213c43f94cfe7ae') in 0.001 seconds [static dependencies only]. Details - ImportResultOutputID=743593ff661a5528e785088e44512834 DependenciesID=db7cec65e55a787069b955341c54c4fd StaticDependenciesID=292be5ba1318de017f4b513c294f6fbd 
Importing 'GUID: 48b8a9582c48c594a95a6dcae5fecafb - Path: Packages/com.unity.xr.arfoundation/Tests/Editor/CodeSamples' with importer (DefaultImporter)
Imported 'GUID: 48b8a9582c48c594a95a6dcae5fecafb' -> (Import Result ID: '54acbd286af0518d1b81bfe4c20df13e') in 0.001 seconds [static dependencies only]. Details - ImportResultOutputID=3ef88e71fad943c0baf693e516b0205c DependenciesID=6319a7b0aadadc179aae2945cbdb357a StaticDependenciesID=74f9d23eed000245d94fba842b9b4fc2 
Importing 'GUID: 581c44bafc8864eec9701b94b0d25e5e - Path: Packages/com.unity.xr.arfoundation/Runtime/ARFoundation/Participants' with importer (DefaultImporter)
Imported 'GUID: 581c44bafc8864eec9701b94b0d25e5e' -> (Import Result ID: '6122e6162e604bcfe36c24aeebaa4f92') in 0.001 seconds [static dependencies only]. Details - ImportResultOutputID=34cedb6167a4b56e03127078d18f6e7e DependenciesID=0078b8510e63151a14b21a5faecd4117 StaticDependenciesID=09ba528e3bebde15006bf5db2cead08a 
Importing 'GUID: b8c7f92827c94a5e9b64c988b07eb4a1 - Path: Packages/com.unity.xr.arfoundation/Runtime/ARFoundation/Deprecated' with importer (DefaultImporter)
Imported 'GUID: b8c7f92827c94a5e9b64c988b07eb4a1' -> (Import Result ID: 'f486275593eebb5d560d7a8ec8671e66') in 0.001 seconds [static dependencies only]. Details - ImportResultOutputID=6533fe1767816963c8099c6ce3455fca DependenciesID=5309c16a2feda5a9aab0d5c31ea134da StaticDependenciesID=dfef5bc2dc483698a6d437b1961d9918 
Importing 'GUID: d88c5222e051f4ab4b13c96d31367fbd - Path: Packages/com.unity.xr.arfoundation/Runtime/ARFoundation/Faces' with importer (DefaultImporter)
Imported 'GUID: d88c5222e051f4ab4b13c96d31367fbd' -> (Import Result ID: '67231ed5d2aea93223640fad2db20606') in 0.001 seconds [static dependencies only]. Details - ImportResultOutputID=323e7b92400780935a00c88d36bd2d8b DependenciesID=c842d2c571d4398d1af28846ed730ae6 StaticDependenciesID=e5ac37485a6befb4d24f2f4625e9b3b8 
Importing 'GUID: e8650c35ab94a4106bcbad4a63f6749f - Path: Packages/com.unity.xr.arfoundation/Runtime/ARSubsystems/Camera' with importer (DefaultImporter)
Imported 'GUID: e8650c35ab94a4106bcbad4a63f6749f' -> (Import Result ID: '2f3b69f95f1f9d5428484e2317b459e3') in 0.001 seconds [static dependencies only]. Details - ImportResultOutputID=f325286812de4ff6d7021afd5f35af6e DependenciesID=f0a26102678bbb33c1925da2afc49a4a StaticDependenciesID=d52474b5f2f8e109d7a4d93372ec353e 
Importing 'GUID: f8875a90283d4c0592f03e58a219966d - Path: Packages/com.unity.xr.arfoundation/Runtime/ARSubsystems/Utils' with importer (DefaultImporter)
Imported 'GUID: f8875a90283d4c0592f03e58a219966d' -> (Import Result ID: '1d184b5093e517284dfafa099881ad56') in 0.001 seconds [static dependencies only]. Details - ImportResultOutputID=62bdb539523d516da84efe90358edf1c DependenciesID=9b69d21c8e8c332d206b06fc0cf75e1b StaticDependenciesID=963b7864450ff4b6de99436c5d06a566 
Importing 'GUID: 399ed36e421c14c9792a82f1f258586e - Path: Packages/com.unity.xr.arfoundation/Tests/Runtime/ARFoundation' with importer (DefaultImporter)
Imported 'GUID: 399ed36e421c14c9792a82f1f258586e' -> (Import Result ID: '5a023cb9b65311ea803ba1c0fed282a6') in 0.001 seconds [static dependencies only]. Details - ImportResultOutputID=2652c0cbc64c76d2317af0b86efab114 DependenciesID=40cb95b7bdd425a35b83be35738fe215 StaticDependenciesID=476ef8f7164da78c3c2f6d6f144eaa5d 
Importing 'GUID: 99f4ddb4a8fa4fcfa25917e64bcc6e8c - Path: Packages/com.unity.inputsystem/InputSystem/Runtime/Events' with importer (DefaultImporter)
Imported 'GUID: 99f4ddb4a8fa4fcfa25917e64bcc6e8c' -> (Import Result ID: '7548b6f2a593ecf3032d5399a2e6a624') in 0.001 seconds [static dependencies only]. Details - ImportResultOutputID=338c650160874c2bcd39efc69767d4ae DependenciesID=418b665be95e19ffdc51a11ce420f477 StaticDependenciesID=d419d08d414414c638faf9b0fbe698f4 
Importing 'GUID: 99c78ad4c6c74b39ba91866cd43940d6 - Path: Packages/com.unity.xr.arfoundation/Runtime/Simulation/Plugins' with importer (DefaultImporter)
Imported 'GUID: 99c78ad4c6c74b39ba91866cd43940d6' -> (Import Result ID: 'b0e29fa5e9b92bd84ca01ede25127cb3') in 0.001 seconds [static dependencies only]. Details - ImportResultOutputID=1905427367ed0acbb4a3ecae95c592f0 DependenciesID=da71d72cbabd2ca6385b3ebbb44a154c StaticDependenciesID=799e1bd8e352b103220c8c77bc8cfde1 
Importing 'GUID: d9fd8a0f15bd4b6e8b11f6cafa94a2fa - Path: Packages/com.unity.xr.arfoundation/Editor/VisualScripting/Deprecated' with importer (DefaultImporter)
Imported 'GUID: d9fd8a0f15bd4b6e8b11f6cafa94a2fa' -> (Import Result ID: 'bbac72e0568f155694f9ba8ed2b81e20') in 0.001 seconds [static dependencies only]. Details - ImportResultOutputID=0d8a092f15da3cbb81e356e60a98c4b0 DependenciesID=ff2c757969131f0170e3d2611c6b283f StaticDependenciesID=13396b04bb25b805e10ed307c0aae976 
Importing 'GUID: 0a2131d7629b4e90b187ef2249434178 - Path: Packages/com.unity.xr.core-utils/Runtime/Bindings/Variables' with importer (DefaultImporter)
Imported 'GUID: 0a2131d7629b4e90b187ef2249434178' -> (Import Result ID: 'de03b49f2e15cdc53bde7dc7c0f2ad60') in 0.001 seconds [static dependencies only]. Details - ImportResultOutputID=0dea004ae39a368ebc0a030922b94e66 DependenciesID=f62596a7940a7e743e0d51edb31c8eae StaticDependenciesID=80c1d61214b41508f8c9932d534c5f5b 
Importing 'GUID: 7afd37637f21445a1a331c3f272ffc4a - Path: Packages/com.unity.xr.arfoundation/Tests/Runtime/CodeSamples' with importer (DefaultImporter)
Imported 'GUID: 7afd37637f21445a1a331c3f272ffc4a' -> (Import Result ID: 'fcb56e6fd13ebcb03d9641c75db58b9e') in 0.001 seconds [static dependencies only]. Details - ImportResultOutputID=b1c81d78258be5d2ad907e5e930e6f5f DependenciesID=0796ecb7fd4ac254829b7a290d0cd9db StaticDependenciesID=2f7f7dce1d070ea0ee07e97c417a5e07 
Importing 'GUID: aa1e768bf3ad4ae8898571a206251472 - Path: Packages/com.unity.inputsystem/InputSystem/Runtime/Controls' with importer (DefaultImporter)
Imported 'GUID: aa1e768bf3ad4ae8898571a206251472' -> (Import Result ID: '9befd138fad30b6979051c9972b0be0f') in 0.001 seconds [static dependencies only]. Details - ImportResultOutputID=cb92165b65c4adda5f2f6c906e0f1df5 DependenciesID=9846844898b93f28a0f519b51b8b24ce StaticDependenciesID=63e786c1a7f6fc7b47b46db4b3530d23 
Importing 'GUID: ea7c31b5b377c314db28ad3fabbbd38d - Path: Packages/com.unity.ugui/Editor/TMP/PropertyDrawers' with importer (DefaultImporter)
Imported 'GUID: ea7c31b5b377c314db28ad3fabbbd38d' -> (Import Result ID: '1d73406710ec3b5ec0abbbb4442db133') in 0.001 seconds [static dependencies only]. Details - ImportResultOutputID=148273df495a37fdbbbfff423449f9d0 DependenciesID=3232b899f628bfc4a4cdd79145f41f05 StaticDependenciesID=23e4143de022d8be7a51883687722c8d 
Importing 'GUID: fae3ac1997e164d1eba5fa5c417cbefd - Path: Packages/com.unity.ugui/Tests/Editor/UGUI' with importer (DefaultImporter)
Imported 'GUID: fae3ac1997e164d1eba5fa5c417cbefd' -> (Import Result ID: '23c64172a1fcf751ad23eee891c3f37e') in 0.001 seconds [static dependencies only]. Details - ImportResultOutputID=f7713b5d5cf33a8c204b2a2b1a28939a DependenciesID=2c2d18819535a7db81a970984bedec7a StaticDependenciesID=40e233ba846e4b51c6a5b3241291f7ea 
Importing 'GUID: 3b75e34543b4f473fbc307f8b39b90e9 - Path: Packages/com.unity.xr.core-utils/Tests/Editor/CodeSamples' with importer (DefaultImporter)
Imported 'GUID: 3b75e34543b4f473fbc307f8b39b90e9' -> (Import Result ID: '585ba8c90b862f7395449369af4ee26f') in 0.001 seconds [static dependencies only]. Details - ImportResultOutputID=db2bb69a50204f845edf571da578d619 DependenciesID=8b46de2cdab7df527adcd48b167e3929 StaticDependenciesID=c3cb9e2308c02721ae8b7dae2d171d5e 
Importing 'GUID: 4b0f2438e67114da4ac58152a08f3f93 - Path: Packages/com.unity.xr.arfoundation/Runtime/ARFoundation/Camera' with importer (DefaultImporter)
Imported 'GUID: 4b0f2438e67114da4ac58152a08f3f93' -> (Import Result ID: '2f086ecc1aa417b4b43c90d062d163c4') in 0.001 seconds [static dependencies only]. Details - ImportResultOutputID=55534c9cab9a90c2b244ac1cc9b59656 DependenciesID=5d00334b60be45f3295b60ff52cf1254 StaticDependenciesID=2c895ece00966b6f8a431b2eb81c0195 
Importing 'GUID: 5bb33849db404af2aceeb3ac02ec9732 - Path: Packages/com.unity.xr.arfoundation/Runtime/ARSubsystems/Objects' with importer (DefaultImporter)
Imported 'GUID: 5bb33849db404af2aceeb3ac02ec9732' -> (Import Result ID: '65821ac66337457d9a56124a424a71e2') in 0.001 seconds [static dependencies only]. Details - ImportResultOutputID=ba31533e169d9e5bcdb151141d398dc2 DependenciesID=5fd1b813751b16c189df54c14915b7ec StaticDependenciesID=a28e4d5d56241be7d6a7151896c241f4 
Importing 'GUID: abbbcd5cf6184b818eaa56c5778a4110 - Path: Packages/com.unity.inputsystem/InputSystem/Runtime/Devices' with importer (DefaultImporter)
Imported 'GUID: abbbcd5cf6184b818eaa56c5778a4110' -> (Import Result ID: '42623191ddad350e8e2c923234989335') in 0.001 seconds [static dependencies only]. Details - ImportResultOutputID=322a1fbe186a80a616987f134caf8e8f DependenciesID=ebc488a9869a182b28a2b838655a78e2 StaticDependenciesID=1cf1cac381d6d77694e09ca800508339 
Importing 'GUID: bbb3e205029be4af8a4ff596a39bba2c - Path: Packages/com.unity.xr.arfoundation/Runtime/ARFoundation/Session' with importer (DefaultImporter)
Imported 'GUID: bbb3e205029be4af8a4ff596a39bba2c' -> (Import Result ID: 'ca9e37b7d6bb5b9434855eb653e7bdbc') in 0.001 seconds [static dependencies only]. Details - ImportResultOutputID=1f58717aafc2314a7e88038981b30855 DependenciesID=5f793d3d43e2f9bac9f0ae1da4ead851 StaticDependenciesID=c28483ddc7a44574a05f1cb5f801c4c2 
Importing 'GUID: bb0e7cd0be171ca4ca67132e36b7ccb5 - Path: Packages/com.unity.inputsystem/InputSystem/Editor/UITKAssetEditor' with importer (DefaultImporter)
Imported 'GUID: bb0e7cd0be171ca4ca67132e36b7ccb5' -> (Import Result ID: 'd22eec26f04563ea35b13dac3c5a07be') in 0.001 seconds [static dependencies only]. Details - ImportResultOutputID=cc0d176e594df933061832e75c90981b DependenciesID=a3afd86f7b4c7f5b75ce625abfe29855 StaticDependenciesID=f78a48c7d542b23be369fc6048c9e48a 
Importing 'GUID: cbd7102e0064b4e64be5ff61a77aba3a - Path: Packages/com.unity.inputsystem/InputSystem/Editor/Utilities' with importer (DefaultImporter)
Imported 'GUID: cbd7102e0064b4e64be5ff61a77aba3a' -> (Import Result ID: '629266a0c80d253dfbca9507e0dab4f9') in 0.001 seconds [static dependencies only]. Details - ImportResultOutputID=add64593ea8a2535133e8ab226703e64 DependenciesID=8218d1349e0f65d65a7c13513f6374de StaticDependenciesID=2fd8365e11f1b9567d0414b6f1a1d207 
Importing 'GUID: cb6feb90190641c19dce92f09614edd4 - Path: Packages/com.unity.inputsystem/InputSystem/Editor/BuildPipeline' with importer (DefaultImporter)
Imported 'GUID: cb6feb90190641c19dce92f09614edd4' -> (Import Result ID: 'b7e9351fa4547d44a34fc09087d79962') in 0.001 seconds [static dependencies only]. Details - ImportResultOutputID=175979d4c8ad9dcf1b1577bbe1843b5a DependenciesID=0a72f4423920a48b599eebb765a3b0df StaticDependenciesID=46153a4f85f8175f34a178b742cb688b 
Importing 'GUID: db365322c56084dd7b6acc2cc8b331f6 - Path: Packages/com.unity.xr.arfoundation/Runtime/ARFoundation/Objects' with importer (DefaultImporter)
Imported 'GUID: db365322c56084dd7b6acc2cc8b331f6' -> (Import Result ID: '400759e1e5b1616fd6d74b4af5d59c90') in 0.001 seconds [static dependencies only]. Details - ImportResultOutputID=38a81cfbfea3aff4535f506d5902678b DependenciesID=4bfc90abdfbc011f59f13c72e632df5b StaticDependenciesID=184c222fe924e21bef11afacc567aa65 
Importing 'GUID: 1cdb22b8d7ceee34ca2eaf46eeb1976b - Path: Packages/com.unity.xr.arfoundation/Runtime/ARSubsystems/Input' with importer (DefaultImporter)
Imported 'GUID: 1cdb22b8d7ceee34ca2eaf46eeb1976b' -> (Import Result ID: '982e5cf6540db3dd501c32f09b9e625f') in 0.001 seconds [static dependencies only]. Details - ImportResultOutputID=58c5ff443874ca2b2dd22269567d0fb6 DependenciesID=5425d7a3e88b36f8739b0c599baf076f StaticDependenciesID=55671f7bd1b73473a2d1f8ab2912e7be 
Importing 'GUID: 3c6ccb5daceca48bab8f33eb9e509734 - Path: Packages/com.unity.xr.arfoundation/Tests/Editor/XRSimulation' with importer (DefaultImporter)
Imported 'GUID: 3c6ccb5daceca48bab8f33eb9e509734' -> (Import Result ID: '9c741d57a0e6c914b0740ab885c47e96') in 0.001 seconds [static dependencies only]. Details - ImportResultOutputID=691e0a89277b0621995e4354a7196fae DependenciesID=b9ace09080fd6a8ef0d11b9a90848900 StaticDependenciesID=a0b7ae52cd21c1f4b6e0837886d8e6c6 
Importing 'GUID: 4c784d820354d455f9061b21127468b2 - Path: Packages/com.unity.xr.core-utils/Tests/Runtime/Scenes' with importer (DefaultImporter)
Imported 'GUID: 4c784d820354d455f9061b21127468b2' -> (Import Result ID: 'd73e27f38bad3d5fa9d82fd94f335ec1') in 0.001 seconds [static dependencies only]. Details - ImportResultOutputID=530ad514daf0688f854c03f9cf3047b6 DependenciesID=44d712d7f1f3c545fe396a5a02630bca StaticDependenciesID=90f1da762ce863766e921213cf436c39 
Importing 'GUID: 5c5854129a556b647bd0d59271b18580 - Path: Packages/com.unity.xr.arfoundation/Runtime/Simulation/Subsystems' with importer (DefaultImporter)
Imported 'GUID: 5c5854129a556b647bd0d59271b18580' -> (Import Result ID: 'cc3be9d215c51abafdaccf00966bd575') in 0.001 seconds [static dependencies only]. Details - ImportResultOutputID=95035306596884a093b7bb2a0d0e4489 DependenciesID=4b52c4123296c1a046aa284b701385a7 StaticDependenciesID=8f02d398db396c0eca4bc102780a6552 
Importing 'GUID: bcb3dcdfe51084a038a04105cfbc70aa - Path: Packages/com.unity.inputsystem/InputSystem/Runtime/Plugins' with importer (DefaultImporter)
Imported 'GUID: bcb3dcdfe51084a038a04105cfbc70aa' -> (Import Result ID: '06df457de0cde1c14d9a9a8e500b32ae') in 0.001 seconds [static dependencies only]. Details - ImportResultOutputID=b35343b74aae63d8b52ed93acef5173f DependenciesID=da2082d35abbb321aaf1f9f33f6bd741 StaticDependenciesID=1d86b4ef10ffca2b1dace0d55e4edf44 
Importing 'GUID: bcff3f2833bb241549d7b4be7dddc1de - Path: Packages/com.unity.inputsystem/InputSystem/Editor/Actions' with importer (DefaultImporter)
Imported 'GUID: bcff3f2833bb241549d7b4be7dddc1de' -> (Import Result ID: 'ffea1f6f77ef95d1b320c700a68c4f0e') in 0.001 seconds [static dependencies only]. Details - ImportResultOutputID=9860f78ab29de33c54dddc069aa0cbca DependenciesID=dd143dabea0f63ad3e25214b8d788b64 StaticDependenciesID=6e1629fd7b265f0d5d76502f3feee9e6 
Importing 'GUID: dce36297a61ee468f92d0fe7f7e28441 - Path: Packages/com.unity.inputsystem/InputSystem/Editor/Controls' with importer (DefaultImporter)
Imported 'GUID: dce36297a61ee468f92d0fe7f7e28441' -> (Import Result ID: '7a94bc58e46efddd52a4931e5157055d') in 0.001 seconds [static dependencies only]. Details - ImportResultOutputID=8d97828211d734317430d7b35fd2cb7b DependenciesID=34019635af014cfb321a2e0b6e755ce8 StaticDependenciesID=8ac3edc1d790cf7f733a923ded04659a 
Importing 'GUID: dc68255ffd5e54e389473dc518aabcb0 - Path: Packages/com.unity.xr.arfoundation/Runtime/ARFoundation/Utils' with importer (DefaultImporter)
Imported 'GUID: dc68255ffd5e54e389473dc518aabcb0' -> (Import Result ID: 'f1609cffeee846aa34f3dc1e4afa88a5') in 0.001 seconds [static dependencies only]. Details - ImportResultOutputID=60f456cbc5def07f02440a6af7599d48 DependenciesID=79720380a98347d6d0f304b4c10f2299 StaticDependenciesID=d858fbfc166f9b89356ffc3848c7f235 
Importing 'GUID: ec3e350cbafe2804aa5efec0909662f5 - Path: Packages/com.unity.xr.arfoundation/Runtime/Simulation/Analytics' with importer (DefaultImporter)
Imported 'GUID: ec3e350cbafe2804aa5efec0909662f5' -> (Import Result ID: '6c1b4557125b4e0935303cd1ef413d30') in 0.001 seconds [static dependencies only]. Details - ImportResultOutputID=bbee156c97f63c6056a1eacf42ab899c DependenciesID=dee769fd137977f5f1233df0ede3157d StaticDependenciesID=245f72cbe328c80990551fd2526253a3 
Importing 'GUID: 0dd81b8c580b34df3a26e42e99e30c58 - Path: Packages/com.unity.xr.arfoundation/Runtime/ARFoundation/Images' with importer (DefaultImporter)
Imported 'GUID: 0dd81b8c580b34df3a26e42e99e30c58' -> (Import Result ID: 'ea125eb10144ab9b5d68d1a8de59ec65') in 0.001 seconds [static dependencies only]. Details - ImportResultOutputID=dab723daa1a6fefc9721cd51a8b18fbd DependenciesID=b3ee934a0a45bcfe193fc9c0b0bad0af StaticDependenciesID=5b58e9962bdbe4e69733518bb45534f7 
Importing 'GUID: 3ddaad49a7bcb4087b403f2225d54840 - Path: Packages/com.unity.ugui/Tests/Editor/TMP' with importer (DefaultImporter)
Imported 'GUID: 3ddaad49a7bcb4087b403f2225d54840' -> (Import Result ID: '86f998f82984b95d03c06167ff2b4ca5') in 0.001 seconds [static dependencies only]. Details - ImportResultOutputID=09f3672032e2b756467bd1b8888c220c DependenciesID=40ec637a46a47a9c605d0d663c9ec62b StaticDependenciesID=8783cbfd387883268781d3731efb8a7f 
Importing 'GUID: 4dc89088b67654c86810b41295276666 - Path: Packages/com.unity.inputsystem/InputSystem/Editor/Icons' with importer (DefaultImporter)
Imported 'GUID: 4dc89088b67654c86810b41295276666' -> (Import Result ID: '30e0407fa6db18c4ba56e3ed531ad226') in 0.001 seconds [static dependencies only]. Details - ImportResultOutputID=68af24351196ca9337f7a7da890acacc DependenciesID=e463a8983b9f67cfc404643d5345bccd StaticDependenciesID=29fc86737e6bc87da20f146d05545a8e 
Importing 'GUID: 9d7486ba41233414a9ed80716a544026 - Path: Packages/com.unity.inputsystem/InputSystem/Editor/AssetImporter' with importer (DefaultImporter)
Imported 'GUID: 9d7486ba41233414a9ed80716a544026' -> (Import Result ID: '91d4d4bf4e4d1abd5862f7f792ff44db') in 0.001 seconds [static dependencies only]. Details - ImportResultOutputID=bb33d7443d669375821dadb6274371e8 DependenciesID=34e6eef0943240e835a6ade5041e6934 StaticDependenciesID=e3426c5fcdfb4addaf540fb9576831e9 
Importing 'GUID: bd28778dc5884685ae673d4cbea2a1ef - Path: Packages/com.unity.xr.arfoundation/Runtime/ARFoundation/Occlusion' with importer (DefaultImporter)
Imported 'GUID: bd28778dc5884685ae673d4cbea2a1ef' -> (Import Result ID: '62cd0275307fe87334d64154e72b9a51') in 0.001 seconds [static dependencies only]. Details - ImportResultOutputID=1be5695cd3e6ed904e4cfa3d289b3238 DependenciesID=c31c3b9d7b50cc2234a5d2ea11bd283d StaticDependenciesID=cda3a39a0027f3bd980dfd4ebb728512 
Importing 'GUID: bd293de081caa442dae1595e4c7a6773 - Path: Packages/com.unity.inputsystem/InputSystem/Editor/DeviceSimulator' with importer (DefaultImporter)
Imported 'GUID: bd293de081caa442dae1595e4c7a6773' -> (Import Result ID: '0aac78bfe456c3d39b283c0c4a59f28f') in 0.001 seconds [static dependencies only]. Details - ImportResultOutputID=ea61bcc8f625177b8d9712164e561603 DependenciesID=7fed9e9a16da242bc17361c6912732ff StaticDependenciesID=525cc9855c698094336bff3ce339a2eb 
Importing 'GUID: cd9c8fc1c8d64d54ab1e22aae9678d84 - Path: Packages/com.unity.ugui/Tests/Editor/Common' with importer (DefaultImporter)
Imported 'GUID: cd9c8fc1c8d64d54ab1e22aae9678d84' -> (Import Result ID: '20948fb9776fae3c9b467683d942bb49') in 0.001 seconds [static dependencies only]. Details - ImportResultOutputID=0d0e7404c505268944fbca5095487151 DependenciesID=7e74166c67256b50b90aa4ef99711fbe StaticDependenciesID=d78b6ba1d9967af4f20ad4ed719fb7b7 
Importing 'GUID: 4ee91bce8ad984bd1b0e8f817dd7ab84 - Path: Packages/com.unity.xr.arfoundation/Editor/Simulation/Analytics' with importer (DefaultImporter)
Imported 'GUID: 4ee91bce8ad984bd1b0e8f817dd7ab84' -> (Import Result ID: '57f30dbb86f91b700b1c418f51358045') in 0.001 seconds [static dependencies only]. Details - ImportResultOutputID=56386e47dbdffebbca07d84264285c41 DependenciesID=e72eb01c45c9bfa468533e83b514cb16 StaticDependenciesID=69e7273b5276b4eee2d94e0f9a8d0e5c 
Importing 'GUID: 5e9f162077efb1f47999f145871d9097 - Path: Packages/com.unity.xr.core-utils/Runtime/CapabilityProfile/Dictionary' with importer (DefaultImporter)
Imported 'GUID: 5e9f162077efb1f47999f145871d9097' -> (Import Result ID: 'ae091715d8b9b81bf46e58f2c3ddb9fc') in 0.001 seconds [static dependencies only]. Details - ImportResultOutputID=0d6cdc901ea802e3fa0666eae0b5d05b DependenciesID=08a71d771be87d08bd1d5dc1317cf662 StaticDependenciesID=f8f071eba1a28f48109b53185af21ffe 
Importing 'GUID: 7ebb72c361215e847825cb9b0a224f95 - Path: Packages/com.unity.xr.core-utils/Editor/Analytics/CoreUtilsAnalytics' with importer (DefaultImporter)
Imported 'GUID: 7ebb72c361215e847825cb9b0a224f95' -> (Import Result ID: '1111e07fd857dfee3ee917ca07626dd0') in 0.001 seconds [static dependencies only]. Details - ImportResultOutputID=4ab623a4e8221b8b2f15d3f82e7be893 DependenciesID=0df3f2fc17393079fb8bdb20f9f45486 StaticDependenciesID=6706f2960988b313e447c68f5cb4d864 
Importing 'GUID: 9ed193f78c6b9bd48a4717dab2c1d1ff - Path: Packages/com.unity.xr.arfoundation/Runtime/Simulation/Environment' with importer (DefaultImporter)
Imported 'GUID: 9ed193f78c6b9bd48a4717dab2c1d1ff' -> (Import Result ID: 'c49c84ed1f63408f5602d710eda3804b') in 0.001 seconds [static dependencies only]. Details - ImportResultOutputID=b3d8ffafa5afc14b85e8c6bdfca7c6fc DependenciesID=90449618c5f2a251624553d0619e3815 StaticDependenciesID=ce3768ff3ebe7914ad72f0ce52ee6032 
Importing 'GUID: aed488b8737f941daab6d8b230ce7229 - Path: Packages/com.unity.xr.arfoundation/Runtime/ARFoundation/Markers' with importer (DefaultImporter)
Imported 'GUID: aed488b8737f941daab6d8b230ce7229' -> (Import Result ID: '58c0bf87fa50c79cc79b49fbfde34c21') in 0.001 seconds [static dependencies only]. Details - ImportResultOutputID=a928c00005889fc62d598a998efa910b DependenciesID=89f223294438c02ca63077b867375a6f StaticDependenciesID=e441f870218938c6eb51de45ef4eb501 
Importing 'GUID: eecc124dc0b994047aac97ccf8c8ed0a - Path: Packages/com.unity.ugui/Editor/TMP/HDRP' with importer (DefaultImporter)
Imported 'GUID: eecc124dc0b994047aac97ccf8c8ed0a' -> (Import Result ID: '4eaa04270042ae16538281706fa374e2') in 0.001 seconds [static dependencies only]. Details - ImportResultOutputID=14d3a5f20adbc7445c4525f8fcb73ab4 DependenciesID=577c658a00e1ac9494af49baab489961 StaticDependenciesID=fdc3c3b6fc6511db2e1bc4554a5b9e76 
Importing 'GUID: 6f84035c3f06d45ba962495ae76d0ed8 - Path: Packages/com.unity.xr.arfoundation/Runtime/ARFoundation/BoundingBoxes' with importer (DefaultImporter)
Imported 'GUID: 6f84035c3f06d45ba962495ae76d0ed8' -> (Import Result ID: 'a0c10d7423d41bf9a65af88f6f317814') in 0.001 seconds [static dependencies only]. Details - ImportResultOutputID=ce8036d6a4c6c8716f9cde86761dfbe2 DependenciesID=0d1a994eb181178198b6b5ed44273236 StaticDependenciesID=e588ddc71348a6fe61277d363343ac26 
Importing 'GUID: 7f27709c942d91541be1fd6aa5cb3d78 - Path: Packages/com.unity.ugui/Runtime/UGUI/EventSystem' with importer (DefaultImporter)
Imported 'GUID: 7f27709c942d91541be1fd6aa5cb3d78' -> (Import Result ID: '5fa458fd0836459d088658e31ab65d21') in 0.001 seconds [static dependencies only]. Details - ImportResultOutputID=acac830162be810f328023d2d62ddad8 DependenciesID=0027d2c8fa337e4dde0148ef08e460a7 StaticDependenciesID=dc702dab303b1e3c2e4188dd9189fd18 
Importing 'GUID: 9f4210107c0cb4cdba8853e3c7a14f7a - Path: Packages/com.unity.xr.arcore/Tests/Editor/Assets' with importer (DefaultImporter)
Imported 'GUID: 9f4210107c0cb4cdba8853e3c7a14f7a' -> (Import Result ID: '44bc3a60b98f1268ce70b8f429dddbbc') in 0.001 seconds [static dependencies only]. Details - ImportResultOutputID=cefe4aa0da821ca0d7b01c03752040be DependenciesID=4994f3f1be7fd4eeebae471160a2360a StaticDependenciesID=12744de2dc64a253f9e07248878f238a 
Importing 'GUID: cf97e54bcd5479a46bdbade48da047cc - Path: Packages/com.unity.ugui/Editor/UGUI/Properties' with importer (DefaultImporter)
Imported 'GUID: cf97e54bcd5479a46bdbade48da047cc' -> (Import Result ID: '1e693794e18852b14ae51e44222a82f5') in 0.001 seconds [static dependencies only]. Details - ImportResultOutputID=5d3f77239bff121229cf5c31b986881a DependenciesID=02e0b64e257f36d84bb922db5b0d8454 StaticDependenciesID=60860d85e63f35f9423f38c19e973902 
Importing 'GUID: 1091bc2ad06e3234aac2b2fa2841c09d - Path: Packages/com.unity.ugui/Tests/Runtime/UGUI/Image' with importer (DefaultImporter)
Imported 'GUID: 1091bc2ad06e3234aac2b2fa2841c09d' -> (Import Result ID: 'ca86c05bd3360ab5d936ff062633359c') in 0.001 seconds [static dependencies only]. Details - ImportResultOutputID=772529048520a7440e4ad37180880f1c DependenciesID=6fe48ce7f7d09a749926244b4a367aa2 StaticDependenciesID=d79be942104491cee4d671fbd627d480 
Importing 'GUID: 305ca32be1aa5504aa182f583895dfe4 - Path: Packages/com.unity.ugui/Tests/Editor/UGUI/RectMask2D' with importer (DefaultImporter)
Imported 'GUID: 305ca32be1aa5504aa182f583895dfe4' -> (Import Result ID: '8f5c0538332136079575ead9209977b6') in 0.001 seconds [static dependencies only]. Details - ImportResultOutputID=d73035c86cc096d7ad810645123c403d DependenciesID=89d21b75232b89ee68543420782c9821 StaticDependenciesID=073cae0e5496d229e1ba9c098d149cb1 
Importing 'GUID: 80f13ca010bb8b94c8ba3e12c0cb4420 - Path: Packages/com.unity.xr.core-utils/Editor/CapabilityProfile/Dictionary/Drawers' with importer (DefaultImporter)
Imported 'GUID: 80f13ca010bb8b94c8ba3e12c0cb4420' -> (Import Result ID: '38a60749bc96b9e4e577b386b36e2c77') in 0.001 seconds [static dependencies only]. Details - ImportResultOutputID=3595b9c53a6b633b38561e3e7fbb68ff DependenciesID=72369b549361cfe920e8e612ad096972 StaticDependenciesID=0d80e5a6db86f093356bd377b370928b 
Importing 'GUID: f027141a193544959a71baea4a57d3f7 - Path: Packages/com.unity.inputsystem/InputSystem/Editor/Plugins/OnScreen' with importer (DefaultImporter)
Imported 'GUID: f027141a193544959a71baea4a57d3f7' -> (Import Result ID: '03501d377b74442ebd1d3ab7a0f942cb') in 0.001 seconds [static dependencies only]. Details - ImportResultOutputID=4c9a99d8cb10d5edc989e4e0487e8b1a DependenciesID=2244bd3f7f8f69525eb946e695617fe0 StaticDependenciesID=e0e8391b3bd29c0f6b0dfa6ea3ee0203 
Importing 'GUID: 216c127eaf754e6bb862395a14dd684c - Path: Packages/com.unity.xr.arfoundation/Runtime/Simulation/Plugins/windows-arm64' with importer (DefaultImporter)
Imported 'GUID: 216c127eaf754e6bb862395a14dd684c' -> (Import Result ID: 'd447556552fb5aead31c80a8e0b26f0e') in 0.001 seconds [static dependencies only]. Details - ImportResultOutputID=3720e6893af2adb229b2c46265f47274 DependenciesID=1b310caa5cbca0e22ee4a2b872ac01c4 StaticDependenciesID=b412591db886915155ff04234bcb6f14 
Importing 'GUID: b102955bf08484d24b9122abab95b9fc - Path: Packages/com.unity.inputsystem/InputSystem/Runtime/Plugins/Users' with importer (DefaultImporter)
Imported 'GUID: b102955bf08484d24b9122abab95b9fc' -> (Import Result ID: 'b7c6a7e803a2bd4475523189d7afca71') in 0.001 seconds [static dependencies only]. Details - ImportResultOutputID=f62586cb78cc00b0c69eabd02649e758 DependenciesID=ec86ce55ebdec8d88017e0dafc9e0981 StaticDependenciesID=8ba5456633066deba5c8323677040d0a 
Importing 'GUID: c16c54fe03afb5740bcc0a2a295cb79d - Path: Packages/com.unity.ugui/Tests/Editor/UGUI/InputField' with importer (DefaultImporter)
Imported 'GUID: c16c54fe03afb5740bcc0a2a295cb79d' -> (Import Result ID: 'e39889565896ffef157df0d6adc3dfd7') in 0.001 seconds [static dependencies only]. Details - ImportResultOutputID=2e87704a5e94d7751c53551396781cdf DependenciesID=3c6260de6bc2ce90dc7f7324674ecd4d StaticDependenciesID=c92b86f3cb84d04ad526f6a26d768bcc 
Importing 'GUID: 0210636210b964e4cb07b817e5ce6481 - Path: Packages/com.unity.inputsystem/InputSystem/Editor/Plugins/iOS' with importer (DefaultImporter)
Imported 'GUID: 0210636210b964e4cb07b817e5ce6481' -> (Import Result ID: '65b5566d46759b8e9da9543ca2bc4493') in 0.001 seconds [static dependencies only]. Details - ImportResultOutputID=95cdd4a2b236dca44f12edfa79cafab1 DependenciesID=3c9059e754438439c0a5231a38aed187 StaticDependenciesID=1a2df437074e164fe89dcd0efe93e19e 
Importing 'GUID: 12c42068351bb084abde965d725b9887 - Path: Packages/com.unity.ugui/Runtime/UGUI/UI/Core' with importer (DefaultImporter)
Imported 'GUID: 12c42068351bb084abde965d725b9887' -> (Import Result ID: '92822374587055c9470dee411fdd3e39') in 0.001 seconds [static dependencies only]. Details - ImportResultOutputID=50100107e26413729ea0e64b9dd732a9 DependenciesID=9999f1385018a08756297382b543bd1e StaticDependenciesID=b481be13bc84068e451f858521153e1c 
Importing 'GUID: a27b7d2db78661c429e29911c09f8f4c - Path: Packages/com.unity.inputsystem/InputSystem/Runtime/Plugins/Switch' with importer (DefaultImporter)
Imported 'GUID: a27b7d2db78661c429e29911c09f8f4c' -> (Import Result ID: 'c73c1ead07b02ad0812ca13076384291') in 0.001 seconds [static dependencies only]. Details - ImportResultOutputID=a6c5fe43f35842877d0941802724673a DependenciesID=8723ee6a938d0f1ad709a3e266187d5c StaticDependenciesID=54944dc72ddeefff1d5c537f75da793a 
Importing 'GUID: e210c8bf2e9c6514d90a1bd77586af1f - Path: Packages/com.unity.ugui/Tests/Runtime/UGUI/Toggle' with importer (DefaultImporter)
Imported 'GUID: e210c8bf2e9c6514d90a1bd77586af1f' -> (Import Result ID: 'd0cbb6b0e7e51639dd09e3f6f28003b5') in 0.001 seconds [static dependencies only]. Details - ImportResultOutputID=f9f478d966208acda369517e237f1a8b DependenciesID=e7b9973d5b0813ff4df38c7efc009139 StaticDependenciesID=bb261c516012507ddf17a83c82b571e6 
Importing 'GUID: e286fc65ad3d4645b213e71b11e963e4 - Path: Packages/com.unity.inputsystem/InputSystem/Runtime/Devices/Haptics' with importer (DefaultImporter)
Imported 'GUID: e286fc65ad3d4645b213e71b11e963e4' -> (Import Result ID: '9b32a33e94666fc738ec7ec184b8e7cd') in 0.001 seconds [static dependencies only]. Details - ImportResultOutputID=17ef5b1772c614b9d779e960357accd9 DependenciesID=bd037015b3d6c0e0877cb28055f488aa StaticDependenciesID=38df3573202776cba8616930907f4300 
Importing 'GUID: 03672f9d7e73f4134820c35a3cd46a86 - Path: Packages/com.unity.inputsystem/InputSystem/Editor/Plugins/UI' with importer (DefaultImporter)
Imported 'GUID: 03672f9d7e73f4134820c35a3cd46a86' -> (Import Result ID: '69e1db4662c6509785346a1caeadec2b') in 0.001 seconds [static dependencies only]. Details - ImportResultOutputID=72ca6269b5247e140a3b90c4a28511d5 DependenciesID=12c89f0d8d0cd63c45e0db395a2c083e StaticDependenciesID=172901d505dc63fd4d92f51f47ac9693 
Importing 'GUID: 131c4f47312954998bd2a03e22b74113 - Path: Packages/com.unity.xr.arfoundation/Tests/Runtime/ARFoundation/PointCloudSubsystem' with importer (DefaultImporter)
Imported 'GUID: 131c4f47312954998bd2a03e22b74113' -> (Import Result ID: 'dd53b820b4d6b422d2b1f2468fe096e1') in 0.001 seconds [static dependencies only]. Details - ImportResultOutputID=b3e231d7375719842aaf7746c0b28bb0 DependenciesID=4abd88e3d93c5c7e613571cdaed435b0 StaticDependenciesID=346a124672d8983d71f7efba41e0a89d 
Importing 'GUID: 239dd6edc8e5cd14585c03e09e86a747 - Path: Packages/com.unity.ugui/Tests/Runtime/UGUI/Button' with importer (DefaultImporter)
Imported 'GUID: 239dd6edc8e5cd14585c03e09e86a747' -> (Import Result ID: '2feb40cbff3fd7078fcd86b6a8e3c618') in 0.001 seconds [static dependencies only]. Details - ImportResultOutputID=e3c9f1acd4dc825265c979f9da230f6a DependenciesID=9e41ebd42669266f475263224ffe1902 StaticDependenciesID=4465d33724e97338b49e057daff06bc2 
Importing 'GUID: 43b1467da3d29ae4597a733828cdd84a - Path: Packages/com.unity.ugui/Tests/Runtime/UGUI/ScrollBar' with importer (DefaultImporter)
Imported 'GUID: 43b1467da3d29ae4597a733828cdd84a' -> (Import Result ID: '94776161eaa9d8cdc20ad1146055e509') in 0.001 seconds [static dependencies only]. Details - ImportResultOutputID=e182f296e19bb90282900452b159ae44 DependenciesID=01c10a7e78726cf17f951744664182f1 StaticDependenciesID=48ba65521b208bc3d4201a8c3a02bd54 
Importing 'GUID: 8313ea704470a264295ec9e09aec6ebc - Path: Packages/com.unity.ugui/Tests/Runtime/UGUI/Graphic' with importer (DefaultImporter)
Imported 'GUID: 8313ea704470a264295ec9e09aec6ebc' -> (Import Result ID: '935f40a83ee0a7cc0c2c0bb5aa352e3e') in 0.001 seconds [static dependencies only]. Details - ImportResultOutputID=b2d40ba865db2bc96b98695d8c711298 DependenciesID=b5e7bed34d92fc1fa4a6ce9c843d13e4 StaticDependenciesID=a963257744c8e9fa25d72d40da4eacaf 
Importing 'GUID: a3e712d7ab2114ca4960246b0d5e6215 - Path: Packages/com.unity.inputsystem/InputSystem/Runtime/Plugins/Steam' with importer (DefaultImporter)
Imported 'GUID: a3e712d7ab2114ca4960246b0d5e6215' -> (Import Result ID: '80aeed04c57bec894e42b0de9d11571f') in 0.001 seconds [static dependencies only]. Details - ImportResultOutputID=1a93ff5491491570b06a04cbf6ed2c05 DependenciesID=e32b556d0353f869585891267a41fd4c StaticDependenciesID=a54fa8240f9e0a7c3a4bbb926b735436 
Importing 'GUID: b3cdabf2f1e76854d8aab5930305d70d - Path: Packages/com.unity.ugui/Runtime/UGUI/EventSystem/EventData' with importer (DefaultImporter)
Imported 'GUID: b3cdabf2f1e76854d8aab5930305d70d' -> (Import Result ID: '908888980f12c637b077f782924aaaff') in 0.001 seconds [static dependencies only]. Details - ImportResultOutputID=33eb15a390817b7004db62ed163e0597 DependenciesID=c9a41e4d8b595b630a419c86433b0e50 StaticDependenciesID=6f831293fdc51fd64e90c3a038e68362 
Importing 'GUID: b3be39d9a3c9496a9a619d6dc185f5f3 - Path: Packages/com.unity.inputsystem/InputSystem/Runtime/Devices/Remote' with importer (DefaultImporter)
Imported 'GUID: b3be39d9a3c9496a9a619d6dc185f5f3' -> (Import Result ID: '457d784d54f0596177de6cad08235b99') in 0.001 seconds [static dependencies only]. Details - ImportResultOutputID=9a92e189ee3aa6d7823260564bd3c991 DependenciesID=41c336ce1a2c8194f11f522a7fa47c97 StaticDependenciesID=cf5cfee0d33bd2963355504c3b8599f3 
Importing 'GUID: e30a7951dff1c3a48a7c9a8666a0be16 - Path: Packages/com.unity.xr.arfoundation/Runtime/Simulation/Subsystems/Anchors' with importer (DefaultImporter)
Imported 'GUID: e30a7951dff1c3a48a7c9a8666a0be16' -> (Import Result ID: '6b10b0f1e3010f66e0b2aef49deadfef') in 0.001 seconds [static dependencies only]. Details - ImportResultOutputID=84b616619aff4b7cbe03fd75aae215ef DependenciesID=59b86bfbc1e054b1e5b55d9f15cad7e2 StaticDependenciesID=84a9a94fb5c92048de810cdc1801f2f6 
Importing 'GUID: e37b431b8b93e4719910a045d05ba3cb - Path: Packages/com.unity.inputsystem/InputSystem/Editor/Plugins/InputForUI' with importer (DefaultImporter)
Imported 'GUID: e37b431b8b93e4719910a045d05ba3cb' -> (Import Result ID: 'bdd42cbfcd536f6c9d3f6919acdab06f') in 0.001 seconds [static dependencies only]. Details - ImportResultOutputID=267cdda5793338687082f747769d5cb4 DependenciesID=3069d3c045eaa19c34706ba421b622a2 StaticDependenciesID=73c11cc0c3b71e65c576f663c59b6319 
Importing 'GUID: e38cdda355b6f4f8fb66876f964f570e - Path: Packages/com.unity.inputsystem/InputSystem/Editor/Plugins/HID' with importer (DefaultImporter)
Imported 'GUID: e38cdda355b6f4f8fb66876f964f570e' -> (Import Result ID: 'e19b3d5780c174813cea2cc17aa9f8f1') in 0.001 seconds [static dependencies only]. Details - ImportResultOutputID=28839a80d27c038f998b67e19f4fd95a DependenciesID=ad3789d12c0272cfcd4e70f07bd9592a StaticDependenciesID=5cfd8db8ea195a39ed8397f7b1f2cbf1 
Importing 'GUID: 349f4e4b9c7bba845b1e54ac6182efca - Path: Packages/com.unity.xr.arfoundation/Runtime/ARSubsystems/Common/TrackingSubsystem' with importer (DefaultImporter)
Imported 'GUID: 349f4e4b9c7bba845b1e54ac6182efca' -> (Import Result ID: 'e1b7045c492aa2269709ced7639b60f4') in 0.001 seconds [static dependencies only]. Details - ImportResultOutputID=5758db8c75174af48808f817b05294d6 DependenciesID=3d4cdb36add63bd29393775bf321a689 StaticDependenciesID=bbbfb246afe337eab599c2208f69f48e 
Importing 'GUID: 5472815444de2ce45bf2053a4af04b9d - Path: Packages/com.unity.ugui/Runtime/UGUI/UI/Animation' with importer (DefaultImporter)
Imported 'GUID: 5472815444de2ce45bf2053a4af04b9d' -> (Import Result ID: '394703ad3db363849cf3974bbb5870b4') in 0.001 seconds [static dependencies only]. Details - ImportResultOutputID=e0662241a083201a8870e88195309fda DependenciesID=51643b4391bbdce170b62e238a286cf1 StaticDependenciesID=0d15d66c53e3f46500d8496a3c8f6d62 
Importing 'GUID: 84ba8e63f115487ca072084bbebf0e55 - Path: Packages/com.unity.inputsystem/InputSystem/Runtime/Devices/Commands' with importer (DefaultImporter)
Imported 'GUID: 84ba8e63f115487ca072084bbebf0e55' -> (Import Result ID: 'bcfb0dc64e495ba4bb0cfd47fac31de2') in 0.001 seconds [static dependencies only]. Details - ImportResultOutputID=e7063a8d69d9445ed83188b417fabb42 DependenciesID=c0c5e9d6663e5215648738029f8c2f0d StaticDependenciesID=9e54c36a514f1cce61466d0fbb117e5e 
Importing 'GUID: d4077c3b095df48b798c97c694ffd684 - Path: Packages/com.unity.inputsystem/InputSystem/Runtime/Plugins/WebGL' with importer (DefaultImporter)
Imported 'GUID: d4077c3b095df48b798c97c694ffd684' -> (Import Result ID: '209a0231e7ee2453a520f3a9ee108ee1') in 0.001 seconds [static dependencies only]. Details - ImportResultOutputID=bff5b21269608f21df2487b51c19a780 DependenciesID=a7cf3576d973ded766f90816894aca2c StaticDependenciesID=d85f636d3e0ea88c85717e27b4ab221e 
Importing 'GUID: e4bf910aee5784821a3ebd59e4cdac79 - Path: Packages/com.unity.inputsystem/InputSystem/Editor/Actions/Interactions' with importer (DefaultImporter)
Imported 'GUID: e4bf910aee5784821a3ebd59e4cdac79' -> (Import Result ID: 'b0205cafd7f0aadef80b752c7ab82e99') in 0.001 seconds [static dependencies only]. Details - ImportResultOutputID=1a260fee07a71b0ca4cb470c6c13c5e5 DependenciesID=3e9715398593714ddab73b307fc25b9e StaticDependenciesID=1d295e2ac4a02a0de553aab101a9bf37 
Importing 'GUID: 850af9f3bf6d14143baf2ecfbf25db52 - Path: Packages/com.unity.ugui/Tests/Runtime/UGUI/Slider' with importer (DefaultImporter)
Imported 'GUID: 850af9f3bf6d14143baf2ecfbf25db52' -> (Import Result ID: '3c18d7a360062324a17773a6acaf08d4') in 0.001 seconds [static dependencies only]. Details - ImportResultOutputID=57d22b82fb590c7f764877a8db9c0aa4 DependenciesID=d1a27546923d6c6039b8f000c22d8d2e StaticDependenciesID=ab8a4d23a2949721142fa7ba3705105c 
Importing 'GUID: 95a3b96623aff409fad313b971f84743 - Path: Packages/com.unity.inputsystem/InputSystem/Editor/Plugins/PlayerInput' with importer (DefaultImporter)
Imported 'GUID: 95a3b96623aff409fad313b971f84743' -> (Import Result ID: '4b82d965bdc1c8b89f494a8ba58d2675') in 0.001 seconds [static dependencies only]. Details - ImportResultOutputID=aedaa42632e6b36b0354976ab979ddb7 DependenciesID=93106c11479474c93523d2851339edf3 StaticDependenciesID=d27ee722423be0c4968a093fc1aed7b8 
Importing 'GUID: a50b3258cb19a4ac7b897c13dabccf3e - Path: Packages/com.unity.xr.arfoundation/Tests/Runtime/ARFoundation/AnchorSubsystem' with importer (DefaultImporter)
Imported 'GUID: a50b3258cb19a4ac7b897c13dabccf3e' -> (Import Result ID: '95e328a2285d6fb52afcb3208b06f538') in 0.001 seconds [static dependencies only]. Details - ImportResultOutputID=d3bbbfa6e2e622ced20657e207cdd6ce DependenciesID=8d8da66a67e7ad2cbaea45544fc57152 StaticDependenciesID=7a7d4dddb45dfbe8600970f7109a6f11 
Importing 'GUID: e5769f689f15dce4a9f92aff27659c54 - Path: Packages/com.unity.inputsystem/InputSystem/Runtime/Plugins/Android' with importer (DefaultImporter)
Imported 'GUID: e5769f689f15dce4a9f92aff27659c54' -> (Import Result ID: '799bfeab4186a82b9fd0e2a8c5948d87') in 0.001 seconds [static dependencies only]. Details - ImportResultOutputID=a1b93be074407d50d9ee69c16c8d9f92 DependenciesID=ffd5d896f2c0add9eb9fe9c13511861f StaticDependenciesID=d352e372d8e40790859071f98800a869 
Importing 'GUID: 16c7d1f4783e4042b974149dd463f76e - Path: Packages/com.unity.ugui/Tests/Editor/UGUI/SafeArea' with importer (DefaultImporter)
Imported 'GUID: 16c7d1f4783e4042b974149dd463f76e' -> (Import Result ID: 'b5281d301c559671263d01cfff990cc4') in 0.001 seconds [static dependencies only]. Details - ImportResultOutputID=ae5dab9956bbc504ef73f12ef8acabef DependenciesID=b84461d2918855ef2794f7c3726e44e1 StaticDependenciesID=4577e25787b3f228c8dfe4a5b00b87eb 
Importing 'GUID: 46646a5562f14984690c85ee7b946bc9 - Path: Packages/com.unity.ugui/Runtime/UGUI/EventSystem/Raycasters' with importer (DefaultImporter)
Imported 'GUID: 46646a5562f14984690c85ee7b946bc9' -> (Import Result ID: '5d861ee4b7ca4b92812eb166461ff025') in 0.001 seconds [static dependencies only]. Details - ImportResultOutputID=cb6f60a394751122fe93a214008948bc DependenciesID=410b72eafbb161f4da14307539a0f1ee StaticDependenciesID=e1a78fd2d4d9b1bd3dcb1e9303416a93 
Importing 'GUID: 6600059bab4cd4a4ab586e5bb07df47b - Path: Packages/com.unity.inputsystem/InputSystem/Runtime/Devices/Precompiled' with importer (DefaultImporter)
Imported 'GUID: 6600059bab4cd4a4ab586e5bb07df47b' -> (Import Result ID: '243f9260c4d38280690c2940780456a3') in 0.001 seconds [static dependencies only]. Details - ImportResultOutputID=2d4e6c306e476e428ba9e5a6af05efd5 DependenciesID=41fcbf46a9a84d488f016365ea3e4d13 StaticDependenciesID=a858cea33b0123e550e0a89ed35aa166 
Importing 'GUID: 665321577aaff5344b5a12d626dfcaf7 - Path: Packages/com.unity.inputsystem/InputSystem/Editor/UITKAssetEditor/Commands' with importer (DefaultImporter)
Imported 'GUID: 665321577aaff5344b5a12d626dfcaf7' -> (Import Result ID: '41db90aae740bd671f59eea1ac32d846') in 0.001 seconds [static dependencies only]. Details - ImportResultOutputID=f3d1691fcaf929a6d0de67ebcc324733 DependenciesID=eff02bb6d3d567f19efbae50a2abf04e StaticDependenciesID=01772ccffcc3b5fbd607f4810923af50 
Importing 'GUID: 86dc0bbf857d4352bd83a54f078a69fb - Path: Packages/com.unity.xr.arfoundation/Runtime/Simulation/Plugins/linux' with importer (DefaultImporter)
Imported 'GUID: 86dc0bbf857d4352bd83a54f078a69fb' -> (Import Result ID: '00faff8d7bc2adc3ec30d84c628c6dab') in 0.001 seconds [static dependencies only]. Details - ImportResultOutputID=943e23447bc04beff162c52a373c5342 DependenciesID=01212e0844c6a9b505d3158cabc21a90 StaticDependenciesID=a01126607ea0e837e3eea3f4ae8dd99c 
Importing 'GUID: 96500a17645c67442a0ccdca007e6d28 - Path: Packages/com.unity.inputsystem/InputSystem/Runtime/Plugins/InputForUI' with importer (DefaultImporter)
Imported 'GUID: 96500a17645c67442a0ccdca007e6d28' -> (Import Result ID: 'decea955e2fc9bfa1fffb3537818dc41') in 0.001 seconds [static dependencies only]. Details - ImportResultOutputID=226c2f321847bf4886a2212b5dae0dc7 DependenciesID=a33d8f4844e333b5817326387d63d367 StaticDependenciesID=41c1470bbf6dbbfd01aab1a15ed1dbc9 
Importing 'GUID: a6c6560a0031a467383b9ca63e69948b - Path: Packages/com.unity.xr.arfoundation/Editor/ARFoundation/Analytics/Hooks' with importer (DefaultImporter)
Imported 'GUID: a6c6560a0031a467383b9ca63e69948b' -> (Import Result ID: '9e7377ecce5a11cc2a806af03086ce4e') in 0.001 seconds [static dependencies only]. Details - ImportResultOutputID=ddf75e3f26ed4a8f95f02850e1fee9eb DependenciesID=fa22e8ca9c4436cb4a78638951574be3 StaticDependenciesID=d3e0893159138782db4781a5745e07b5 
Importing 'GUID: a69b08936f9f74179ae333a4bebe7c54 - Path: Packages/com.unity.ugui/Tests/Runtime/UGUI/CanvasRenderer' with importer (DefaultImporter)
Imported 'GUID: a69b08936f9f74179ae333a4bebe7c54' -> (Import Result ID: 'c3b0ce546252fef6fb04f95abef63b62') in 0.001 seconds [static dependencies only]. Details - ImportResultOutputID=4212dc1b5a997e7bc55cba7220df8278 DependenciesID=bb88134582a6c8950ba1d5202a62ba04 StaticDependenciesID=8f75547e61888669a49036740386131b 
Importing 'GUID: b67ddb076aa7b4301b132a1012ba666d - Path: Packages/com.unity.inputsystem/InputSystem/Editor/Plugins/UnityRemote' with importer (DefaultImporter)
Imported 'GUID: b67ddb076aa7b4301b132a1012ba666d' -> (Import Result ID: 'bf6fd9855ad16b1f954d912fb2967f85') in 0.001 seconds [static dependencies only]. Details - ImportResultOutputID=ecd0de7e11b825fb9f0a0323a746aabb DependenciesID=365c323befec9570bcc14b0337b9cc84 StaticDependenciesID=78ad3e7d682097c54d89745b90296eaa 
Importing 'GUID: d6564aa5abc6541f59801df67d9c87fe - Path: Packages/com.unity.xr.arfoundation/Runtime/ARSubsystems/Session/Configuration' with importer (DefaultImporter)
Imported 'GUID: d6564aa5abc6541f59801df67d9c87fe' -> (Import Result ID: '6fe1e942e2de2c265a8d441d996ff23c') in 0.002 seconds [static dependencies only]. Details - ImportResultOutputID=8cab7fd87d8989c700aca85094a1a35a DependenciesID=4c88f56a54dd99e8eded701f561d9dc6 StaticDependenciesID=d0fe3cb2b5a9d2d6c6ec5378ed946d1e 
Importing 'GUID: 472ce4a31295e4f1eb38d08b55758cbf - Path: Packages/com.unity.xr.arfoundation/Runtime/VisualScripting/Units/Events' with importer (DefaultImporter)
Imported 'GUID: 472ce4a31295e4f1eb38d08b55758cbf' -> (Import Result ID: '72e5c995ab92f361dc1058c9596f6e7f') in 0.002 seconds [static dependencies only]. Details - ImportResultOutputID=92ea1a92c58e8493fc4bcfc38601d62d DependenciesID=f5613b34d36abd7874b69cf7396b59da StaticDependenciesID=86692a0c9195be83b8302f6972053327 
Importing 'GUID: 674bcb49f4019404bb8bfd43a597785a - Path: Packages/com.unity.inputsystem/InputSystem/Runtime/Plugins/XInput' with importer (DefaultImporter)
Imported 'GUID: 674bcb49f4019404bb8bfd43a597785a' -> (Import Result ID: '8f9fa692fe85b9cf02cf775d4e2d3162') in 0.001 seconds [static dependencies only]. Details - ImportResultOutputID=fbc5de21a0cb4f13925cec277102a140 DependenciesID=55bde54dcf195ec709e2d146eb2edd6e StaticDependenciesID=5291ec198916a8493271a988cddccc5c 
Importing 'GUID: 87f3250b490f18d498f85044f18389c1 - Path: Packages/com.unity.xr.arfoundation/Runtime/Simulation/Subsystems/Occlusion' with importer (DefaultImporter)
Imported 'GUID: 87f3250b490f18d498f85044f18389c1' -> (Import Result ID: '4d6147a0ac72e9074124c708b5659592') in 0.002 seconds [static dependencies only]. Details - ImportResultOutputID=be31752055e81de1b60de8daecfe3461 DependenciesID=5461a2a8e8f3ad43759a2bd50f29a07f StaticDependenciesID=9981f1f3cb770f06d38381247d1cec06 
Importing 'GUID: 87d4f64e2ea2a4e629e5af6086dd9cf0 - Path: Packages/com.unity.xr.arfoundation/Tests/Runtime/ARFoundation/RaycastSubsystem' with importer (DefaultImporter)
Imported 'GUID: 87d4f64e2ea2a4e629e5af6086dd9cf0' -> (Import Result ID: 'd0c6573d07fffbd47398f58911a32140') in 0.001 seconds [static dependencies only]. Details - ImportResultOutputID=b5b90c9cd3abe71e0104e1b9e377f39d DependenciesID=1e1f42c5b67318205f4a569d9572bb8a StaticDependenciesID=51a3d7ee5d795877a7d62e0f82279bc4 
Importing 'GUID: a71161af1440e4b1fbbefefb3aaffce0 - Path: Packages/com.unity.inputsystem/InputSystem/Runtime/Plugins/HID' with importer (DefaultImporter)
Imported 'GUID: a71161af1440e4b1fbbefefb3aaffce0' -> (Import Result ID: '346dc29b75a0b67b7fc66e84afc20207') in 0.001 seconds [static dependencies only]. Details - ImportResultOutputID=4a9674b203c0cdf0995186f32de869d4 DependenciesID=7e8da88e014fbf9bd56f7ebef9f816a4 StaticDependenciesID=fff1dd7dc33be6ae77919dd178b40d57 
Importing 'GUID: e7689eda3a8b1a847a8b197dbe90d9a6 - Path: Packages/com.unity.ugui/Tests/Editor/UGUI/UI' with importer (DefaultImporter)
Imported 'GUID: e7689eda3a8b1a847a8b197dbe90d9a6' -> (Import Result ID: '145bacba0608864562ccf092d5dc8274') in 0.001 seconds [static dependencies only]. Details - ImportResultOutputID=1ca42600950ef13293b74483fdc072c8 DependenciesID=34771cbf859e8545a3fcd72cefd96fe1 StaticDependenciesID=d1d28d881a27169556f9595f053abcb7 
Importing 'GUID: 4802fac45526240ea97a2f9f819d9060 - Path: Packages/com.unity.xr.arfoundation/Tests/Editor/ARFoundation/MeshSubsystem' with importer (DefaultImporter)
Imported 'GUID: 4802fac45526240ea97a2f9f819d9060' -> (Import Result ID: 'd8756132f3b1820ad01c54b8953ec1b9') in 0.001 seconds [static dependencies only]. Details - ImportResultOutputID=d3f449ae813a814528b87a21003f1f65 DependenciesID=86a31f2ea24dd2de26d7cfbea37571ef StaticDependenciesID=3734767db2fa87faf032147dc2217d13 
Importing 'GUID: 7894838fa258e3a4197077ddbda0eec5 - Path: Packages/com.unity.inputsystem/InputSystem/Editor/UITKAssetEditor/PackageResources' with importer (DefaultImporter)
Imported 'GUID: 7894838fa258e3a4197077ddbda0eec5' -> (Import Result ID: '73ebead672a1e6a1f6a10696d94d54f3') in 0.001 seconds [static dependencies only]. Details - ImportResultOutputID=0232df8dd39d000e085d5199a8f080d2 DependenciesID=1506794e4e461bf39e568c056732b945 StaticDependenciesID=81c04e88a2ccb99511a084ead79317a4 
Importing 'GUID: 98d14ab1acf42df4f88a0561822ac807 - Path: Packages/com.unity.ugui/Tests/Editor/UGUI/EventSystem' with importer (DefaultImporter)
Imported 'GUID: 98d14ab1acf42df4f88a0561822ac807' -> (Import Result ID: '28b3c9c2af9c273b80e18a73bb905773') in 0.001 seconds [static dependencies only]. Details - ImportResultOutputID=7608701975efb5ecedc2d368f2ca3c02 DependenciesID=8bd370bda62b75adda125b4092311f14 StaticDependenciesID=b688eaa829d23d954f9e7d7fedfc1c6a 
Importing 'GUID: b86b117346968ac4d9cc63e4385becb7 - Path: Packages/com.unity.ugui/Tests/Editor/UGUI/Canvas' with importer (DefaultImporter)
Imported 'GUID: b86b117346968ac4d9cc63e4385becb7' -> (Import Result ID: '5d0edd691f418e0aa25ffaf737652b1f') in 0.001 seconds [static dependencies only]. Details - ImportResultOutputID=47c2bd6bc3289b802c2d93ad439600ef DependenciesID=b04388fb0c4edcb5befd1683eb5054bd StaticDependenciesID=d2f60cdf3ce72a44f46ccc8764e2c2af 
Importing 'GUID: c8eaec47e7a8d4e299381fcdaa1b6592 - Path: Packages/com.unity.xr.arfoundation/Runtime/ARFoundation/Common/TrackingSubsystem' with importer (DefaultImporter)
Imported 'GUID: c8eaec47e7a8d4e299381fcdaa1b6592' -> (Import Result ID: 'deff9ece7a07bfd8bf8ca29b987fa0dc') in 0.001 seconds [static dependencies only]. Details - ImportResultOutputID=bddb0888a2b7ad59b98dd5640fa26552 DependenciesID=d6f5235c806d4f99188119583d6e4204 StaticDependenciesID=fad967d0215688cdf3984a1cc47e945f 
Importing 'GUID: 097288e93d94f44438e9ef4dc93f7346 - Path: Packages/com.unity.inputsystem/InputSystem/Runtime/Plugins/XR' with importer (DefaultImporter)
Imported 'GUID: 097288e93d94f44438e9ef4dc93f7346' -> (Import Result ID: '81abbd8873da4097314d992f243a6e5e') in 0.001 seconds [static dependencies only]. Details - ImportResultOutputID=a8f75eb0dd54b6c1c4cd7220daf60a27 DependenciesID=00e2743285b69536ad159f9238d12e19 StaticDependenciesID=ea62bb3665b4bc19fd75a3648508bc99 
Importing 'GUID: 29656219f4bec4af4b3720997e749957 - Path: Packages/com.unity.inputsystem/InputSystem/Editor/Plugins/EnhancedTouch' with importer (DefaultImporter)
Imported 'GUID: 29656219f4bec4af4b3720997e749957' -> (Import Result ID: '29584d191ec2989a12e2c0b06975d3bb') in 0.001 seconds [static dependencies only]. Details - ImportResultOutputID=cb1a32b68ae6a09cd31551539f1b20eb DependenciesID=776b86f568c488a6c5757b487879359c StaticDependenciesID=6a211395a76d3fdbc1714660b3371c6b 
Importing 'GUID: 69dd334ee54c747c38b3317d02c3967a - Path: Packages/com.unity.inputsystem/InputSystem/Runtime/Plugins/UI' with importer (DefaultImporter)
Imported 'GUID: 69dd334ee54c747c38b3317d02c3967a' -> (Import Result ID: '10bee955ae41d3f2b36b70048e8857da') in 0.001 seconds [static dependencies only]. Details - ImportResultOutputID=e7e08a63431245f7267dbdc6bc093a29 DependenciesID=727388a0b8950e74914e10326e121aa7 StaticDependenciesID=8d4f7cd2aa61686c67c66932bbade62e 
Importing 'GUID: 89bc2d7737aac452590a1778afed30ee - Path: Packages/com.unity.xr.arfoundation/Runtime/Simulation/Subsystems/ImageTracking' with importer (DefaultImporter)
Imported 'GUID: 89bc2d7737aac452590a1778afed30ee' -> (Import Result ID: '6fb989681d48e7e0b6fe65e6c3a514bb') in 0.001 seconds [static dependencies only]. Details - ImportResultOutputID=ad2cad0b52f7611bd805454a0f9161f5 DependenciesID=fc3a7725858cd47b43a97d8cd21a9cc5 StaticDependenciesID=33591f6c38295740121a0754689f3def 
Importing 'GUID: a9d3dc17d9fd144f8a25f9dcb60b6fcd - Path: Packages/com.unity.xr.arfoundation/Runtime/Simulation/Subsystems/PointCloud' with importer (DefaultImporter)
Imported 'GUID: a9d3dc17d9fd144f8a25f9dcb60b6fcd' -> (Import Result ID: 'a8fe3e4a931787a3db1fc8978fd0690d') in 0.001 seconds [static dependencies only]. Details - ImportResultOutputID=f1d2a3ff7b09bc3d06d988ac06f59fee DependenciesID=8d4dfb8a6fd31f2f49704bd092bad9fd StaticDependenciesID=ca2dbd46fc66dea4300488700b290a66 
Importing 'GUID: b90e4423894dce34f83bb15a3ba411ba - Path: Packages/com.unity.inputsystem/InputSystem/Runtime/Actions/Interactions' with importer (DefaultImporter)
Imported 'GUID: b90e4423894dce34f83bb15a3ba411ba' -> (Import Result ID: '42ee306a98a92a9186c37712edc8d302') in 0.002 seconds [static dependencies only]. Details - ImportResultOutputID=f2458c9b5862c8b18924aae1555d3129 DependenciesID=2e380c7ff292bcd37743f487b3bc8371 StaticDependenciesID=52761def427813dd3fe931888148261b 
Importing 'GUID: d9a42b4386f714278b7b6b3ea042e246 - Path: Packages/com.unity.xr.arfoundation/Runtime/Simulation/Subsystems/Plane' with importer (DefaultImporter)
Imported 'GUID: d9a42b4386f714278b7b6b3ea042e246' -> (Import Result ID: '0f68f3a43feee251429f471fa2d276df') in 0.001 seconds [static dependencies only]. Details - ImportResultOutputID=3e768839a1fdfd7f843bafecfc545062 DependenciesID=f44c2b3d55056bef8e71cd58f35c9596 StaticDependenciesID=b9d8de10cccb3417ee45c34142bf967c 
Importing 'GUID: e90cc37a5ccf4a44dbecc5b7172ec512 - Path: Packages/com.unity.ugui/Tests/Editor/UGUI/UnityEvent' with importer (DefaultImporter)
Imported 'GUID: e90cc37a5ccf4a44dbecc5b7172ec512' -> (Import Result ID: '2a1dddf8c5218350d63d0c2a5556932c') in 0.001 seconds [static dependencies only]. Details - ImportResultOutputID=293ea98754001b9fa56a6248a75c45fa DependenciesID=53e48aff53990ec9394ca258bce8e6b8 StaticDependenciesID=893095c86d20ed19fce6780c865e3baf 
Importing 'GUID: f923722ef1cb33145b03f35e20f37370 - Path: Packages/com.unity.xr.arfoundation/Runtime/Simulation/Subsystems/Meshing' with importer (DefaultImporter)
Imported 'GUID: f923722ef1cb33145b03f35e20f37370' -> (Import Result ID: '2e916ea89e8d665d9bb1e4df84013d89') in 0.001 seconds [static dependencies only]. Details - ImportResultOutputID=0eddf76dd1507e52433fadaca4b35f74 DependenciesID=47d57493f3e11f4a13830a7997854743 StaticDependenciesID=2d50fcba132f92416bea6d38cbe31580 
Importing 'GUID: 0a40837a6cb5749b69436d6839711335 - Path: Packages/com.unity.inputsystem/InputSystem/Editor/Plugins/Steam' with importer (DefaultImporter)
Imported 'GUID: 0a40837a6cb5749b69436d6839711335' -> (Import Result ID: 'ab182129cab9dc7937d909a2dde39a18') in 0.001 seconds [static dependencies only]. Details - ImportResultOutputID=6b9cb5385f9e0a87d633133c0e9037bd DependenciesID=d53c776a3c83bda795dc5db3fd7d6d18 StaticDependenciesID=c1ec17fdea843d556302f2d2ee3e1dd6 
Importing 'GUID: 1a550fc5a2c14528842fb3f209a2b8dd - Path: Packages/com.unity.xr.arfoundation/Runtime/Simulation/Plugins/macos' with importer (DefaultImporter)
Imported 'GUID: 1a550fc5a2c14528842fb3f209a2b8dd' -> (Import Result ID: '34ad7938013574cf130b482c2dd6a46c') in 0.001 seconds [static dependencies only]. Details - ImportResultOutputID=d9e400081a4e282a100073b5be71e8df DependenciesID=6996edb3a179a5825dd28e7b46bd05e2 StaticDependenciesID=a00ac260e7daca3d78e54df8866aecc8 
Importing 'GUID: 1aa5d403eadbb4c6189869d1065dc401 - Path: Packages/com.unity.xr.arfoundation/Tests/Runtime/ARFoundation/SessionSubsystem' with importer (DefaultImporter)
Imported 'GUID: 1aa5d403eadbb4c6189869d1065dc401' -> (Import Result ID: '61c34a10adc1d0b7728ce6f9909db08d') in 0.001 seconds [static dependencies only]. Details - ImportResultOutputID=78ee9b2897a147b2a6bb4fdf709ad8e7 DependenciesID=204319a906f5849779d7ded0f97144e0 StaticDependenciesID=26820681874e33c72817e20be99013c6 
Importing 'GUID: 1ade60ed33a0d4c309ca0793b9deb5a9 - Path: Packages/com.unity.xr.arfoundation/Tests/Runtime/ARFoundation/PlaneSubsystem' with importer (DefaultImporter)
Imported 'GUID: 1ade60ed33a0d4c309ca0793b9deb5a9' -> (Import Result ID: '9c719c4929407e2c01c58ad51306fe3d') in 0.001 seconds [static dependencies only]. Details - ImportResultOutputID=c40d946e06fb726f4f8a72f21efe0f6e DependenciesID=d417076c1ad33f87ba242ff840871e96 StaticDependenciesID=e7b63f130861c76a0f7a008af3b52582 
Importing 'GUID: 2a28c2fab6b1bb745a844ef6b908e7ee - Path: Packages/com.unity.ugui/Tests/Runtime/UGUI/InputField' with importer (DefaultImporter)
Imported 'GUID: 2a28c2fab6b1bb745a844ef6b908e7ee' -> (Import Result ID: '302d44132da9c0d220b06660b9b94468') in 0.001 seconds [static dependencies only]. Details - ImportResultOutputID=8ea7332793032bb5dfb9fd2c26cfbded DependenciesID=d0544483ce7d5b861984e100b83b3084 StaticDependenciesID=56063d9124d4d50c9a9e9bfbf4f0b34a 
Importing 'GUID: 6ad831300d83840e2867fc6500806509 - Path: Packages/com.unity.xr.arfoundation/Runtime/ARSubsystems/Common/Textures' with importer (DefaultImporter)
Imported 'GUID: 6ad831300d83840e2867fc6500806509' -> (Import Result ID: 'd8e96a10b0b665e5aa479e290a1c3c6a') in 0.001 seconds [static dependencies only]. Details - ImportResultOutputID=020db21117346e2d8be3d1ab471d2322 DependenciesID=e8827430a38955b416a115a0931a52af StaticDependenciesID=4baa88d2fb5a4a1b816bd7e3e12c4eb1 
Importing 'GUID: 6adbf65a53ff9b04990c2116b3e4d5b7 - Path: Packages/com.unity.inputsystem/InputSystem/Runtime/Actions/Composites' with importer (DefaultImporter)
Imported 'GUID: 6adbf65a53ff9b04990c2116b3e4d5b7' -> (Import Result ID: '4aea30fe247910332f73a611fcffdeae') in 0.001 seconds [static dependencies only]. Details - ImportResultOutputID=8a2dec2fbc32049a0681b37dbbbe447a DependenciesID=5e3c7e4d2ecbf717a9b6641ecdcbc09a StaticDependenciesID=485e2567bcd6a7e4fa6916aef29114da 
Importing 'GUID: 9a3557da07c729b4eb774b8e30e157a4 - Path: Packages/com.unity.ugui/Tests/Runtime/UGUI/Canvas' with importer (DefaultImporter)
Imported 'GUID: 9a3557da07c729b4eb774b8e30e157a4' -> (Import Result ID: 'd95f3983fee562214c66d7c793af78f1') in 0.001 seconds [static dependencies only]. Details - ImportResultOutputID=0ab99d96296b64bf2229c22a9bdc1eb7 DependenciesID=bfca3084f73fc9453d13aaff95fdff75 StaticDependenciesID=055cb8e108b1a184ab8a94ca846e0ea9 
Importing 'GUID: bae197be297529d4fa735fbe7c91828d - Path: Packages/com.unity.ugui/Tests/Runtime/UGUI/Dropdown' with importer (DefaultImporter)
Imported 'GUID: bae197be297529d4fa735fbe7c91828d' -> (Import Result ID: '042a7e8258c157d7c3856db5fa853f5f') in 0.001 seconds [static dependencies only]. Details - ImportResultOutputID=36a0935bf8759e757450e1558245f79c DependenciesID=3964d5a4f5cfdbdb0dab890285e454c0 StaticDependenciesID=c40caf89477f63454e9c99de58de998c 
Importing 'GUID: ea65eddf43398654fa32b724723c71a4 - Path: Packages/com.unity.inputsystem/InputSystem/Runtime/Plugins/OSX' with importer (DefaultImporter)
Imported 'GUID: ea65eddf43398654fa32b724723c71a4' -> (Import Result ID: '551899c74d8b7a49da93b4c44da22297') in 0.001 seconds [static dependencies only]. Details - ImportResultOutputID=24835322ebfe8bad45d83104865526fa DependenciesID=973431506d76d40cac31c4a1f10c659b StaticDependenciesID=53355c399ae694a33fdc51c72ba8b1b4 
Importing 'GUID: 2bc8a181dfd9de24388de89bb8db7713 - Path: Packages/com.unity.ugui/Tests/Runtime/UGUI/MaskClipping' with importer (DefaultImporter)
Imported 'GUID: 2bc8a181dfd9de24388de89bb8db7713' -> (Import Result ID: 'd12c22933fd1e3b0ebca7f32870c6836') in 0.001 seconds [static dependencies only]. Details - ImportResultOutputID=824dbfacf42486762ae0e8e47478d568 DependenciesID=60cd9a319b11cc4c3f66bef5ca26326c StaticDependenciesID=c57a88fe06875f024836c21aa1a93a25 
Importing 'GUID: 5b630b769a2a8aa499ce2d2093f40500 - Path: Packages/com.unity.inputsystem/InputSystem/Editor/ControlPicker/Layouts' with importer (DefaultImporter)
Imported 'GUID: 5b630b769a2a8aa499ce2d2093f40500' -> (Import Result ID: '93cd9f5e91716580065d40b3b8ef0a1b') in 0.001 seconds [static dependencies only]. Details - ImportResultOutputID=658bbbed54c9194781be37a5676690d7 DependenciesID=12b9a8dac82496bf400cf23e6976c91d StaticDependenciesID=dd3b75b496547d4678bb4bad9d2d2248 
Importing 'GUID: 9bedab6f9886aee42b33e424bffdb640 - Path: Packages/com.unity.ugui/Tests/Runtime/UGUI/ScrollRect' with importer (DefaultImporter)
Imported 'GUID: 9bedab6f9886aee42b33e424bffdb640' -> (Import Result ID: '50ee513cd99a5651e78e255acef93b5d') in 0.001 seconds [static dependencies only]. Details - ImportResultOutputID=452ef99a32d1d475ebd965e4c1416b60 DependenciesID=2056e36380cb5ceb3855b590a2d212e1 StaticDependenciesID=36d01f46f1546e9aa86e71fac20816b8 
Importing 'GUID: ab93e1a81defc3243a6e9cd0df3cb443 - Path: Packages/com.unity.ugui/Tests/Runtime/UGUI/EventSystem' with importer (DefaultImporter)
Imported 'GUID: ab93e1a81defc3243a6e9cd0df3cb443' -> (Import Result ID: '19b986781f9205277ba2d47d16a57048') in 0.001 seconds [static dependencies only]. Details - ImportResultOutputID=60f18c998610bdbb79a7a0c99e9c00bd DependenciesID=ce90cd145b3edd35a5bd1682ed42fa7b StaticDependenciesID=4b3eb4d2c1b77c818bb0e9182536b267 
Importing 'GUID: cbe74d5481cd4621a471410411cbdedb - Path: Packages/com.unity.xr.arfoundation/Runtime/ARFoundation/Common/Textures' with importer (DefaultImporter)
Imported 'GUID: cbe74d5481cd4621a471410411cbdedb' -> (Import Result ID: '5a69496e540be1beefdfd5fb29dc7f9f') in 0.001 seconds [static dependencies only]. Details - ImportResultOutputID=547f6f127a41d167e7d94a374cacf8d9 DependenciesID=3573319e86945fa0e1eb365ab8da56c6 StaticDependenciesID=690440710b551f0dd8850ac4192cac7d 
Importing 'GUID: eb7e44c5cec24463ab95d52834898a3b - Path: Packages/com.unity.ugui/Tests/Runtime/UGUI/RawImage' with importer (DefaultImporter)
Imported 'GUID: eb7e44c5cec24463ab95d52834898a3b' -> (Import Result ID: 'e2fb30e59f7cca9a4316a7ff217f4bca') in 0.001 seconds [static dependencies only]. Details - ImportResultOutputID=cfacd570a4cfd393330c0e243a249afc DependenciesID=2f18145f0c39e4ac81b76cd5b5ffca63 StaticDependenciesID=44d83e43968a92f6abc9d42c1f8585cb 
Importing 'GUID: 1c597fa0f94a3d54b9c0e85f56e5f821 - Path: Packages/com.unity.inputsystem/InputSystem/Runtime/Plugins/Linux' with importer (DefaultImporter)
Imported 'GUID: 1c597fa0f94a3d54b9c0e85f56e5f821' -> (Import Result ID: 'a2d9b20f21f2bbf0f45130e2a00e47f1') in 0.001 seconds [static dependencies only]. Details - ImportResultOutputID=1bfa82893f0ae8165dcbeb0ed07fa221 DependenciesID=dfd24dcb55a6d8c09c72f6f342add2ea StaticDependenciesID=79003702bf7ed69bbd085d204c60ae6c 
Importing 'GUID: 1cccd07fcea7f491793d4e7a5adc17a2 - Path: Packages/com.unity.inputsystem/InputSystem/Runtime/Plugins/PlayerInput' with importer (DefaultImporter)
Imported 'GUID: 1cccd07fcea7f491793d4e7a5adc17a2' -> (Import Result ID: '1429af425c47e87d15031eb694f105f3') in 0.001 seconds [static dependencies only]. Details - ImportResultOutputID=f3ce05a860383f5fac4b5d73442148b1 DependenciesID=c53abf9a900648fc9381b2ada7c9038c StaticDependenciesID=070763b0c68a7c2a96f328032ea7e10c 
Importing 'GUID: 4cfe5ade9a1375e40aed87618b92bd12 - Path: Packages/com.unity.ugui/Tests/Editor/UGUI/Slider' with importer (DefaultImporter)
Imported 'GUID: 4cfe5ade9a1375e40aed87618b92bd12' -> (Import Result ID: '0f49070f7278d21779aafab8015f7a7b') in 0.001 seconds [static dependencies only]. Details - ImportResultOutputID=4a7ea0a159e4fd397fefbacef85013ef DependenciesID=37ac6972afa7d808eb779abd4af591f4 StaticDependenciesID=7b56a3c35148d580dd9b66c79fcdf1e6 
Importing 'GUID: 5c279d37d86d24255abd007f5c74ead5 - Path: Packages/com.unity.xr.arfoundation/Tests/Runtime/ARFoundation/CameraSubsystem' with importer (DefaultImporter)
Imported 'GUID: 5c279d37d86d24255abd007f5c74ead5' -> (Import Result ID: '81975045442faa8f07648f59bd006077') in 0.001 seconds [static dependencies only]. Details - ImportResultOutputID=f6fd3e37e460ef79fab653f1fcc787d5 DependenciesID=36696d8c004e1ef7749ef8f239723948 StaticDependenciesID=61c0a5551f360a6102c384554267c6d2 
Importing 'GUID: 5cdea6ae28e4a4b6ca0bb7506f88764c - Path: Packages/com.unity.inputsystem/InputSystem/Editor/Internal/AdvancedDropdown' with importer (DefaultImporter)
Imported 'GUID: 5cdea6ae28e4a4b6ca0bb7506f88764c' -> (Import Result ID: '4bf90893cb8a034fbe45b6ef199dd7b0') in 0.001 seconds [static dependencies only]. Details - ImportResultOutputID=06c7bc6926957c564d8612459cd6cc53 DependenciesID=0674b05f93e8345596da5599db211ce4 StaticDependenciesID=82e564d9107258e652e3edda78dd0c0d 
Importing 'GUID: 7c2436c85b7474a8785491f9d048d4ad - Path: Packages/com.unity.xr.arfoundation/Editor/Simulation/Analytics/Hooks' with importer (DefaultImporter)
Imported 'GUID: 7c2436c85b7474a8785491f9d048d4ad' -> (Import Result ID: 'bf2448b35c79cc88f43dc7c519559820') in 0.001 seconds [static dependencies only]. Details - ImportResultOutputID=0b01f98619ec31995c901f3bb15e35b2 DependenciesID=3eb92462e2b205ec7b127229a14d81d9 StaticDependenciesID=a602d7dfba29aef78e1ca4163b8cfd4e 
Importing 'GUID: bc81b5584f1204226a7bee3cd772ef6b - Path: Packages/com.unity.xr.arfoundation/Runtime/Simulation/Subsystems/Raycast' with importer (DefaultImporter)
Imported 'GUID: bc81b5584f1204226a7bee3cd772ef6b' -> (Import Result ID: 'a8e7b73985e097e40ba48123a4a96d7d') in 0.001 seconds [static dependencies only]. Details - ImportResultOutputID=64e001ff460392ff288469a3db3a71c1 DependenciesID=b24d3dedc1c170b8cb1880ff54a8772b StaticDependenciesID=d095be8d214cc2de006e267d40997978 
Importing 'GUID: bc9aa6d5a7945f34882c442e9e201537 - Path: Packages/com.unity.ugui/Editor/UGUI/UI/PropertyDrawers' with importer (DefaultImporter)
Imported 'GUID: bc9aa6d5a7945f34882c442e9e201537' -> (Import Result ID: '2d59c9793db1e17a095bff6053c7b9ee') in 0.001 seconds [static dependencies only]. Details - ImportResultOutputID=2dbd28b25139c53de1a5a6689d352f9d DependenciesID=3e2d74ea471196c6e03f8f7427221228 StaticDependenciesID=b8579957c8393b2a1ab0245f958ced1f 
Importing 'GUID: cc313cc004395df4a9884390556690a5 - Path: Packages/com.unity.ugui/Tests/Runtime/UGUI/Layout' with importer (DefaultImporter)
Imported 'GUID: cc313cc004395df4a9884390556690a5' -> (Import Result ID: '35dc7a7cc828b0d8b43bfd4cd6e4107f') in 0.001 seconds [static dependencies only]. Details - ImportResultOutputID=e587d5ef0094c1723640f0732d54e892 DependenciesID=5f7e5ff21a661f06456937cdb7ffe3f9 StaticDependenciesID=f42ef25fdfd15c3f3e0b3febe30604a0 
Importing 'GUID: cce7e34ecb3cc43ebabe7154ebe11414 - Path: Packages/com.unity.ugui/Tests/Runtime/UGUI/RaycastReceiver' with importer (DefaultImporter)
Imported 'GUID: cce7e34ecb3cc43ebabe7154ebe11414' -> (Import Result ID: '26c30248a3ebdd5d620d442309b4a1d0') in 0.001 seconds [static dependencies only]. Details - ImportResultOutputID=2a1509ac23bafeeab8a428cbb02d7c40 DependenciesID=a882636677cfe8d300a9ad16ad993ad9 StaticDependenciesID=159f82b04c5e2c23f833ecac4545b0e5 
Importing 'GUID: ec003eacc68c47f0bc93513b580af184 - Path: Packages/com.unity.xr.arfoundation/Runtime/Simulation/Plugins/windows-x64' with importer (DefaultImporter)
Imported 'GUID: ec003eacc68c47f0bc93513b580af184' -> (Import Result ID: 'd0c11a394cb66e0a211e053fdfea72e9') in 0.001 seconds [static dependencies only]. Details - ImportResultOutputID=f5c7d10c97bf0a926d4f8965d6df7438 DependenciesID=0dd0094028adb1221c09445e94e2b6a3 StaticDependenciesID=dcbc3a3deb730367703d3d72ec9f9566 
Importing 'GUID: 2db76e4ad9537964994bd20263e1c379 - Path: Packages/com.unity.inputsystem/InputSystem/Editor/UITKAssetEditor/Views' with importer (DefaultImporter)
Imported 'GUID: 2db76e4ad9537964994bd20263e1c379' -> (Import Result ID: '10306df35e6382ea17c0c7013c113a2e') in 0.001 seconds [static dependencies only]. Details - ImportResultOutputID=95f1316b660e9723958b3467dc1d721e DependenciesID=6b9e36ce94343dbce4299b46bf5c7071 StaticDependenciesID=306bf4e851a14919874fffdad1c27bbc 
Importing 'GUID: 2d9b6ff056b6f484ba6500aa8e06bcf3 - Path: Packages/com.unity.ugui/Tests/Runtime/UGUI/LayoutGroup' with importer (DefaultImporter)
Imported 'GUID: 2d9b6ff056b6f484ba6500aa8e06bcf3' -> (Import Result ID: 'fefe44ce622ede36592a451f18acd1cd') in 0.001 seconds [static dependencies only]. Details - ImportResultOutputID=eaec6d77cf9cfcfd3a23adc1b00eddd6 DependenciesID=9f995fefc7684cd05cb5955653e46705 StaticDependenciesID=e9e94f60338bb0d65b914deb3e02aafa 
Importing 'GUID: 5dc64c943466a44498be3b620c743b45 - Path: Packages/com.unity.ugui/Runtime/UGUI/EventSystem/UIElements' with importer (DefaultImporter)
Imported 'GUID: 5dc64c943466a44498be3b620c743b45' -> (Import Result ID: '84811c232c2b5f5f8bbcb096972c8c70') in 0.001 seconds [static dependencies only]. Details - ImportResultOutputID=afd37a5cb0ef70f108eddfcf5f148e4e DependenciesID=26043c3255c0134648f5d3f578b6e8ef StaticDependenciesID=72529b910054f65a55d22628bb63cc2e 
Importing 'GUID: add097fa9a8ed425c90fa582df17e994 - Path: Packages/com.unity.xr.arfoundation/Runtime/Simulation/Subsystems/CpuImage' with importer (DefaultImporter)
Imported 'GUID: add097fa9a8ed425c90fa582df17e994' -> (Import Result ID: '8af8315fe7e5298f12ac515dee1c1e0d') in 0.001 seconds [static dependencies only]. Details - ImportResultOutputID=f8ea4353bbe491210e90e07c60f332f9 DependenciesID=55e703b8e75bc77e34a78a412a4f317c StaticDependenciesID=c9ab64f080bd878558c8c288bf9267c3 
Importing 'GUID: ad61ded360bb0784b9301188fc603d6d - Path: Packages/com.unity.inputsystem/InputSystem/Editor/AssetEditor/PackageResources' with importer (DefaultImporter)
Imported 'GUID: ad61ded360bb0784b9301188fc603d6d' -> (Import Result ID: 'f73824b56f27fc2f2d93238c2a15b9b8') in 0.001 seconds [static dependencies only]. Details - ImportResultOutputID=ea0c37239ed78c7c72af5f9a0d33350a DependenciesID=57f0cbf770e737a2c84e7c8435ec2680 StaticDependenciesID=b923240c3bd1fd6e8d3ef701735b7de0 
Importing 'GUID: cdf0d8abf71784dacb0470320cd8936f - Path: Packages/com.unity.inputsystem/InputSystem/Runtime/Plugins/iOS' with importer (DefaultImporter)
Imported 'GUID: cdf0d8abf71784dacb0470320cd8936f' -> (Import Result ID: '9675b138615a00132cebfaff645521cc') in 0.001 seconds [static dependencies only]. Details - ImportResultOutputID=25b0bff129025d3db3991b675aff1882 DependenciesID=0a81c6e0e0b04e76d1778657495a3b5e StaticDependenciesID=04c13ed9ce9da1abf0e25c64afee399c 
Importing 'GUID: dda9947aba73a46d29f6277ca33c8e59 - Path: Packages/com.unity.ugui/Tests/Runtime/UGUI/SafeArea' with importer (DefaultImporter)
Imported 'GUID: dda9947aba73a46d29f6277ca33c8e59' -> (Import Result ID: 'd0c260bf4756a245a348de9b3064fe0f') in 0.001 seconds [static dependencies only]. Details - ImportResultOutputID=889c3d73fce55638312b38a469fec510 DependenciesID=d4d15d5222f72c027a7d5e64a953444a StaticDependenciesID=c484ccdac2b0c2634d4dcb2ba252aefd 
Importing 'GUID: 0e49b0a8b53e45445979b3fa9604a35c - Path: Packages/com.unity.inputsystem/InputSystem/Runtime/Plugins/OnScreen' with importer (DefaultImporter)
Imported 'GUID: 0e49b0a8b53e45445979b3fa9604a35c' -> (Import Result ID: '430114b8c97b8dc59cd3ad82e4807758') in 0.001 seconds [static dependencies only]. Details - ImportResultOutputID=484879c3864063b657eadd9d2b7858da DependenciesID=d154f8b13066837cf55c1de79fcf92a7 StaticDependenciesID=600f1e243229c7639a6ab826bb256088 
Importing 'GUID: 4ea5bd36bf3924ec18c263bbdb10e425 - Path: Packages/com.unity.inputsystem/InputSystem/Editor/Devices/Remote' with importer (DefaultImporter)
Imported 'GUID: 4ea5bd36bf3924ec18c263bbdb10e425' -> (Import Result ID: 'a9c3f8ed8d5b8c01fc19f4e5ef7b7799') in 0.001 seconds [static dependencies only]. Details - ImportResultOutputID=67470110b4c0300f5f9a6536e05b7288 DependenciesID=3e0cd98f552e2fba3d0e6e05022f64ef StaticDependenciesID=188c41abf28961a39e82acb2bd28b257 
Importing 'GUID: 5e167cf5b25c44f35919e4082e725d71 - Path: Packages/com.unity.inputsystem/InputSystem/Editor/Controls/Processors' with importer (DefaultImporter)
Imported 'GUID: 5e167cf5b25c44f35919e4082e725d71' -> (Import Result ID: 'b90a32bacfe6450958cb818e26d2b046') in 0.001 seconds [static dependencies only]. Details - ImportResultOutputID=0376561a74b8da5e8aa10cde0a39d02d DependenciesID=4093a20f9cc7918d1cee7f9363df9e1e StaticDependenciesID=9965e719b6528dc6d4f54259917eb58d 
Importing 'GUID: 6eefa91e7a89647338245ee3818141d1 - Path: Packages/com.unity.inputsystem/InputSystem/Runtime/Plugins/DualShock' with importer (DefaultImporter)
Imported 'GUID: 6eefa91e7a89647338245ee3818141d1' -> (Import Result ID: '6628e5f34eb8647d4b5c59ae7f8bccf2') in 0.001 seconds [static dependencies only]. Details - ImportResultOutputID=1c7908ee2f4a82a15169f2326754e7dd DependenciesID=70acc057a48cbc2dd0205b10185bcc27 StaticDependenciesID=a271b21b505d058b4730e5ca8344335e 
Importing 'GUID: 8e78f8a8575e4a04f8337a54e241cdc5 - Path: Packages/com.unity.ugui/Runtime/UGUI/EventSystem/InputModules' with importer (DefaultImporter)
Imported 'GUID: 8e78f8a8575e4a04f8337a54e241cdc5' -> (Import Result ID: '3928ebf58761b69f67c71dcf75294319') in 0.001 seconds [static dependencies only]. Details - ImportResultOutputID=5e415cd400973f02197d806c23bf56c5 DependenciesID=a8ed44e856941457ff5fabf06aba58d6 StaticDependenciesID=19e18f6dce055be922dcb00ad5c82a5d 
Importing 'GUID: ae242449e9279d44789513b922d3178a - Path: Packages/com.unity.ugui/Tests/Editor/UGUI/CanvasRenderer' with importer (DefaultImporter)
Imported 'GUID: ae242449e9279d44789513b922d3178a' -> (Import Result ID: 'fb76cb946fd1b0c1a5ed8306651d86c2') in 0.001 seconds [static dependencies only]. Details - ImportResultOutputID=4729e3cfa92e89c00cb33b0f98eab0f4 DependenciesID=1d34c5108fbfe76360fe772e52e8937b StaticDependenciesID=fc0b727607e54e1f3d2bd7cc9d72394f 
Importing 'GUID: 1f71aeacc4a9f1a40b22a1a590331f6b - Path: Packages/com.unity.ugui/Tests/Editor/UGUI/Dropdown' with importer (DefaultImporter)
Imported 'GUID: 1f71aeacc4a9f1a40b22a1a590331f6b' -> (Import Result ID: 'c4739443c58138f17e348fe7a6a5034e') in 0.001 seconds [static dependencies only]. Details - ImportResultOutputID=c0c6e1a2574eaa70b48d39fbb04e22f6 DependenciesID=31b56f23dc53b1c1f74e477dbc85a981 StaticDependenciesID=3257b287a4638d966c02c6696f3ddaac 
Importing 'GUID: 3fd570e53452bbc4e8b19005e21d81f1 - Path: Packages/com.unity.xr.arfoundation/Runtime/Simulation/Subsystems/BoundingBox' with importer (DefaultImporter)
Imported 'GUID: 3fd570e53452bbc4e8b19005e21d81f1' -> (Import Result ID: '2cf2a09266de53bc3f27a8e6d4c5aa7f') in 0.001 seconds [static dependencies only]. Details - ImportResultOutputID=ef52343545ba432b27434743105a97f2 DependenciesID=f8d598767f325ba382fd398fd9127cd1 StaticDependenciesID=8af13bfbc7320009acc5ba9d632989ae 
Importing 'GUID: 4f9ac6e545d53f94b9f09c85b9576f36 - Path: Packages/com.unity.ugui/Tests/Editor/UGUI/Text' with importer (DefaultImporter)
Imported 'GUID: 4f9ac6e545d53f94b9f09c85b9576f36' -> (Import Result ID: 'b86ed74f043d4ed54b54998e75830cbf') in 0.001 seconds [static dependencies only]. Details - ImportResultOutputID=bf63f04a230ad219e2c75d059670908c DependenciesID=6fe09032437761d84e537650f8194724 StaticDependenciesID=2e212248eca01ab9e3f67b2e7a387ceb 
Importing 'GUID: 5f6b10434e7f4bce97074a8c54a2da59 - Path: Packages/com.unity.xr.arfoundation/Runtime/Simulation/Subsystems/EnvironmentProbe' with importer (DefaultImporter)
Imported 'GUID: 5f6b10434e7f4bce97074a8c54a2da59' -> (Import Result ID: '408e877c40b5d456cbb83e5f6a860347') in 0.001 seconds [static dependencies only]. Details - ImportResultOutputID=fb8b2f996fad42548aaded1dd0dc8797 DependenciesID=3633d5e52a2c8c069111936cdb03a484 StaticDependenciesID=11201c7b4a17965e54b272498ac26f0f 
Importing 'GUID: 6fde91b0a4ee45cd86be18a8d829dc87 - Path: Packages/com.unity.inputsystem/InputSystem/Runtime/Controls/Processors' with importer (DefaultImporter)
Imported 'GUID: 6fde91b0a4ee45cd86be18a8d829dc87' -> (Import Result ID: '9bad81b43163491a3109af7ba43eefed') in 0.001 seconds [static dependencies only]. Details - ImportResultOutputID=3220d1a18d8a48988c3885575eb3f9c7 DependenciesID=adeb0e0e033311656f0346aaff991b46 StaticDependenciesID=996da851e759504a6e1872e2044a57f9 
Importing 'GUID: 9f8944bd1ba848ab8f95afe7acfb4b79 - Path: Packages/com.unity.inputsystem/InputSystem/Runtime/Utilities/Observables' with importer (DefaultImporter)
Imported 'GUID: 9f8944bd1ba848ab8f95afe7acfb4b79' -> (Import Result ID: '3ab252d220940a6dd5a80d0e12877092') in 0.001 seconds [static dependencies only]. Details - ImportResultOutputID=46eb61bbf7ca73d47b373c2a080fd6de DependenciesID=c049ec2213456d94faa00da168d369f4 StaticDependenciesID=11312f0df84c8c964e64fba0f4ed1af6 
Importing 'GUID: af30a361ab68260438b6ec3fb7e64500 - Path: Packages/com.unity.ugui/Tests/Runtime/UGUI/Util' with importer (DefaultImporter)
Imported 'GUID: af30a361ab68260438b6ec3fb7e64500' -> (Import Result ID: '7c85b0c1a47d04785fcc0e5841dcc0bb') in 0.001 seconds [static dependencies only]. Details - ImportResultOutputID=dd25680f94364bcd4c86cb7289667537 DependenciesID=6437e800d195c6d99458bc8695c4f832 StaticDependenciesID=7024316f14e6e5c5d0d2ed78ed0f60a4 
Importing 'GUID: cfd47b21b6c654315bf28318c87beb98 - Path: Packages/com.unity.inputsystem/InputSystem/Editor/Actions/Composites' with importer (DefaultImporter)
Imported 'GUID: cfd47b21b6c654315bf28318c87beb98' -> (Import Result ID: 'b062695015d2f2e1f538ea4162ef9e5c') in 0.001 seconds [static dependencies only]. Details - ImportResultOutputID=0793b1d401cdfcdeb278e7157aa699c5 DependenciesID=5f5e7ab95e4869499255c28ceca04f97 StaticDependenciesID=d2958526c38bde75969bc8758c4da2ee 
Importing 'GUID: ef4b66ea93dd243a783c32ab1da39fc4 - Path: Packages/com.unity.inputsystem/InputSystem/Runtime/Plugins/EnhancedTouch' with importer (DefaultImporter)
Imported 'GUID: ef4b66ea93dd243a783c32ab1da39fc4' -> (Import Result ID: '457ff0e201232571b9b4c5599f11b9ae') in 0.001 seconds [static dependencies only]. Details - ImportResultOutputID=8d40453c68a1d5c3ef3fa15e9e835893 DependenciesID=2018f710dedbad6d2cb83175d6a6804e StaticDependenciesID=311aa3afb127c52f19e7bd84fe76cf02 
Importing 'GUID: efad3ddb7270ac241b9b1357ec5ee2f2 - Path: Packages/com.unity.ugui/Tests/Runtime/UGUI/NestedLayout' with importer (DefaultImporter)
Imported 'GUID: efad3ddb7270ac241b9b1357ec5ee2f2' -> (Import Result ID: '068d6aa4c9a19068a27f8cc30d7da5ed') in 0.001 seconds [static dependencies only]. Details - ImportResultOutputID=13326018adb8f86d8fa28589653c849a DependenciesID=46be99377494b2c22ac81f6be8e246f1 StaticDependenciesID=01b5c9fede6dd92ae63f8a722690b8ef 
Importing 'GUID: 24333a116497b144f9782b1160984b57 - Path: Packages/com.unity.ugui/Tests/Editor/UGUI/UI/PropertyDrawers' with importer (DefaultImporter)
Imported 'GUID: 24333a116497b144f9782b1160984b57' -> (Import Result ID: '9a943630faba94e5d2f61f49e14cd421') in 0.001 seconds [static dependencies only]. Details - ImportResultOutputID=e64191c42bfa43d7fd12c02fb233877e DependenciesID=5c86888164aa8578f24b43b188f24f25 StaticDependenciesID=61809fb59bb969a83a1306a07105e35a 
Importing 'GUID: 25ea971cc17caa84a8a2fdf9917af7b4 - Path: Packages/com.unity.inputsystem/InputSystem/Runtime/Plugins/XR/Controls' with importer (DefaultImporter)
Imported 'GUID: 25ea971cc17caa84a8a2fdf9917af7b4' -> (Import Result ID: '8e7e5bc2f6c9acae91453ddc9e92d0e6') in 0.001 seconds [static dependencies only]. Details - ImportResultOutputID=004c62b48dacd316985c9de578112d3b DependenciesID=f0515d5093d24315f264f475761614a6 StaticDependenciesID=24430a7aa9f8b0a4f6d196ad78bb4f12 
Importing 'GUID: 8529451a1ee99484a891bdea2f5219f3 - Path: Packages/com.unity.inputsystem/InputSystem/Runtime/Plugins/XR/Haptics' with importer (DefaultImporter)
Imported 'GUID: 8529451a1ee99484a891bdea2f5219f3' -> (Import Result ID: 'd9e55993d69899f1b7de7dea2e1d32b9') in 0.001 seconds [static dependencies only]. Details - ImportResultOutputID=e778fabf5ae09c886e830e5fb2e18513 DependenciesID=3fbfd50f99dd832dd4176a2d42d80756 StaticDependenciesID=5b28cfa209b34004400ca537eede2a79 
Importing 'GUID: 95391b99439094c00a105cd26ba61b1b - Path: Packages/com.unity.inputsystem/InputSystem/Editor/AssetEditor/PackageResources/personal' with importer (DefaultImporter)
Imported 'GUID: 95391b99439094c00a105cd26ba61b1b' -> (Import Result ID: 'a8c79dd9f9e621a8b42432bbc2e2f2a1') in 0.001 seconds [static dependencies only]. Details - ImportResultOutputID=cab842360cec036e877fe68452bee0d8 DependenciesID=2e18208dfc4da995a98d58b1f8c66d7e StaticDependenciesID=069326e83646bb83d6283dbc1875f868 
Importing 'GUID: d63dd1a776d383248a21ec2a8a6e7868 - Path: Packages/com.unity.ugui/Runtime/UGUI/UI/Core/Utility' with importer (DefaultImporter)
Imported 'GUID: d63dd1a776d383248a21ec2a8a6e7868' -> (Import Result ID: '3cd8a1177c84d2872282c35cdfdaad85') in 0.001 seconds [static dependencies only]. Details - ImportResultOutputID=6ef7fdd1a7c57de9896ba70f91b923c7 DependenciesID=4f42ef208ff835c28d116e0ee1288617 StaticDependenciesID=1d9aea670b4ab5b657520458cd74a301 
Importing 'GUID: 27ed3e221887b3544bd9d6505d4a789f - Path: Packages/com.unity.ugui/Runtime/UGUI/UI/Core/Culling' with importer (DefaultImporter)
Imported 'GUID: 27ed3e221887b3544bd9d6505d4a789f' -> (Import Result ID: 'def692be90e7360af79437444c8104bf') in 0.001 seconds [static dependencies only]. Details - ImportResultOutputID=4910a1f9e2b0a2c2573c44a0dfeb0ec0 DependenciesID=8a11ad52293d449e9fc23f7a666b22f9 StaticDependenciesID=295ea28bf589ed62858fa4823091583b 
Importing 'GUID: a78ab592bbf6d4a668a9ac5f7af9c924 - Path: Packages/com.unity.xr.arfoundation/Runtime/VisualScripting/Units/Events/MessageListeners' with importer (DefaultImporter)
Imported 'GUID: a78ab592bbf6d4a668a9ac5f7af9c924' -> (Import Result ID: 'f51b77a33162aa84827f67f1858f218b') in 0.001 seconds [static dependencies only]. Details - ImportResultOutputID=8b32bf75367bb89dbf0196e2fcf82b95 DependenciesID=351500563045934658e52c0efa5d78a8 StaticDependenciesID=a724b008c55951bd8c4df2bfbe2ea3fb 
Importing 'GUID: 286108a95f30b401bb0555389fcef8aa - Path: Packages/com.unity.xr.arfoundation/Runtime/VisualScripting/Units/Events/EventUnits' with importer (DefaultImporter)
Imported 'GUID: 286108a95f30b401bb0555389fcef8aa' -> (Import Result ID: '0b1319385e953e7b7f59510bf03de3bc') in 0.001 seconds [static dependencies only]. Details - ImportResultOutputID=a7fcc4226abd7a33bb97156a24372ae9 DependenciesID=569a9ff364f23482bfedf0a86e8ba324 StaticDependenciesID=0bd10632be4579c2fe3747af5a92fb6f 
Importing 'GUID: 88d13c9a606ca4ca894adc96f5e0be08 - Path: Packages/com.unity.xr.arfoundation/Runtime/ARSubsystems/Common/Textures/XRCpuImage' with importer (DefaultImporter)
Imported 'GUID: 88d13c9a606ca4ca894adc96f5e0be08' -> (Import Result ID: '1cc542f4bedb8db71423f3d0849d11a5') in 0.001 seconds [static dependencies only]. Details - ImportResultOutputID=09ec52e95fb7f4b690f94087ff431c42 DependenciesID=945fe7479f98425268a5640d94edb77c StaticDependenciesID=7b85348a29b7e384fbac173b3809a411 
Importing 'GUID: f8ed4321a98682942b9980996131cf26 - Path: Packages/com.unity.ugui/Runtime/UGUI/UI/Core/SpecializedCollections' with importer (DefaultImporter)
Imported 'GUID: f8ed4321a98682942b9980996131cf26' -> (Import Result ID: '0e95374c0410ff46cffb9ff52685f5f2') in 0.001 seconds [static dependencies only]. Details - ImportResultOutputID=11c4d9adfde97b19088a09894a7e2152 DependenciesID=219cedd181c0b48b52887e64ab8ca19f StaticDependenciesID=aa358c1e79b9c389789b407db0af821d 
Importing 'GUID: 1999349e7f492c947bb6eb70f624382e - Path: Packages/com.unity.ugui/Runtime/UGUI/UI/Core/Layout' with importer (DefaultImporter)
Imported 'GUID: 1999349e7f492c947bb6eb70f624382e' -> (Import Result ID: '2686f7bf4902320bf36b1d5bb5c82a9e') in 0.001 seconds [static dependencies only]. Details - ImportResultOutputID=1fa92f18cdbf18fcab4740fd4f9a5048 DependenciesID=0e1bb44145491ef671286affe631bf2e StaticDependenciesID=8f5165c2e1325f4095d13685ec256437 
Importing 'GUID: d9208135155494374afd1ffaf1f05088 - Path: Packages/com.unity.xr.arfoundation/Runtime/Simulation/Subsystems/Plane/Visualizers' with importer (DefaultImporter)
Imported 'GUID: d9208135155494374afd1ffaf1f05088' -> (Import Result ID: 'bf3e6cb7fa413da00e4e380e196f1776') in 0.001 seconds [static dependencies only]. Details - ImportResultOutputID=08570ef6db46f8721eb81afc7810a143 DependenciesID=2cab45a03c8338ebdbf2a5efaf0e98c7 StaticDependenciesID=bc94cc64f9a593f219d79948d3fec9bd 
Importing 'GUID: 1a493a0bf9a9413a951a6e2e1821f446 - Path: Packages/com.unity.xr.arfoundation/Runtime/ARFoundation/Common/TrackingSubsystem/TrackableSpawner' with importer (DefaultImporter)
Imported 'GUID: 1a493a0bf9a9413a951a6e2e1821f446' -> (Import Result ID: '23fdc4bd27be3b56579e933f5ca0b513') in 0.001 seconds [static dependencies only]. Details - ImportResultOutputID=e3d2b9ab2d163796538468b43209cbbd DependenciesID=3c31eb54f7694dc6a71739c630956ad2 StaticDependenciesID=e78b7aa2c0307bc3297f3d2c0c01f75d 
Importing 'GUID: 7a892c920c8ad2848b469ec9579c5219 - Path: Packages/com.unity.ugui/Tests/Runtime/UGUI/EventSystem/InputModuleTests' with importer (DefaultImporter)
Imported 'GUID: 7a892c920c8ad2848b469ec9579c5219' -> (Import Result ID: '0cc254c516cd0c2f1865de3e12ca1fcf') in 0.001 seconds [static dependencies only]. Details - ImportResultOutputID=59fce8a9e6fa5cd49ac52afb2dce82c6 DependenciesID=7b19cc820fd0682fe473ea2802eb28de StaticDependenciesID=574aac1ef430026b27344ad980d224a9 
Importing 'GUID: 7ada2e545c685b44a8367bdab267f0dc - Path: Packages/com.unity.inputsystem/InputSystem/Runtime/Plugins/XR/Devices' with importer (DefaultImporter)
Imported 'GUID: 7ada2e545c685b44a8367bdab267f0dc' -> (Import Result ID: '41ce1af0097e33d1fb3fee2a2ad416d0') in 0.001 seconds [static dependencies only]. Details - ImportResultOutputID=ee672e09c4e9fe47dabb6ef69860fcdc DependenciesID=1217577c54d0609c00bea5d2447007c2 StaticDependenciesID=447679bb4e1b85bca55383344589d873 
Importing 'GUID: 7c6295db74da28645bf49db58b7c9c65 - Path: Packages/com.unity.ugui/Runtime/UGUI/UI/Core/MaterialModifiers' with importer (DefaultImporter)
Imported 'GUID: 7c6295db74da28645bf49db58b7c9c65' -> (Import Result ID: 'd427522706129b4c38bf7ff834747a7a') in 0.001 seconds [static dependencies only]. Details - ImportResultOutputID=03c64029d0207b6d88bbcba31c0ffa8e DependenciesID=b4586e08dff7b1319cd2b04bf948a1b1 StaticDependenciesID=0e740b6c645a77f1b07d3375c7d371d0 
Importing 'GUID: be2b3c041afc2477ea1f172b6d14c3dc - Path: Packages/com.unity.inputsystem/InputSystem/Editor/AssetEditor/PackageResources/pro' with importer (DefaultImporter)
Imported 'GUID: be2b3c041afc2477ea1f172b6d14c3dc' -> (Import Result ID: 'eac422b03d4d01b279c210020e99321c') in 0.001 seconds [static dependencies only]. Details - ImportResultOutputID=721aefad4ea7a8b60e909790e4dae61d DependenciesID=60908d864f69d66c624e126cd2bb819f StaticDependenciesID=ef56c3b10032723aa4ca6170c6e39d6f 
Importing 'GUID: cfa73a847eeff06448bb50a8ac6a94e0 - Path: Packages/com.unity.ugui/Runtime/UGUI/UI/Core/VertexModifiers' with importer (DefaultImporter)
Imported 'GUID: cfa73a847eeff06448bb50a8ac6a94e0' -> (Import Result ID: '7e6ac506367e44a8606a7e9041bc2148') in 0.001 seconds [static dependencies only]. Details - ImportResultOutputID=74ee8f7f8b817c009fe4f8cfa24eb36f DependenciesID=6613420f54a77a696f1d63e42e337d9d StaticDependenciesID=f2fd517fce7de3558b1a90a27ebb6f5c 
Importing 'GUID: 649ab2abdbbe40ab8e5c2642e655a926 - Path: Packages/com.unity.xr.arfoundation/Runtime/VisualScripting/Units/Events/MessageListeners/Deprecated' with importer (DefaultImporter)
Imported 'GUID: 649ab2abdbbe40ab8e5c2642e655a926' -> (Import Result ID: '9b33b8ec1e4874c9e0363e5cb549f89e') in 0.001 seconds [static dependencies only]. Details - ImportResultOutputID=cf20bd251b447408fe985399f2c4b6b3 DependenciesID=c86414bc335afd6391a81f625bd8d296 StaticDependenciesID=36ab87e854e2bd9536c7966c1deab07c 
Importing 'GUID: 1a24cad234cb485faa05d5c6b1d12fc4 - Path: Packages/com.unity.xr.arfoundation/Runtime/VisualScripting/Units/Events/EventUnits/Deprecated' with importer (DefaultImporter)
Imported 'GUID: 1a24cad234cb485faa05d5c6b1d12fc4' -> (Import Result ID: 'cfcbee247e4e5dc74e5495a6ad60d09d') in 0.001 seconds [static dependencies only]. Details - ImportResultOutputID=ff33fd4dc98209334bd393f0d46b75f2 DependenciesID=19098bb54ae2a8dc115566394a159eab StaticDependenciesID=1c43382b84be1c5aec521764d45e24bf 
Importing 'GUID: 6055be8ebefd69e48b49212b09b47b2f - Path: Packages/com.unity.ugui/Runtime/TMP/Unity.TextMeshPro.asmdef' with importer (AssemblyDefinitionImporter)
Imported 'GUID: 6055be8ebefd69e48b49212b09b47b2f' -> (Import Result ID: 'ede73ff750109d17ade2935fcc00e5db') in 0.001 seconds [static dependencies only]. Details - ImportResultOutputID=e9d70bac4e0e99cbb53f6b32bf0013a9 DependenciesID=59f07bdf9a862ad126bf2b0f8cf3facc StaticDependenciesID=5a167f258830afb4c85d61e3c8fb7370 
Importing 'GUID: 319e0e95bdd5841b7b1808ef2f0ffd7f - Path: Packages/com.unity.inputsystem/InputSystem/Editor/Plugins/InputForUI/InputSystemForUI.Editor.asmdef' with importer (AssemblyDefinitionImporter)
Imported 'GUID: 319e0e95bdd5841b7b1808ef2f0ffd7f' -> (Import Result ID: '51fa08f80d625a62fc22a026e1692f51') in 0.001 seconds [static dependencies only]. Details - ImportResultOutputID=960a4a78a23e40003c240b09f7c7a851 DependenciesID=0568fcac41d167ba78d97ed900bf26dc StaticDependenciesID=0c008709502f3974a26a1cf09fa64378 
Importing 'GUID: 41b01d3964f844d8b43923c18b3a9a6f - Path: Packages/com.unity.inputsystem/DocCodeSamples.Tests/DocCodeSamples.asmdef' with importer (AssemblyDefinitionImporter)
Imported 'GUID: 41b01d3964f844d8b43923c18b3a9a6f' -> (Import Result ID: '5d718ccb6d35ffc87d39f9c0cf3524bc') in 0.001 seconds [static dependencies only]. Details - ImportResultOutputID=90e5db49a2a4c99bb9a894d609e7fa58 DependenciesID=06853841da5d1d9ad2e7b21a3a70c79d StaticDependenciesID=227f60e77b7cdc587f8a78f8ee7809bb 
Importing 'GUID: b13a1d1dfb13f1b489a0ff5612f36f29 - Path: Packages/com.unity.xr.legacyinputhelpers/Editor/TrackedPoseDriver/UnityEditor.SpatialTracking.asmdef' with importer (AssemblyDefinitionImporter)
Imported 'GUID: b13a1d1dfb13f1b489a0ff5612f36f29' -> (Import Result ID: 'aedb0a38e5abfa7f8a69f40518e90651') in 0.001 seconds [static dependencies only]. Details - ImportResultOutputID=1731b15778118b0dcaae90e1cf440366 DependenciesID=8501d24588e2d27b74c56a4ff0da84d3 StaticDependenciesID=2c264b979388f7807a3d3e48a5228ccb 
Importing 'GUID: 12d8a1161d987fa4eab8946e7c6a2707 - Path: Packages/com.unity.xr.arfoundation/Editor/Simulation/Unity.XR.Simulation.Editor.asmdef' with importer (AssemblyDefinitionImporter)
Imported 'GUID: 12d8a1161d987fa4eab8946e7c6a2707' -> (Import Result ID: '1265d597ed7fcfc6882b8962bb551fd9') in 0.003 seconds [static dependencies only]. Details - ImportResultOutputID=a04bca2e18eed76f3010b58a7e4c70c7 DependenciesID=363768da6107112e4e23cc3e3994a4f7 StaticDependenciesID=71b26a7571b76f27b907bf16a2d2e487 
Importing 'GUID: 52c867deb3832554c84dc4202bd47258 - Path: Packages/com.unity.xr.legacyinputhelpers/Editor/UnityEditor.XR.LegacyInputHelpers.asmdef' with importer (AssemblyDefinitionImporter)
Imported 'GUID: 52c867deb3832554c84dc4202bd47258' -> (Import Result ID: '2d789ca17287df9e04fc2bea5dbc55a1') in 0.001 seconds [static dependencies only]. Details - ImportResultOutputID=8f34df92788ea8b0209396e7b5d61f81 DependenciesID=b1d058f4b0de99e60e030a632c85a503 StaticDependenciesID=bf6c6dcdc69efc856f4be585c5a7b4bb 
Importing 'GUID: 92703082f92b41ba80f0d6912de66115 - Path: Packages/com.unity.xr.arfoundation/Runtime/ARSubsystems/Unity.XR.ARSubsystems.asmdef' with importer (AssemblyDefinitionImporter)
Imported 'GUID: 92703082f92b41ba80f0d6912de66115' -> (Import Result ID: '680fc20240367aacdd27575598eb3503') in 0.001 seconds [static dependencies only]. Details - ImportResultOutputID=a0cb8986c0937deac7e983cc2792117a DependenciesID=b4097cd18cb8c4c7d6f90f42919eef95 StaticDependenciesID=0402749ea0d4927854325753c7a050b3 
Importing 'GUID: c2c493eb28e964c9cbc0ddbe85265600 - Path: Packages/com.unity.xr.arcore/Tests/Runtime/Unity.XR.ARCore.Runtime.Tests.asmdef' with importer (AssemblyDefinitionImporter)
Imported 'GUID: c2c493eb28e964c9cbc0ddbe85265600' -> (Import Result ID: '80fe999b97705b194582901202d36a13') in 0.001 seconds [static dependencies only]. Details - ImportResultOutputID=77299d126424f76aec4d56e155cb1671 DependenciesID=39636ea1122ad99cdefe3c09141fdb0c StaticDependenciesID=c0fa3b8de74c3be675b60db61b597e8c 
Importing 'GUID: 43b111c4a445f446abd2c02e77750ff5 - Path: Packages/com.unity.ugui/Runtime/InternalBridge/Unity.InternalAPIEngineBridge.004.asmdef' with importer (AssemblyDefinitionImporter)
Imported 'GUID: 43b111c4a445f446abd2c02e77750ff5' -> (Import Result ID: '41e252e744fa754bfd5f48832bb3af65') in 0.001 seconds [static dependencies only]. Details - ImportResultOutputID=b27fc2c96395d0cacfff2a5df34979c4 DependenciesID=4909b570a9c8d8555b1963885585d8ab StaticDependenciesID=4317c3e1a919feb5a32169cbd31178a0 
Importing 'GUID: 8394c018a82352f41ae354f7bdad54e3 - Path: Packages/com.unity.ugui/Editor/Analytics/UnityEditor.UI.Analytics.asmdef' with importer (AssemblyDefinitionImporter)
Imported 'GUID: 8394c018a82352f41ae354f7bdad54e3' -> (Import Result ID: 'ed04ed224e8e1c7fa355fc3421df813d') in 0.001 seconds [static dependencies only]. Details - ImportResultOutputID=ae155d0921fdd59b4d323be3ad677ce4 DependenciesID=e4bd127d15119207f7697d9668922819 StaticDependenciesID=9fd6f0cd92b2f0bad2826b97262fdf8d 
Importing 'GUID: 837c14ed651d4f64b6a0abb5eb836fdc - Path: Packages/com.unity.xr.arfoundation/Tests/Runtime/ARFoundation/Unity.XR.ARFoundation.Runtime.Tests.asmdef' with importer (AssemblyDefinitionImporter)
Imported 'GUID: 837c14ed651d4f64b6a0abb5eb836fdc' -> (Import Result ID: 'b16d7da154739b26f4e74df1c9d814eb') in 0.001 seconds [static dependencies only]. Details - ImportResultOutputID=26ba5218bc9112a48c5d26b15635bea5 DependenciesID=a64a95db6abe28150cfe09615f6020cf StaticDependenciesID=016e27d6b2d8f88a98ab481f735b5846 
Importing 'GUID: 343deaaf83e0cee4ca978e7df0b80d21 - Path: Packages/com.unity.ugui/Editor/UGUI/UnityEditor.UI.asmdef' with importer (AssemblyDefinitionImporter)
Imported 'GUID: 343deaaf83e0cee4ca978e7df0b80d21' -> (Import Result ID: '2ef2cd6fff6585e7f043c792b2e08b34') in 0.001 seconds [static dependencies only]. Details - ImportResultOutputID=c27129fe4b82e033cc3a190d24016fa8 DependenciesID=40fcb70d6b73ddc9ee7a1081b298c717 StaticDependenciesID=6ddb784037740f21e3325dec2770e8cc 
Importing 'GUID: e40ba710768534012815d3193fa296cb - Path: Packages/com.unity.xr.management/Runtime/Unity.XR.Management.asmdef' with importer (AssemblyDefinitionImporter)
Imported 'GUID: e40ba710768534012815d3193fa296cb' -> (Import Result ID: '0f08af349a7b0421ceaa64f625cd3db9') in 0.001 seconds [static dependencies only]. Details - ImportResultOutputID=9450a413cf7e96783a91ccf1ea9be4db DependenciesID=21a97474c246610bb02804a08d6d0713 StaticDependenciesID=df56a858ba4ead21d9b081ebaf353c6d 
Importing 'GUID: f46fc3751c3e84133af5527f7c1abae5 - Path: Packages/com.unity.xr.management/Tests/Editor/Unity.XR.Management.EditorTests.asmdef' with importer (AssemblyDefinitionImporter)
Imported 'GUID: f46fc3751c3e84133af5527f7c1abae5' -> (Import Result ID: 'd1dfb12fb937badf4dce9365929e006a') in 0.001 seconds [static dependencies only]. Details - ImportResultOutputID=fa2291d68711edd99663b40a1578c761 DependenciesID=1c4b8fd6ec6b8171b6894e26d4c18693 StaticDependenciesID=11c668cc1318704cd86ba411632fbd5d 
Importing 'GUID: 05242c3d99f24a74f99cc20369fcb344 - Path: Packages/com.unity.ugui/Tests/Editor/Common/UnityEditor.UI.Common.Tests.asmdef' with importer (AssemblyDefinitionImporter)
Imported 'GUID: 05242c3d99f24a74f99cc20369fcb344' -> (Import Result ID: '204fb8ab226f8f55d8e2b96d0f43d217') in 0.001 seconds [static dependencies only]. Details - ImportResultOutputID=85f42511b1eb5e70fb4f71139713c089 DependenciesID=c8e00a12d28dcd7ea316e02e5612fa67 StaticDependenciesID=de6ed06bdb30aa02e0de1a8d8606c7c5 
Importing 'GUID: 559bcbd55c770ea4d959cfdb857c39a5 - Path: Packages/com.unity.xr.legacyinputhelpers/Tests/Editor/UnityEditor.XR.LegacyInputHelpers.Tests.asmdef' with importer (AssemblyDefinitionImporter)
Imported 'GUID: 559bcbd55c770ea4d959cfdb857c39a5' -> (Import Result ID: '4999b1801968188008ac7eeb8d01bb85') in 0.001 seconds [static dependencies only]. Details - ImportResultOutputID=59f481e2889f202e7016713e72ae7b0d DependenciesID=4ba3f4e8ef8d7d7e70af6c811c982833 StaticDependenciesID=954ec6845c7604ab9cae7bc7f973958a 
Importing 'GUID: 6546d7765b4165b40850b3667f981c26 - Path: Packages/com.unity.ugui/Editor/TMP/Unity.TextMeshPro.Editor.asmdef' with importer (AssemblyDefinitionImporter)
Imported 'GUID: 6546d7765b4165b40850b3667f981c26' -> (Import Result ID: '297952751b05dd10456ce7e2744d7a5d') in 0.001 seconds [static dependencies only]. Details - ImportResultOutputID=5e147f307b4e699a62e1f18935a82f11 DependenciesID=76156a7b206ddc389a44f3184d657452 StaticDependenciesID=eb8b072277bf55e6c3c286b6d43a3d6f 
Importing 'GUID: 656e461844099ae43a609ff6109b0877 - Path: Packages/com.unity.ugui/Tests/Editor/TMP/Unity.TextMeshPro.Editor.Tests.asmdef' with importer (AssemblyDefinitionImporter)
Imported 'GUID: 656e461844099ae43a609ff6109b0877' -> (Import Result ID: '33011e45041dee7cd652c71e02a28d8a') in 0.001 seconds [static dependencies only]. Details - ImportResultOutputID=dcf766a2835af30e5dff0e5e6aaf3025 DependenciesID=e11d7ee041a49a98affe5ad12c3ebb46 StaticDependenciesID=b2ec98dc71f0dd6857a734d1a9f7706c 
Importing 'GUID: 75469ad4d38634e559750d17036d5f7c - Path: Packages/com.unity.inputsystem/InputSystem/Unity.InputSystem.asmdef' with importer (AssemblyDefinitionImporter)
Imported 'GUID: 75469ad4d38634e559750d17036d5f7c' -> (Import Result ID: '0f0b122cc68906f5fb1cc90f27501646') in 0.001 seconds [static dependencies only]. Details - ImportResultOutputID=c3085425e0f20b4be10f09d72f58d729 DependenciesID=e3cf4076228534b9924619085238df25 StaticDependenciesID=d6349313be51864503b64b83ef25f1b2 
Importing 'GUID: c536cb714a8a9e84cb16ecf0330eea40 - Path: Packages/com.unity.xr.management/Tests/TestPackage/Editor/Uniyt.XR.Management.TestPackage.Editor.asmdef' with importer (AssemblyDefinitionImporter)
Imported 'GUID: c536cb714a8a9e84cb16ecf0330eea40' -> (Import Result ID: 'cc063591a1faacb0e47ea88b719beed3') in 0.001 seconds [static dependencies only]. Details - ImportResultOutputID=f115598cf48d61bad1e90e377aba6127 DependenciesID=6060df3df799c1978170d5a02e75d8d6 StaticDependenciesID=e590d9f231d28c2f4dd470a5b131c81f 
Importing 'GUID: c51e66e30427fcc498954ede90ba2665 - Path: Packages/com.unity.xr.arfoundation/Runtime/Simulation/Unity.XR.Simulation.asmdef' with importer (AssemblyDefinitionImporter)
Imported 'GUID: c51e66e30427fcc498954ede90ba2665' -> (Import Result ID: '50ef85a7022a969e45f044509c49110d') in 0.001 seconds [static dependencies only]. Details - ImportResultOutputID=5b1c406e6e3f2d624d3a2360ea508b40 DependenciesID=d104982e4de38058da3928d0122ab21b StaticDependenciesID=04e809eda4511b7fad8ff81eec84fce1 
Importing 'GUID: f50a736f6d33a44cb9d793c29c225733 - Path: Packages/com.unity.xr.arfoundation/Tests/Editor/XRSimulation/Unity.XR.Simulation.Editor.Tests.asmdef' with importer (AssemblyDefinitionImporter)
Imported 'GUID: f50a736f6d33a44cb9d793c29c225733' -> (Import Result ID: 'f5b23ee3f9b73c14b2f77a4dab3bc3ed') in 0.001 seconds [static dependencies only]. Details - ImportResultOutputID=fbb8dfb2ec3d1f84928d801bad932744 DependenciesID=ca6c081bb64a8817cfc814bb0150d0b2 StaticDependenciesID=b009096728cbd513aa324c1b4a3893db 
Importing 'GUID: 174dd372073128d46a2d10d2daaf414f - Path: Packages/com.unity.xr.management/Tests/TestTooling/Unity.XR.TestSupport.asmdef' with importer (AssemblyDefinitionImporter)
Imported 'GUID: 174dd372073128d46a2d10d2daaf414f' -> (Import Result ID: 'ba87c859ef86dcd60b4be29c571bb6be') in 0.001 seconds [static dependencies only]. Details - ImportResultOutputID=f1aa851692a13884192d26dccc5e8d3a DependenciesID=5f3cf5709accb41478dbd27e0255722d StaticDependenciesID=e26be4d84b2f83dc39372452f768d7a7 
Importing 'GUID: 478a2357cc57436488a56e564b08d223 - Path: Packages/com.unity.editorcoroutines/Editor/Unity.EditorCoroutines.Editor.asmdef' with importer (AssemblyDefinitionImporter)
Imported 'GUID: 478a2357cc57436488a56e564b08d223' -> (Import Result ID: '394acfac589a0b7e55ca37f9fff863c4') in 0.001 seconds [static dependencies only]. Details - ImportResultOutputID=ccfbe98ca7bb2eba97b7e9bcb31a9887 DependenciesID=3683796f3a4a1b5e8ed1773001eb1265 StaticDependenciesID=accf93d408aa995a06b21cc27295384c 
Importing 'GUID: 575f7633d101095488b014272f40d6f7 - Path: Packages/com.unity.xr.management/Tests/StandaloneSubsystem/Unity.XR.Management.Tests.Standalone.asmdef' with importer (AssemblyDefinitionImporter)
Imported 'GUID: 575f7633d101095488b014272f40d6f7' -> (Import Result ID: '8b1269f18b911b9c836b5529ba2efe47') in 0.001 seconds [static dependencies only]. Details - ImportResultOutputID=0bbef0513c0493be0ad675382d364c5f DependenciesID=883cec07f1f374e465b020264a2e5076 StaticDependenciesID=063942832314cb6b4a06de2e51b050d5 
Importing 'GUID: c7620c19e7bd54d47af6e45271680f15 - Path: Packages/com.unity.xr.arcore/Tests/Runtime/CodeSamples/Unity.XR.ARCore.CodeSamples.Tests.asmdef' with importer (AssemblyDefinitionImporter)
Imported 'GUID: c7620c19e7bd54d47af6e45271680f15' -> (Import Result ID: '25da1bd3350de643a72cacd289bebff4') in 0.001 seconds [static dependencies only]. Details - ImportResultOutputID=7a886dde945f638fa3e4543234eb2c6b DependenciesID=d6ef00cfcd9901256aeef692cb65f151 StaticDependenciesID=83a46d521d02029a98d13eddabf4ea8a 
Importing 'GUID: d76576b768da4171b007f21c44fabe13 - Path: Packages/com.unity.xr.arcore/Editor/Unity.XR.ARCore.Editor.asmdef' with importer (AssemblyDefinitionImporter)
Imported 'GUID: d76576b768da4171b007f21c44fabe13' -> (Import Result ID: '28538d8bbb4d4af8c405a0d7bff95600') in 0.001 seconds [static dependencies only]. Details - ImportResultOutputID=08d4fb5f7eab547ed2170feb71c5cc86 DependenciesID=0050fe64fc9262122e9a5b2b1ab4e45d StaticDependenciesID=d73770f69a693682812d56935581b989 
Importing 'GUID: 28c5e819ece8a0746abb16dc5aa91f44 - Path: Packages/com.unity.xr.legacyinputhelpers/Runtime/UnityEngine.XR.LegacyInputHelpers.asmdef' with importer (AssemblyDefinitionImporter)
Imported 'GUID: 28c5e819ece8a0746abb16dc5aa91f44' -> (Import Result ID: '87810419d0b520406b0c1feb1bdfee3e') in 0.001 seconds [static dependencies only]. Details - ImportResultOutputID=b402fdae0f2e93e86a9df17a6739a98e DependenciesID=0cd3e511e63006da2c0b139e951b37b2 StaticDependenciesID=d52eb588cc0e12d527eefbb5aba182f9 
Importing 'GUID: 38f077d5b26004b23a92d4cf1d38e163 - Path: Packages/com.unity.xr.arfoundation/Tests/Editor/ARFoundation/Unity.XR.ARFoundation.Editor.Tests.asmdef' with importer (AssemblyDefinitionImporter)
Imported 'GUID: 38f077d5b26004b23a92d4cf1d38e163' -> (Import Result ID: '16980ec4670e4e9eee9a5ee59b7ce91f') in 0.001 seconds [static dependencies only]. Details - ImportResultOutputID=ed3695ef6efdfc2390918ef92bcf06af DependenciesID=336ebae9ee4429deeacca97a76f356cc StaticDependenciesID=a39b84e9643da27785630f9ca6191a2e 
Importing 'GUID: 7870a2ee9789f42f180ed4aff3154d02 - Path: Packages/com.unity.xr.core-utils/Tests/Editor/XRCoreUtilities/Unity.XR.CoreUtils.Editor.Tests.asmdef' with importer (AssemblyDefinitionImporter)
Imported 'GUID: 7870a2ee9789f42f180ed4aff3154d02' -> (Import Result ID: 'dc467eb059500be409067b90e1a40090') in 0.001 seconds [static dependencies only]. Details - ImportResultOutputID=87a63c1d73c4541c651db4f55a0d1919 DependenciesID=c28aaa241887551d2d1f09548ac5cf1d StaticDependenciesID=a9256fc3904e9eb5499eadcee8e0bffe 
Importing 'GUID: d8b63aba1907145bea998dd612889d6b - Path: Packages/com.unity.mathematics/Unity.Mathematics/Unity.Mathematics.asmdef' with importer (AssemblyDefinitionImporter)
Imported 'GUID: d8b63aba1907145bea998dd612889d6b' -> (Import Result ID: '0ab96c15d99e021c074679d263994a3d') in 0.001 seconds [static dependencies only]. Details - ImportResultOutputID=48689035051f86cfa25fcb576efbbc15 DependenciesID=58e244c4194a90217223baa115b9e00e StaticDependenciesID=6855473d81243d857b8ad842a09534c3 
Importing 'GUID: 09dcc9c0126b6b34ab2a877b8f2277f5 - Path: Packages/com.unity.inputsystem/InputSystem/Runtime/Plugins/InputForUI/InputSystemForUI.asmdef' with importer (AssemblyDefinitionImporter)
Imported 'GUID: 09dcc9c0126b6b34ab2a877b8f2277f5' -> (Import Result ID: 'ad9c0f454c708c2b5aa813eb1f559fc9') in 0.001 seconds [static dependencies only]. Details - ImportResultOutputID=8d1161db38d3f6fdcb9de0ff8f91bb3a DependenciesID=110644951befef56c8f43bf3e84bd57a StaticDependenciesID=9d3df10882d8f6741506abc9a190a2f4 
Importing 'GUID: a9420e37d7990b54abdef6688edbe313 - Path: Packages/com.unity.xr.arfoundation/Runtime/ARFoundation/Unity.XR.ARFoundation.asmdef' with importer (AssemblyDefinitionImporter)
Imported 'GUID: a9420e37d7990b54abdef6688edbe313' -> (Import Result ID: 'b8fc1cef1c6dde78b717bf124c90c806') in 0.001 seconds [static dependencies only]. Details - ImportResultOutputID=57c4600997a132bab3b8b7cf8b6d9923 DependenciesID=e7c8d03083ff86f4957ab9018ddd187b StaticDependenciesID=a543c884d481c60ae2e3a192140132be 
Importing 'GUID: d9619e68605d1439eb49319b2d076662 - Path: Packages/com.unity.xr.core-utils/Tests/Runtime/Unity.XR.CoreUtils.Tests.asmdef' with importer (AssemblyDefinitionImporter)
Imported 'GUID: d9619e68605d1439eb49319b2d076662' -> (Import Result ID: '243b722224f3127a8b06f505e4ebf6be') in 0.001 seconds [static dependencies only]. Details - ImportResultOutputID=069cffba447a019eb234b894be776a6f DependenciesID=d6d6b950b3f845c1a98eed7e08dc0c95 StaticDependenciesID=94a0115f524df50dbc25281a2fe1eeed 
Importing 'GUID: e9745f6a32442194c8dc5a43e9ab86f9 - Path: Packages/com.unity.ugui/Tests/Runtime/UGUI/UnityEngine.UI.Tests.asmdef' with importer (AssemblyDefinitionImporter)
Imported 'GUID: e9745f6a32442194c8dc5a43e9ab86f9' -> (Import Result ID: '84524e126e25038bdfd26b3ec59a92a5') in 0.001 seconds [static dependencies only]. Details - ImportResultOutputID=2b3c3626c54c595d218b84b23f8d2c38 DependenciesID=d4bfbe4c825e23a654634933c2033f66 StaticDependenciesID=6e8881aa18fbd1abf2a7aabb73941c36 
Importing 'GUID: f9fe0089ec81f4079af78eb2287a6163 - Path: Packages/com.unity.xr.management/Editor/Unity.XR.Management.Editor.asmdef' with importer (AssemblyDefinitionImporter)
Imported 'GUID: f9fe0089ec81f4079af78eb2287a6163' -> (Import Result ID: 'b10e29e80634a524bfd8ba860a828f67') in 0.001 seconds [static dependencies only]. Details - ImportResultOutputID=56b7fd99241863ff79a6f2ab3aa56151 DependenciesID=b8d31ce41c134df317deb7f2577fbe4c StaticDependenciesID=aaaadc4df99d9686f1980933a83cb677 
Importing 'GUID: 0a731f4d44d04439bb291bdbaa8cb9fc - Path: Packages/com.unity.xr.management/Tests/Runtime/Unity.XR.Management.Tests.asmdef' with importer (AssemblyDefinitionImporter)
Imported 'GUID: 0a731f4d44d04439bb291bdbaa8cb9fc' -> (Import Result ID: '0209724e235419b76fc6a77fd861de8c') in 0.001 seconds [static dependencies only]. Details - ImportResultOutputID=9ef8cf1a666ae63764a7f4a57df58f78 DependenciesID=1fee96aa62accd6292e738e649d175a8 StaticDependenciesID=7f39d1e1d1c37d690e1ef4bd25b2f623 
Importing 'GUID: 3ae5734e49d646442ad24f37762ebdd2 - Path: Packages/com.unity.inputsystem/Tests/IntegrationTests/Unity.InputSystem.IntegrationTests.asmdef' with importer (AssemblyDefinitionImporter)
Imported 'GUID: 3ae5734e49d646442ad24f37762ebdd2' -> (Import Result ID: '6ab54ae0f8825b381135f49487b46185') in 0.001 seconds [static dependencies only]. Details - ImportResultOutputID=33cd661def08dda903db74f4cad7b54d DependenciesID=7fbd1c687df9e631af4597ee9d74333b StaticDependenciesID=cec541ee6c267be98f9d2676d5915a1c 
Importing 'GUID: ba171b3dd2a51234ab864770f99741a5 - Path: Packages/com.unity.xr.legacyinputhelpers/Runtime/TrackedPoseDriver/UnityEngine.SpatialTracking.asmdef' with importer (AssemblyDefinitionImporter)
Imported 'GUID: ba171b3dd2a51234ab864770f99741a5' -> (Import Result ID: '1dc56f8b2d3eb621f92f96f0ddccc47f') in 0.001 seconds [static dependencies only]. Details - ImportResultOutputID=87e4c5547621c3c013c449c83f2eb191 DependenciesID=d92df667c6079514de18108d7699f513 StaticDependenciesID=677cea904a60896a52d2435cf5355b7e 
Importing 'GUID: fa70b942f3ecd43f18bacc33a505fa5c - Path: Packages/com.unity.xr.arfoundation/Tests/Editor/InternalUtils/Unity.XR.ARFoundation.InternalUtils.Editor.Tests.asmdef' with importer (AssemblyDefinitionImporter)
Imported 'GUID: fa70b942f3ecd43f18bacc33a505fa5c' -> (Import Result ID: '0384b50a023e108f0ca402bb9feb3b54') in 0.001 seconds [static dependencies only]. Details - ImportResultOutputID=611c84faa0cd9b1508e9117d5f051f0e DependenciesID=6f9a37feb7cddfab335b930da129b5b7 StaticDependenciesID=53d77038044053138e246a8f49eb1ef5 
Importing 'GUID: 2bafac87e7f4b9b418d9448d219b01ab - Path: Packages/com.unity.ugui/Runtime/UGUI/UnityEngine.UI.asmdef' with importer (AssemblyDefinitionImporter)
Imported 'GUID: 2bafac87e7f4b9b418d9448d219b01ab' -> (Import Result ID: '26062c1a543744ff266aafe43af489de') in 0.001 seconds [static dependencies only]. Details - ImportResultOutputID=e456a6133a592065fdaa29a6e752040b DependenciesID=7c6adf815f8b14a5c97a54f8e23f8b92 StaticDependenciesID=7c4d96875a0877dd7a0af4cb45a4695f 
Importing 'GUID: 3bdd7457c03d749c18d130bda2fa8ec2 - Path: Packages/com.unity.xr.arfoundation/Tests/Runtime/CodeSamples/Unity.XR.ARFoundation.CodeSamples.Tests.asmdef' with importer (AssemblyDefinitionImporter)
Imported 'GUID: 3bdd7457c03d749c18d130bda2fa8ec2' -> (Import Result ID: '871ddd79c5e67f276b02527d2d450625') in 0.001 seconds [static dependencies only]. Details - ImportResultOutputID=4516afdfe2ec925c5d10680752d2c063 DependenciesID=b2cbae285c327867b65d64eb68b1605c StaticDependenciesID=aa9b64d6ac9268d1082569554f375deb 
Importing 'GUID: 8b0c2853a940d4fd9979bac438eb5bf3 - Path: Packages/com.unity.xr.arfoundation/Editor/ARSubsystems/Unity.XR.ARSubsystems.Editor.asmdef' with importer (AssemblyDefinitionImporter)
Imported 'GUID: 8b0c2853a940d4fd9979bac438eb5bf3' -> (Import Result ID: 'ba5894e59bfcfc31ba3db7995f64b099') in 0.001 seconds [static dependencies only]. Details - ImportResultOutputID=2a004c5d8df3ec544bae1aff1a90826f DependenciesID=fa749db5767856bf8465c35edd9d764f StaticDependenciesID=710b9df652f941770e8b6c5481fba485 
Importing 'GUID: 9b8b61ec9cb92d1439beb03814dc2cb0 - Path: Packages/com.unity.xr.management/Tests/TestPackage/Runtime/Uniyt.XR.Management.TestPackage.asmdef' with importer (AssemblyDefinitionImporter)
Imported 'GUID: 9b8b61ec9cb92d1439beb03814dc2cb0' -> (Import Result ID: '5684124d51e7df714b450a92bad780f7') in 0.001 seconds [static dependencies only]. Details - ImportResultOutputID=e7d02f4f16a4e82c472dd22350cb0b14 DependenciesID=30744262e0131970bd66067ae98c3688 StaticDependenciesID=a5984613e05bb55dedd9b3c979729283 
Importing 'GUID: bb05cab7d802aa5468f8f2f86840d984 - Path: Packages/com.unity.ugui/Tests/Runtime/TMP/Unity.TextMeshPro.Tests.asmdef' with importer (AssemblyDefinitionImporter)
Imported 'GUID: bb05cab7d802aa5468f8f2f86840d984' -> (Import Result ID: '5e68e27354c939fe603eb4eb77469ca3') in 0.001 seconds [static dependencies only]. Details - ImportResultOutputID=49b5000aa348ae6e6f0b4d067303a4a8 DependenciesID=12b17a826b956da1c2390d415dadc826 StaticDependenciesID=8a41bad9b68ba21b4ebf17eac42c46ab 
Importing 'GUID: 7c04f0dfa9243c04681a55d90d3ff3fc - Path: Packages/com.unity.ugui/Tests/Editor/UGUI/UnityEditor.UI.EditorTests.asmdef' with importer (AssemblyDefinitionImporter)
Imported 'GUID: 7c04f0dfa9243c04681a55d90d3ff3fc' -> (Import Result ID: 'cc1fad722f14c8955f39430bb979b25d') in 0.001 seconds [static dependencies only]. Details - ImportResultOutputID=7509f794d9d725c9f24bb507014f8d05 DependenciesID=b03623885704673aae6552704d6e6bc1 StaticDependenciesID=437231d2d3e72834c69d52cbff73ba64 
Importing 'GUID: ac5e3383b319944839ccab6f66289e52 - Path: Packages/com.unity.xr.arfoundation/Tests/Runtime/XRSimulation/Unity.XR.Simulation.Runtime.Tests.asmdef' with importer (AssemblyDefinitionImporter)
Imported 'GUID: ac5e3383b319944839ccab6f66289e52' -> (Import Result ID: '3ae658cc513d81c4b0735ca701c79bdb') in 0.001 seconds [static dependencies only]. Details - ImportResultOutputID=48610733ccf8b58722f7789b2207129e DependenciesID=604238176fa607825ffcf0c4eea15aa6 StaticDependenciesID=e4c9d318b03d21094bf7438e75ee2b45 
Importing 'GUID: dc04f38471c3a459fb4d31124ee9127d - Path: Packages/com.unity.inputsystem/Tests/TestFixture/Unity.InputSystem.TestFramework.asmdef' with importer (AssemblyDefinitionImporter)
Imported 'GUID: dc04f38471c3a459fb4d31124ee9127d' -> (Import Result ID: '7de221763bd89eaa80b7d27b73c8ea63') in 0.001 seconds [static dependencies only]. Details - ImportResultOutputID=d2a9c4fe3958000876052a80f5875f1b DependenciesID=886615b81eeeab58c1cb8bb296699f41 StaticDependenciesID=154f9b563f9aab023da32b8f79e4635a 
Importing 'GUID: dc960734dc080426fa6612f1c5fe95f3 - Path: Packages/com.unity.xr.core-utils/Runtime/Unity.XR.CoreUtils.asmdef' with importer (AssemblyDefinitionImporter)
Imported 'GUID: dc960734dc080426fa6612f1c5fe95f3' -> (Import Result ID: '2d5f6780b6540376510748d4ed1a365e') in 0.001 seconds [static dependencies only]. Details - ImportResultOutputID=e99f1742437c2178b105195712d22e7d DependenciesID=f19c8980eb24527e5b1d14a69e048d75 StaticDependenciesID=502907cab3fa52ccf85d544c27040969 
Importing 'GUID: 3d53ee15b96134ef5aa193409bc3d4c0 - Path: Packages/com.unity.xr.core-utils/Tests/Editor/CodeSamples/Unity.XR.CoreUtils.CodeSamples.Tests.asmdef' with importer (AssemblyDefinitionImporter)
Imported 'GUID: 3d53ee15b96134ef5aa193409bc3d4c0' -> (Import Result ID: '762220807f7053dbf243ba29c9ab071b') in 0.001 seconds [static dependencies only]. Details - ImportResultOutputID=78125661c457f3d3b2eddd50851278c1 DependenciesID=1a013a039992a04f45c16d5516fc5cb8 StaticDependenciesID=b1f84baad26d037dd1f7c66db3b6c9d4 
Importing 'GUID: 4ddd23ea56a3a40f0aa0036d1624a53e - Path: Packages/com.unity.xr.core-utils/Editor/Unity.XR.CoreUtils.Editor.asmdef' with importer (AssemblyDefinitionImporter)
Imported 'GUID: 4ddd23ea56a3a40f0aa0036d1624a53e' -> (Import Result ID: 'ffa27fc821cfb32a91d5b135c54972cc') in 0.001 seconds [static dependencies only]. Details - ImportResultOutputID=28b98d732ddd4c6f02dfc7502a2f5b50 DependenciesID=30add41ae4c3bffc6553627b18b5138a StaticDependenciesID=6fb78812900c3ef7f64c1df7aa6ede6b 
Importing 'GUID: ad91be1e774094f99afb64ef26c07397 - Path: Packages/com.google.xr.cardboard/Editor/Google.XR.Cardboard.Editor.asmdef' with importer (AssemblyDefinitionImporter)
Imported 'GUID: ad91be1e774094f99afb64ef26c07397' -> (Import Result ID: 'fe30f4c759a0dcbb6b9a773e02fd2ace') in 0.001 seconds [static dependencies only]. Details - ImportResultOutputID=1de80271938c5debda9b42982c28b19c DependenciesID=8954b545b114e0f6bbddb76abc3c1507 StaticDependenciesID=18f63c1a46e74edf11e040f77a82def5 
Importing 'GUID: cdb8859fb0a09423cb297e38fa65bd99 - Path: Packages/com.unity.xr.arfoundation/Runtime/VisualScripting/Unity.XR.ARFoundation.VisualScripting.asmdef' with importer (AssemblyDefinitionImporter)
Imported 'GUID: cdb8859fb0a09423cb297e38fa65bd99' -> (Import Result ID: '4971444af4a9b6ba04c1c6a3f866c50a') in 0.001 seconds [static dependencies only]. Details - ImportResultOutputID=d3f535e2b67934e220fc8d2c191b2fae DependenciesID=d3690d0cdf1128a07c527e958bb95db0 StaticDependenciesID=a479f1a7c02711d3b4785aaf5279c270 
Importing 'GUID: 0ed2122ec3d57864e862de5fb40f7eae - Path: Packages/com.unity.xr.legacyinputhelpers/Tests/Runtime/TrackedPoseDriver/UnityEngine.SpatialTracking.Tests.asmdef' with importer (AssemblyDefinitionImporter)
Imported 'GUID: 0ed2122ec3d57864e862de5fb40f7eae' -> (Import Result ID: '47ab4736cf7ae0f663315745b3e32cef') in 0.001 seconds [static dependencies only]. Details - ImportResultOutputID=289032747cff469970e2d3ea3af7a82f DependenciesID=5eaeab18ac5a64e0d5e5da7aa2bd3a5f StaticDependenciesID=f429c0117469c2f552d6d145c94c7036 
Importing 'GUID: 3ea00208b93ac42ddb026a263bd9ef58 - Path: Packages/com.unity.xr.arcore/Tests/Editor/Unity.XR.ARCore.Editor.Tests.asmdef' with importer (AssemblyDefinitionImporter)
Imported 'GUID: 3ea00208b93ac42ddb026a263bd9ef58' -> (Import Result ID: '6d95f1d6bed52374571ca5f9b43bdd2f') in 0.001 seconds [static dependencies only]. Details - ImportResultOutputID=1deedb5af0c1a63c8b56bc8add1d22e5 DependenciesID=12ff177f38306551c2cc3f6583c6f101 StaticDependenciesID=3724314d7f3a1faba2c48ada7eb97a1e 
Importing 'GUID: 3e157be2a77444a3d923ef4ab98b10b0 - Path: Packages/com.unity.xr.arfoundation/Editor/ARAnalytics/Unity.XR.ARAnalytics.Editor.asmdef' with importer (AssemblyDefinitionImporter)
Imported 'GUID: 3e157be2a77444a3d923ef4ab98b10b0' -> (Import Result ID: '3b87382ab38fb01cbf91e51fb74e15fe') in 0.001 seconds [static dependencies only]. Details - ImportResultOutputID=f4c885d34ee6a530cdb848386077226d DependenciesID=6edb3d83e883f8f89c3886e2f835d614 StaticDependenciesID=ce8574997b6130744732fc68f83f8ad6 
Importing 'GUID: 3e5ecfe2afaeb46a6bf39845165b9b6a - Path: Packages/com.unity.xr.arfoundation/Tests/Editor/XRTestTooling/Unity.XR.TestTooling.Editor.Tests.asmdef' with importer (AssemblyDefinitionImporter)
Imported 'GUID: 3e5ecfe2afaeb46a6bf39845165b9b6a' -> (Import Result ID: 'd06060b38ddb4724c5a76a66e3e1ecaf') in 0.001 seconds [static dependencies only]. Details - ImportResultOutputID=02d56ecc1e7c4d067d7cb0e7372798ca DependenciesID=b0153249dc1eaa264d8cdc33bec578f1 StaticDependenciesID=0e4621e8b0e6e9ea571eca8b77775fac 
Importing 'GUID: 9e46552017bcb4589bcb9664adc3eaf1 - Path: Packages/com.unity.xr.arfoundation/Runtime/InternalUtils/Unity.XR.ARFoundation.InternalUtils.asmdef' with importer (AssemblyDefinitionImporter)
Imported 'GUID: 9e46552017bcb4589bcb9664adc3eaf1' -> (Import Result ID: '324ef3f078136f13db0e7c8139774c4a') in 0.001 seconds [static dependencies only]. Details - ImportResultOutputID=94dcce5abdfacc7a0d008411b2c99065 DependenciesID=76249d77a4c3a32b4e05a77af6d14dc6 StaticDependenciesID=2248768a55c8d41b91e73f50725933e6 
Importing 'GUID: 9e6bdf94fcb245c585c26819fa23a202 - Path: Packages/com.unity.xr.arcore/Runtime/Unity.XR.ARCore.asmdef' with importer (AssemblyDefinitionImporter)
Imported 'GUID: 9e6bdf94fcb245c585c26819fa23a202' -> (Import Result ID: '8204ec912bee552f7115198729d81f7c') in 0.001 seconds [static dependencies only]. Details - ImportResultOutputID=e42c5c63201eb976a66cb7aa29f774b5 DependenciesID=a5ba651265a925b0586aeb50755906ac StaticDependenciesID=d76c5ae406a7a9e34fc43144e5d3c5e3 
Importing 'GUID: beb96ec8ad8b849a787382738bb427ae - Path: Packages/com.unity.xr.arfoundation/Tests/Editor/ARSubsystems/Unity.XR.ARSubsystems.Editor.Tests.asmdef' with importer (AssemblyDefinitionImporter)
Imported 'GUID: beb96ec8ad8b849a787382738bb427ae' -> (Import Result ID: 'f7077b5bc9443b1839661e7a2b86f8e0') in 0.001 seconds [static dependencies only]. Details - ImportResultOutputID=4e2375113a14dc31e4d342aeaebc34de DependenciesID=ee47ea7777236c206cf7c8145d4e9f5c StaticDependenciesID=61d7fdd6ca585396a8cb6e18f2e0b869 
Importing 'GUID: 2f52f0b6cfdc94464bcc067a11c8e1b6 - Path: Packages/com.google.xr.cardboard/Runtime/Google.XR.Cardboard.asmdef' with importer (AssemblyDefinitionImporter)
Imported 'GUID: 2f52f0b6cfdc94464bcc067a11c8e1b6' -> (Import Result ID: 'eb920338e02a6bceed5c62e21379304c') in 0.001 seconds [static dependencies only]. Details - ImportResultOutputID=7c4aca301bb06a974debbd5bd2a3c1ab DependenciesID=55f1d17a588598572b3fed4c55c2c11b StaticDependenciesID=8de5eef9d324c5a19a842591bccd5b3f 
Importing 'GUID: 5f27140884daf8a43af9434fd8028de9 - Path: Packages/com.unity.xr.arfoundation/Editor/InternalUtils/Unity.XR.ARFoundation.InternalUtils.Editor.asmdef' with importer (AssemblyDefinitionImporter)
Imported 'GUID: 5f27140884daf8a43af9434fd8028de9' -> (Import Result ID: '19055a25a33678b69cf4d0aa17878f08') in 0.001 seconds [static dependencies only]. Details - ImportResultOutputID=1d80c904ce611a823325ea8cd869dca1 DependenciesID=0a63cc05d8fda4f2e27f0de584db9ff5 StaticDependenciesID=7f32ffe79c5f792d6178ae9f2ade59c6 
Importing 'GUID: 5fab0d74d4d31754180a351f20d1dd72 - Path: Packages/com.unity.xr.arfoundation/Tests/Editor/CodeSamples/Unity.XR.ARFoundation.CodeSamples.Editor.Tests.asmdef' with importer (AssemblyDefinitionImporter)
Imported 'GUID: 5fab0d74d4d31754180a351f20d1dd72' -> (Import Result ID: '4dd0157b6ec10ce2731d279e7b5afc76') in 0.001 seconds [static dependencies only]. Details - ImportResultOutputID=ede77e68b8f74289634896309de95a2d DependenciesID=5d8df4cfb0b3c840fae65c21b03a65fd StaticDependenciesID=d9367e7a3bc8e7bc926b28562fad7558 
Importing 'GUID: 6f96e4b9bbe444c8f88d51ae10a2b75e - Path: Packages/com.unity.mathematics/Tests/Editor/Unity.Mathematics.Editor.Tests.asmdef' with importer (AssemblyDefinitionImporter)
Imported 'GUID: 6f96e4b9bbe444c8f88d51ae10a2b75e' -> (Import Result ID: 'abe64f2b4c336812e42d8508aa8aabb3') in 0.001 seconds [static dependencies only]. Details - ImportResultOutputID=a919ca8b29a040282e2af6ba49149739 DependenciesID=cf4dfcb0e3327268a525f56527d6fd87 StaticDependenciesID=32efe41c2fd1171c6f34d2fc9c89ae58 
Importing 'GUID: 7f759c464cb5ea8448d441f13b57aec0 - Path: Packages/com.unity.xr.arfoundation/Editor/ARFoundation/Unity.XR.ARFoundation.Editor.asmdef' with importer (AssemblyDefinitionImporter)
Imported 'GUID: 7f759c464cb5ea8448d441f13b57aec0' -> (Import Result ID: 'cd0224a78bf41d1bc4343fe9090434a5') in 0.001 seconds [static dependencies only]. Details - ImportResultOutputID=98fd87a406689aca75e8509d77c0fb63 DependenciesID=af6f28cbcc86e19540ad1a09d733c798 StaticDependenciesID=ba753b63090395c837b46c1248024b8b 
Importing 'GUID: 7fb5bd92010cb49b985f8c463d6914ae - Path: Packages/com.unity.xr.arfoundation/Editor/VisualScripting/Unity.XR.ARFoundation.VisualScripting.Editor.asmdef' with importer (AssemblyDefinitionImporter)
Imported 'GUID: 7fb5bd92010cb49b985f8c463d6914ae' -> (Import Result ID: '0ad586cc94c13c348125b5c92e7bbf47') in 0.001 seconds [static dependencies only]. Details - ImportResultOutputID=f21a28107a25017346786e8d161cd514 DependenciesID=24be1b7412ef2a8d03af2864a3d3e288 StaticDependenciesID=c81cfca1f64458a3de827330c871cd66 
Importing 'GUID: 51fa60bb2bd1e5bc74e8cc95a7bfd5b7 - Path: Packages/com.unity.modules.ui/package.ModuleCompilationTrigger' with importer (DefaultImporter)
Imported 'GUID: 51fa60bb2bd1e5bc74e8cc95a7bfd5b7' -> (Import Result ID: '0e6c19f382af6f75a9394f69adf788bd') in 0.042 seconds [static dependencies only]. Details - ImportResultOutputID=6e559821e528ff0e1a68c3b7765614d2 DependenciesID=89d09727dde36d60bf3bc38270dcfe28 StaticDependenciesID=3c1226af24afdaaba5f6812b32e68603 
Importing 'GUID: 71136fc5cf34f2cc10be0e33c0b08019 - Path: Packages/com.unity.modules.unityanalytics/package.ModuleCompilationTrigger' with importer (DefaultImporter)
Imported 'GUID: 71136fc5cf34f2cc10be0e33c0b08019' -> (Import Result ID: '56d126e4d1bc3d7b9e851b6322fe1bf8') in 0.002 seconds [static dependencies only]. Details - ImportResultOutputID=19db86d6fd47355ede82a1c702bde617 DependenciesID=b7469a4e7d2ca43e0537a7ec0ec6f7f8 StaticDependenciesID=0fa4fc0f2aeadebbd7eb627812335e19 
Importing 'GUID: d104359075a97392b803d3d5aebc77f7 - Path: Packages/com.unity.modules.hierarchycore/package.ModuleCompilationTrigger' with importer (DefaultImporter)
Imported 'GUID: d104359075a97392b803d3d5aebc77f7' -> (Import Result ID: '636638bc242e6bdeeae1ff976ac45eea') in 0.001 seconds [static dependencies only]. Details - ImportResultOutputID=1072526eb62216a1dc59d571676cf01f DependenciesID=69277dae5c49201d36383230841bb75b StaticDependenciesID=afc1e02b93f4652d9379104da0050c0e 
Importing 'GUID: 222fc39b0c85d800342910da2cd64781 - Path: Packages/com.unity.modules.assetbundle/package.ModuleCompilationTrigger' with importer (DefaultImporter)
Imported 'GUID: 222fc39b0c85d800342910da2cd64781' -> (Import Result ID: '0fd01ec1cec49f43ec72c5169f6a2f32') in 0.001 seconds [static dependencies only]. Details - ImportResultOutputID=7310c3d2b5a0454edeaf1531193e1a44 DependenciesID=fe2b344c41a59d7326b14e42dbe8dfa7 StaticDependenciesID=068dda8c383984ece564f394f95f8957 
Importing 'GUID: d2ec2d1228c8e67cdd913cb5609176a2 - Path: Packages/com.unity.modules.unitywebrequest/package.ModuleCompilationTrigger' with importer (DefaultImporter)
Imported 'GUID: d2ec2d1228c8e67cdd913cb5609176a2' -> (Import Result ID: 'a3f2f0e23f3ad60f0708fa9556b1addd') in 0.001 seconds [static dependencies only]. Details - ImportResultOutputID=fa2ee3949a508ef3b244c0a794acf950 DependenciesID=cbbd01d5144c855f237ee6f40affeaad StaticDependenciesID=373cbc2130578c37890108d08e3aa5a8 
Importing 'GUID: 830a36a23cf3ab1e61fa47940a6dc35e - Path: Packages/com.unity.modules.imageconversion/package.ModuleCompilationTrigger' with importer (DefaultImporter)
Imported 'GUID: 830a36a23cf3ab1e61fa47940a6dc35e' -> (Import Result ID: 'be0b67b432003b038cf0bb92e1d77b13') in 0.001 seconds [static dependencies only]. Details - ImportResultOutputID=76d29ea8d45d8514b9b32b4ce101e77e DependenciesID=7f550e29dfcaa81d6d67cc4988f0b7c8 StaticDependenciesID=7f600a175e09c6006f9088f92f2c1098 
Importing 'GUID: 042dc296246916648e55a43d0eeb2036 - Path: Packages/com.unity.modules.audio/package.ModuleCompilationTrigger' with importer (DefaultImporter)
Imported 'GUID: 042dc296246916648e55a43d0eeb2036' -> (Import Result ID: 'eb5c5d20fc9656beee57de382516913d') in 0.001 seconds [static dependencies only]. Details - ImportResultOutputID=db7c8acc5ec18f8d94381a817bd4639b DependenciesID=f2e5ad5e1d5d153fc84b7341a3ca872f StaticDependenciesID=987edeb86285dfb2f2b949491eb5ed6c 
Importing 'GUID: 14e86f88e9a8c9c448d7e7df92f2aeec - Path: Packages/com.unity.modules.physicscore2d/package.ModuleCompilationTrigger' with importer (DefaultImporter)
Imported 'GUID: 14e86f88e9a8c9c448d7e7df92f2aeec' -> (Import Result ID: '2c973c246328c75cfbee9b147c533aec') in 0.001 seconds [static dependencies only]. Details - ImportResultOutputID=4f921d24b7de923e48844f6cc629c5fc DependenciesID=5c2b2ed5b2c80f68f171a4ee31fd57d0 StaticDependenciesID=b0c4b38fa6509f6aac786da76715b668 
Importing 'GUID: e6a135e3ea9cb46795d1b0e05ac3e1e5 - Path: Packages/com.unity.modules.jsonserialize/package.ModuleCompilationTrigger' with importer (DefaultImporter)
Imported 'GUID: e6a135e3ea9cb46795d1b0e05ac3e1e5' -> (Import Result ID: 'c71f379f57b8b9297518a0ca2d221294') in 0.001 seconds [static dependencies only]. Details - ImportResultOutputID=fe2252d2af7741e3b7227eed79d28422 DependenciesID=4d9d5a211e60a1a74167fb8bdba07a36 StaticDependenciesID=b0b22eccfcc75550cfd5416b8ccadc34 
Importing 'GUID: 17f093324b67f5bd57e55b546736750e - Path: Packages/com.unity.modules.particlesystem/package.ModuleCompilationTrigger' with importer (DefaultImporter)
Imported 'GUID: 17f093324b67f5bd57e55b546736750e' -> (Import Result ID: 'f5f31d1663e5c8d3331bb37242222224') in 0.001 seconds [static dependencies only]. Details - ImportResultOutputID=03b670f3bb0647212e588851cc9790ce DependenciesID=7cd4b0bd5e72584af4ea6e0c0211374b StaticDependenciesID=093f92235b507c1e02fa5e78da745e12 
Importing 'GUID: c7a8b0317f4e68556d7509828e9e211e - Path: Packages/com.unity.modules.xr/package.ModuleCompilationTrigger' with importer (DefaultImporter)
Imported 'GUID: c7a8b0317f4e68556d7509828e9e211e' -> (Import Result ID: 'e6bc977ec43908b8c483480c50ba709b') in 0.001 seconds [static dependencies only]. Details - ImportResultOutputID=3c34469eeb3b36ac519079aacda65087 DependenciesID=d798ecfd2d3e606ae271c325f8d3f9d8 StaticDependenciesID=e7f1a4af7c34a1d23cbcb270e74c5222 
Importing 'GUID: c82e859b16636ddd2ca4a1f63fd34938 - Path: Packages/com.unity.modules.androidjni/package.ModuleCompilationTrigger' with importer (DefaultImporter)
Imported 'GUID: c82e859b16636ddd2ca4a1f63fd34938' -> (Import Result ID: 'ff8c030b16c1cc7102200c9ad9435e1d') in 0.001 seconds [static dependencies only]. Details - ImportResultOutputID=55f36a6ec0ad2395ab65ece168bae855 DependenciesID=d43e9c36192ead1f86158e7e35972b1d StaticDependenciesID=5262811eb11f19499d820f4d7138ccaa 
Importing 'GUID: c88e90bad18cceb5d182d0c805883056 - Path: Packages/com.unity.modules.director/package.ModuleCompilationTrigger' with importer (DefaultImporter)
Imported 'GUID: c88e90bad18cceb5d182d0c805883056' -> (Import Result ID: 'df5c6bef6720749769e0f29a7b968a5d') in 0.001 seconds [static dependencies only]. Details - ImportResultOutputID=990ca6c83905e57d0ad7cd210f7cd2f4 DependenciesID=b85bfdded66e51812773514932e1aca5 StaticDependenciesID=af76e0aacb3cf0fe693097321b8bc037 
Importing 'GUID: 8a752aaaadd2410dd9a84e01c1bace9f - Path: Packages/com.unity.modules.uielements/package.ModuleCompilationTrigger' with importer (DefaultImporter)
Imported 'GUID: 8a752aaaadd2410dd9a84e01c1bace9f' -> (Import Result ID: 'dc6f24ef124e8a1d93aeb4a49c9f2f2f') in 0.001 seconds [static dependencies only]. Details - ImportResultOutputID=058332d648d7f8084d1da6808467f61f DependenciesID=2d44fed7f892601fa61b2fed977658e7 StaticDependenciesID=ebedc7cdf67042358e558fc7d3cb11d5 
Importing 'GUID: db8e609a39b9b231fccc54e5fa4cbd1b - Path: Packages/com.unity.modules.animation/package.ModuleCompilationTrigger' with importer (DefaultImporter)
Imported 'GUID: db8e609a39b9b231fccc54e5fa4cbd1b' -> (Import Result ID: '64bdd471f684b7215418c8ebb98646e6') in 0.001 seconds [static dependencies only]. Details - ImportResultOutputID=bd54157e641a087b027334797ac1bb4e DependenciesID=63ee899a18461a3d707a245c13219acd StaticDependenciesID=45113d4b06d87e4212ca0fd971c6f675 
Importing 'GUID: 5c1ee4056d0ac7ad3c5a16597fcaa38a - Path: Packages/com.unity.modules.physics/package.ModuleCompilationTrigger' with importer (DefaultImporter)
Imported 'GUID: 5c1ee4056d0ac7ad3c5a16597fcaa38a' -> (Import Result ID: '0f78740e1b0faf652d13359c837630fa') in 0.001 seconds [static dependencies only]. Details - ImportResultOutputID=0711ed6008a670c121290dcbcce4e191 DependenciesID=1deaa0db5f99f0028b0739739357e86b StaticDependenciesID=93b97e97dbe87d17a699457ed0c8bfdb 
Importing 'GUID: 8d4bc6bfa28760b29f13174d6b6ea710 - Path: Packages/com.unity.modules.subsystems/package.ModuleCompilationTrigger' with importer (DefaultImporter)
Imported 'GUID: 8d4bc6bfa28760b29f13174d6b6ea710' -> (Import Result ID: '5ba628f7dd061e6c6125f1d10a64f3cc') in 0.001 seconds [static dependencies only]. Details - ImportResultOutputID=506707270f0b52336d3dc2706a7b00f3 DependenciesID=b542271c0169491e5e8c11b6ca61744b StaticDependenciesID=f8416302fe8f15d94abef2ac59f5532a 
Importing 'GUID: be13c398521e3c1ad21fb9da30ab2ab6 - Path: Packages/com.unity.modules.imgui/package.ModuleCompilationTrigger' with importer (DefaultImporter)
Imported 'GUID: be13c398521e3c1ad21fb9da30ab2ab6' -> (Import Result ID: 'f88617f8755f3cc7c522b80bad4b2bff') in 0.001 seconds [static dependencies only]. Details - ImportResultOutputID=bbfcda24188a78ea8f934cd6f1d77d47 DependenciesID=1676049d7bfc560c2876453352831559 StaticDependenciesID=1484f2e44d4504480cf87fd155816ecc 
Importing 'GUID: fe6a6957b37b61417b457a1e0541791d - Path: Packages/com.unity.modules.physics2d/package.ModuleCompilationTrigger' with importer (DefaultImporter)
Imported 'GUID: fe6a6957b37b61417b457a1e0541791d' -> (Import Result ID: '277c9d9c9443fa4d20de51563b0d83a5') in 0.001 seconds [static dependencies only]. Details - ImportResultOutputID=0029339c38fd9ee58145f1e3cabdd15e DependenciesID=adeb826391ab9c6ccdea71424fa76aa4 StaticDependenciesID=a2616f4ea2d94c01ce1fa3af66244439 
Refreshing native plugins compatible for Editor in 2.86 ms, found 1 plugins.
Native extension for iOS target not found
Native extension for WindowsStandalone target not found
Native extension for WebGL target not found
ScheduleIndexationOnStartup MainProcess:True IndexOnStartup:True
Scripting: successfully reloaded assembly
- Finished resetting the current domain, in  0.647 seconds
Domain Reload Profiling: 1329ms
	BeginReloadAssembly (301ms)
		DisableScriptedObjects (49ms)
		CreateAndSetChildDomain (39ms)
	RebuildCommonClasses (10ms)
	RebuildNativeTypeToScriptingClass (16ms)
	initialDomainReloadingComplete (66ms)
	LoadAllAssembliesAndSetupDomain (287ms)
		LoadAssemblies (162ms)
		TypeCache.Refresh (44ms)
			TypeCache.ScanAssembly (32ms)
		AnalyzeDomain (25ms)
			BuildScriptInfoCaches (18ms)
			ResolveRequiredComponents (4ms)
	FinalizeReload (649ms)
		SetupLoadedEditorAssemblies (0ms)
			LogAssemblyErrors (3ms)
			InitializePlatformSupportModulesInManaged (8ms)
			BeforeProcessingInitializeOnLoad (121ms)
			ProcessInitializeOnLoadAttributes (168ms)
			ProcessInitializeOnLoadMethodAttributes (77ms)
			AfterProcessingInitializeOnLoad (14ms)
		AwakeInstancesAfterBackupRestoration (47ms)
Starting new worker id: 0 with log in C:/Users/chuntley/Desktop/Proyecto MCOC/P1L4/unity_visualizador/Builds/RoomValidation/Logs/AssetImportWorkerHW0.log
Importing 'GUID: 00000000000000005000000000000000 - Path: Library/BuildPlayer.prefs' with importer (DefaultImporter)
Imported 'GUID: 00000000000000005000000000000000' -> (Import Result ID: 'e7fde0b61ad1bb905306708466de98ff') in 0.012 seconds [static dependencies only]. Details - ImportResultOutputID=5acc0d65895b3924819acc0f7e0e29d2 DependenciesID=59ca58ea3aedb06da41e45fbc07180ca StaticDependenciesID=37539b702cdc10d1395751c96f99732e 
Importing 'GUID: bc00e25696e4132499f56528d3fed2e3 - Path: Packages/com.unity.ugui/Package Resources/TMP Examples & Extras.unitypackage' with importer (DefaultImporter)
Imported 'GUID: bc00e25696e4132499f56528d3fed2e3' -> (Import Result ID: '06840da54814770a12bf6d6ccbbe4096') in 0.003 seconds [static dependencies only]. Details - ImportResultOutputID=4934728e630e4eaf0513a68f351db45e DependenciesID=4ae59f274dd4381e25547fc85365599a StaticDependenciesID=db5f177954bba2600db92c85e9a3e3ff 
Importing 'GUID: ce4ff17ca867d2b48b5c8a4181611901 - Path: Packages/com.unity.ugui/Package Resources/TMP Essential Resources.unitypackage' with importer (DefaultImporter)
Imported 'GUID: ce4ff17ca867d2b48b5c8a4181611901' -> (Import Result ID: '125767940f57f84da1db0f9543b7caff') in 0.002 seconds [static dependencies only]. Details - ImportResultOutputID=f07f1189a2b24fcec03c20307fac9422 DependenciesID=f09ee32b1d0e9fabbd6928005237c8b4 StaticDependenciesID=da1ca419056efb5873ef344d36b45ead 
Importing 'GUID: 14fc8b46bbbe44c8384c288cda0b3a64 - Path: Packages/com.unity.xr.core-utils/Tests/Runtime/Scenes/ConvexHullPerformanceTest.unity' with importer (DefaultImporter)
Imported 'GUID: 14fc8b46bbbe44c8384c288cda0b3a64' -> (Import Result ID: '5f294cc6369ee9433e48e8c3bf9a73ad') in 0.002 seconds [static dependencies only]. Details - ImportResultOutputID=49bd1ce908a7c25819e8e1ff17147028 DependenciesID=7d667e345e2a7fd191c5080051ab7545 StaticDependenciesID=8a99fa8a8ac4cca50f31634ec8aba75e 
Importing 'GUID: a401cbed40abb430895eec5ceb8b5353 - Path: Packages/com.unity.xr.core-utils/Tests/Runtime/Scenes/CustomApproximatelyPerformanceTest.unity' with importer (DefaultImporter)
Imported 'GUID: a401cbed40abb430895eec5ceb8b5353' -> (Import Result ID: 'f23b1f68788a349c5e5b1d091c310b62') in 0.002 seconds [static dependencies only]. Details - ImportResultOutputID=e7e5f67f69b15f6f7636f7333a7f1188 DependenciesID=d061fe1fe0c012c1898e8383797342c1 StaticDependenciesID=bd27a16b0f0d3419c5f7a69de7a564b0 
Importing 'GUID: d469f69adcddc4b1a91654a826f73b4d - Path: Packages/com.unity.xr.core-utils/Tests/Runtime/Scenes/PointInPolygonPerformanceTest.unity' with importer (DefaultImporter)
Imported 'GUID: d469f69adcddc4b1a91654a826f73b4d' -> (Import Result ID: 'd365f73f3962469340593883ab8521d1') in 0.002 seconds [static dependencies only]. Details - ImportResultOutputID=d53c7331b41ce8aaf09923904cd3a26a DependenciesID=119f27ee68058d1a540f148ace9fec19 StaticDependenciesID=a79616a86d56a3a8828afb605fda0d17 
Importing 'GUID: a1022967a90aad746b907ae522194966 - Path: Packages/com.unity.xr.arfoundation/Runtime/Simulation/Plugins/windows-x64/XRSimulationSubsystem.pdb' with importer (DefaultImporter)
Imported 'GUID: a1022967a90aad746b907ae522194966' -> (Import Result ID: 'f7350486d7cf8458a0543202047d71a7') in 0.006 seconds [static dependencies only]. Details - ImportResultOutputID=9357b66ff6a3dc47c58356f72f9eca0c DependenciesID=169c6120c6ebf210faac4d5cfaae39cb StaticDependenciesID=e89ed07b2c6c9d5abcffcb83d5a72400 
Importing 'GUID: 0497231d45cdc094f8d310d20605a8f9 - Path: Packages/com.unity.xr.arfoundation/Runtime/Simulation/Plugins/windows-arm64/XRSimulationSubsystem.pdb' with importer (DefaultImporter)
Imported 'GUID: 0497231d45cdc094f8d310d20605a8f9' -> (Import Result ID: '1447cc7bc37e2c7ee44a68bf5fe03745') in 0.002 seconds [static dependencies only]. Details - ImportResultOutputID=3df8f3d3ad2e43d9791f0e18051544be DependenciesID=92ff8f13373a490b216b1bc009cc2e66 StaticDependenciesID=1403ca84463641880f0c7ef4023df34d 
Importing 'GUID: a49c62393703f0c4c840e5c6bcb83867 - Path: Packages/com.unity.xr.arfoundation/Runtime/Simulation/Plugins/linux/XRSimulationSubsystem.debug' with importer (DefaultImporter)
Imported 'GUID: a49c62393703f0c4c840e5c6bcb83867' -> (Import Result ID: '562bb38c06bef6128b7c72ac87bfc9c2') in 0.005 seconds [static dependencies only]. Details - ImportResultOutputID=8fbfd68752748d5274a1098672290a3e DependenciesID=ecc721cddc3a79aa18726013b84434f1 StaticDependenciesID=2b66109b606960ca01eecf4a41f7e447 
Importing 'GUID: 006305b616daf47409935f3dc8a172e2 - Path: Packages/com.unity.inputsystem/InputSystem/Editor/Icons/ChevronUp@3x.png' with importer (TextureImporter)
Imported 'GUID: 006305b616daf47409935f3dc8a172e2' -> (Import Result ID: '3512ef43b454b5229bf6a66232357389') in 0.013 seconds [static and dynamic dependencies]. Details - ImportResultOutputID=313c5d8d8356b3f6ce5ab27ef53b8897 DependenciesID=ab89b93d4b8bbfd0a3bfac23fff42c73 StaticDependenciesID=24255ce3788d7d2f26978d6f33f7624a 
Importing 'GUID: 0068f400a72d84c92a1b8f5889a574b2 - Path: Packages/com.unity.inputsystem/InputSystem/Editor/Icons/d_ChevronDown@2x.png' with importer (TextureImporter)
Imported 'GUID: 0068f400a72d84c92a1b8f5889a574b2' -> (Import Result ID: '9f8ce451189b9fb7b9a2b75f4631efbf') in 0.002 seconds [static and dynamic dependencies]. Details - ImportResultOutputID=4fe1c387e1a9500acff2e1bf1374c39c DependenciesID=551558730a760040c7607e11ae100a3c StaticDependenciesID=195fa452acd413c939b87bed44ae5f41 
Importing 'GUID: 2027b97fd12d842d7a3169c784502a54 - Path: Packages/com.unity.inputsystem/InputSystem/Editor/Icons/Interactive Binding@2x.png' with importer (TextureImporter)
Imported 'GUID: 2027b97fd12d842d7a3169c784502a54' -> (Import Result ID: '8dfb2c6ff62f749b69b68328bb426c65') in 0.002 seconds [static and dynamic dependencies]. Details - ImportResultOutputID=e809bde815e7917a410fe95029054c8c DependenciesID=9f9fd21fe8576b867060dd8af3b93f37 StaticDependenciesID=b714b4f96656c09cb05ac3350d8e5ada 
Importing 'GUID: 3028dc075ba8c584d9bc7d1e0255e038 - Path: Packages/com.unity.inputsystem/InputSystem/Editor/Icons/InputSystemUIInputModule@64.png' with importer (TextureImporter)
Imported 'GUID: 3028dc075ba8c584d9bc7d1e0255e038' -> (Import Result ID: '3f66f6f6bc4810a43e3dd0a7a23c0f80') in 0.002 seconds [static and dynamic dependencies]. Details - ImportResultOutputID=c0ef4a1876d40898880db866547f9dd8 DependenciesID=7e0d5081a4c145d4debfee0f257481ce StaticDependenciesID=b1444f811a90d12cedeb45410815698e 
Importing 'GUID: 40265a896a0f341bb956e90c59025a29 - Path: Packages/com.unity.inputsystem/InputSystem/Editor/Icons/InputAction.png' with importer (TextureImporter)
Imported 'GUID: 40265a896a0f341bb956e90c59025a29' -> (Import Result ID: 'c57d4cb1c514bc5f0a0930f2ab3e44af') in 0.004 seconds [static and dynamic dependencies]. Details - ImportResultOutputID=506fe842b3c89b6eec7cf57271ea7988 DependenciesID=fcb07cb2d1bf49215edc509efdf83736 StaticDependenciesID=302e1748b8c602c7dd4014dd05d1290c 
Importing 'GUID: 90a79eef6393246e88d11f6201a42bf8 - Path: Packages/com.unity.xr.arcore/Tests/Editor/Assets/one.png' with importer (TextureImporter)
Imported 'GUID: 90a79eef6393246e88d11f6201a42bf8' -> (Import Result ID: '8e72b4bc41c8cade0ca1d9e396493f13') in 0.016 seconds [static and dynamic dependencies]. Details - ImportResultOutputID=f1193578e5e9f98066cb087e93fa37e9 DependenciesID=b053bc61f1d439ffa779e2e1cd6e7222 StaticDependenciesID=fca6d8744f7f7bd1d0c4bf35e125c803 
Importing 'GUID: a0b78c5ab9d654a9daba91ff774b4931 - Path: Packages/com.unity.inputsystem/InputSystem/Editor/Icons/Mouse@4x.png' with importer (TextureImporter)
Imported 'GUID: a0b78c5ab9d654a9daba91ff774b4931' -> (Import Result ID: '36c336409c2ba148580c2a1c0b7572ed') in 0.002 seconds [static and dynamic dependencies]. Details - ImportResultOutputID=919a7f49eae9fbd099fcfb3664e69ddd DependenciesID=bf2b3641297912394b7cc77283fd787a StaticDependenciesID=c31113280d36308478a14cc89612bab5 
Importing 'GUID: b025a2a0f9e554d1e88a93b5649dfc3f - Path: Packages/com.unity.inputsystem/InputSystem/Editor/Icons/InputActionAsset.png' with importer (TextureImporter)
Imported 'GUID: b025a2a0f9e554d1e88a93b5649dfc3f' -> (Import Result ID: '35f4f3bfd1ac657269fc9e8b7752e59d') in 0.004 seconds [static and dynamic dependencies]. Details - ImportResultOutputID=efd75e6af83dc0878d32b0e5fbc4d1dd DependenciesID=b0c326db778c1c7799eee6f376186a1a StaticDependenciesID=7f5535baebafc38cdb5a9815991f5c4b 
Importing 'GUID: b02e3f0c0798a4f1789a89a7697660be - Path: Packages/com.unity.inputsystem/InputSystem/Editor/AssetEditor/PackageResources/pro/propertiesBackground.png' with importer (TextureImporter)
Imported 'GUID: b02e3f0c0798a4f1789a89a7697660be' -> (Import Result ID: '1d53648b94fc7c0233d50ec94a60a4f6') in 0.002 seconds [static and dynamic dependencies]. Details - ImportResultOutputID=d363e1cfbb375004abbdc8b5ccbf29a9 DependenciesID=4979feab976fc9471dbead004fd69394 StaticDependenciesID=c4761556ffb8c8c558243716768e036e 
Importing 'GUID: c0996bc290ff74bf4834f4a8b7dc8c3e - Path: Packages/com.unity.inputsystem/InputSystem/Editor/AssetEditor/PackageResources/pro/foldoutBackground.png' with importer (TextureImporter)
Imported 'GUID: c0996bc290ff74bf4834f4a8b7dc8c3e' -> (Import Result ID: '31133a63acfe5c31399b5d1dad8b6a72') in 0.001 seconds [static and dynamic dependencies]. Details - ImportResultOutputID=23bb2a8333c8179fbc3902ef42c4523d DependenciesID=0e4261b7568df6c025bd288ed38e5de9 StaticDependenciesID=2b35191f2bc3bc1647101cca0a38742f 
Importing 'GUID: d0006d51a864248adba0238883f8c71e - Path: Packages/com.unity.inputsystem/InputSystem/Editor/Icons/Axis@2x.png' with importer (TextureImporter)
Imported 'GUID: d0006d51a864248adba0238883f8c71e' -> (Import Result ID: 'c9ff6203e19480d2146a74019a152cde') in 0.001 seconds [static and dynamic dependencies]. Details - ImportResultOutputID=106d75c787166d3ac7dab6a988051277 DependenciesID=95b157924a2f599a6593284d6b483ebd StaticDependenciesID=b1b9ec3fe7f6d1176b990b1c0ee77faf 
Importing 'GUID: d063466193bd7d849a39c4fe3a4291a0 - Path: Packages/com.unity.xr.arfoundation/Editor/Icons/ArrowCaretRight@2x.png' with importer (TextureImporter)
Imported 'GUID: d063466193bd7d849a39c4fe3a4291a0' -> (Import Result ID: '237eceb2fc33df131318cc791969f84c') in 0.002 seconds [static and dynamic dependencies]. Details - ImportResultOutputID=a7532b903bbcb80900d9b894f96cd11d DependenciesID=871a0e67d236692c5d3a131a74c35155 StaticDependenciesID=7dd28cc74b7427f9bc4e3df44dafdcd7 
Importing 'GUID: e0b604dee94974948961f7c5ce96485d - Path: Packages/com.unity.xr.arcore/Tests/Editor/Unity.XR.ARCore.Editor.Tests-UnityLogo White On Black.jpg' with importer (TextureImporter)
Imported 'GUID: e0b604dee94974948961f7c5ce96485d' -> (Import Result ID: '76f8ea9c9cd6bc3e5ef40338f80c1633') in 0.011 seconds [static and dynamic dependencies]. Details - ImportResultOutputID=66c3737aead9db7c46ea31cef8d4b3c1 DependenciesID=804b96d2cef931406654787916ae22d8 StaticDependenciesID=f4d0ba2d59a0241a00ece109fbc768e7 
Importing 'GUID: e01ab4b854c6d4fa3a8d869b67ecd643 - Path: Packages/com.unity.inputsystem/InputSystem/Editor/Icons/d_Axis@4x.png' with importer (TextureImporter)
Imported 'GUID: e01ab4b854c6d4fa3a8d869b67ecd643' -> (Import Result ID: 'd1a8671d3966fb2687036df2d4452592') in 0.002 seconds [static and dynamic dependencies]. Details - ImportResultOutputID=069264827b2383de5861593d3c166997 DependenciesID=e2b006490255f9c1919799be87529825 StaticDependenciesID=3bfcd746c5de538ebd3ce3d82e17a05a 
Importing 'GUID: e05ace3bd15740cda0bad60d89092a5b - Path: Packages/com.unity.ugui/Editor Resources/Textures/btn_AlignRight_Light.psd' with importer (TextureImporter)
Imported 'GUID: e05ace3bd15740cda0bad60d89092a5b' -> (Import Result ID: '1ebf26987fe2651be7bfb12b051b74d0') in 0.003 seconds [static and dynamic dependencies]. Details - ImportResultOutputID=ff04075eed65d7a89c8c31bba7e499e4 DependenciesID=979817b89427ebc0b2a0b7260b5fe07c StaticDependenciesID=d9f94ae87f2f802f9a04ff18904e6456 
Importing 'GUID: 2196c18f03faf4184b1aeb2c61d5571d - Path: Packages/com.unity.inputsystem/InputSystem/Editor/Icons/Interactive Binding.png' with importer (TextureImporter)
Imported 'GUID: 2196c18f03faf4184b1aeb2c61d5571d' -> (Import Result ID: 'ee00708d890ad2fe248d7b6d62622372') in 0.003 seconds [static and dynamic dependencies]. Details - ImportResultOutputID=cdd0213a7b0af4973c3699ba778408d6 DependenciesID=3d9a313e90d5158e1f94506a0e402f87 StaticDependenciesID=86f4cb999f6cb8b246ccf736963b4838 
Importing 'GUID: 41b96614b2e6494ba995ddcd252d11ae - Path: Packages/com.unity.ugui/Editor Resources/Textures/btn_AlignMiddle.psd' with importer (TextureImporter)
Imported 'GUID: 41b96614b2e6494ba995ddcd252d11ae' -> (Import Result ID: '7b5c6079a9d53f38faea426bd8fae3f0') in 0.003 seconds [static and dynamic dependencies]. Details - ImportResultOutputID=abf92d9b5e705c58bade41fbb7c1692f DependenciesID=2efbd5fbf23a7228af01d08db1fdf002 StaticDependenciesID=5a5c15e298bb8ec4d74b26c00546f68c 
Importing 'GUID: 41edf25d451a744e6ad1172a677603bd - Path: Packages/com.unity.inputsystem/InputSystem/Editor/Icons/d_Dpad@4x.png' with importer (TextureImporter)
Imported 'GUID: 41edf25d451a744e6ad1172a677603bd' -> (Import Result ID: 'cd7aa430990f6e6481b8501366dca2e0') in 0.002 seconds [static and dynamic dependencies]. Details - ImportResultOutputID=0b2b91cb11014afa52dda921a3732ee8 DependenciesID=53d9053707770b11eb96fd30cdd54b11 StaticDependenciesID=c3fe22e2b7dd174c3782bc6af6e68046 
Importing 'GUID: 6191a40940a3e46899ecf82fa8389d01 - Path: Packages/com.unity.inputsystem/InputSystem/Editor/Icons/Keyboard@3x.png' with importer (TextureImporter)
Imported 'GUID: 6191a40940a3e46899ecf82fa8389d01' -> (Import Result ID: 'ebf9e3d8389a07d3ada20e2587f0a736') in 0.002 seconds [static and dynamic dependencies]. Details - ImportResultOutputID=6f4b22bb904e867fa6cc60d826397175 DependenciesID=aba0954001573c526f39610fd06b94a9 StaticDependenciesID=cae924500b1ca42d275f98dc7207d54e 
Importing 'GUID: 6164e492ad3164525ab8ecd9968c3a64 - Path: Packages/com.unity.inputsystem/InputSystem/Editor/Icons/d_Mouse@3x.png' with importer (TextureImporter)
Imported 'GUID: 6164e492ad3164525ab8ecd9968c3a64' -> (Import Result ID: 'c99a35980098c84081e72e7b94d32b48') in 0.002 seconds [static and dynamic dependencies]. Details - ImportResultOutputID=2aa6d9b854fd44f05dd01715d7a93004 DependenciesID=55e088c38a795e8f09e9076be57d7eea StaticDependenciesID=69ff2a9307f6131f8dc4a703f3160f1c 
Importing 'GUID: 81ed8c76d2bc4a4c95d092c98af4e58f - Path: Packages/com.unity.ugui/Editor Resources/Textures/btn_AlignCenter.psd' with importer (TextureImporter)
Imported 'GUID: 81ed8c76d2bc4a4c95d092c98af4e58f' -> (Import Result ID: 'ecdfb7de988d66539524e74575785427') in 0.001 seconds [static and dynamic dependencies]. Details - ImportResultOutputID=319061c046a2a04f737cf231a91be8bf DependenciesID=b4f24b20bbae29d802fc828442eaca4d StaticDependenciesID=fcb888a83e430d43975a864d6ba072ce 
Importing 'GUID: a1b7d9ffed68a47128c5622c13ba4752 - Path: Packages/com.unity.inputsystem/InputSystem/Editor/Icons/d_Dpad@3x.png' with importer (TextureImporter)
Imported 'GUID: a1b7d9ffed68a47128c5622c13ba4752' -> (Import Result ID: '3e85c06bbd7609eafe5d83bce05595bd') in 0.002 seconds [static and dynamic dependencies]. Details - ImportResultOutputID=479f352f121a475842537c361dbcc65c DependenciesID=23083e5cc3346e4cab3041013c426e53 StaticDependenciesID=9b1cf74b86336e0f209b3658740c16e5 
Importing 'GUID: d1acbe0a708dc40dc80254764e67ecfa - Path: Packages/com.unity.inputsystem/InputSystem/Editor/Icons/ChevronDown@4x.png' with importer (TextureImporter)
Imported 'GUID: d1acbe0a708dc40dc80254764e67ecfa' -> (Import Result ID: '75dce1d8006152b0cd8ac824e5dd9141') in 0.002 seconds [static and dynamic dependencies]. Details - ImportResultOutputID=53bac305998f7a75e9c88a716c2a142a DependenciesID=f0c5988d1ce068f60798a361e8f29666 StaticDependenciesID=9de956af8711107508c5ee9d33099453 
Importing 'GUID: e1da124f7cbda41a4925397406076a42 - Path: Packages/com.unity.inputsystem/InputSystem/Editor/Icons/d_Position@3x.png' with importer (TextureImporter)
Imported 'GUID: e1da124f7cbda41a4925397406076a42' -> (Import Result ID: '5509b49ab5fe04d2a67c39cfdf589b1e') in 0.003 seconds [static and dynamic dependencies]. Details - ImportResultOutputID=a385ddb87e136e2e60e7a572dd16e681 DependenciesID=12a81cbb465236531dc71c6405319966 StaticDependenciesID=207a6680f6f5990195ae53b2a89af9b8 
Importing 'GUID: f14e3a4027f834f16b235498ac15bb3f - Path: Packages/com.unity.inputsystem/InputSystem/Editor/Icons/d_Keyboard@2x.png' with importer (TextureImporter)
Imported 'GUID: f14e3a4027f834f16b235498ac15bb3f' -> (Import Result ID: 'b933d1dc5ccc86a8824774b5ee788102') in 0.003 seconds [static and dynamic dependencies]. Details - ImportResultOutputID=10cf93a2a03974dcd5cd0489646e20b1 DependenciesID=573dcd9f838c10b35763a42d6de1493d StaticDependenciesID=d809c0719c09459e2c68caa63eef2249 
Importing 'GUID: 12736c98af174f91827a26b66d2b01b9 - Path: Packages/com.unity.ugui/Editor Resources/Textures/btn_AlignLeft_Light.psd' with importer (TextureImporter)
Imported 'GUID: 12736c98af174f91827a26b66d2b01b9' -> (Import Result ID: '860a0e156a8daed9b3c496620ec994ab') in 0.002 seconds [static and dynamic dependencies]. Details - ImportResultOutputID=ff158693ac06f218d18178e50e0d725e DependenciesID=8bcd2a27063190bb84f4a050f4faf897 StaticDependenciesID=00b839894418c56ec93b02124e8ba609 
Importing 'GUID: 123b6218ad27a41af933311ee524dcdc - Path: Packages/com.unity.inputsystem/InputSystem/Editor/Icons/d_Keyboard@4x.png' with importer (TextureImporter)
Imported 'GUID: 123b6218ad27a41af933311ee524dcdc' -> (Import Result ID: 'af1a745135f1db11e6a7208d43341d25') in 0.003 seconds [static and dynamic dependencies]. Details - ImportResultOutputID=a126ac6e11510305fbe1c24c57516c92 DependenciesID=e29712947ab562f1566fa268b213db22 StaticDependenciesID=fd551e39392eeff007659d60055d1d6e 
Importing 'GUID: 424bff4d3ea64400e9b384cb8bebfb96 - Path: Packages/com.unity.inputsystem/InputSystem/Editor/Icons/d_Orientation@3x.png' with importer (TextureImporter)
Imported 'GUID: 424bff4d3ea64400e9b384cb8bebfb96' -> (Import Result ID: '59757a6d35387d2d582e54a6575e742b') in 0.002 seconds [static and dynamic dependencies]. Details - ImportResultOutputID=fc9056b26405a8ecccda200964ccffad DependenciesID=5780e5b4f643ba556dafac2cc4a5f526 StaticDependenciesID=705613d59785d308bfd3c55730da2503 
Importing 'GUID: 52a208bb46e934bb5aba0a4973595f80 - Path: Packages/com.unity.xr.arfoundation/Assets/Textures/DialogBackground@4x.png' with importer (TextureImporter)
Imported 'GUID: 52a208bb46e934bb5aba0a4973595f80' -> (Import Result ID: '292c6d3ce4d191984b8c638acf8aac52') in 0.006 seconds [static and dynamic dependencies]. Details - ImportResultOutputID=d63d243b2d834d364a22881bbede7f43 DependenciesID=5f3c57d5ed2a20c97b6bc19ee4ba2f65 StaticDependenciesID=01fa942a90a7e677cdcbafa13c7109f9 
Importing 'GUID: 6234dae5cf6f04acb9a51e04d448e444 - Path: Packages/com.unity.inputsystem/InputSystem/Editor/Icons/Stick.png' with importer (TextureImporter)
Imported 'GUID: 6234dae5cf6f04acb9a51e04d448e444' -> (Import Result ID: '812867d64a5a615069b97897207edf84') in 0.002 seconds [static and dynamic dependencies]. Details - ImportResultOutputID=45aa667f17fe493fbed1ca44d902a8d5 DependenciesID=d272efbd386ce1bd1ce460a3ab088fb3 StaticDependenciesID=c8b87b061d868f84f7a4121a48dc70d4 
Importing 'GUID: 62c846073cb844a2b926e4bbd3189647 - Path: Packages/com.unity.inputsystem/InputSystem/Editor/Icons/d_Axis@3x.png' with importer (TextureImporter)
Imported 'GUID: 62c846073cb844a2b926e4bbd3189647' -> (Import Result ID: '225d65f347342f3f0e0d4bf84cf8f50b') in 0.002 seconds [static and dynamic dependencies]. Details - ImportResultOutputID=1285c6f18abf3bab9bd3ba3d17536f2f DependenciesID=0ece29f3f7a225e5e23784d97c88e005 StaticDependenciesID=f847d042f3ab06235f9907d1a0de1318 
Importing 'GUID: 62f8dda50382d487597224e197cbd34f - Path: Packages/com.unity.inputsystem/InputSystem/Editor/Icons/Orientation@2x.png' with importer (TextureImporter)
Imported 'GUID: 62f8dda50382d487597224e197cbd34f' -> (Import Result ID: '8de882b8f415c52092f4a20d55d0c99c') in 0.002 seconds [static and dynamic dependencies]. Details - ImportResultOutputID=aa20559244a6782c0fa10975dd2f819e DependenciesID=edb4ab21389cfc8b9235af2edbb3ac51 StaticDependenciesID=0e8fa0cfd33dbbe8d135d13f027296eb 
Importing 'GUID: 62ce957ca99fe4fcba573a5b141eb113 - Path: Packages/com.unity.inputsystem/InputSystem/Editor/Icons/InputControl@2x.png' with importer (TextureImporter)
Imported 'GUID: 62ce957ca99fe4fcba573a5b141eb113' -> (Import Result ID: '4a821a966bdb506ed79b3cb41827c839') in 0.002 seconds [static and dynamic dependencies]. Details - ImportResultOutputID=c5f3785c963e3532ed3df7c3c974cd8a DependenciesID=0725d072f7429ce716130d25494bd5f8 StaticDependenciesID=9065da737ec1df3f51cacfa7347ac8f1 
Importing 'GUID: 8236c695e72414e7889fb3f4d8226fde - Path: Packages/com.unity.xr.arfoundation/Editor/Icons/d_ARVR@4x.png' with importer (TextureImporter)
Imported 'GUID: 8236c695e72414e7889fb3f4d8226fde' -> (Import Result ID: 'b51cd5bff4a2646bfe4d05ed73ab056d') in 0.002 seconds [static and dynamic dependencies]. Details - ImportResultOutputID=b4572a7c150f09005360ddff263d4d7a DependenciesID=6a4cd2823eb14d4c696e778a8a995e20 StaticDependenciesID=e4f5859a7e3e909f286705f7ed00ad99 
Importing 'GUID: 82073a8bfd6b8488a89b8796d500d12d - Path: Packages/com.unity.inputsystem/InputSystem/Editor/Icons/Touch@2x.png' with importer (TextureImporter)
Imported 'GUID: 82073a8bfd6b8488a89b8796d500d12d' -> (Import Result ID: '497fba7aa232ef1df3da26c6a6fbb803') in 0.002 seconds [static and dynamic dependencies]. Details - ImportResultOutputID=2413fb7dff6ff2d95d26f0fa3fa1209d DependenciesID=73452ee99786e51bddd06561fbaa0501 StaticDependenciesID=2a061aaf004a7be026e71e153a1af774 
Importing 'GUID: 92027f7f8cfc4feaa477da0dc38d3d46 - Path: Packages/com.unity.ugui/Editor Resources/Textures/btn_AlignJustified.psd' with importer (TextureImporter)
Imported 'GUID: 92027f7f8cfc4feaa477da0dc38d3d46' -> (Import Result ID: '6be67ee09a4758952f16427c27ffc7b0') in 0.001 seconds [static and dynamic dependencies]. Details - ImportResultOutputID=2ac6fe8381370531a0d8ab4a5d408fe6 DependenciesID=b32926c6173fa9bd98fb92d0b6e4eb92 StaticDependenciesID=01480926a7ece50ae2a420b76bf5a23e 
Importing 'GUID: 9288066c33474b94b6ee5465f4df1cc0 - Path: Packages/com.unity.ugui/Editor Resources/Textures/btn_AlignLeft.psd' with importer (TextureImporter)
Imported 'GUID: 9288066c33474b94b6ee5465f4df1cc0' -> (Import Result ID: '2360289568be288169506812842232b8') in 0.001 seconds [static and dynamic dependencies]. Details - ImportResultOutputID=c182859a04377eb8cccc3f952d3df26d DependenciesID=8749358092ab4ab503de4ee0b17edf24 StaticDependenciesID=fb8d7436814d919fb53c628f0d6c097c 
Importing 'GUID: a23489f7f0d4e364c964361e900e4be6 - Path: Packages/com.unity.xr.arfoundation/Editor/Icons/d_ArrowCaretLeft@2x.png' with importer (TextureImporter)
Imported 'GUID: a23489f7f0d4e364c964361e900e4be6' -> (Import Result ID: '93dc7a596589386d607fc84bf16a0121') in 0.001 seconds [static and dynamic dependencies]. Details - ImportResultOutputID=be1e8860527c45c946eda0fb98171c7b DependenciesID=94a32422d027f9c5f0149ccd792d11f8 StaticDependenciesID=41c5a89321a900f4981d6edcae65269a 
Importing 'GUID: a2691ee365c36ea429319fe131fd85aa - Path: Packages/com.unity.xr.arfoundation/Editor/Icons/d_XREnvironment@2x.png' with importer (TextureImporter)
Imported 'GUID: a2691ee365c36ea429319fe131fd85aa' -> (Import Result ID: '12aba4676bfc3258f2f3fc87ca96a3aa') in 0.001 seconds [static and dynamic dependencies]. Details - ImportResultOutputID=720cb79d20787547963188869bc92b6a DependenciesID=a4a322a4f00d844c97f005c6d42300c7 StaticDependenciesID=2f97a96bfae1c25eacc37639240ad7c2 
Importing 'GUID: c2f7f6a88b4c4f20a53deb72f3d9144c - Path: Packages/com.unity.ugui/Editor Resources/Textures/btn_AlignMidLine.psd' with importer (TextureImporter)
Imported 'GUID: c2f7f6a88b4c4f20a53deb72f3d9144c' -> (Import Result ID: '50b5dde334ef49b725e7ee3569207c42') in 0.002 seconds [static and dynamic dependencies]. Details - ImportResultOutputID=269a2eaa80d17d069de3733738d5ea19 DependenciesID=0dbaee00389ae104e8179002a4fbee1d StaticDependenciesID=0939e1f48ad590596677e97b50221222 
Importing 'GUID: c28849deb3e3b45c98965e7efd26f7be - Path: Packages/com.unity.inputsystem/InputSystem/Editor/Icons/Joystick.png' with importer (TextureImporter)
Imported 'GUID: c28849deb3e3b45c98965e7efd26f7be' -> (Import Result ID: 'd66ae9eb19327d3d2bd6d49f23509d14') in 0.002 seconds [static and dynamic dependencies]. Details - ImportResultOutputID=e1b6b74d3396780d9a890c1b8957f65d DependenciesID=8f771de54da8f41182422bebaa313ef0 StaticDependenciesID=8c4180cfcc8bf034f65bdb63e4e0d40f 
Importing 'GUID: e2078613efd9e410c8771cbd2717f4e7 - Path: Packages/com.unity.inputsystem/InputSystem/Editor/Icons/d_InputControl@4x.png' with importer (TextureImporter)
Imported 'GUID: e2078613efd9e410c8771cbd2717f4e7' -> (Import Result ID: '2ec1d8eff958408a2452daf1cab932e9') in 0.002 seconds [static and dynamic dependencies]. Details - ImportResultOutputID=4ce63520d84d2fd9c99d9d360d7e6578 DependenciesID=243b9faf105085ec36c744fc4ca4fd22 StaticDependenciesID=4b780d3a7b8407c11d153af21adf73c2 
Importing 'GUID: f2fd4d7aa99c94a67a6a137fe979a760 - Path: Packages/com.unity.inputsystem/InputSystem/Editor/Icons/d_Stick@4x.png' with importer (TextureImporter)
Imported 'GUID: f2fd4d7aa99c94a67a6a137fe979a760' -> (Import Result ID: 'f4a0985847eb1d2c0d67a886f3620caa') in 0.002 seconds [static and dynamic dependencies]. Details - ImportResultOutputID=35e11774031db860d17a34382b6d2bad DependenciesID=8a9b0e5fd54d96ecbc240c9b5ed25dc1 StaticDependenciesID=79f4a8a1f367269f7cfaf0672fb4a35d 
Importing 'GUID: 03c3559bb64164f7785cd1250e475250 - Path: Packages/com.unity.inputsystem/InputSystem/Editor/Icons/d_Stick@3x.png' with importer (TextureImporter)
Imported 'GUID: 03c3559bb64164f7785cd1250e475250' -> (Import Result ID: 'a362ffbb2bce52ee159214b34de4c70c') in 0.002 seconds [static and dynamic dependencies]. Details - ImportResultOutputID=99dec27fd89611b8b8f17c329ff25b34 DependenciesID=4701afdcc5e927703f428e9fdd7223e2 StaticDependenciesID=925ef7f4dc25dde9fb11ca26f2457e75 
Importing 'GUID: 0309256f03c114697813e2296f0a1f18 - Path: Packages/com.unity.inputsystem/InputSystem/Editor/Icons/d_Button.png' with importer (TextureImporter)
Imported 'GUID: 0309256f03c114697813e2296f0a1f18' -> (Import Result ID: '07bce1bcb85d88620867f21a47b787d6') in 0.002 seconds [static and dynamic dependencies]. Details - ImportResultOutputID=a33b181bf0bfa0388148d19e81d857ad DependenciesID=835a0112fb9bee6389261016694f89a7 StaticDependenciesID=a9e110961c598f2c3f14849c0a99c1fb 
Importing 'GUID: 13fb345befe624412ac0bd0138d7bcf2 - Path: Packages/com.unity.inputsystem/InputSystem/Editor/Icons/Pen@2x.png' with importer (TextureImporter)
Imported 'GUID: 13fb345befe624412ac0bd0138d7bcf2' -> (Import Result ID: 'a4a7e28791f3fbc276e79a36e3ae964f') in 0.002 seconds [static and dynamic dependencies]. Details - ImportResultOutputID=17283d8c5eb0ca6aef0e05920af84201 DependenciesID=946ba5271a2125618a7014f25973afc6 StaticDependenciesID=b1b218f75e2fed47d3e33308a201da4a 
Importing 'GUID: 33f32142c2c2d4662be5f5274db27158 - Path: Packages/com.unity.inputsystem/InputSystem/Editor/AssetEditor/PackageResources/blue.png' with importer (TextureImporter)
Imported 'GUID: 33f32142c2c2d4662be5f5274db27158' -> (Import Result ID: '2ed8f8dae9280276129cf5e4ebcfa8a7') in 0.002 seconds [static and dynamic dependencies]. Details - ImportResultOutputID=bf659a0199e59992f4730cf110e75c9b DependenciesID=f24bd4244e2f75129884355bcd39ac1c StaticDependenciesID=b7b2befa2ddb21007dc58324346eb14f 
Importing 'GUID: 735ab448bda81490bac50b756bc317a8 - Path: Packages/com.unity.xr.arfoundation/Assets/Textures/Gear@2x.png' with importer (TextureImporter)
Imported 'GUID: 735ab448bda81490bac50b756bc317a8' -> (Import Result ID: '013ea9e95dd6e9e3ffd066fb38d16379') in 0.003 seconds [static and dynamic dependencies]. Details - ImportResultOutputID=aba5e32790d0cad3b7b9a3339938e58a DependenciesID=0a3aa2e695c117532101a26b73b09548 StaticDependenciesID=94f5be1293cea955f56ebc474cb74e54 
Importing 'GUID: 837129fe064064a0ea8a498d72e05698 - Path: Packages/com.unity.xr.arfoundation/Assets/Textures/Info@2x.png' with importer (TextureImporter)
Imported 'GUID: 837129fe064064a0ea8a498d72e05698' -> (Import Result ID: '0cb57428b23b82f7395aa2e00dab28f3') in 0.006 seconds [static and dynamic dependencies]. Details - ImportResultOutputID=0568792dd218a9e1c353023811b55915 DependenciesID=83bd465da2708a642247aff8caae86d8 StaticDependenciesID=8b85b461f18987ae425a6ba6d459b474 
Importing 'GUID: 83438053370c84456a73f7f95ef821fb - Path: Packages/com.unity.inputsystem/InputSystem/Editor/Icons/d_Gamepad@4x.png' with importer (TextureImporter)
Imported 'GUID: 83438053370c84456a73f7f95ef821fb' -> (Import Result ID: 'c222e29da9da23103de71d86e3f4f8a3') in 0.002 seconds [static and dynamic dependencies]. Details - ImportResultOutputID=c79d40b83dabde72cfb681cd4dcb9116 DependenciesID=73cc12b4bcf1888b49d739c8e73ab77c StaticDependenciesID=2f3a4767d014daeddb6a0ed17c2d1935 
Importing 'GUID: 83382fb171da648c594229ca6fa7ad94 - Path: Packages/com.unity.inputsystem/InputSystem/Editor/Icons/d_Keyboard.png' with importer (TextureImporter)
Imported 'GUID: 83382fb171da648c594229ca6fa7ad94' -> (Import Result ID: 'eba66b6053014bd1bea2fcd0339c53af') in 0.002 seconds [static and dynamic dependencies]. Details - ImportResultOutputID=be81985684ac61dfcee21e336eb40713 DependenciesID=483df410877ff442c72c0de1cae5e996 StaticDependenciesID=5ef00e24aee0bd182388444daef90131 
Importing 'GUID: a377d1d9197e5184e93545d3fce9c427 - Path: Packages/com.unity.xr.arfoundation/Assets/Textures/Camera Settings@2x.png' with importer (TextureImporter)
Imported 'GUID: a377d1d9197e5184e93545d3fce9c427' -> (Import Result ID: '3f27868beb80f8c829c4a149b73bfb3e') in 0.003 seconds [static and dynamic dependencies]. Details - ImportResultOutputID=20e7f433c40d80eb076921c2d4058004 DependenciesID=69174b9f75a06e30a8c286de50c87023 StaticDependenciesID=ca72b8d13590aa1267897591def485d5 
Importing 'GUID: a3fa73829479e4b41965e749fcca7c12 - Path: Packages/com.unity.inputsystem/InputSystem/Editor/Icons/Position@2x.png' with importer (TextureImporter)
Imported 'GUID: a3fa73829479e4b41965e749fcca7c12' -> (Import Result ID: '0a21086da353b4c3c7fcdee3f98a22b8') in 0.003 seconds [static and dynamic dependencies]. Details - ImportResultOutputID=f7ba137b2bd45d4d1105085e79fecad7 DependenciesID=d26337ed6b49e6c5fb2b63789f36a6d0 StaticDependenciesID=c1a0afa3793eaca6c42fed38aad9f34f 
Importing 'GUID: b30afb642173c7f469ddab60c0c5561a - Path: Packages/com.unity.xr.arfoundation/Editor/Icons/d_ViewEnvironment.png' with importer (TextureImporter)
Imported 'GUID: b30afb642173c7f469ddab60c0c5561a' -> (Import Result ID: '128ec6da0c04fe545924fc0bafb64a68') in 0.002 seconds [static and dynamic dependencies]. Details - ImportResultOutputID=e6ef0c655bbee627b21160c69e859cd6 DependenciesID=87a4bb01b4d83eb913868f48e601b799 StaticDependenciesID=3b7c5632c0595e2c7e44712f74ce7d14 
Importing 'GUID: e3b0f810fdea84e40ab4ba20f256f7e8 - Path: Packages/com.unity.ugui/Editor Resources/Textures/SectionHeader_Light.psd' with importer (TextureImporter)
Imported 'GUID: e3b0f810fdea84e40ab4ba20f256f7e8' -> (Import Result ID: '858bd51f7923939d48fcbe3bab1b5d10') in 0.002 seconds [static and dynamic dependencies]. Details - ImportResultOutputID=7a8692fa18025633a8b41e4011abd5f6 DependenciesID=27ea3418ff627a79e89063cf20bbcd36 StaticDependenciesID=2765a6e599eb943fa0344b5be432be3a 
Importing 'GUID: e36b1a9f22adf014b86cc28756509ecb - Path: Packages/com.unity.xr.arfoundation/Editor/Icons/ViewEnvironment@2x.png' with importer (TextureImporter)
Imported 'GUID: e36b1a9f22adf014b86cc28756509ecb' -> (Import Result ID: '8bbddf294f62f9e6743c906c1d6653c5') in 0.002 seconds [static and dynamic dependencies]. Details - ImportResultOutputID=3f55ae7ff5a7c75da74bb33e6ec5548a DependenciesID=b8bb6d28025dbff5a726b3a3e020a514 StaticDependenciesID=f4734b24ea2549d28e838c6cbae1353f 
Importing 'GUID: e35cc332c6211ec449f15ac0cb835f78 - Path: Packages/com.unity.xr.arfoundation/Editor/Icons/NoViewEnvironment.png' with importer (TextureImporter)
Imported 'GUID: e35cc332c6211ec449f15ac0cb835f78' -> (Import Result ID: '802f951d0f82c68f6bb267d8d9eafbaa') in 0.002 seconds [static and dynamic dependencies]. Details - ImportResultOutputID=fc0685473517c51d7dca442635d713a1 DependenciesID=13b5586e5ee88274612eeed2bb23c778 StaticDependenciesID=5670ed9e002908b3464bbfe1064a6618 
Importing 'GUID: 34f9452ba2ee14c0b9c976800caef571 - Path: Packages/com.unity.inputsystem/InputSystem/Editor/Icons/d_Axis.png' with importer (TextureImporter)
Imported 'GUID: 34f9452ba2ee14c0b9c976800caef571' -> (Import Result ID: 'cb367d9239e98aa9f1a9b46f552b11b1') in 0.001 seconds [static and dynamic dependencies]. Details - ImportResultOutputID=8d181df40ee4accb4cf62d4f48bece48 DependenciesID=958360e9eda0741fdb65f088cb76b198 StaticDependenciesID=7985e662e51ddcc02779f06ef880b8be 
Importing 'GUID: 342a0f8aca7f4f0691338912faec0494 - Path: Packages/com.unity.ugui/Editor Resources/Textures/btn_AlignRight.psd' with importer (TextureImporter)
Imported 'GUID: 342a0f8aca7f4f0691338912faec0494' -> (Import Result ID: '792398ee9ab14c8b15a6b710c109106a') in 0.001 seconds [static and dynamic dependencies]. Details - ImportResultOutputID=dcc25c51fe918048d30cdd9627ff2dae DependenciesID=701a481ac7544f94e01cc224e6439058 StaticDependenciesID=65930132794480b7fc3056e2c3917602 
Importing 'GUID: 542599ad529004327a7b18f7b2a4aeb8 - Path: Packages/com.unity.inputsystem/InputSystem/Editor/Icons/d_Interactive Binding@3x.png' with importer (TextureImporter)
Imported 'GUID: 542599ad529004327a7b18f7b2a4aeb8' -> (Import Result ID: '12c06f52d057837347660a65117f0ea0') in 0.002 seconds [static and dynamic dependencies]. Details - ImportResultOutputID=c2cd63cc057938e9d4a3727391a65bb5 DependenciesID=9a1cfeabac54afcb9e60c04ba14b5dbf StaticDependenciesID=2f23a405babd97e0c5d043153b624564 
Importing 'GUID: 64b9fad609434c489c32b1cdf2004a1c - Path: Packages/com.unity.ugui/Editor Resources/Textures/btn_AlignFlush_Light.psd' with importer (TextureImporter)
Imported 'GUID: 64b9fad609434c489c32b1cdf2004a1c' -> (Import Result ID: '86e5704fd2b531ee80bd57d1860badab') in 0.002 seconds [static and dynamic dependencies]. Details - ImportResultOutputID=159d193a48a732cd432ba9a73b4efe11 DependenciesID=f4d1852df88f6b8dad99ef8489222028 StaticDependenciesID=96d26e87e93b3e5d2e9f1cc9e8bf642a 
Importing 'GUID: 74a4a74438cd46a4f816b9f34fe1e709 - Path: Packages/com.unity.xr.arfoundation/Editor/Icons/d_ArrowCaretRight.png' with importer (TextureImporter)
Imported 'GUID: 74a4a74438cd46a4f816b9f34fe1e709' -> (Import Result ID: '7efa88f0051659e8cfb0296fcdb36737') in 0.002 seconds [static and dynamic dependencies]. Details - ImportResultOutputID=4f5ba6ea726794639c13896e9ed2c7d7 DependenciesID=3b58fdc3bda5c8eb8582cc9aba8423f7 StaticDependenciesID=57ce1efd9c7fc739a72412143df8ba41 
Importing 'GUID: 94fa2e214a138425e8afbbe1329e0b55 - Path: Packages/com.unity.inputsystem/InputSystem/Editor/Icons/d_Touch.png' with importer (TextureImporter)
Imported 'GUID: 94fa2e214a138425e8afbbe1329e0b55' -> (Import Result ID: '21be54e47162c9529571e39eab2ea9e6') in 0.001 seconds [static and dynamic dependencies]. Details - ImportResultOutputID=f49032d1f516a68985b16f42ca6646d9 DependenciesID=ae2e81e3784925d96fb47610935ec10a StaticDependenciesID=5af736e6b5755cbffb1a50ec2e2b15c5 
Importing 'GUID: 943deaaee9c9347e0a455aa208526c42 - Path: Packages/com.unity.inputsystem/InputSystem/Editor/AssetEditor/PackageResources/pro/actionTreeBackgroundWithoutBorder.png' with importer (TextureImporter)
Imported 'GUID: 943deaaee9c9347e0a455aa208526c42' -> (Import Result ID: 'c102d871a7c45551e66f2e3e131142d3') in 0.002 seconds [static and dynamic dependencies]. Details - ImportResultOutputID=2159ccf50da381bde7c94591e6136166 DependenciesID=b2ffb8cc38ccb89464e433acbe9509a5 StaticDependenciesID=009ca5af96a15a8a119169e76b00806e 
Importing 'GUID: a4610f64a5a4e4625b1ddbd44b04c5a6 - Path: Packages/com.unity.inputsystem/InputSystem/Editor/Icons/Joystick@3x.png' with importer (TextureImporter)
Imported 'GUID: a4610f64a5a4e4625b1ddbd44b04c5a6' -> (Import Result ID: '6039c94416819593eed687e069022c80') in 0.002 seconds [static and dynamic dependencies]. Details - ImportResultOutputID=458e36d2664db14f3d7ee4a92fe4105e DependenciesID=0b04ad340bd70b373f808cdf70bf3239 StaticDependenciesID=894dc501f3e2d27401c8ab62b0a673d0 
Importing 'GUID: a4d5a38cb01e9c54aa75431f797059cb - Path: Packages/com.unity.inputsystem/InputSystem/Editor/Icons/TrackedPoseDriver.png' with importer (TextureImporter)
Imported 'GUID: a4d5a38cb01e9c54aa75431f797059cb' -> (Import Result ID: '2c98e83bf6e8a168eb4580dad6463622') in 0.002 seconds [static and dynamic dependencies]. Details - ImportResultOutputID=681171cf57794d1d327af88a310c6740 DependenciesID=62d0a75e054dd2c213171f9e40b3b997 StaticDependenciesID=3b290464a6bec88f3f3ecc02482c8d12 
Importing 'GUID: a4bbff684804d4c84b61cd0256cd2360 - Path: Packages/com.unity.inputsystem/InputSystem/Editor/Icons/d_Add Binding.png' with importer (TextureImporter)
Imported 'GUID: a4bbff684804d4c84b61cd0256cd2360' -> (Import Result ID: '933264022e281ca0e6bcd417543bd30b') in 0.002 seconds [static and dynamic dependencies]. Details - ImportResultOutputID=83a95aa2cdd243d3bb2ba46263f631c5 DependenciesID=c2fa2c8962f6ba81a31849079504e2e7 StaticDependenciesID=94146feec77d5781437860d4572a0890 
Importing 'GUID: a43c2c10c85c448b584c8f2840f86915 - Path: Packages/com.unity.inputsystem/InputSystem/Editor/Icons/Position@3x.png' with importer (TextureImporter)
Imported 'GUID: a43c2c10c85c448b584c8f2840f86915' -> (Import Result ID: '02ce2e96ed0297c2a95723e22bf904b1') in 0.002 seconds [static and dynamic dependencies]. Details - ImportResultOutputID=ea55c4e6be98b532967aaf91268be579 DependenciesID=172fc1001fe5f7ad8678581dd4084cbb StaticDependenciesID=8e3679f4a54a0379b692717884143f56 
Importing 'GUID: a4deca3e01bf64bfc9136f4cb3b41c9f - Path: Packages/com.unity.inputsystem/InputSystem/Editor/Icons/Stick@3x.png' with importer (TextureImporter)
Imported 'GUID: a4deca3e01bf64bfc9136f4cb3b41c9f' -> (Import Result ID: '0f46187a365aa02f715e472a15bed9fc') in 0.002 seconds [static and dynamic dependencies]. Details - ImportResultOutputID=40759dc79cf240c17d46a0e235639e1d DependenciesID=d3138d286534065e9313a80aed4b4244 StaticDependenciesID=d2a323f71c8307e055b90bd438f87bf0 
Importing 'GUID: c4235c4abfa134435bd4c8c1f8fd8c56 - Path: Packages/com.unity.inputsystem/InputSystem/Editor/Icons/d_InputControl@2x.png' with importer (TextureImporter)
Imported 'GUID: c4235c4abfa134435bd4c8c1f8fd8c56' -> (Import Result ID: 'cc796c301ce55885ffbe61d324183f3a') in 0.002 seconds [static and dynamic dependencies]. Details - ImportResultOutputID=a1b679232fe87b4154bdefc6c5230418 DependenciesID=1b3c025e1be0ef395f3b1d8e9a5eea37 StaticDependenciesID=04813e8795a6c93f34190ad169392f0f 
Importing 'GUID: c4b66e31395c54087a2fbc13ae7e0f3c - Path: Packages/com.unity.inputsystem/InputSystem/Editor/AssetEditor/PackageResources/pro/actionTreeBackground.png' with importer (TextureImporter)
Imported 'GUID: c4b66e31395c54087a2fbc13ae7e0f3c' -> (Import Result ID: 'bf9572da9f13d0bd1c5f7626c08509d9') in 0.001 seconds [static and dynamic dependencies]. Details - ImportResultOutputID=777f6ed30c3870a61623018417d00269 DependenciesID=6ee25079f822e247db6bc5abcd57bf54 StaticDependenciesID=d1f42d810260935356019d0a35fd78ed 
Importing 'GUID: c4f7551c56dfb47a7a105b6579646d2f - Path: Packages/com.unity.inputsystem/InputSystem/Editor/Icons/ChevronUp@4x.png' with importer (TextureImporter)
Imported 'GUID: c4f7551c56dfb47a7a105b6579646d2f' -> (Import Result ID: 'd534378a6308abe8c825d4a7637287dc') in 0.001 seconds [static and dynamic dependencies]. Details - ImportResultOutputID=983ab411795589f0d4911665a19176aa DependenciesID=fa939bb49e909221e1e4dc087cffe0dd StaticDependenciesID=0a4d3b51820fb1f0bc4ba15af3df46f2 
Importing 'GUID: e46ad23216d074f828f3437b21912c64 - Path: Packages/com.unity.inputsystem/InputSystem/Editor/Icons/d_ChevronUp@4x.png' with importer (TextureImporter)
Imported 'GUID: e46ad23216d074f828f3437b21912c64' -> (Import Result ID: 'b1d1a5bbeef8a377df43ccc82daa5cc6') in 0.001 seconds [static and dynamic dependencies]. Details - ImportResultOutputID=f9130436b26573dbcd47078aa305eec0 DependenciesID=36dddfd0fe96de17e8a817662617a8d3 StaticDependenciesID=d38fa48e97b3679dce841ad7e88fba1a 
Importing 'GUID: e42d949d3f5591c48a800d05c708e4d3 - Path: Packages/com.unity.xr.arfoundation/Editor/Icons/ViewEnvironment.png' with importer (TextureImporter)
Imported 'GUID: e42d949d3f5591c48a800d05c708e4d3' -> (Import Result ID: '90a7d1f89e17907e31980a4ea38f50f0') in 0.001 seconds [static and dynamic dependencies]. Details - ImportResultOutputID=defc69d2909a8ee9332d843eaefaa8ac DependenciesID=f83dedfb87187a95cd820f0fa616bf1c StaticDependenciesID=6a39c6b77fae02d99ff2b7452070f710 
Importing 'GUID: f4e6ca70dd9734da1a812be882c6364e - Path: Packages/com.unity.inputsystem/InputSystem/Editor/Icons/d_Interactive Binding@4x.png' with importer (TextureImporter)
Imported 'GUID: f4e6ca70dd9734da1a812be882c6364e' -> (Import Result ID: 'f2d7b299ed89062653843cfb83b579a5') in 0.001 seconds [static and dynamic dependencies]. Details - ImportResultOutputID=aea762f2271282b6ddd9b185d20cb403 DependenciesID=9997beabbe8180e8968c9720650dcbf8 StaticDependenciesID=6f300f2d35d3cfd47f7810adcdaa177e 
Importing 'GUID: 05bbafd21bf3c4cca93cb8ddfbbd4070 - Path: Packages/com.unity.inputsystem/InputSystem/Editor/Icons/Mouse@3x.png' with importer (TextureImporter)
Imported 'GUID: 05bbafd21bf3c4cca93cb8ddfbbd4070' -> (Import Result ID: '610de065acf3f6b83f51a994063def34') in 0.002 seconds [static and dynamic dependencies]. Details - ImportResultOutputID=ab9dfa41e7d3fa5ee3318e73f3de07ae DependenciesID=95fbb7a9db9d2526397d0c0736fc5f19 StaticDependenciesID=3bc70805631494357b325f88337de14c 
Importing 'GUID: 153c8e15f7f6c452ca50f6795813ed39 - Path: Packages/com.unity.inputsystem/InputSystem/Editor/Icons/ChevronDown@2x.png' with importer (TextureImporter)
Imported 'GUID: 153c8e15f7f6c452ca50f6795813ed39' -> (Import Result ID: '60508e74ac50f4ae0011973a7b38b0a1') in 0.002 seconds [static and dynamic dependencies]. Details - ImportResultOutputID=c8f17f1743282419675f9b9f53981867 DependenciesID=57fb103a1e42f286603af19f5347bdc7 StaticDependenciesID=6285a94ced10f1e8687cb7db1f6eb0e0 
Importing 'GUID: 2552e303d22424da2ad62552efbd06e8 - Path: Packages/com.unity.inputsystem/InputSystem/Editor/Icons/d_Position@2x.png' with importer (TextureImporter)
Imported 'GUID: 2552e303d22424da2ad62552efbd06e8' -> (Import Result ID: '97894afaa66e8b2b337aa0c5598bc709') in 0.001 seconds [static and dynamic dependencies]. Details - ImportResultOutputID=0c783a4c3ddfd9e2635753aa35339b8c DependenciesID=a5b5af0f23e3236e9e0dbd7c8aa8a271 StaticDependenciesID=f51ac18845f31b3968c1244a8222b438 
Importing 'GUID: 35ff0937876540d3bd4b6a941df62a92 - Path: Packages/com.unity.ugui/Editor Resources/Textures/btn_AlignCenterGeo_Light.psd' with importer (TextureImporter)
Imported 'GUID: 35ff0937876540d3bd4b6a941df62a92' -> (Import Result ID: '2dd879c2b86b40d01e72999f74e381d8') in 0.001 seconds [static and dynamic dependencies]. Details - ImportResultOutputID=a03dfd35a0b1344e97f4b9bffd3ea5fb DependenciesID=e3fb2a06e0ead31f6cfc7120b6b6ac68 StaticDependenciesID=c20f806c71815a69a5f2a30c0cc219ed 
Importing 'GUID: 55040e210fa9b426b861a26909ab4de7 - Path: Packages/com.unity.inputsystem/InputSystem/Editor/Icons/d_Stick.png' with importer (TextureImporter)
Imported 'GUID: 55040e210fa9b426b861a26909ab4de7' -> (Import Result ID: '40187bd41d53bbdfb5f030742de66102') in 0.002 seconds [static and dynamic dependencies]. Details - ImportResultOutputID=69ddb3dd3d0e00c88855d1e1811f38c9 DependenciesID=4b75174f2afcd2adcf507f1ade93805a StaticDependenciesID=f782f3613247e0cdfa0c5590c1b220dd 
Importing 'GUID: 7543bb6341c2140f292c8c852e7a3bbf - Path: Packages/com.unity.inputsystem/InputSystem/Editor/Icons/Gamepad@4x.png' with importer (TextureImporter)
Imported 'GUID: 7543bb6341c2140f292c8c852e7a3bbf' -> (Import Result ID: '4a4004a5387c0318fec992215d0400a7') in 0.002 seconds [static and dynamic dependencies]. Details - ImportResultOutputID=4cc89d821bb860f50c410c9ebacd0288 DependenciesID=b047eedcffe343c151a963e9796d4340 StaticDependenciesID=798e25338b60405e55d389a8d5f31a74 
Importing 'GUID: 958a10dec4f3a4764bb345b0aa03510b - Path: Packages/com.unity.inputsystem/InputSystem/Editor/Icons/Add Binding.png' with importer (TextureImporter)
Imported 'GUID: 958a10dec4f3a4764bb345b0aa03510b' -> (Import Result ID: 'eae16fe5acf004c13c5da57095adcd38') in 0.001 seconds [static and dynamic dependencies]. Details - ImportResultOutputID=33c4db162b18837043e906429a992169 DependenciesID=374dbdd6d232ac2410c33c9bc3537633 StaticDependenciesID=be490e8d5845bb6f179d02da2da222da 
Importing 'GUID: c5e76041ab3100f488b9e8122b0d7bff - Path: Packages/com.unity.xr.arfoundation/Editor/Icons/d_ViewEnvironment@2x.png' with importer (TextureImporter)
Imported 'GUID: c5e76041ab3100f488b9e8122b0d7bff' -> (Import Result ID: 'd3d443d7d6cdfc738e52a6a7bb0b26cf') in 0.002 seconds [static and dynamic dependencies]. Details - ImportResultOutputID=0961aa76eea1993c1def863931a3524c DependenciesID=276ff8e31b5f34f5d1de2cad1b27ccc8 StaticDependenciesID=5b33813b708c3b9733fe342fb094fef8 
Importing 'GUID: c5bdeae4dabac4bf19f7a1afcf5ca678 - Path: Packages/com.unity.inputsystem/InputSystem/Editor/Icons/d_Position.png' with importer (TextureImporter)
Imported 'GUID: c5bdeae4dabac4bf19f7a1afcf5ca678' -> (Import Result ID: '5930a415bcff1eebefee775d2c1f74e2') in 0.001 seconds [static and dynamic dependencies]. Details - ImportResultOutputID=03540efbffba70da4e15adc6f109d406 DependenciesID=4f4e0fc48b8afdc18510ece62052d3fe StaticDependenciesID=36bf05f5c865498feb91980d42745bdd 
Importing 'GUID: c5ef8db4d37ba4c0fb5e17dbb0e044ba - Path: Packages/com.unity.xr.arfoundation/Assets/Textures/SlideToggleBackground@4x.png' with importer (TextureImporter)
Imported 'GUID: c5ef8db4d37ba4c0fb5e17dbb0e044ba' -> (Import Result ID: '6c632cce061cc4d0bdcb83d5b7e00634') in 0.003 seconds [static and dynamic dependencies]. Details - ImportResultOutputID=58c6d7878a59e68168a1b1e9ee018fae DependenciesID=d6071430586dca3ed1b32dbe1fa5bd09 StaticDependenciesID=2a3a798f5f327f532276f498c4d8d4c8 
Importing 'GUID: f58c918f135bd4b8abe5fdb06bda7f4d - Path: Packages/com.unity.inputsystem/InputSystem/Editor/Icons/Joystick@4x.png' with importer (TextureImporter)
Imported 'GUID: f58c918f135bd4b8abe5fdb06bda7f4d' -> (Import Result ID: '2f9c4007268334b6729bdc157b7f5994') in 0.002 seconds [static and dynamic dependencies]. Details - ImportResultOutputID=93b80f1ab71ab7cbc3dfe693cd6a3ab3 DependenciesID=7406fa53dabcd25a62693f902c85615c StaticDependenciesID=913786cc103fb3d2b624ce4d980eecdf 
Importing 'GUID: f5ace3d653812436a812bebfe7f9a242 - Path: Packages/com.unity.inputsystem/InputSystem/Editor/Icons/Stick@4x.png' with importer (TextureImporter)
Imported 'GUID: f5ace3d653812436a812bebfe7f9a242' -> (Import Result ID: 'a155f4fa97a4959411bbce1f08fd7f81') in 0.002 seconds [static and dynamic dependencies]. Details - ImportResultOutputID=1d61a592cdda42b37944d419bc12f3e8 DependenciesID=58f0be15b2f301b8e25345cfd99702c5 StaticDependenciesID=1ea37d74580ab9b7734ec56f6b209e14 
Importing 'GUID: 066619c9c9c84f89acb1b48c11a7efe2 - Path: Packages/com.unity.ugui/Editor Resources/Textures/btn_AlignMiddle_Light.psd' with importer (TextureImporter)
Imported 'GUID: 066619c9c9c84f89acb1b48c11a7efe2' -> (Import Result ID: '478aba9f4859fa198af421a637167f8e') in 0.002 seconds [static and dynamic dependencies]. Details - ImportResultOutputID=467ab563afb89e40f143ac45b47da788 DependenciesID=f590f791b567ba569caba75078135fe8 StaticDependenciesID=ebcb6f41f121963585b6800ca60774ba 
Importing 'GUID: 061c539269d9b0146a75b5ea86f94dd5 - Path: Packages/com.unity.xr.arfoundation/Editor/Icons/XREnvironment@2x.png' with importer (TextureImporter)
Imported 'GUID: 061c539269d9b0146a75b5ea86f94dd5' -> (Import Result ID: 'c2bbdc525bce4912fdeafe18ef6f5867') in 0.001 seconds [static and dynamic dependencies]. Details - ImportResultOutputID=9d690410adfa352eb33c393129067fb2 DependenciesID=3a06ace8206c0a41616f56ffb9c9a2af StaticDependenciesID=340994c6b84e0239c9323ad9ad154ddd 
Importing 'GUID: 06ad495fb07444736b59782982d96250 - Path: Packages/com.unity.inputsystem/InputSystem/Editor/Icons/d_ChevronDown.png' with importer (TextureImporter)
Imported 'GUID: 06ad495fb07444736b59782982d96250' -> (Import Result ID: '2d19b3346f0cb0085277649ee657734d') in 0.001 seconds [static and dynamic dependencies]. Details - ImportResultOutputID=8ca4f9f670b003c57c004296b6fd5b1c DependenciesID=670013822e049b43a7350bf85886e7a9 StaticDependenciesID=b39635556370aa7490199fbb89886702 
Importing 'GUID: 264ffc05d7d2841d5a6065854b6282ca - Path: Packages/com.unity.inputsystem/InputSystem/Editor/Icons/d_Mouse.png' with importer (TextureImporter)
Imported 'GUID: 264ffc05d7d2841d5a6065854b6282ca' -> (Import Result ID: '5f9d78506a6d811e36bfbfe3a3339a28') in 0.002 seconds [static and dynamic dependencies]. Details - ImportResultOutputID=53cbf902eb286587ed32b2a11998f1b4 DependenciesID=0ee6cb368b9e28c1a6ddf598221161c4 StaticDependenciesID=3f3dcf2d24a3626639e1d7bc8ee526a3 
Importing 'GUID: 5684eb521fa99491e9061de682d1622e - Path: Packages/com.unity.inputsystem/InputSystem/Editor/Icons/Position.png' with importer (TextureImporter)
Imported 'GUID: 5684eb521fa99491e9061de682d1622e' -> (Import Result ID: '17d0550441df99ca88fbf7e68d4261a8') in 0.001 seconds [static and dynamic dependencies]. Details - ImportResultOutputID=1762f8059bb99be4ef8e6df96fdbec5a DependenciesID=606f4eb83e025d25d61e3f3218a08ab8 StaticDependenciesID=cb9faa099ace1390dd9ae2d65930da15 
Importing 'GUID: 76dc61ff6c2d84b24b0a2ce01dc2842d - Path: Packages/com.unity.inputsystem/InputSystem/Editor/Icons/d_Gamepad.png' with importer (TextureImporter)
Imported 'GUID: 76dc61ff6c2d84b24b0a2ce01dc2842d' -> (Import Result ID: 'c412a25988b3ed6d59d684560635a085') in 0.001 seconds [static and dynamic dependencies]. Details - ImportResultOutputID=8e75ecbad1947dc99f5fc138044b9df4 DependenciesID=6eda670d51ea4e46dd9f001d7438c26a StaticDependenciesID=75f68ebe3c28d1fb4642258e84d2a833 
Importing 'GUID: 862c5ca31844d4a6d9aa804af982ce65 - Path: Packages/com.unity.inputsystem/InputSystem/Editor/Icons/Add Binding@4x.png' with importer (TextureImporter)
Imported 'GUID: 862c5ca31844d4a6d9aa804af982ce65' -> (Import Result ID: 'aa68ad4c66781b696845210abb0fbcf1') in 0.002 seconds [static and dynamic dependencies]. Details - ImportResultOutputID=2b502e3f3b4befb696a33b0e7718b09e DependenciesID=8e60cb59049f05ea072f06b798c17af9 StaticDependenciesID=c3f7ebc6b828f1344a0eaa9c12a7176a 
Importing 'GUID: 96f7582a52a6843c09e0c71617e94f2d - Path: Packages/com.unity.inputsystem/InputSystem/Editor/Icons/d_Pen@2x.png' with importer (TextureImporter)
Imported 'GUID: 96f7582a52a6843c09e0c71617e94f2d' -> (Import Result ID: 'bdaaa63a2a91a60d2468ab34f8a7339d') in 0.002 seconds [static and dynamic dependencies]. Details - ImportResultOutputID=de305afd2a41473cbc6983ccba63f592 DependenciesID=d8df8ec6d863b6a39c6c552e075f87ea StaticDependenciesID=e62b3319d206164383d29c7ebe85772f 
Importing 'GUID: a6f5907f7152f40fa8bc0819e54d4402 - Path: Packages/com.unity.xr.arfoundation/Assets/Textures/Check@2x.png' with importer (TextureImporter)
Imported 'GUID: a6f5907f7152f40fa8bc0819e54d4402' -> (Import Result ID: '045289b65c1b9dff1004f8b64db41354') in 0.002 seconds [static and dynamic dependencies]. Details - ImportResultOutputID=d46dff4991f2f7f0235e486e9fce6faf DependenciesID=cf3e9889974da82d683f6f3382ffa13a StaticDependenciesID=33b8ac54d580fbfd314181fb17da8d86 
Importing 'GUID: b60b9eb0384c345c89435d0982a6e4fd - Path: Packages/com.unity.inputsystem/InputSystem/Editor/Icons/d_Dpad.png' with importer (TextureImporter)
Imported 'GUID: b60b9eb0384c345c89435d0982a6e4fd' -> (Import Result ID: '691254247d097b3ab8ccbf86fb726f80') in 0.001 seconds [static and dynamic dependencies]. Details - ImportResultOutputID=26bf613d53f655912b071c6a02a38348 DependenciesID=5afeee8fa3935e8b0ac877eb5c27bfba StaticDependenciesID=1bd04c4fca4a27629bdb325e0cecd9a6 
Importing 'GUID: c6efff08094402e42b11a435eb8dc38d - Path: Packages/com.unity.xr.arfoundation/Editor/Icons/d_NoViewEnvironment@2x.png' with importer (TextureImporter)
Imported 'GUID: c6efff08094402e42b11a435eb8dc38d' -> (Import Result ID: '7c8aa243318e4631c4bb07fafc4adcec') in 0.002 seconds [static and dynamic dependencies]. Details - ImportResultOutputID=e639b8ea96447070f384c219640314e0 DependenciesID=bdf224a5aaaec8973437ad3a5d506a0e StaticDependenciesID=4f6e3b67d9d238d41a44501d06814380 
Importing 'GUID: 0789d3eb021f56c478a96023ad3392a1 - Path: Packages/com.unity.xr.arfoundation/Editor/Icons/d_AddEdit@2x.png' with importer (TextureImporter)
Imported 'GUID: 0789d3eb021f56c478a96023ad3392a1' -> (Import Result ID: '2acbdc1b1e3d9c56995e0f1e02f222dd') in 0.001 seconds [static and dynamic dependencies]. Details - ImportResultOutputID=c01b7b253398d21bb14a81d0f987bbb7 DependenciesID=13862e4f52881b66b84359523734f775 StaticDependenciesID=efc7986095eb61492342292c04772661 
Importing 'GUID: 07fee181ffab14930827f990c51f206f - Path: Packages/com.google.xr.cardboard/Resources/Cardboard/quantum_ic_close_white_24.png' with importer (TextureImporter)
Imported 'GUID: 07fee181ffab14930827f990c51f206f' -> (Import Result ID: 'e0e7ed659255dfa2d0e11d8960b0a458') in 0.003 seconds [static and dynamic dependencies]. Details - ImportResultOutputID=0c31d96f98bbadda0dd0e43ca80c99f5 DependenciesID=adad9c8bbb92e3c2841169f0fa0da395 StaticDependenciesID=4b618e2698ff680dc0da1cbbbcd7261a 
Importing 'GUID: 17b3fef87d666459d860ad88452862da - Path: Packages/com.unity.inputsystem/InputSystem/Editor/Icons/d_Pen@3x.png' with importer (TextureImporter)
Imported 'GUID: 17b3fef87d666459d860ad88452862da' -> (Import Result ID: '20e3ce3281fce7ef24982d4cf9584d70') in 0.001 seconds [static and dynamic dependencies]. Details - ImportResultOutputID=f4d8a4eb29fc8836cce3365fa35061ec DependenciesID=c3ed7c11a994c77dcbfd5cfaea81cdc8 StaticDependenciesID=9a4b1f49c80db569d03a44cc06d4932c 
Importing 'GUID: 17c8753d0e5e24194b06404851be7f13 - Path: Packages/com.unity.inputsystem/InputSystem/Editor/Icons/Gamepad.png' with importer (TextureImporter)
Imported 'GUID: 17c8753d0e5e24194b06404851be7f13' -> (Import Result ID: '1f0b265efd8a6bbea7f063f7e699e7ac') in 0.001 seconds [static and dynamic dependencies]. Details - ImportResultOutputID=becf3f6bcda5ce47e9620c345cd70eec DependenciesID=6e5f6a729ac2466208ae4d1601ef0a8b StaticDependenciesID=ac7d89908a9ebca80b5cdcf327a628d3 
Importing 'GUID: 27163f3cda5b9431d928f2b33eeb5cf1 - Path: Packages/com.unity.inputsystem/InputSystem/Editor/Icons/d_Axis@2x.png' with importer (TextureImporter)
Imported 'GUID: 27163f3cda5b9431d928f2b33eeb5cf1' -> (Import Result ID: '680aebad9b4fb351cb22970b54774400') in 0.001 seconds [static and dynamic dependencies]. Details - ImportResultOutputID=aaf5940d51d77e6ae023f1d1aeded9a9 DependenciesID=65d3d70f4a76fc0071e30a3ce57cf4b2 StaticDependenciesID=d4d4347459de7503257a670b717a7d8d 
Importing 'GUID: 27fa98be5deb54cbf9c11ffc540272b2 - Path: Packages/com.unity.inputsystem/InputSystem/Editor/Icons/d_Joystick@2x.png' with importer (TextureImporter)
Imported 'GUID: 27fa98be5deb54cbf9c11ffc540272b2' -> (Import Result ID: 'f17c53069cdc7b130671e4e3321b1cab') in 0.002 seconds [static and dynamic dependencies]. Details - ImportResultOutputID=0c830d12b1340c93074d97abf99f9b66 DependenciesID=3bf39a938b2c772e18bb1595ffa73695 StaticDependenciesID=57ff432ccb88738384b3e82a3b15cc0d 
Importing 'GUID: 47cf506b4219343519083fe1c0b8fc9c - Path: Packages/com.unity.inputsystem/InputSystem/Editor/AssetEditor/PackageResources/yellow.png' with importer (TextureImporter)
Imported 'GUID: 47cf506b4219343519083fe1c0b8fc9c' -> (Import Result ID: 'cd9ba35cf3c25a574155ff836bb57df5') in 0.002 seconds [static and dynamic dependencies]. Details - ImportResultOutputID=00d1bf86063f7697fc1bfabb655e2304 DependenciesID=34fde6f83e0abf9fb8bc3f1ed236a031 StaticDependenciesID=65c3d580214c842b8931c12d1d4459de 
Importing 'GUID: 57dfdce0eaf2f48a9bd9e60e920e446b - Path: Packages/com.unity.inputsystem/InputSystem/Editor/Icons/ChevronUp@2x.png' with importer (TextureImporter)
Imported 'GUID: 57dfdce0eaf2f48a9bd9e60e920e446b' -> (Import Result ID: '4ee8f0801acddfd0f9fe1cbddb6c8e4f') in 0.001 seconds [static and dynamic dependencies]. Details - ImportResultOutputID=32b196e1b8f5c0ce9b68259975b2f52c DependenciesID=89f0940494b8bd92dc54ec39f892ba53 StaticDependenciesID=866b1d4863de5c1e283e2b547eaa4587 
Importing 'GUID: 87ae93efe5d3b4262995b0acdc987d88 - Path: Packages/com.unity.inputsystem/InputSystem/Editor/Icons/Keyboard@2x.png' with importer (TextureImporter)
Imported 'GUID: 87ae93efe5d3b4262995b0acdc987d88' -> (Import Result ID: '8d2dc10bd5ac97e7eab8a5b73c539ae4') in 0.002 seconds [static and dynamic dependencies]. Details - ImportResultOutputID=83fd4b5a693fd4e576653ec49b3a148c DependenciesID=037c9f040e91567dce7cbb64b8c11226 StaticDependenciesID=535586667c50637742738c9365546ef8 
Importing 'GUID: 9721efa02e520488d96c36460fe7e4a6 - Path: Packages/com.unity.inputsystem/InputSystem/Editor/Icons/Mouse@2x.png' with importer (TextureImporter)
Imported 'GUID: 9721efa02e520488d96c36460fe7e4a6' -> (Import Result ID: 'be1d3db2e8c53b8e88a20426117113b0') in 0.001 seconds [static and dynamic dependencies]. Details - ImportResultOutputID=6fa91491be334a427ade444ab9142434 DependenciesID=861b1dee2495d00c2d5682cffd2a1eb4 StaticDependenciesID=c4d23390ab4d74ffd28f3349ab205e23 
Importing 'GUID: a7ec9e7ad8b847b7ae4510af83c5d868 - Path: Packages/com.unity.ugui/Editor Resources/Gizmos/TMP - Dropdown Icon.psd' with importer (TextureImporter)
Imported 'GUID: a7ec9e7ad8b847b7ae4510af83c5d868' -> (Import Result ID: '8ecd523bdc9a88b12cd3923f95a13eb5') in 0.002 seconds [static and dynamic dependencies]. Details - ImportResultOutputID=1d092266e479a9389aa88f9e8c354cc3 DependenciesID=2cb844105627d057fa0c4a7ba8637425 StaticDependenciesID=d25cf6ffe4de545aadba23a2f6cf5bef 
Importing 'GUID: c76700ea0062413d9f69409b4e9e151b - Path: Packages/com.unity.ugui/Editor Resources/Textures/btn_AlignCenterGeo.psd' with importer (TextureImporter)
Imported 'GUID: c76700ea0062413d9f69409b4e9e151b' -> (Import Result ID: '76097b3200c15015c66edd82e6cc8dde') in 0.001 seconds [static and dynamic dependencies]. Details - ImportResultOutputID=d31aa07bd724e402b3f8abe2c7b61daf DependenciesID=e92e33bbb65eeab36826fb08ad743777 StaticDependenciesID=512342258a9094da98cf6d47a54e2f89 
Importing 'GUID: d7b144323984d4298924c65ed071dea1 - Path: Packages/com.unity.inputsystem/InputSystem/Editor/AssetEditor/PackageResources/pink.png' with importer (TextureImporter)
Imported 'GUID: d7b144323984d4298924c65ed071dea1' -> (Import Result ID: '05db55804ff27e227f80de8dcf3498f9') in 0.001 seconds [static and dynamic dependencies]. Details - ImportResultOutputID=ece18ae049da555e42c38d1b0861fb32 DependenciesID=4054e92cda013490ebb2631fcad8c98f StaticDependenciesID=571d41cbb468043193aae53155a3abba 
Importing 'GUID: d7073cfe15a1a48bfb7ff59225052484 - Path: Packages/com.unity.inputsystem/InputSystem/Editor/Icons/Dpad@4x.png' with importer (TextureImporter)
Imported 'GUID: d7073cfe15a1a48bfb7ff59225052484' -> (Import Result ID: '7e4e63ff8d5c5b8b75d996fb3c7639a3') in 0.001 seconds [static and dynamic dependencies]. Details - ImportResultOutputID=0918cba8ae46ec0cf0a34ba0da87d94f DependenciesID=af9ede63401a60f99fc71ec8cdade2ab StaticDependenciesID=7f7cb5c0b32c5d9552b2afa4e66d8f4b 
Importing 'GUID: e77ee65b5139048949dc0ac5614efeec - Path: Packages/com.unity.inputsystem/InputSystem/Editor/Icons/d_Touch@3x.png' with importer (TextureImporter)
Imported 'GUID: e77ee65b5139048949dc0ac5614efeec' -> (Import Result ID: '2ed49715686f3cd95020a9ff5b93d306') in 0.002 seconds [static and dynamic dependencies]. Details - ImportResultOutputID=82c2a81e602c9393046e41cb4f0002ff DependenciesID=2c75d31f96ae1b717c735a0f8f2c6d02 StaticDependenciesID=2cb75fd0d79b0e0927bb9e60e6482524 
Importing 'GUID: e76f0489d4db34a2fbc3532e07f2848a - Path: Packages/com.unity.inputsystem/InputSystem/Editor/Icons/Dpad.png' with importer (TextureImporter)
Imported 'GUID: e76f0489d4db34a2fbc3532e07f2848a' -> (Import Result ID: '33ba40ef3c71151d0568bba1268048df') in 0.002 seconds [static and dynamic dependencies]. Details - ImportResultOutputID=3726266499860dc75bf64e9d1f424587 DependenciesID=f5ba1418c34721cf642951482f4181a0 StaticDependenciesID=a011e2a0e24fae39f5b76be5007356b2 
Importing 'GUID: 08c99f7c2a7fa410d8567323e32ad5f5 - Path: Packages/com.unity.inputsystem/InputSystem/Editor/Icons/InputControl@4x.png' with importer (TextureImporter)
Imported 'GUID: 08c99f7c2a7fa410d8567323e32ad5f5' -> (Import Result ID: '471c0a768c34a90b8531ac681dcd4960') in 0.002 seconds [static and dynamic dependencies]. Details - ImportResultOutputID=583e60e116a86b94aaeca5c815125d80 DependenciesID=a3b7d3731c9a7bd77e4bd101af1145ea StaticDependenciesID=aac495bde3e6dc39de323cdc3ceee894 
Importing 'GUID: 18e45e1f11fae429c80c200cca8e0b4c - Path: Packages/com.unity.inputsystem/InputSystem/Editor/Icons/Joystick@2x.png' with importer (TextureImporter)
Imported 'GUID: 18e45e1f11fae429c80c200cca8e0b4c' -> (Import Result ID: '55035c63e6c97989c7c3e41f119514d0') in 0.002 seconds [static and dynamic dependencies]. Details - ImportResultOutputID=f46590b89ea466318fb733de38d212f6 DependenciesID=ed4780ca04b8bc2c8a03703b8c203878 StaticDependenciesID=cf5619cb961eea9c1fb4299319f39a8e 
Importing 'GUID: 18775b51e3bd42299fd30bd036ea982f - Path: Packages/com.unity.ugui/Editor Resources/Textures/btn_AlignBaseLine_Light.psd' with importer (TextureImporter)
Imported 'GUID: 18775b51e3bd42299fd30bd036ea982f' -> (Import Result ID: 'b914b3e2f03cea4193e8fa8989388a52') in 0.002 seconds [static and dynamic dependencies]. Details - ImportResultOutputID=f95a806ddea0e9e6b7074a4e8b017a2c DependenciesID=b4ef3a77fe4eadd52e2a4847701eae35 StaticDependenciesID=be23cbe8287b5be74c6e89b19ec95c1e 
Importing 'GUID: 48d034c499ee4697af9dd6e327110249 - Path: Packages/com.unity.ugui/Editor Resources/Textures/btn_AlignTop.psd' with importer (TextureImporter)
Imported 'GUID: 48d034c499ee4697af9dd6e327110249' -> (Import Result ID: 'd0be0cd3df979cc3e7ab2e770571c6d3') in 0.002 seconds [static and dynamic dependencies]. Details - ImportResultOutputID=b1d41ac0de1ea92c6b91e9f5b98e4f88 DependenciesID=2f8f04feca89d08de7b0c2a97f29ba22 StaticDependenciesID=6aeaa971d658fb6be4d5c017d0e783cf 
Importing 'GUID: 588041e6f0efb43489b38677e0aac58f - Path: Packages/com.unity.inputsystem/InputSystem/Editor/Icons/Touch.png' with importer (TextureImporter)
Imported 'GUID: 588041e6f0efb43489b38677e0aac58f' -> (Import Result ID: '12dc4b1a40dca9343b2a19dd6e4adce9') in 0.002 seconds [static and dynamic dependencies]. Details - ImportResultOutputID=94e202d7e741304f7b309afaaa9e6eb1 DependenciesID=720d3ac14d894409f58afab58a2da185 StaticDependenciesID=923a8e76cbc5d319d382b743a060b8e1 
Importing 'GUID: 5881d226463a047cb8db57c9cb0ebc0f - Path: Packages/com.unity.inputsystem/InputSystem/Editor/Icons/Stick@2x.png' with importer (TextureImporter)
Imported 'GUID: 5881d226463a047cb8db57c9cb0ebc0f' -> (Import Result ID: 'f6a5fdf689734e1f1719d7b7b42ced3b') in 0.002 seconds [static and dynamic dependencies]. Details - ImportResultOutputID=67de580dd457606469f5ccd3104b9e72 DependenciesID=6ecff1eab7e34cfb4b47108bb9d7c918 StaticDependenciesID=c54c1356158b5a11f951f73756ee1b9c 
Importing 'GUID: 5806833d077654e5784b7cbf3e722f58 - Path: Packages/com.unity.inputsystem/InputSystem/Editor/Icons/Dpad@2x.png' with importer (TextureImporter)
Imported 'GUID: 5806833d077654e5784b7cbf3e722f58' -> (Import Result ID: '60c754ea2a10973577c42271ebe076b0') in 0.002 seconds [static and dynamic dependencies]. Details - ImportResultOutputID=1aa0dbed13dc1e896137852fe1fa42a7 DependenciesID=161cdf9523872d0c9fab7bc91b24f16e StaticDependenciesID=d2407b984bc021f6d5e4a1c97c78d67c 
Importing 'GUID: 585b70cb75dd43efbfead809c30a1731 - Path: Packages/com.unity.ugui/Editor Resources/Textures/btn_AlignBottom_Light.psd' with importer (TextureImporter)
Imported 'GUID: 585b70cb75dd43efbfead809c30a1731' -> (Import Result ID: '4ef63f335e8c9c69882d28d3821a268d') in 0.003 seconds [static and dynamic dependencies]. Details - ImportResultOutputID=4abef624442a18962c8644c5408ac090 DependenciesID=58fa524ee20e9b5a4de79174d01affe5 StaticDependenciesID=9d0cd4591fe50e628a54133bb729e315 
Importing 'GUID: 58ef062a7c3e249538c36204fb550c63 - Path: Packages/com.google.xr.cardboard/Resources/Cardboard/quantum_ic_line_white_24.png' with importer (TextureImporter)
Imported 'GUID: 58ef062a7c3e249538c36204fb550c63' -> (Import Result ID: 'c0d879d1a93b007ed48cbb53844cabb4') in 0.003 seconds [static and dynamic dependencies]. Details - ImportResultOutputID=1252788f13c542bed9f66763e6309eac DependenciesID=e4eaef2ec5e0114b8b8046f5d8786c4b StaticDependenciesID=701bdc449f5e1a70eece5cfb1e6594ad 
Importing 'GUID: 9858b8d6bc5e649ca94c5830ec79be14 - Path: Packages/com.unity.xr.arfoundation/Assets/Textures/UnityLogoWhiteRGB.png' with importer (TextureImporter)
Imported 'GUID: 9858b8d6bc5e649ca94c5830ec79be14' -> (Import Result ID: 'df14a4f503ae3bec1e921330b0e8df40') in 0.017 seconds [static and dynamic dependencies]. Details - ImportResultOutputID=51390235ffaf6fb3dc8c4d2c22565d50 DependenciesID=d4b2013d5908b14c559f5c7c60c36c0f StaticDependenciesID=c8c9e28c98db2eae4ea2c77e8d37d99e 
Importing 'GUID: 985cbca1705a64c80b370afdb30b3ee7 - Path: Packages/com.unity.inputsystem/InputSystem/Editor/Icons/ChevronDown@3x.png' with importer (TextureImporter)
Imported 'GUID: 985cbca1705a64c80b370afdb30b3ee7' -> (Import Result ID: '216cf60bc15e64856e74ca95aeb23678') in 0.002 seconds [static and dynamic dependencies]. Details - ImportResultOutputID=4f00548a770cd03da5e2635a1c56ed68 DependenciesID=5db11b3760df31dcf69b868596f7ba4f StaticDependenciesID=d16610b0f0b0e99a10add23ec10cb7be 
Importing 'GUID: a89bfcdeffde84e7ebf930d44b695435 - Path: Packages/com.unity.inputsystem/InputSystem/Editor/Icons/d_ChevronUp@2x.png' with importer (TextureImporter)
Imported 'GUID: a89bfcdeffde84e7ebf930d44b695435' -> (Import Result ID: 'be6a1631b977cd6ee3c75254a3a10be3') in 0.002 seconds [static and dynamic dependencies]. Details - ImportResultOutputID=b70f5b79b0ff4c03fa5738fead1b936b DependenciesID=4035a42e6d19ae7f847f644b2bde0082 StaticDependenciesID=6126ffd3398cf6572acd06f074aad8a3 
Importing 'GUID: d88596134c72c47b99d7d55583f4c6bf - Path: Packages/com.unity.inputsystem/InputSystem/Editor/Icons/d_Joystick@4x.png' with importer (TextureImporter)
Imported 'GUID: d88596134c72c47b99d7d55583f4c6bf' -> (Import Result ID: '4d3004ea12b0cb94c55c4a3b66f04704') in 0.002 seconds [static and dynamic dependencies]. Details - ImportResultOutputID=05d05e144454f933dc3240e7b04e25c5 DependenciesID=854e5aef6c77d67da1af1cbc5978d64d StaticDependenciesID=74fb205b379e95a1ff0510994777230a 
Importing 'GUID: 0962795d1cafc460b9027de55b1c0a80 - Path: Packages/com.unity.inputsystem/InputSystem/Editor/Icons/d_Button@2x.png' with importer (TextureImporter)
Imported 'GUID: 0962795d1cafc460b9027de55b1c0a80' -> (Import Result ID: 'df58d1b5ab51f25c56ce5165673128a3') in 0.001 seconds [static and dynamic dependencies]. Details - ImportResultOutputID=4d264a459c4b6b2836bdda5a6c7911af DependenciesID=4ad8bde685918c0bf19279dedbac9ba4 StaticDependenciesID=0b9e01afb343f29fd4f2b7560342e2ef 
Importing 'GUID: 1918e7bff8ff44878a0003977ca03971 - Path: Packages/com.unity.inputsystem/InputSystem/Editor/Icons/d_Mouse@4x.png' with importer (TextureImporter)
Imported 'GUID: 1918e7bff8ff44878a0003977ca03971' -> (Import Result ID: '45e2679cc5b214a5b2eba2b3b0c0b795') in 0.002 seconds [static and dynamic dependencies]. Details - ImportResultOutputID=ac8db5ad421402819bc20e3d80fe55f9 DependenciesID=d4bf6a1370a1a379ec51299f776b1f50 StaticDependenciesID=588d6ab269c76dccfb82be84a1f42921 
Importing 'GUID: 29070bec5a5705045bb69c987b6d303b - Path: Packages/com.unity.xr.arfoundation/Editor/Icons/AddEdit.png' with importer (TextureImporter)
Imported 'GUID: 29070bec5a5705045bb69c987b6d303b' -> (Import Result ID: 'f97f7e6efe5c2b266ac849ba3ec70c57') in 0.002 seconds [static and dynamic dependencies]. Details - ImportResultOutputID=3c075920ca10389ed3af98c94fe8f38c DependenciesID=c5892e50ee2c09d101d8417c188a0e0b StaticDependenciesID=14eeaca0a13b12641a6dba79eb250f34 
Importing 'GUID: 399cd90f4e31041e692a7d3a8b1aa4d0 - Path: Packages/com.unity.inputsystem/InputSystem/Editor/Icons/d_InputControl.png' with importer (TextureImporter)
Imported 'GUID: 399cd90f4e31041e692a7d3a8b1aa4d0' -> (Import Result ID: '715aed37ec026088d2f0d9d8fcb99916') in 0.003 seconds [static and dynamic dependencies]. Details - ImportResultOutputID=5e8e607f35ff0493b74111be4bb8547c DependenciesID=aefdb56441f7e9437e510c43aabea7a9 StaticDependenciesID=99de6182a2ab687ceaa1517df5934ead 
Importing 'GUID: 49679f302ac6408697f6b9314a38985c - Path: Packages/com.unity.ugui/Editor Resources/Textures/btn_AlignCapLine_Light.psd' with importer (TextureImporter)
Imported 'GUID: 49679f302ac6408697f6b9314a38985c' -> (Import Result ID: '08a393f509d9c4f096cb155e41371760') in 0.002 seconds [static and dynamic dependencies]. Details - ImportResultOutputID=1f2775f15969074703461bf36d4703df DependenciesID=99af14b2c649e43576d0c0fcee47ab2c StaticDependenciesID=7d107c7a3b98713080b4cebcc25406a3 
Importing 'GUID: 6971cda678a8e3d44a76793c12ba317d - Path: Packages/com.unity.xr.arfoundation/Editor/Icons/AddEdit@2x.png' with importer (TextureImporter)
Imported 'GUID: 6971cda678a8e3d44a76793c12ba317d' -> (Import Result ID: '671d983fcbec541935668cbeab1125f5') in 0.002 seconds [static and dynamic dependencies]. Details - ImportResultOutputID=55f445f1ec90e604dd68ea219dcf8338 DependenciesID=2ceffafc1335204d1635216c90f7fc8b StaticDependenciesID=40b3b65f3d0e9ed74b8062d17b5a47f1 
Importing 'GUID: 691475c57a824010be0c6f474caeb7e1 - Path: Packages/com.unity.ugui/Editor Resources/Textures/btn_AlignFlush.psd' with importer (TextureImporter)
Imported 'GUID: 691475c57a824010be0c6f474caeb7e1' -> (Import Result ID: '7c86b17e290ac0955593cc1ff67d8eb5') in 0.001 seconds [static and dynamic dependencies]. Details - ImportResultOutputID=bb910d8fd3728b042a15510f16652537 DependenciesID=f47ad224c1e2f4ac4039b1fbcfd5bce4 StaticDependenciesID=44bdc218b09594db6c32e1acf2f801ae 
Importing 'GUID: a940917cc397643afb071010cb2143d9 - Path: Packages/com.unity.inputsystem/InputSystem/Editor/Icons/Axis@4x.png' with importer (TextureImporter)
Imported 'GUID: a940917cc397643afb071010cb2143d9' -> (Import Result ID: '989c1f118c368ada083289c98c476c68') in 0.002 seconds [static and dynamic dependencies]. Details - ImportResultOutputID=57a1b76c00890cdaf8a711c01643c673 DependenciesID=551e9eb2f398dd751bfab31283cc021b StaticDependenciesID=35f7f59e16f1fac83c806f7536148b81 
Importing 'GUID: a9fe7c3d19af4432b9ae2a5172f4ea72 - Path: Packages/com.unity.inputsystem/InputSystem/Editor/Icons/ChevronUp.png' with importer (TextureImporter)
Imported 'GUID: a9fe7c3d19af4432b9ae2a5172f4ea72' -> (Import Result ID: 'f811fdd725fa0aeb7cf7a718d7c250a3') in 0.001 seconds [static and dynamic dependencies]. Details - ImportResultOutputID=09fdadac638f9499bb4374c74dd285c9 DependenciesID=a617fed1895830df9f177fcba9732ba5 StaticDependenciesID=bd78132606ace9c8726b3cd919997f76 
Importing 'GUID: c933c2bcad7ef46309fde7c1cf11b39a - Path: Packages/com.unity.inputsystem/InputSystem/Editor/Icons/d_Orientation.png' with importer (TextureImporter)
Imported 'GUID: c933c2bcad7ef46309fde7c1cf11b39a' -> (Import Result ID: '53a7acb84bb6fce5884de3bb351f75cd') in 0.002 seconds [static and dynamic dependencies]. Details - ImportResultOutputID=3abd7c0287822e03cf238af20533c32e DependenciesID=7e7d1c3e5b4fb3410144df4a355581be StaticDependenciesID=bb2d8eabb61bc56a01303855e9b9f276 
Importing 'GUID: c998b283038914e699477f514ecb31ac - Path: Packages/com.unity.inputsystem/InputSystem/Editor/Icons/Position@4x.png' with importer (TextureImporter)
Imported 'GUID: c998b283038914e699477f514ecb31ac' -> (Import Result ID: 'd29d5e98285da4006acb7ca5a2611cc1') in 0.002 seconds [static and dynamic dependencies]. Details - ImportResultOutputID=5e2dc2224187fad9693e9ecdc83ff81d DependenciesID=21131c4638150bdb8c2d112ea01f5e65 StaticDependenciesID=27fa10019c9fcdefe714a4a07ed2cf44 
Importing 'GUID: c9af5712572b1524e9b536ffbd70a233 - Path: Packages/com.unity.xr.arfoundation/Editor/Icons/d_ArrowCaretRight@2x.png' with importer (TextureImporter)
Imported 'GUID: c9af5712572b1524e9b536ffbd70a233' -> (Import Result ID: '120c8399f946a4a15b4b6c81922f66b5') in 0.002 seconds [static and dynamic dependencies]. Details - ImportResultOutputID=9a67cdb60742d0fd785f4071612a7872 DependenciesID=08a9350d6a04e4c466a27f7d9a75175d StaticDependenciesID=3bd432f03d9ae266d4cde5b6e5b75a83 
Importing 'GUID: e97cf8a0d8468264083882a7003bddb0 - Path: Packages/com.unity.xr.arfoundation/Editor/Icons/d_XREnvironment.png' with importer (TextureImporter)
Imported 'GUID: e97cf8a0d8468264083882a7003bddb0' -> (Import Result ID: '1e57ad4caed3e48a3b05810e4209093c') in 0.001 seconds [static and dynamic dependencies]. Details - ImportResultOutputID=734cd3e72b675db33b5953787ee107dd DependenciesID=b38a0aa4b587b32ed0231e45b6dfd67d StaticDependenciesID=5457b723a2743ba30a508dd35a18dc6d 
Importing 'GUID: f9e6c3c24567041519cd7c6b24abb3fb - Path: Packages/com.unity.xr.arcore/Tests/Editor/Assets/two.png' with importer (TextureImporter)
Imported 'GUID: f9e6c3c24567041519cd7c6b24abb3fb' -> (Import Result ID: '1a2ce3ba8528532c9828b9200829aa7b') in 0.011 seconds [static and dynamic dependencies]. Details - ImportResultOutputID=1b23281379d08b066c5d6ae053467907 DependenciesID=62655b9b2b20f67b7ab995a4eb531a8c StaticDependenciesID=8c3cc3a75a3a0766e2b92f30f1d4f7db 
Importing 'GUID: 0aec7c7bf99354f66bc2a1d18bd0b4d2 - Path: Packages/com.unity.inputsystem/InputSystem/Editor/Icons/d_Pen@4x.png' with importer (TextureImporter)
Imported 'GUID: 0aec7c7bf99354f66bc2a1d18bd0b4d2' -> (Import Result ID: 'a44f759f93c686549977acc4dd743cfd') in 0.002 seconds [static and dynamic dependencies]. Details - ImportResultOutputID=ceb57d2e577a35ec38d5819af92f7d4d DependenciesID=4caad81cde64e6802ee27ec15cac61b3 StaticDependenciesID=b4770ee8eeb237bcd79cd6b66234e0f5 
Importing 'GUID: 2a5d0a7febdc741039abf135883517e5 - Path: Packages/com.unity.inputsystem/InputSystem/Editor/Icons/Button.png' with importer (TextureImporter)
Imported 'GUID: 2a5d0a7febdc741039abf135883517e5' -> (Import Result ID: '6b8fe8920a86e40b3bd867a65263a35e') in 0.002 seconds [static and dynamic dependencies]. Details - ImportResultOutputID=d968dd2b89d819fb1dc7db84ce001288 DependenciesID=1777928f58984730459cb80e3b7868ae StaticDependenciesID=001a4df08c8f4fd7db94cc00aed1fad4 
Importing 'GUID: 4ae0b2f68c2464272b1b10105262b09b - Path: Packages/com.unity.inputsystem/InputSystem/Editor/Icons/Gamepad@3x.png' with importer (TextureImporter)
Imported 'GUID: 4ae0b2f68c2464272b1b10105262b09b' -> (Import Result ID: 'b876c65fa5114cfa83ed5fe9d4f4ab5a') in 0.002 seconds [static and dynamic dependencies]. Details - ImportResultOutputID=c8b89bc541868e9fcb62f054166a5856 DependenciesID=64b7c7cf7263cbcb2903d581b2fe267b StaticDependenciesID=6b47fc4a67446bc7493a52e0449d9e8d 
Importing 'GUID: 4a0ce0eda6ee74c669b13104649e1313 - Path: Packages/com.unity.inputsystem/InputSystem/Editor/Icons/d_Add Binding@4x.png' with importer (TextureImporter)
Imported 'GUID: 4a0ce0eda6ee74c669b13104649e1313' -> (Import Result ID: 'b103307ced957d60550211be49d17f54') in 0.002 seconds [static and dynamic dependencies]. Details - ImportResultOutputID=9bb51f5c7c338296f2b0af0946ad3f82 DependenciesID=ba1daaf791552a2dee37eb0efe58e189 StaticDependenciesID=ae43d8961b8bbf908d9bb7dc87034bf5 
Importing 'GUID: 5ab69704aa4984b49bc426da72fabbed - Path: Packages/com.unity.inputsystem/InputSystem/Editor/AssetEditor/PackageResources/personal/foldoutBackground.png' with importer (TextureImporter)
Imported 'GUID: 5ab69704aa4984b49bc426da72fabbed' -> (Import Result ID: 'efcc376d8cac3a9fb4a3a53407ca1677') in 0.001 seconds [static and dynamic dependencies]. Details - ImportResultOutputID=ccc9e5792899f9b083cbc83c57c85f47 DependenciesID=57b127f5c68ee62fc8bcff734584c12d StaticDependenciesID=910f54e1e9da455a2e02690bedd51d61 
Importing 'GUID: 5a5b9538c3aaa4587856e68a93a92a51 - Path: Packages/com.unity.inputsystem/InputSystem/Editor/Icons/Keyboard.png' with importer (TextureImporter)
Imported 'GUID: 5a5b9538c3aaa4587856e68a93a92a51' -> (Import Result ID: '5d12f6a3803d3e2c9b9874a736fcc2c4') in 0.002 seconds [static and dynamic dependencies]. Details - ImportResultOutputID=c9025bf947396c36ba06931d44d2e39b DependenciesID=2950724c7db48357598afd8ea890597b StaticDependenciesID=7092b72da1334891c521b148119b4b31 
Importing 'GUID: 6a237171e2346e3458db37eb0f90d42b - Path: Packages/com.unity.inputsystem/InputSystem/Editor/Icons/MultiplayerEventSystem@64.png' with importer (TextureImporter)
Imported 'GUID: 6a237171e2346e3458db37eb0f90d42b' -> (Import Result ID: 'dfaf642540398e62125adb31a1d16dca') in 0.002 seconds [static and dynamic dependencies]. Details - ImportResultOutputID=189832be88cbd6c9052ce9cb85736ec3 DependenciesID=a3d72066c3aa1717e0a7b463e2711a05 StaticDependenciesID=ca386162c7af469872930dc19f7d4f47 
Importing 'GUID: 6ace62d30f494c948b71d5594afce11d - Path: Packages/com.unity.ugui/Editor Resources/Textures/btn_AlignCenter_Light.psd' with importer (TextureImporter)
Imported 'GUID: 6ace62d30f494c948b71d5594afce11d' -> (Import Result ID: 'eb89468682e04cccff6c6beede7aec31') in 0.002 seconds [static and dynamic dependencies]. Details - ImportResultOutputID=4e6f800143f71c5ce13eca4d4dbd008d DependenciesID=f0e0598aba3dd2b04541dc5dc7654fdb StaticDependenciesID=6ce039aade2d172e1c333e1bf386b43e 
Importing 'GUID: 9ad5d5b6a25b749e78b4950eae0a8ec2 - Path: Packages/com.unity.inputsystem/InputSystem/Editor/Icons/Touch@3x.png' with importer (TextureImporter)
Imported 'GUID: 9ad5d5b6a25b749e78b4950eae0a8ec2' -> (Import Result ID: 'b93f75f59bc7e777b98bd738d14b0d43') in 0.002 seconds [static and dynamic dependencies]. Details - ImportResultOutputID=f3c6eaa57f33f5a338dbd0969ef23e44 DependenciesID=4b80b4a5a7216cf87e0d4c218fba4645 StaticDependenciesID=bc206df91e3f7e59e682cf882c9d6692 
Importing 'GUID: aa356632480554016ab8f4200032981b - Path: Packages/com.unity.inputsystem/InputSystem/Editor/Icons/Button@4x.png' with importer (TextureImporter)
Imported 'GUID: aa356632480554016ab8f4200032981b' -> (Import Result ID: '270d04211a1606c1210d16c7a6348793') in 0.002 seconds [static and dynamic dependencies]. Details - ImportResultOutputID=516a8f6f4526b7644ae4a167f42f0cb8 DependenciesID=41303125fb1ff309da60e7b9eec603ba StaticDependenciesID=ed7ce1559111f605ae216920e7fd3ef5 
Importing 'GUID: aa4c2360f910d46f497f75b4b6677358 - Path: Packages/com.unity.inputsystem/InputSystem/Editor/AssetEditor/PackageResources/personal/propertiesBackground.png' with importer (TextureImporter)
Imported 'GUID: aa4c2360f910d46f497f75b4b6677358' -> (Import Result ID: '754951aa2f78c12150ce84de3dbaa0dc') in 0.001 seconds [static and dynamic dependencies]. Details - ImportResultOutputID=4474c0fab0bd45c9a4cc76f5cf735c30 DependenciesID=47e331bf452808999e5530a3c9cb041b StaticDependenciesID=d5ab76a9adb6aea7e1a652385404d602 
Importing 'GUID: ba304f5556a3a4fac98d126883083e7e - Path: Packages/com.unity.inputsystem/InputSystem/Editor/Icons/ChevronDown.png' with importer (TextureImporter)
Imported 'GUID: ba304f5556a3a4fac98d126883083e7e' -> (Import Result ID: '3acee8ea0dcf8bfe3c5baf55af276715') in 0.001 seconds [static and dynamic dependencies]. Details - ImportResultOutputID=59ffd8891cf4ba934d2b428679fdc4d9 DependenciesID=a7ebc66cf90cab9971ab62cc959887ab StaticDependenciesID=41d5550fe606fb84c643796ce99f3b46 
Importing 'GUID: ca51b19024094d1b87f3e07edb0a75fb - Path: Packages/com.unity.ugui/Editor Resources/Textures/btn_AlignBottom.psd' with importer (TextureImporter)
Imported 'GUID: ca51b19024094d1b87f3e07edb0a75fb' -> (Import Result ID: '8776d0d4be545ed5edbd0d6074f12012') in 0.001 seconds [static and dynamic dependencies]. Details - ImportResultOutputID=62153053c254ad955463cad5210d3a33 DependenciesID=d106226d912c9205fb33ddc4a6965645 StaticDependenciesID=7a62c9f3749049c4c872ef42bb344c0f 
Importing 'GUID: ca933a91c81734ddd88b17c8481ec1e9 - Path: Packages/com.unity.inputsystem/InputSystem/Editor/Icons/d_Add Binding@3x.png' with importer (TextureImporter)
Imported 'GUID: ca933a91c81734ddd88b17c8481ec1e9' -> (Import Result ID: '1ab18aa0da5eeb7ad9767a9d6261e8f3') in 0.002 seconds [static and dynamic dependencies]. Details - ImportResultOutputID=eca2ac12c754d649111c3800a75dfab1 DependenciesID=5c14134eb5951924d0e6c9e4d026f95f StaticDependenciesID=93bc24018ac40d576109587013ddc1be 
Importing 'GUID: cac8742b1b72b44699fd1663287ca47d - Path: Packages/com.unity.inputsystem/InputSystem/Editor/Icons/Interactive Binding@3x.png' with importer (TextureImporter)
Imported 'GUID: cac8742b1b72b44699fd1663287ca47d' -> (Import Result ID: '1ca37351ae73602cbfc6429e0b0b3c62') in 0.002 seconds [static and dynamic dependencies]. Details - ImportResultOutputID=0249ef0c3b51fca51b39f98fb6c5331d DependenciesID=6897cd2abfcd5e3616db1750158fb363 StaticDependenciesID=723d1f9836fbb196299f18d9e4368ac8 
Importing 'GUID: cae83450c8b18499c8c0239edf8bcc31 - Path: Packages/com.unity.inputsystem/InputSystem/Editor/Icons/d_Orientation@2x.png' with importer (TextureImporter)
Imported 'GUID: cae83450c8b18499c8c0239edf8bcc31' -> (Import Result ID: '6b968ced401fa51ca2477463f89ab3cd') in 0.001 seconds [static and dynamic dependencies]. Details - ImportResultOutputID=f7379a9b875e66af9ce7914dba49e29a DependenciesID=f4208973f8bf7010a20f02152eca91bd StaticDependenciesID=2176f8a1a693af2f6984480818f40d6c 
Importing 'GUID: daa9ba527d8a34b218224b8287ce11d3 - Path: Packages/com.unity.inputsystem/InputSystem/Editor/Icons/d_Mouse@2x.png' with importer (TextureImporter)
Imported 'GUID: daa9ba527d8a34b218224b8287ce11d3' -> (Import Result ID: '758dbe50437b825082271a6a34258c84') in 0.001 seconds [static and dynamic dependencies]. Details - ImportResultOutputID=8277cb66ea6e71a985d74626f5289252 DependenciesID=e0dcfe52c2c41d2808031a968bf5680b StaticDependenciesID=7e5a2fbaae48d9e6b575fc8741ef2c4f 
Importing 'GUID: ea8b7319643924985a9ee4ca18b8db59 - Path: Packages/com.unity.inputsystem/InputSystem/Editor/Icons/Pen.png' with importer (TextureImporter)
Imported 'GUID: ea8b7319643924985a9ee4ca18b8db59' -> (Import Result ID: 'c0565489c8e50f5bdea7774dbcaf2e3a') in 0.001 seconds [static and dynamic dependencies]. Details - ImportResultOutputID=8be02bcf0fd4bfacc85ab1752ac07c0b DependenciesID=0770aee452e0ebf4ebc3916d68782714 StaticDependenciesID=eee4030d43e85ab58267ae9ce9a5d583 
Importing 'GUID: fa6bd40a216346b783a4cce741d277a5 - Path: Packages/com.unity.ugui/Editor Resources/Textures/btn_AlignJustified_Light.psd' with importer (TextureImporter)
Imported 'GUID: fa6bd40a216346b783a4cce741d277a5' -> (Import Result ID: '7868fa758e6234fb4783d6c69a23b334') in 0.002 seconds [static and dynamic dependencies]. Details - ImportResultOutputID=bd75052dfe9b63d1e987b5b89bc5014b DependenciesID=608dd6daf157e9f56b290b2487088d17 StaticDependenciesID=d57b575d93ec8dcf432dceb2dd80643e 
Importing 'GUID: 1ba35afc9ee124883bc3277e249dec2a - Path: Packages/com.google.xr.cardboard/Resources/Cardboard/quantum_ic_settings_white_24.png' with importer (TextureImporter)
Imported 'GUID: 1ba35afc9ee124883bc3277e249dec2a' -> (Import Result ID: 'aefe03411469c2dad2c612badf3831e1') in 0.003 seconds [static and dynamic dependencies]. Details - ImportResultOutputID=5aad939ec732b7213d25f2464ea65aa5 DependenciesID=c666c568ca0e96f6dc57d0ed3fe7b951 StaticDependenciesID=ba6ebb451e8cc12d303c23a2ca8ad595 
Importing 'GUID: 1bf9cdd4bc492489c8c7c6190785fc48 - Path: Packages/com.unity.inputsystem/InputSystem/Editor/Icons/Pen@3x.png' with importer (TextureImporter)
Imported 'GUID: 1bf9cdd4bc492489c8c7c6190785fc48' -> (Import Result ID: '6fe16bc947835f5dc7b5c6127fe5994b') in 0.002 seconds [static and dynamic dependencies]. Details - ImportResultOutputID=0da5afc0f56a0ddba0f9bc46c38a38b9 DependenciesID=bef5a02d013c2dc9d1dce6f9d983031e StaticDependenciesID=764a6bd18d450fae0c60a2836df1af2f 
Importing 'GUID: 3b78dc1763429489c9a1c70faf4f9a0e - Path: Packages/com.unity.inputsystem/InputSystem/Editor/Icons/d_Interactive Binding@2x.png' with importer (TextureImporter)
Imported 'GUID: 3b78dc1763429489c9a1c70faf4f9a0e' -> (Import Result ID: 'dd10a25400d9973d385ab47aa2c7d6b5') in 0.001 seconds [static and dynamic dependencies]. Details - ImportResultOutputID=dac091eb55c6d94a7985993ef29e4f12 DependenciesID=677a7ee9466102dc4b3c66e8fcbbc5b3 StaticDependenciesID=f7508393637039d0146d94d3ee38fc15 
Importing 'GUID: 6be7b41b0e976514cad47f3eb7b2b6a1 - Path: Packages/com.unity.xr.arfoundation/Editor/Icons/ArrowCaretLeft.png' with importer (TextureImporter)
Imported 'GUID: 6be7b41b0e976514cad47f3eb7b2b6a1' -> (Import Result ID: 'dd11c758160f57e211258f5b98b3f589') in 0.002 seconds [static and dynamic dependencies]. Details - ImportResultOutputID=43992c1088dbaecd5f2cd3e08e61e82b DependenciesID=d3b23c0cdce598a5aec029eca6f9cf33 StaticDependenciesID=d6b88b5bb72bce649d270885b482d9b1 
Importing 'GUID: 7b8bfaee8f8631c4789ac62373cbc2d4 - Path: Packages/com.unity.inputsystem/InputSystem/Editor/Icons/TrackedPoseDriver@4x.png' with importer (TextureImporter)
Imported 'GUID: 7b8bfaee8f8631c4789ac62373cbc2d4' -> (Import Result ID: '202633a43de2cef2b4d0f911530dbd96') in 0.002 seconds [static and dynamic dependencies]. Details - ImportResultOutputID=a5b4bb20adc03802b7259037f883832c DependenciesID=fe3c6b952504f624d937f06589900156 StaticDependenciesID=7884f1a48dfaec7e323e7e523dafadbb 
Importing 'GUID: 8be1fbf4b24de44c99840805bdae9e40 - Path: Packages/com.unity.inputsystem/InputSystem/Editor/Icons/Add Binding@3x.png' with importer (TextureImporter)
Imported 'GUID: 8be1fbf4b24de44c99840805bdae9e40' -> (Import Result ID: '61d8cc70438968b87ead6e12fe7311d3') in 0.002 seconds [static and dynamic dependencies]. Details - ImportResultOutputID=dc43416c854fc0792b577dd99ccba3d8 DependenciesID=9eeb30106b7424dfc3aa00653bf70471 StaticDependenciesID=c38b581f0ec4e019bc7af4e247782a3c 
Importing 'GUID: 8bc445bb79654bf496c92d0407840a92 - Path: Packages/com.unity.ugui/Editor Resources/Textures/btn_AlignBaseLine.psd' with importer (TextureImporter)
Imported 'GUID: 8bc445bb79654bf496c92d0407840a92' -> (Import Result ID: 'abca6be92869fd9e1ce67319e15c1142') in 0.001 seconds [static and dynamic dependencies]. Details - ImportResultOutputID=3eacaca300a1fe9dba0407957f0a8fcb DependenciesID=b28203e3e41c0187e8c85bdd52aac5df StaticDependenciesID=9e77ebaf615f0af468340136b971e6fd 
Importing 'GUID: ab9b5824ece1d443aa1f3a5672d9da86 - Path: Packages/com.unity.inputsystem/InputSystem/Editor/Icons/d_Dpad@2x.png' with importer (TextureImporter)
Imported 'GUID: ab9b5824ece1d443aa1f3a5672d9da86' -> (Import Result ID: 'd9cf56fb8ce53cba483f02793150ff4f') in 0.001 seconds [static and dynamic dependencies]. Details - ImportResultOutputID=5e3aa3cf5148f3c5c2377ecb4a4e2f36 DependenciesID=8b95afcac98e9794d828b722581cae05 StaticDependenciesID=4b24dd2d547a331f7fd78bb015121a0f 
Importing 'GUID: bb42b2d967d6427983c901a4ffc8ecd9 - Path: Packages/com.unity.ugui/Editor Resources/Textures/btn_AlignMidline_Light.psd' with importer (TextureImporter)
Imported 'GUID: bb42b2d967d6427983c901a4ffc8ecd9' -> (Import Result ID: 'acc6142259dfac33822ab6e28c1766d2') in 0.002 seconds [static and dynamic dependencies]. Details - ImportResultOutputID=23efd3ca000f8bc0ac90422e4e62dca7 DependenciesID=3bc32e68c79eb2cdfc2cf73660ca9af3 StaticDependenciesID=793c8764f168dd2924c82463e6ac067a 
Importing 'GUID: bb42fb9342e9d4e68b6cf39a2e071d9b - Path: Packages/com.unity.inputsystem/InputSystem/Editor/Icons/d_Pen.png' with importer (TextureImporter)
Imported 'GUID: bb42fb9342e9d4e68b6cf39a2e071d9b' -> (Import Result ID: '58ca60757a80c0f7ad9866cfd4dee91f') in 0.002 seconds [static and dynamic dependencies]. Details - ImportResultOutputID=4c06877e2b4320d56622fd80479efdfd DependenciesID=9188b005b65bb58edceee3c68a3e8b80 StaticDependenciesID=30a62b71e65d92b03432ad4f5576d0c8 
Importing 'GUID: bb5fa99d6e9434c9ebf101c956021ee1 - Path: Packages/com.unity.inputsystem/InputSystem/Editor/Icons/Add Binding@2x.png' with importer (TextureImporter)
Imported 'GUID: bb5fa99d6e9434c9ebf101c956021ee1' -> (Import Result ID: '8478fc4939bbc85e679e309d950ef133') in 0.002 seconds [static and dynamic dependencies]. Details - ImportResultOutputID=ef80d1730dbea161e65fc2d9c6f53d77 DependenciesID=83ac22c0d02e3c15b36df24b921b1524 StaticDependenciesID=716db5475eb137380a80151d421c693d 
Importing 'GUID: cb09035d41f4b43b7bd4f62030163d77 - Path: Packages/com.unity.xr.arfoundation/Assets/Textures/FeaturePoint.png' with importer (TextureImporter)
Imported 'GUID: cb09035d41f4b43b7bd4f62030163d77' -> (Import Result ID: '989a7beafcd37cf3b030a596a788cda6') in 0.002 seconds [static and dynamic dependencies]. Details - ImportResultOutputID=df02135f1e506fcc31c832002c61f641 DependenciesID=aca0841a9a2b2d5c1ff58b41784c15f0 StaticDependenciesID=0ffb12b6faefc35a6d876462df7c0785 
Importing 'GUID: db3dc7a02ac6d4e90bbe905a44ac265b - Path: Packages/com.unity.inputsystem/InputSystem/Editor/Icons/d_Button@4x.png' with importer (TextureImporter)
Imported 'GUID: db3dc7a02ac6d4e90bbe905a44ac265b' -> (Import Result ID: '350210694ddd90af93831936c15b0572') in 0.002 seconds [static and dynamic dependencies]. Details - ImportResultOutputID=f00a2c1bbf8947a1b2e3f014f5e495ce DependenciesID=bf4fa9499c23ef850d575d1cba2c487f StaticDependenciesID=e4bb497d67151b6d097a44a6a7cd9141 
Importing 'GUID: eb28fd64eacfa495c97193108f1cdf03 - Path: Packages/com.unity.inputsystem/InputSystem/Editor/Icons/d_Interactive Binding.png' with importer (TextureImporter)
Imported 'GUID: eb28fd64eacfa495c97193108f1cdf03' -> (Import Result ID: '91219e32560995de6e845b6d4f17a4a8') in 0.002 seconds [static and dynamic dependencies]. Details - ImportResultOutputID=bec264bbcb32de511b5236dbe992151d DependenciesID=b08ed54c2f7a843b17c397aff6fc70be StaticDependenciesID=2e89c86cb9da6c988241b42dfb7c13fc 
Importing 'GUID: fb5730e24283d0c489e5c7d0bee023d9 - Path: Packages/com.unity.ugui/Editor Resources/Textures/SectionHeader_Dark.psd' with importer (TextureImporter)
Imported 'GUID: fb5730e24283d0c489e5c7d0bee023d9' -> (Import Result ID: '9139232ec569d75932670a259aa94009') in 0.001 seconds [static and dynamic dependencies]. Details - ImportResultOutputID=8f0a99390c24c3345ef4c17e6bd8ee63 DependenciesID=8f546b62fcdece29150724ac67cc10f6 StaticDependenciesID=99bc241f7e2a94c70be8fb85441f2221 
Importing 'GUID: 1c751eb104ad5407992e614361d5f81e - Path: Packages/com.unity.inputsystem/InputSystem/Editor/Icons/Orientation@4x.png' with importer (TextureImporter)
Imported 'GUID: 1c751eb104ad5407992e614361d5f81e' -> (Import Result ID: '24c2c7dd43c0b477a6e7d3d245d62eef') in 0.001 seconds [static and dynamic dependencies]. Details - ImportResultOutputID=d34a784eb9e6c61c998435ba8548aab4 DependenciesID=16733ba5e86316c97b74ee7252eda728 StaticDependenciesID=bfd4672ca9da45b45d9f017085027bcf 
Importing 'GUID: 1c37f00575bd6494ea726be5afee89b9 - Path: Packages/com.unity.inputsystem/InputSystem/Editor/Icons/Button@2x.png' with importer (TextureImporter)
Imported 'GUID: 1c37f00575bd6494ea726be5afee89b9' -> (Import Result ID: 'bdc85b556f23c51b9ae91c7999dd9bbf') in 0.002 seconds [static and dynamic dependencies]. Details - ImportResultOutputID=4249cc9d7b590bd6d9b7e3de9519e448 DependenciesID=8941888e5f8a842cd92a4c915d67d1a9 StaticDependenciesID=6dd9df277a3ebdd23e7282025549d0c6 
Importing 'GUID: 3c17fee51ce6c394e936fd30873e741e - Path: Packages/com.unity.xr.arfoundation/Editor/Icons/d_AddEdit.png' with importer (TextureImporter)
Imported 'GUID: 3c17fee51ce6c394e936fd30873e741e' -> (Import Result ID: '0103d2685e2a52460168c561e4c7d2c3') in 0.002 seconds [static and dynamic dependencies]. Details - ImportResultOutputID=e4f029b840a46239c3a9f8225603e459 DependenciesID=0a77533d5f9875485d82b3653cc125e5 StaticDependenciesID=0227b50e1a5533bd0ced80dcba90201d 
Importing 'GUID: 6c1147159d9dc42948601b29dfc9a40c - Path: Packages/com.unity.inputsystem/InputSystem/Editor/Icons/Dpad@3x.png' with importer (TextureImporter)
Imported 'GUID: 6c1147159d9dc42948601b29dfc9a40c' -> (Import Result ID: '154be02a9356126cc4610c2a8de0238f') in 0.002 seconds [static and dynamic dependencies]. Details - ImportResultOutputID=3c8fa909397d8551ae29d3b9c36c462f DependenciesID=a534d8a2210156965504a985b3f6a023 StaticDependenciesID=b27ae93026f7a71a9a3aa4e5913ca9f8 
Importing 'GUID: 6c411504a8c1e40c4aa19423033e6dd2 - Path: Packages/com.unity.xr.arfoundation/Assets/Textures/IconBackgroundCircleFill@2x.png' with importer (TextureImporter)
Imported 'GUID: 6c411504a8c1e40c4aa19423033e6dd2' -> (Import Result ID: '3a20136d32bb04aef76a77ff264efa7a') in 0.003 seconds [static and dynamic dependencies]. Details - ImportResultOutputID=2a8bd8487ae453068f24446ff663431e DependenciesID=13ca3f74b71b0f0fb20d87fa3ac387d0 StaticDependenciesID=aa88028e3bfe61047a51803b46051d01 
Importing 'GUID: acf10446fff184bb98db6350c2c43148 - Path: Packages/com.unity.inputsystem/InputSystem/Editor/Icons/Pen@4x.png' with importer (TextureImporter)
Imported 'GUID: acf10446fff184bb98db6350c2c43148' -> (Import Result ID: '45d74eef645c8b9e313306cf501dbc43') in 0.002 seconds [static and dynamic dependencies]. Details - ImportResultOutputID=f848de32bac84ca0f93e170634a66446 DependenciesID=16e23dad93bfae059e1a2d6847a73854 StaticDependenciesID=fb543a26494d5537751a1cd2f265d979 
Importing 'GUID: ac4c5ccb2785f4460b2dcfe47010c688 - Path: Packages/com.unity.inputsystem/InputSystem/Editor/Icons/d_Position@4x.png' with importer (TextureImporter)
Imported 'GUID: ac4c5ccb2785f4460b2dcfe47010c688' -> (Import Result ID: '4880e72b362917a2ccb0a848c3fa56a3') in 0.002 seconds [static and dynamic dependencies]. Details - ImportResultOutputID=769102081550abc15fca605b9d08b956 DependenciesID=d702c805ae9799b7dfd974218ce6d160 StaticDependenciesID=005290e3ab827fc071ed1aaea4627731 
Importing 'GUID: ec85de66fa5b64dd984fdcc82f8f92b3 - Path: Packages/com.unity.inputsystem/InputSystem/Editor/Icons/InputControl.png' with importer (TextureImporter)
Imported 'GUID: ec85de66fa5b64dd984fdcc82f8f92b3' -> (Import Result ID: 'b4198592d118243617792cad61e1d3a3') in 0.002 seconds [static and dynamic dependencies]. Details - ImportResultOutputID=87d7d1ba84635e6ac6789fb9ca1a38e8 DependenciesID=f7d84ca6d77ad1249539ee23ccae41f2 StaticDependenciesID=3172cee711d133c74c2dc9423d4d4b68 
Importing 'GUID: ecaa53a930f98bb44872ac2989fabc18 - Path: Packages/com.unity.xr.arfoundation/Editor/Icons/d_NoViewEnvironment.png' with importer (TextureImporter)
Imported 'GUID: ecaa53a930f98bb44872ac2989fabc18' -> (Import Result ID: 'e5623853eba5ca4a9f86503835627073') in 0.002 seconds [static and dynamic dependencies]. Details - ImportResultOutputID=a758ebc9953fcaf309c2ac871e4a274a DependenciesID=5bfc71111851cb9c2ac5d5091805eb0b StaticDependenciesID=795d062dff49467f93ef8eeb8b23d018 
Importing 'GUID: ec7c645d93308c04d8840982af12101e - Path: Packages/com.unity.ugui/Editor Resources/Gizmos/TMP - Sprite Asset Icon.psd' with importer (TextureImporter)
Imported 'GUID: ec7c645d93308c04d8840982af12101e' -> (Import Result ID: '4304dcd62e818575ad749f6f141f09c7') in 0.002 seconds [static and dynamic dependencies]. Details - ImportResultOutputID=177a29f4cda663f326e8763a050119bb DependenciesID=e67716c0aac56dd723c97dcd452bae60 StaticDependenciesID=da6dc773fe60859d1662f70ef9f74706 
Importing 'GUID: fcaa0d99df7c74f52afaa17a375dd393 - Path: Packages/com.unity.inputsystem/InputSystem/Editor/Icons/d_Joystick@3x.png' with importer (TextureImporter)
Imported 'GUID: fcaa0d99df7c74f52afaa17a375dd393' -> (Import Result ID: 'a7577627b2f106cd6800227b20f680e0') in 0.002 seconds [static and dynamic dependencies]. Details - ImportResultOutputID=61e2729a9e2be834dc5f51b3906801c9 DependenciesID=bb18eece0263bc4ab98278c1d0a3a22f StaticDependenciesID=d5f9690a917e82b2f5873d01e04877b2 
Importing 'GUID: 0de917098a5b848b1a371e570928ce10 - Path: Packages/com.unity.inputsystem/InputSystem/Editor/Icons/d_ChevronDown@4x.png' with importer (TextureImporter)
Imported 'GUID: 0de917098a5b848b1a371e570928ce10' -> (Import Result ID: '17f12e7b3fd2757f2b723366158f4a32') in 0.001 seconds [static and dynamic dependencies]. Details - ImportResultOutputID=09cc697a898e832acf942b1394886761 DependenciesID=af028de5ef6f02badc530380a96252d3 StaticDependenciesID=af694e2ce3b2b3faf3f3ec40091b396c 
Importing 'GUID: 0d9a36012a224080966c7b55896aa0f9 - Path: Packages/com.unity.ugui/Editor Resources/Textures/btn_AlignCapLine.psd' with importer (TextureImporter)
Imported 'GUID: 0d9a36012a224080966c7b55896aa0f9' -> (Import Result ID: '5dc087e2dce78232c1697e7c5f0ecb22') in 0.001 seconds [static and dynamic dependencies]. Details - ImportResultOutputID=5a82be2206e98cee976f65e7c16a6032 DependenciesID=ce6182cce08be188422af1477d33d550 StaticDependenciesID=9221d101b9b9810e92c30fc199af23d1 
Importing 'GUID: 3d7dc8d6b9a96490b9aa433645712fdf - Path: Packages/com.unity.inputsystem/InputSystem/Editor/Icons/d_Add Binding@2x.png' with importer (TextureImporter)
Imported 'GUID: 3d7dc8d6b9a96490b9aa433645712fdf' -> (Import Result ID: 'af2f59570c6717bd7d6a3c96962a9dd1') in 0.002 seconds [static and dynamic dependencies]. Details - ImportResultOutputID=536269bed7409bab57e4b8d8a300e07a DependenciesID=19a739c09d8a431a9620417df961fc34 StaticDependenciesID=178a221d737a6038a6afe3f8e5b3a336 
Importing 'GUID: 4defb5292901c41f29313d9c9c87a7eb - Path: Packages/com.unity.inputsystem/InputSystem/Editor/Icons/Gamepad@2x.png' with importer (TextureImporter)
Imported 'GUID: 4defb5292901c41f29313d9c9c87a7eb' -> (Import Result ID: '00ef2a018d3f18decf7ed056baea09f6') in 0.002 seconds [static and dynamic dependencies]. Details - ImportResultOutputID=413ef078c4acf232e67be94978455356 DependenciesID=b13dd29c4785688fdbd70e03f7cc94d7 StaticDependenciesID=ed865a4380ce2dcc6d95420661807e8f 
Importing 'GUID: 5d96795fd770f47d69d997b053532730 - Path: Packages/com.unity.inputsystem/InputSystem/Editor/Icons/d_ChevronDown@3x.png' with importer (TextureImporter)
Imported 'GUID: 5d96795fd770f47d69d997b053532730' -> (Import Result ID: '696527841ceec7864e19b37509f53431') in 0.002 seconds [static and dynamic dependencies]. Details - ImportResultOutputID=65013a10a48c043aa4af9e46b9ca9ce0 DependenciesID=b126a403f1721d32e762aacef2c21cbf StaticDependenciesID=eea18bf03b9fff9c61808b23daa942e7 
Importing 'GUID: 5d0b11389336d4b16b96f147c9f912e2 - Path: Packages/com.unity.inputsystem/InputSystem/Editor/Icons/d_Stick@2x.png' with importer (TextureImporter)
Imported 'GUID: 5d0b11389336d4b16b96f147c9f912e2' -> (Import Result ID: 'f803bf32f111652be28366059a484b20') in 0.001 seconds [static and dynamic dependencies]. Details - ImportResultOutputID=d240eb65187aab67b4865bef163f626a DependenciesID=b6e75c060c7267422f7f67903138b60b StaticDependenciesID=cb4f7cc94a6df99046a7a66ca6cfe8cf 
Importing 'GUID: 6db042035460c4167a6ab8d1ac3c2681 - Path: Packages/com.unity.inputsystem/InputSystem/Editor/Icons/d_Touch@4x.png' with importer (TextureImporter)
Imported 'GUID: 6db042035460c4167a6ab8d1ac3c2681' -> (Import Result ID: '07d54ad91d123a50e38e30c88e05a609') in 0.002 seconds [static and dynamic dependencies]. Details - ImportResultOutputID=114756b588b1509ae6bab72f7487c656 DependenciesID=8666be3a7094bedc03bb84528f023ea9 StaticDependenciesID=342ce6079d1bc9cc88eea12f3a857f07 
Importing 'GUID: 7d4638131127c4f4382fb36cf16c52fe - Path: Packages/com.unity.inputsystem/InputSystem/Editor/Icons/d_Joystick.png' with importer (TextureImporter)
Imported 'GUID: 7d4638131127c4f4382fb36cf16c52fe' -> (Import Result ID: '94d929a201b9e7aea1287e2677ce8f49') in 0.002 seconds [static and dynamic dependencies]. Details - ImportResultOutputID=3117808ae56ab677883d112168a70e22 DependenciesID=fa72321e65c1e1c9cb222cc4b48d41bb StaticDependenciesID=93eddb775fa2db123d8f9bb244e8f509 
Importing 'GUID: cd1deff5bdbeb89408b7b67befb680f2 - Path: Packages/com.unity.xr.arfoundation/Editor/Icons/ArrowCaretRight.png' with importer (TextureImporter)
Imported 'GUID: cd1deff5bdbeb89408b7b67befb680f2' -> (Import Result ID: 'dc2563926bbadd7a6cc13ce2b13baa51') in 0.003 seconds [static and dynamic dependencies]. Details - ImportResultOutputID=36a6488b9324b02c9782a8716bf3fce5 DependenciesID=b31e20908ebef2398884a0d15e347b91 StaticDependenciesID=4a2b7de3b31e01e4886d6d2fcc85b371 
Importing 'GUID: ed041e68439749a69d0efa0e3d896c2e - Path: Packages/com.unity.ugui/Editor Resources/Textures/btn_AlignTop_Light.psd' with importer (TextureImporter)
Imported 'GUID: ed041e68439749a69d0efa0e3d896c2e' -> (Import Result ID: 'b0503c257fce6c8c1add4f2d8c93fe5b') in 0.002 seconds [static and dynamic dependencies]. Details - ImportResultOutputID=7b771100d3d72e0afb4108b940969cce DependenciesID=e569c0ac5f16056c1bb46c096d77ce49 StaticDependenciesID=cff6297ce7f83458541e2cc7b14df8bb 
Importing 'GUID: 0efecba65ae4341a385cd5d39a2af765 - Path: Packages/com.unity.inputsystem/InputSystem/Editor/Icons/d_ChevronUp@3x.png' with importer (TextureImporter)
Imported 'GUID: 0efecba65ae4341a385cd5d39a2af765' -> (Import Result ID: '053ad966e8179b4dc505f659443440b9') in 0.001 seconds [static and dynamic dependencies]. Details - ImportResultOutputID=e34c5e1e36d5e99c1420f86845e9c28f DependenciesID=34bbac40f7787789448c3733bfc3b1ea StaticDependenciesID=adede76aeababc5304c5602376bbc07f 
Importing 'GUID: 2e27a82b5cc4e4ef98cbef2d0b324aed - Path: Packages/com.unity.inputsystem/InputSystem/Editor/Icons/Axis@3x.png' with importer (TextureImporter)
Imported 'GUID: 2e27a82b5cc4e4ef98cbef2d0b324aed' -> (Import Result ID: '6845d6b035791df87d43ac4b30931398') in 0.002 seconds [static and dynamic dependencies]. Details - ImportResultOutputID=4d04ac3eeafee5abcb8ff89de1e030f9 DependenciesID=b86811002313695afc4a4f1628646858 StaticDependenciesID=e8e221a60882764babd55b36010b2d76 
Importing 'GUID: 3ee40aa79cd242a5b53b0b0ca4f13f0f - Path: Packages/com.unity.ugui/Editor Resources/Gizmos/TMP - Input Field Icon.psd' with importer (TextureImporter)
Imported 'GUID: 3ee40aa79cd242a5b53b0b0ca4f13f0f' -> (Import Result ID: '4892870a77193f2fdc44d35b0d2b7f18') in 0.002 seconds [static and dynamic dependencies]. Details - ImportResultOutputID=92e0b8623834c2c44aba96d0e4490e6c DependenciesID=b868e6146795b0a9a3cd2c9d1a6e8e75 StaticDependenciesID=7161c63cf97c0e0b1f843a12ea672410 
Importing 'GUID: 3e972ade69f574d51bbbe1052ee3c14d - Path: Packages/com.unity.xr.arfoundation/Assets/Textures/DetachedToolBar_Vertical@3x.png' with importer (TextureImporter)
Imported 'GUID: 3e972ade69f574d51bbbe1052ee3c14d' -> (Import Result ID: '3d4a3c9112f12c3a4ced54ab5b40268f') in 0.006 seconds [static and dynamic dependencies]. Details - ImportResultOutputID=0cb00b8a8405e88777c30850c4811940 DependenciesID=6987d9e2c4e4e3d881e7a759f8fcba46 StaticDependenciesID=5e101b2cb07c68c1671f0bfc0235c99e 
Importing 'GUID: 6e9283a12f5b74afbba696cbb82f5e7f - Path: Packages/com.unity.inputsystem/InputSystem/Editor/Icons/Touch@4x.png' with importer (TextureImporter)
Imported 'GUID: 6e9283a12f5b74afbba696cbb82f5e7f' -> (Import Result ID: 'a8f3937b19e43478b1073fa56c97d819') in 0.003 seconds [static and dynamic dependencies]. Details - ImportResultOutputID=a50120f6c30a4f98afaa4a00129572ed DependenciesID=2115aef0668903dc226e63a18f698e4a StaticDependenciesID=3de0b23f8d3da23a5471fe99187dd26f 
Importing 'GUID: 7e853779c8fed4ebf917a0de21c79602 - Path: Packages/com.unity.inputsystem/InputSystem/Editor/Icons/Axis.png' with importer (TextureImporter)
Imported 'GUID: 7e853779c8fed4ebf917a0de21c79602' -> (Import Result ID: 'e541e15ce74059d638f507a938e92ddf') in 0.002 seconds [static and dynamic dependencies]. Details - ImportResultOutputID=4c23655ccf3bb3b10915851a78908040 DependenciesID=349434c8ff1f2b4d43acad0b1b9c904a StaticDependenciesID=10a2152e53691d0500163efe1a9cc5d8 
Importing 'GUID: 9eb2b64988cb1443cab6da5dc5300d1c - Path: Packages/com.unity.inputsystem/InputSystem/Editor/Icons/Mouse.png' with importer (TextureImporter)
Imported 'GUID: 9eb2b64988cb1443cab6da5dc5300d1c' -> (Import Result ID: '707c49b1606085541f40920bc0f8dcf6') in 0.002 seconds [static and dynamic dependencies]. Details - ImportResultOutputID=de50da41eaf1057a035d0b2ff51385e5 DependenciesID=81422ab418e684fce03a20391dc9b1b9 StaticDependenciesID=b2fc191fd156aafee59f3c6150ff173a 
Importing 'GUID: 9ec4e316700da46b88741a8153b33963 - Path: Packages/com.unity.inputsystem/InputSystem/Editor/Icons/d_Keyboard@3x.png' with importer (TextureImporter)
Imported 'GUID: 9ec4e316700da46b88741a8153b33963' -> (Import Result ID: 'e5da7e2f7cff08961417413da7a10fdb') in 0.002 seconds [static and dynamic dependencies]. Details - ImportResultOutputID=5318f050651f1f1011b912046c14a29b DependenciesID=f57b6d5d71ccb359c737b18fb4cecd39 StaticDependenciesID=684d45a6ca0106c5d2b5b0121a6a659f 
Importing 'GUID: 9e3566c34ba469748a8aede863b6d3a9 - Path: Packages/com.unity.xr.arfoundation/Editor/Icons/d_ArrowCaretLeft.png' with importer (TextureImporter)
Imported 'GUID: 9e3566c34ba469748a8aede863b6d3a9' -> (Import Result ID: 'e1bef9514f41a3350ec3969389ce05a7') in 0.002 seconds [static and dynamic dependencies]. Details - ImportResultOutputID=318e144b4d6785725ddb7bd847663fc4 DependenciesID=107fcd94a56aa7d937ab59fbb2b5bdd5 StaticDependenciesID=022cd98982c882468d4712dc3469cb2b 
Importing 'GUID: 9e882b58df0964f5b90ff99cb481ee79 - Path: Packages/com.unity.inputsystem/InputSystem/Editor/Icons/d_Gamepad@3x.png' with importer (TextureImporter)
Imported 'GUID: 9e882b58df0964f5b90ff99cb481ee79' -> (Import Result ID: '1a87082b640adaa27c0e27acfe173e19') in 0.003 seconds [static and dynamic dependencies]. Details - ImportResultOutputID=8ec57a239886c0310bbc441beeaaea54 DependenciesID=25371850398ccd4f78be13b66938e2c3 StaticDependenciesID=bc94345f20d2e00c14bcc646b75fddd4 
Importing 'GUID: 9e6c9e992a2ee4327bce1d6a8189cedb - Path: Packages/com.unity.inputsystem/InputSystem/Editor/Icons/Interactive Binding@4x.png' with importer (TextureImporter)
Imported 'GUID: 9e6c9e992a2ee4327bce1d6a8189cedb' -> (Import Result ID: '85b22ef4d002eb16662f5f93c33f5a0c') in 0.003 seconds [static and dynamic dependencies]. Details - ImportResultOutputID=637b167531d086fff2f3cd185cf89864 DependenciesID=9a1d25fc615abd6997009853d9695151 StaticDependenciesID=ae58552d776533ace04c81d6e79bda0e 
Importing 'GUID: bed935caee9524e6780614c2055bfd35 - Path: Packages/com.unity.inputsystem/InputSystem/Editor/Icons/d_Gamepad@2x.png' with importer (TextureImporter)
Imported 'GUID: bed935caee9524e6780614c2055bfd35' -> (Import Result ID: '0eaa6aaf1cbca3aa1b39ec1870bdca65') in 0.002 seconds [static and dynamic dependencies]. Details - ImportResultOutputID=80f20a70a477c73d6adeb137c1058492 DependenciesID=11242a50337a180f8374976309bf6c1c StaticDependenciesID=f108a89eba7eebd96e766e9a497fd9cb 
Importing 'GUID: ceaa885da02f84da195f87de12535da6 - Path: Packages/com.unity.inputsystem/InputSystem/Editor/Icons/d_Touch@2x.png' with importer (TextureImporter)
Imported 'GUID: ceaa885da02f84da195f87de12535da6' -> (Import Result ID: 'c8b3cb1650b241b4b206093911c12fcd') in 0.002 seconds [static and dynamic dependencies]. Details - ImportResultOutputID=7fb1ba37717de9c6f7023b8194c9a90d DependenciesID=65cd98a058b53df31c8d56a1cad0a509 StaticDependenciesID=3aead39d7acba6bf7bd1f8d30b845547 
Importing 'GUID: ce5f11cd993284c4f9c54f854bdc8c9c - Path: Packages/com.unity.inputsystem/InputSystem/Editor/AssetEditor/PackageResources/personal/actionTreeBackground.png' with importer (TextureImporter)
Imported 'GUID: ce5f11cd993284c4f9c54f854bdc8c9c' -> (Import Result ID: 'ed5b834644b3122484b7ac56826baec8') in 0.001 seconds [static and dynamic dependencies]. Details - ImportResultOutputID=a88e0012f675f0dfa1ae8846e24a26c4 DependenciesID=9a38aa71f8cc4de859a3931b594b4a06 StaticDependenciesID=d5ba128335c0857ec6e0e1845cc1915f 
Importing 'GUID: de98baf415a2c4d7dbe0de74cb6e171c - Path: Packages/com.unity.inputsystem/InputSystem/Editor/Icons/d_Orientation@4x.png' with importer (TextureImporter)
Imported 'GUID: de98baf415a2c4d7dbe0de74cb6e171c' -> (Import Result ID: 'd7b327744efc58d6b828659f0b084c40') in 0.002 seconds [static and dynamic dependencies]. Details - ImportResultOutputID=c069fc734eaacb5d84dd54d962c77a3a DependenciesID=bfd9c15ef13bc4ff523ff9b24a3b5b43 StaticDependenciesID=bdcfee123b5d702dfd5d228f10620aa1 
Importing 'GUID: ee148e281f3c41c5b4ff5f8a5afe5a6c - Path: Packages/com.unity.ugui/Editor Resources/Gizmos/TMP - Font Asset Icon.psd' with importer (TextureImporter)
Imported 'GUID: ee148e281f3c41c5b4ff5f8a5afe5a6c' -> (Import Result ID: '759adcc401013bc3b2292ee89b16d33f') in 0.002 seconds [static and dynamic dependencies]. Details - ImportResultOutputID=ca5689259ab99b0f77b2955b4d3a7791 DependenciesID=4a030af1365db088e9e4528dd1323c29 StaticDependenciesID=f6fb8b45520767464e90df2a78b33b57 
Importing 'GUID: 1f1be572611233c409f7cedd7d33d2d6 - Path: Packages/com.unity.xr.arfoundation/Editor/Icons/NoViewEnvironment@2x.png' with importer (TextureImporter)
Imported 'GUID: 1f1be572611233c409f7cedd7d33d2d6' -> (Import Result ID: 'f4f32c056a15cd5a28b7de320a5f73d7') in 0.001 seconds [static and dynamic dependencies]. Details - ImportResultOutputID=6de33e09bbd8678ea2bc829247178ba6 DependenciesID=2aa5f0c32e187eca8b2e9b8fa9d63d06 StaticDependenciesID=a067eb13c87feebab8f799c1a5dcea8a 
Importing 'GUID: 2fa06335acce0ae40887b91750da42ab - Path: Packages/com.unity.xr.arfoundation/Editor/Icons/ArrowCaretLeft@2x.png' with importer (TextureImporter)
Imported 'GUID: 2fa06335acce0ae40887b91750da42ab' -> (Import Result ID: 'f808bafbc920a559908876200f5af489') in 0.001 seconds [static and dynamic dependencies]. Details - ImportResultOutputID=b24c83e1ec21d0dd852c139aa6f818f9 DependenciesID=a59cfcea3f9a92a03bc52c9589297b4c StaticDependenciesID=fbbda229453a1cc2dcd82196bb794e47 
Importing 'GUID: 2fd6421f253b4ef1a19526541f9ffc0c - Path: Packages/com.unity.ugui/Editor Resources/Gizmos/TMP - Text Component Icon.psd' with importer (TextureImporter)
Imported 'GUID: 2fd6421f253b4ef1a19526541f9ffc0c' -> (Import Result ID: 'f10eeb80ab4612fc0091df434d3a59dc') in 0.003 seconds [static and dynamic dependencies]. Details - ImportResultOutputID=a6548c981728399376601146c2c1a916 DependenciesID=ca95413d6875928840732b8c838edbe1 StaticDependenciesID=279d39d469c8806a5964f1898d84e31d 
Importing 'GUID: 2f1ae8c1b83d94419b59c0b63890aceb - Path: Packages/com.unity.xr.arfoundation/Assets/Textures/IconBackgroundCircleFill@4x.png' with importer (TextureImporter)
Imported 'GUID: 2f1ae8c1b83d94419b59c0b63890aceb' -> (Import Result ID: '89225ba4a9ecf347e7e3f6e7896b2a4e') in 0.005 seconds [static and dynamic dependencies]. Details - ImportResultOutputID=8b7e4040a3a162d502edfcbb559e48e0 DependenciesID=cb7b4c734ae8fc83b2e5ff8ec625aa26 StaticDependenciesID=803edc59eedab2bec8040a5f2b3d9ffe 
Importing 'GUID: 4fe0501fb16949c4cac977008dbed6e6 - Path: Packages/com.unity.xr.arfoundation/Editor/Icons/XREnvironment.png' with importer (TextureImporter)
Imported 'GUID: 4fe0501fb16949c4cac977008dbed6e6' -> (Import Result ID: '55175d48295dfbb631a69bb6ec14c363') in 0.002 seconds [static and dynamic dependencies]. Details - ImportResultOutputID=8b83c9e53a82a315fab03cf6b1e6f7dc DependenciesID=d8e8c054c24fbda19b1ce409b4fd76cf StaticDependenciesID=26a406c1fcbb91260a1e51f497b97ab2 
Importing 'GUID: 5f09d534eb1414449a2758696bd4dd11 - Path: Packages/com.unity.inputsystem/InputSystem/Editor/Icons/Orientation@3x.png' with importer (TextureImporter)
Imported 'GUID: 5f09d534eb1414449a2758696bd4dd11' -> (Import Result ID: 'c80e0a326ec94127e9fbc0f36d7f3203') in 0.002 seconds [static and dynamic dependencies]. Details - ImportResultOutputID=0e5eb4fe0d0e5e9ca5769e1d1388b2ea DependenciesID=6ee45961868fae864d2325c59e3ab547 StaticDependenciesID=89ef754ec763e38df3ca55583b64f83d 
Importing 'GUID: 7fc0926499f7a4500b152d45397c44a4 - Path: Packages/com.unity.inputsystem/InputSystem/Editor/Icons/Keyboard@4x.png' with importer (TextureImporter)
Imported 'GUID: 7fc0926499f7a4500b152d45397c44a4' -> (Import Result ID: '41a83939586c392aec0c19f48074b08e') in 0.002 seconds [static and dynamic dependencies]. Details - ImportResultOutputID=448bab713a2357b732aa7192421ee793 DependenciesID=d74ec3d3acfcd7c77dbb2bfab341d2bd StaticDependenciesID=47e754d695e3711fb4371a1f46b15b5b 
Importing 'GUID: 7fb7b46a8c63948d2b28dc394281bf5a - Path: Packages/com.unity.inputsystem/InputSystem/Editor/Icons/Orientation.png' with importer (TextureImporter)
Imported 'GUID: 7fb7b46a8c63948d2b28dc394281bf5a' -> (Import Result ID: '0304d72ed20be6b8f2dc19ff4782abcd') in 0.002 seconds [static and dynamic dependencies]. Details - ImportResultOutputID=f7e232b510a2664818cfdff6e46b1614 DependenciesID=e4857a9503a5accab3b7ecc5285f6941 StaticDependenciesID=95656315db8ece37d9d691334627f19f 
Importing 'GUID: 7fad89501bb5c408e956934bf2eb8ae3 - Path: Packages/com.unity.inputsystem/InputSystem/Editor/Icons/d_ChevronUp.png' with importer (TextureImporter)
Imported 'GUID: 7fad89501bb5c408e956934bf2eb8ae3' -> (Import Result ID: '814c0f28817aecd4c5b24e258433f1c5') in 0.002 seconds [static and dynamic dependencies]. Details - ImportResultOutputID=9a5c2075ee7349dc105ff9696ed34ef7 DependenciesID=531232c074ec64dc6af28714b27bb8e7 StaticDependenciesID=49181c2cd4d07ce1590b322bc838d5d9 
Importing 'GUID: cf632ed80bf1f46c980de6b1b8b903ef - Path: Packages/com.unity.inputsystem/InputSystem/Editor/AssetEditor/PackageResources/personal/actionTreeBackgroundWithoutBorder.png' with importer (TextureImporter)
Imported 'GUID: cf632ed80bf1f46c980de6b1b8b903ef' -> (Import Result ID: 'c0e73b826558f0842f4f95a2008f7234') in 0.002 seconds [static and dynamic dependencies]. Details - ImportResultOutputID=5f2613fbf50d9e4a2b5ad32bbc7f6569 DependenciesID=19f0cbe13d3f8b2155fb593b4400626c StaticDependenciesID=410fbf894463483585f56cbe265dd640 
Importing 'GUID: ef9e924b41928e242a72a934697a9823 - Path: Assets/Resources/StudyRoomLaptopScreen.png' with importer (TextureImporter)
Imported 'GUID: ef9e924b41928e242a72a934697a9823' -> (Import Result ID: '66a8f974b8a28a4d3777a17de5c7dbcc') in 0.073 seconds [static and dynamic dependencies]. Details - ImportResultOutputID=01463258395a841cb28661f942d24c60 DependenciesID=08c076bef508059293a5fbb3dff213b6 StaticDependenciesID=5741b0de11fea5afad048a7f356bd74d 
Importing 'GUID: ff8479815905ce84e9ef610d926f28c8 - Path: Packages/com.unity.inputsystem/InputSystem/Editor/Icons/TrackedPoseDriver@2x.png' with importer (TextureImporter)
Imported 'GUID: ff8479815905ce84e9ef610d926f28c8' -> (Import Result ID: '5165118617226881ff09b86216213682') in 0.002 seconds [static and dynamic dependencies]. Details - ImportResultOutputID=bfd081ef990d5f5bb6c58251a1ca14ba DependenciesID=b7d9bc4e95bed844fb3ab78ba9010ac1 StaticDependenciesID=a340d76b7a7c5518100e22b523063908 
Importing 'GUID: ffeba93637e654de6a5906b48520dc94 - Path: Packages/com.unity.inputsystem/InputSystem/Editor/AssetEditor/PackageResources/green.png' with importer (TextureImporter)
Imported 'GUID: ffeba93637e654de6a5906b48520dc94' -> (Import Result ID: '098e567979d1d2d978c76bffc6e48b48') in 0.001 seconds [static and dynamic dependencies]. Details - ImportResultOutputID=c688a26d16a3dea05f6d500551dbaa18 DependenciesID=f7ad1c011093f434865c2256bf72f433 StaticDependenciesID=0df8842286d0d207d579347193a29abb 
Importing 'GUID: 710fb1dac3a14df8887e6f4a89339c92 - Path: Packages/com.unity.xr.arfoundation/Assets/Shaders/Utils.hlsl' with importer (ShaderIncludeImporter)
Imported 'GUID: 710fb1dac3a14df8887e6f4a89339c92' -> (Import Result ID: 'b45944ddd7c98945c489817d8f20d2d4') in 0.002 seconds [static dependencies only]. Details - ImportResultOutputID=4540cc623e9edcfc8b92444f17127bae DependenciesID=2e6130ad8131fc674c163d4674c09627 StaticDependenciesID=932c25490636cf05f8d23e781e68ca64 
Importing 'GUID: 322f3593f9a36234c8fb983b964fed7b - Path: Packages/com.unity.xr.arfoundation/Assets/Shaders/XRayURPForwardPass.hlsl' with importer (ShaderIncludeImporter)
Imported 'GUID: 322f3593f9a36234c8fb983b964fed7b' -> (Import Result ID: 'b2deb6332a3eb6c30cd2765d43275799') in 0.001 seconds [static dependencies only]. Details - ImportResultOutputID=38aa4594d8bef5e9767c5cab6c7c01c6 DependenciesID=3391f1665c6a2fc3a44753fafe4c4202 StaticDependenciesID=ba62ae151aac4343c483fe3b52c9f252 
Importing 'GUID: 93a806ed22f35fa4c90638d01f6db2f0 - Path: Packages/com.unity.xr.arfoundation/Assets/Shaders/XRayCommon.cginc' with importer (ShaderIncludeImporter)
Imported 'GUID: 93a806ed22f35fa4c90638d01f6db2f0' -> (Import Result ID: 'db162df9459b77414c0cc4ec1e3913c9') in 0.001 seconds [static dependencies only]. Details - ImportResultOutputID=102fa4aa6cda8d78635a11f7996c7f38 DependenciesID=70c91f88ca57059df419b236855f3d3d StaticDependenciesID=096d59ffc8235fb99fde32114f908546 
Importing 'GUID: abe6991365a27d341a10580f3b7c0f44 - Path: Packages/com.unity.ugui/Editor Resources/Shaders/TMP_SDF_SSD.cginc' with importer (ShaderIncludeImporter)
Imported 'GUID: abe6991365a27d341a10580f3b7c0f44' -> (Import Result ID: 'cd76042a68f43c12c5fc241cc2dce666') in 0.001 seconds [static dependencies only]. Details - ImportResultOutputID=f0b0edc1f6845df24f32404ef2846fef DependenciesID=7997af0e60f66d034a0561c1cdc03da0 StaticDependenciesID=ff97963374970e5b41f05a9e62284a2d 
Importing 'GUID: 3c6c403084eacec478a1129ce20061ea - Path: Packages/com.unity.ugui/Editor Resources/Shaders/TMP_Properties.cginc' with importer (ShaderIncludeImporter)
Imported 'GUID: 3c6c403084eacec478a1129ce20061ea' -> (Import Result ID: '81b1365ade80524ba8c50f7e6ec814db') in 0.001 seconds [static dependencies only]. Details - ImportResultOutputID=75e4aafcd66ddfa4ba96feb8d8692d46 DependenciesID=b4b72d3b3ace47944b0bb555b7dc5f03 StaticDependenciesID=cafa208ba198ed32ac5f92f325b0b45b 
Importing 'GUID: 910d3836c6f5c2a4492fb89eda5b4b86 - Path: Packages/com.unity.xr.arfoundation/Assets/Shaders/SimulationRoomXRay.shader' with importer (ShaderImporter)
Launched and connected shader compiler UnityShaderCompiler.exe after 0.02 seconds
WARNING: Shader Unsupported: 'Simulation/Room X-Ray' - All subshaders removed
WARNING: Shader Did you use #pragma only_renderers and omit this platform?
WARNING: Shader If subshaders removal was intentional, you may have forgotten turning Fallback off?
WARNING: Shader Unsupported: 'Simulation/Room X-Ray' - All subshaders removed
WARNING: Shader Did you use #pragma only_renderers and omit this platform?
WARNING: Shader If subshaders removal was intentional, you may have forgotten turning Fallback off?
Imported 'GUID: 910d3836c6f5c2a4492fb89eda5b4b86' -> (Import Result ID: '217d38e2c4ce2a47018a174a68db2c6d') in 0.042 seconds [static and dynamic dependencies]. Details - ImportResultOutputID=16bf9b01f465e26da829fc50ae81ea61 DependenciesID=475c01ab5e15ef360b13bf5553258612 StaticDependenciesID=fac36c492d9da2fcc9ae207e2265b85f 
Importing 'GUID: 53f4fa13cedbdb9499fe40ffe30c61cd - Path: Packages/com.unity.xr.arfoundation/Assets/Shaders/DepthCopy.shader' with importer (ShaderImporter)
Imported 'GUID: 53f4fa13cedbdb9499fe40ffe30c61cd' -> (Import Result ID: '5159c02453ffe07e160f3d781f0ce702') in 0.009 seconds [static and dynamic dependencies]. Details - ImportResultOutputID=3014f9a0f10bafc5171652e6dd7e9de3 DependenciesID=d2179ed9e8f864a81197ce230124d7fd StaticDependenciesID=2568a3f2f8e8ae7e6c60ad4424cdd534 
Importing 'GUID: 25e59d8b61dd43fabcdda3648f4a1fa7 - Path: Assets/Resources/VRInspectorSurface.shader' with importer (ShaderImporter)
Imported 'GUID: 25e59d8b61dd43fabcdda3648f4a1fa7' -> (Import Result ID: 'eb58bf9cbfa9695b0d6674ed23515542') in 0.003 seconds [static and dynamic dependencies]. Details - ImportResultOutputID=6d87c9096814f8bde4d5fe9432278838 DependenciesID=ef202edd78393821c5d185de7150f636 StaticDependenciesID=809fbfe593e8ce3792f7ad7d3700ce11 
Importing 'GUID: 95af80d353d0c4a43b9f43572170861f - Path: Packages/com.google.xr.cardboard/Runtime/Shaders/CardboardReticlePointer.shader' with importer (ShaderImporter)
Imported 'GUID: 95af80d353d0c4a43b9f43572170861f' -> (Import Result ID: 'ee076308460281d9dc70e9240ac5ef2c') in 0.005 seconds [static and dynamic dependencies]. Details - ImportResultOutputID=b144d27f8293037b8e70ecf2242cb0d6 DependenciesID=d1788f0569e5de92cc2e54b0d0f84ccd StaticDependenciesID=60cd83083f0513efc92d4af73d97efbb 
Importing 'GUID: c65f22c214e3b9c44af106cbf91e5afd - Path: Packages/com.unity.xr.arfoundation/Assets/Shaders/SimulationLegacyRoomXRay.shader' with importer (ShaderImporter)
Imported 'GUID: c65f22c214e3b9c44af106cbf91e5afd' -> (Import Result ID: '4f7fd79ee53b35c87495124bb8a562e2') in 0.492 seconds [static and dynamic dependencies]. Details - ImportResultOutputID=6a3b74dcbc0936bb74d5cf3b148968c9 DependenciesID=e3018ff70d0335ad58d166331c40e67b StaticDependenciesID=27f744b18a20e9c1dd2e8805e2d79922 
Importing 'GUID: f6e87ced02c0d485ea5fc91ced3e6417 - Path: Packages/com.unity.xr.arfoundation/Assets/Shaders/GizmoSolidColor.shader' with importer (ShaderImporter)
Imported 'GUID: f6e87ced02c0d485ea5fc91ced3e6417' -> (Import Result ID: '2ca0a40e47122847ad270934de209745') in 0.004 seconds [static and dynamic dependencies]. Details - ImportResultOutputID=4dc507814f68b95003f04ed4be921c2a DependenciesID=d4e5f8b8d00f4a5a91a28bc74327ad37 StaticDependenciesID=38d303a3bee1c977916deea1769d4823 
Importing 'GUID: f6be886232978cb4397a8b33e9c86434 - Path: Assets/Resources/VRMenuOverlay.shader' with importer (ShaderImporter)
Imported 'GUID: f6be886232978cb4397a8b33e9c86434' -> (Import Result ID: '0bec77691d6c0c4f156383c8c6836792') in 0.004 seconds [static and dynamic dependencies]. Details - ImportResultOutputID=b8f555888141051d4a49d22548d0274b DependenciesID=da5b9cbd0ec063d1a51f7a020966ca3a StaticDependenciesID=4f7adecb061b7249ec48005b3b47058a 
Importing 'GUID: 6772f35f2505b6e439e6618478844652 - Path: Assets/Resources/LrfdClouds.shader' with importer (ShaderImporter)
Imported 'GUID: 6772f35f2505b6e439e6618478844652' -> (Import Result ID: '3ec428ff75901d326ec42dcb76c7d3ef') in 0.004 seconds [static and dynamic dependencies]. Details - ImportResultOutputID=f527b5f913b55e0f641e68e0c1134255 DependenciesID=b9a6dea1df3ad774c627f45b62fd3ab7 StaticDependenciesID=18cff7a02d6bd04a766b5b84a9f811eb 
Importing 'GUID: e773965a8cdb449aaa9267752c76fad4 - Path: Assets/Resources/VRLrfdTransparent.shader' with importer (ShaderImporter)
Imported 'GUID: e773965a8cdb449aaa9267752c76fad4' -> (Import Result ID: '0ab19369ad08de7aef94f336a4ce9f3f') in 0.004 seconds [static and dynamic dependencies]. Details - ImportResultOutputID=2ad5a990e5a3579ee46e4a0bf0cc00ec DependenciesID=3f5254b95ca8a6205e91188e40eb9c95 StaticDependenciesID=264673899d85c50eef9beae14e661034 
Importing 'GUID: 0945859e5a1034c2cb6dce53cb4fb899 - Path: Packages/com.unity.xr.arcore/Assets/Shaders/ARCoreBackgroundAfterOpaques.shader' with importer (ShaderImporter)
Imported 'GUID: 0945859e5a1034c2cb6dce53cb4fb899' -> (Import Result ID: 'acdd4f54b557856efbbedc1874e4a7bb') in 0.006 seconds [static and dynamic dependencies]. Details - ImportResultOutputID=9261acbf4d812d98c773231889694669 DependenciesID=a56c4325cf49f55f365595e54d662a06 StaticDependenciesID=11f7454c66be18fc30d3110324b391ef 
Importing 'GUID: 89c5a83f7058c3f42921c3797959f492 - Path: Packages/com.unity.xr.arfoundation/Assets/Shaders/SimulationURPRoomXRay.shader' with importer (ShaderImporter)
WARNING: Shader Unsupported: 'Simulation/URP/Room X-Ray' - All subshaders removed
WARNING: Shader Did you use #pragma only_renderers and omit this platform?
WARNING: Shader If subshaders removal was intentional, you may have forgotten turning Fallback off?
WARNING: Shader Unsupported: 'Simulation/URP/Room X-Ray' - All subshaders removed
WARNING: Shader Did you use #pragma only_renderers and omit this platform?
WARNING: Shader If subshaders removal was intentional, you may have forgotten turning Fallback off?
Imported 'GUID: 89c5a83f7058c3f42921c3797959f492' -> (Import Result ID: '7d316f124ba8409db03ec5bd7950214f') in 0.007 seconds [static and dynamic dependencies]. Details - ImportResultOutputID=fea35087809ad781753a91e5cf456b7d DependenciesID=576231c703cb691cfdbe6216fe2dab27 StaticDependenciesID=3f7016b2d827772ba1bb9924b3ae0e0a 
Importing 'GUID: c9f956787b1d945e7b36e0516201fc76 - Path: Packages/com.unity.xr.arcore/Assets/Shaders/ARCoreBackground.shader' with importer (ShaderImporter)
Imported 'GUID: c9f956787b1d945e7b36e0516201fc76' -> (Import Result ID: 'f5c100ea5ff604fa555203304201e9ea') in 0.004 seconds [static and dynamic dependencies]. Details - ImportResultOutputID=5e24581133d18b2f687a4bd6b9d6846d DependenciesID=adf5a2a2360a45f789adfa8ace04db31 StaticDependenciesID=79621fd8415b73e1689f1d1cb3c6ba0a 
Importing 'GUID: 0ad967c9b039c4c5db35830a2211d12b - Path: Packages/com.unity.xr.arfoundation/Assets/Shaders/SoftOcclusionPreprocessing.shader' with importer (ShaderImporter)
Imported 'GUID: 0ad967c9b039c4c5db35830a2211d12b' -> (Import Result ID: 'a46aae3fdeb58107e7d186e74d34c0ad') in 0.004 seconds [static and dynamic dependencies]. Details - ImportResultOutputID=ab836abe763f5c4ab1a4be6969610816 DependenciesID=f558218f916d4cb86e0e13ef0254281a StaticDependenciesID=1eb8a7c055071ff199c11e95926901ac 
Importing 'GUID: 9af0e9ee2d4229b4081dbd7c95ede8b8 - Path: Packages/com.unity.xr.arfoundation/Assets/Shaders/SimulationURPSynthetic.shader' with importer (ShaderImporter)
WARNING: Shader Unsupported: 'Hidden/Simulation/URP/Synthetic' - All subshaders removed
WARNING: Shader Did you use #pragma only_renderers and omit this platform?
WARNING: Shader If subshaders removal was intentional, you may have forgotten turning Fallback off?
WARNING: Shader Unsupported: 'Hidden/Simulation/URP/Synthetic' - All subshaders removed
WARNING: Shader Did you use #pragma only_renderers and omit this platform?
WARNING: Shader If subshaders removal was intentional, you may have forgotten turning Fallback off?
Imported 'GUID: 9af0e9ee2d4229b4081dbd7c95ede8b8' -> (Import Result ID: '6341540aa6e5dc11ca61aa1a4ac19185') in 0.009 seconds [static and dynamic dependencies]. Details - ImportResultOutputID=5666b43d22218622465c37a8da038e00 DependenciesID=ef67696f48c04d93c9a0c11442580a95 StaticDependenciesID=c711844c8bd047bd1897230673541523 
Importing 'GUID: 9a9ae58e9f12be0409d3c55c0815e5c8 - Path: Packages/com.unity.xr.arfoundation/Assets/Shaders/SimulationBackgroundSimple.shader' with importer (ShaderImporter)
Imported 'GUID: 9a9ae58e9f12be0409d3c55c0815e5c8' -> (Import Result ID: '40ac839c92e69896ff9618d27c422b8d') in 0.006 seconds [static and dynamic dependencies]. Details - ImportResultOutputID=d521db2d524678b3b7d1e2c82cc0b0cf DependenciesID=9e774e68853e0795708d080d75719053 StaticDependenciesID=f69eadbc2cf3a177f74a75cb64ac4967 
Importing 'GUID: 5bf5b046d067486479626300d0fb1bfe - Path: Assets/Resources/VRVisualEnvironment.shader' with importer (ShaderImporter)
Imported 'GUID: 5bf5b046d067486479626300d0fb1bfe' -> (Import Result ID: 'f5b59540271248e7412bf95a910df1b4') in 0.003 seconds [static and dynamic dependencies]. Details - ImportResultOutputID=9b6ee78ad919b0ba34bcc516fc0fb82c DependenciesID=9c0bbb22f211b57a0e5da520b5acc136 StaticDependenciesID=adf2e8df50d0c350de0cf5e9b39182d8 
Importing 'GUID: 5bb79ccef52fc424b9a0fdc6412fca8c - Path: Packages/com.unity.xr.arfoundation/Assets/Shaders/SimulationSyntheticLit.shader' with importer (ShaderImporter)
WARNING: Shader Unsupported: 'Hidden/Simulation/Synthetic Lit' - All subshaders removed
WARNING: Shader Did you use #pragma only_renderers and omit this platform?
WARNING: Shader If subshaders removal was intentional, you may have forgotten turning Fallback off?
WARNING: Shader Unsupported: 'Hidden/Simulation/Synthetic Lit' - All subshaders removed
WARNING: Shader Did you use #pragma only_renderers and omit this platform?
WARNING: Shader If subshaders removal was intentional, you may have forgotten turning Fallback off?
Imported 'GUID: 5bb79ccef52fc424b9a0fdc6412fca8c' -> (Import Result ID: 'f99e64c479b59f4d2224ef126c2639e6') in 0.003 seconds [static and dynamic dependencies]. Details - ImportResultOutputID=2d2906dc060c04d80c4b1c3a7579f784 DependenciesID=8cd7110ec811560c66a508a44973d69f StaticDependenciesID=e0fb5023750bbcb39122dc7f57126e10 
Importing 'GUID: db1d7c873232c274098b06d7b849ead1 - Path: Packages/com.unity.xr.arfoundation/Assets/Shaders/SimulationLegacyStandard.shader' with importer (ShaderImporter)
Imported 'GUID: db1d7c873232c274098b06d7b849ead1' -> (Import Result ID: 'e17cfd2926394f3fd61c5dedb409e0eb') in 0.019 seconds [static and dynamic dependencies]. Details - ImportResultOutputID=39b553c8be0736bb0af260382b238891 DependenciesID=ab9f771b203c85ab9a370138370b4dd6 StaticDependenciesID=8f737ec3cab8806a3ee70948c229e5fe 
Importing 'GUID: 6c4bf46f32019704e8b2efc0d062d054 - Path: Packages/com.unity.xr.arfoundation/Assets/Shaders/SimulationStandardLit.shader' with importer (ShaderImporter)
WARNING: Shader Unsupported: 'Simulation/Standard Lit' - All subshaders removed
WARNING: Shader Did you use #pragma only_renderers and omit this platform?
WARNING: Shader If subshaders removal was intentional, you may have forgotten turning Fallback off?
WARNING: Shader Unsupported: 'Simulation/Standard Lit' - All subshaders removed
WARNING: Shader Did you use #pragma only_renderers and omit this platform?
WARNING: Shader If subshaders removal was intentional, you may have forgotten turning Fallback off?
Imported 'GUID: 6c4bf46f32019704e8b2efc0d062d054' -> (Import Result ID: '1e3cea7441c0ff6472cf1023e7f8d2a9') in 0.004 seconds [static and dynamic dependencies]. Details - ImportResultOutputID=b04cc426316101b1fb7c2b343fe533bc DependenciesID=86130c7ee964ce641d5208b399647cb0 StaticDependenciesID=2fa69ff1cc239f9533635115c9658513 
Importing 'GUID: 9c442dc870b456e48b615cd8add0e9ef - Path: Packages/com.unity.ugui/Editor Resources/Shaders/TMP_SDF Internal Editor.shader' with importer (ShaderImporter)
Imported 'GUID: 9c442dc870b456e48b615cd8add0e9ef' -> (Import Result ID: '61447257136a134c048ab16609e52b24') in 0.006 seconds [static and dynamic dependencies]. Details - ImportResultOutputID=217ae37ec1a2551cd23c1f2dfd06aa4a DependenciesID=8a2ebac69a7498270998200ddea5c9d3 StaticDependenciesID=44e1e3cc417c08023b5102c2d5784f16 
Importing 'GUID: 5d9848fd2d870574eb8038ff36c7eea2 - Path: Packages/com.unity.xr.arfoundation/Assets/Shaders/SimulationLegacySynthetic.shader' with importer (ShaderImporter)
Imported 'GUID: 5d9848fd2d870574eb8038ff36c7eea2' -> (Import Result ID: 'ba2eee3c8c95c3191178cba9cb6e1f13') in 0.016 seconds [static and dynamic dependencies]. Details - ImportResultOutputID=fce2a0f973b6f1e361c570c92713de58 DependenciesID=f10f45bd8ee8586fbc1488eb96383b1c StaticDependenciesID=c1435a89f69003cee1975391ea85412e 
Importing 'GUID: 8dfc564b813aa8f4685ed5f2ed5df06a - Path: Packages/com.unity.xr.arfoundation/Assets/Shaders/SimulationURPLit.shader' with importer (ShaderImporter)
WARNING: Shader Unsupported: 'Simulation/URP/Lit' - All subshaders removed
WARNING: Shader Did you use #pragma only_renderers and omit this platform?
WARNING: Shader If subshaders removal was intentional, you may have forgotten turning Fallback off?
WARNING: Shader Unsupported: 'Simulation/URP/Lit' - All subshaders removed
WARNING: Shader Did you use #pragma only_renderers and omit this platform?
WARNING: Shader If subshaders removal was intentional, you may have forgotten turning Fallback off?
Imported 'GUID: 8dfc564b813aa8f4685ed5f2ed5df06a' -> (Import Result ID: '1c671c2b6d6cf6f9ab3dc4862fd72c0a') in 0.006 seconds [static and dynamic dependencies]. Details - ImportResultOutputID=4c41d4e0fc2e7bf2e53af1093f784f25 DependenciesID=54e35a8368adaec06b3e96fb708614e3 StaticDependenciesID=0ec1c3a67525781cac779259a2b72f83 
Importing 'GUID: 1e25a92a2f6a90d489a1530c1311c9bf - Path: Assets/Shaders/AlwaysOnTopLine.shader' with importer (ShaderImporter)
Imported 'GUID: 1e25a92a2f6a90d489a1530c1311c9bf' -> (Import Result ID: 'c69e82a7817d9005d17b400599679d23') in 0.004 seconds [static and dynamic dependencies]. Details - ImportResultOutputID=d81410b140e0d96d22c68ae28d8fea94 DependenciesID=c4769286a20f2c4b0158964780e6bfdd StaticDependenciesID=51785a36950741e744a35b455912758a 
Importing 'GUID: eea9c05a145649c08fb1a8273269d0d9 - Path: Assets/Resources/MemberPreviewConcrete.shader' with importer (ShaderImporter)
Imported 'GUID: eea9c05a145649c08fb1a8273269d0d9' -> (Import Result ID: '08d98028ccdf18aab66212a533c23ab3') in 0.006 seconds [static and dynamic dependencies]. Details - ImportResultOutputID=ce041ebf321429698b9bb887f2c1e7ac DependenciesID=cdba47b1ddd2ff1417a89e68c1514973 StaticDependenciesID=c8c8396e34e5ae1a4b59a7a4bd829e28 
Importing 'GUID: 2166f2a4aa6de4f559e94d7173fca686 - Path: Packages/com.unity.xr.arfoundation/Assets/Materials/DebugBoundingBox.mat' with importer (NativeFormatImporter)
WARNING: Shader Unsupported: 'Simulation/Standard Lit' - All subshaders removed
WARNING: Shader Did you use #pragma only_renderers and omit this platform?
WARNING: Shader If subshaders removal was intentional, you may have forgotten turning Fallback off?
Imported 'GUID: 2166f2a4aa6de4f559e94d7173fca686' -> (Import Result ID: 'f87c58427a8c59f5eec273ae4e0641b1') in 0.006 seconds [static dependencies only]. Details - ImportResultOutputID=8dc9fd7f630923b2730336767ffd15ce DependenciesID=6786882470530c25406772309c439b2d StaticDependenciesID=3edb1e338a8ca5f23eda49ca704d3263 
Importing 'GUID: f1a110d32af21aa4d872c707dfcc6043 - Path: Packages/com.unity.xr.arfoundation/Assets/Materials/DebugPlane.mat' with importer (NativeFormatImporter)
Imported 'GUID: f1a110d32af21aa4d872c707dfcc6043' -> (Import Result ID: '3111bb57cc373ac68a841adaee537a4e') in 0.002 seconds [static dependencies only]. Details - ImportResultOutputID=a253868f690759c8ce7f2cebf0299a84 DependenciesID=98b1e43f4fae0e283275fbeba30153da StaticDependenciesID=dc72fc10ed7ce19d8cc147ed780cc758 
Importing 'GUID: a23d1b0dc553640f682d502af95e7789 - Path: Packages/com.unity.xr.arfoundation/Assets/Materials/XAxis.mat' with importer (NativeFormatImporter)
Imported 'GUID: a23d1b0dc553640f682d502af95e7789' -> (Import Result ID: 'd56daef3e635b58f8262ed1b227a7c6f') in 0.003 seconds [static dependencies only]. Details - ImportResultOutputID=f5c82d7d3cec1e600d41db4b4bea474d DependenciesID=c48f7b8a2d56bd54b8798589dbc3e667 StaticDependenciesID=c0a4bc24a658c226d7cf47f0e74dfcd3 
Importing 'GUID: f3068f7dc08c34e788155cc3c62b9f50 - Path: Packages/com.google.xr.cardboard/Runtime/Materials/CardboardReticlePointer.mat' with importer (NativeFormatImporter)
Imported 'GUID: f3068f7dc08c34e788155cc3c62b9f50' -> (Import Result ID: '8b025b2e00d7293ee2e756698c577f0a') in 0.002 seconds [static dependencies only]. Details - ImportResultOutputID=96d11be3174674f7c63b401d8e6e694d DependenciesID=4baa96226099253f81a430685b4cb1f3 StaticDependenciesID=a96558af9b8646f14d6bc93cf9f9ac8f 
Importing 'GUID: 743dbe898e46f4e27b435f79a524f27b - Path: Packages/com.unity.xr.arfoundation/Assets/Materials/YAxis.mat' with importer (NativeFormatImporter)
Imported 'GUID: 743dbe898e46f4e27b435f79a524f27b' -> (Import Result ID: 'af87f007435a970e3e7b941f1a875d63') in 0.003 seconds [static dependencies only]. Details - ImportResultOutputID=5cbbbe24d1f7ce7361aa0de408b61d69 DependenciesID=69ea0fa7db229bb41123fa353a540e06 StaticDependenciesID=43e63883830303db5961ec8c332e3c46 
Importing 'GUID: a4487a0c19d31684c91760d7b608f795 - Path: Packages/com.unity.xr.arfoundation/Assets/Materials/SimulationBodyMaterial.mat' with importer (NativeFormatImporter)
Imported 'GUID: a4487a0c19d31684c91760d7b608f795' -> (Import Result ID: '566545f6c486e82047eb4861bacb2681') in 0.002 seconds [static dependencies only]. Details - ImportResultOutputID=a8fbc2aa86f317bebb2fceca52989e5c DependenciesID=8a09a75aabc820cb9948dbc798cb8cf4 StaticDependenciesID=74d46b7214c55fd1c72c8cfd9c009fbc 
Importing 'GUID: 35bd980c8f2234e3d8b640e25a677d65 - Path: Packages/com.unity.xr.arfoundation/Assets/Materials/DebugFace.mat' with importer (NativeFormatImporter)
Imported 'GUID: 35bd980c8f2234e3d8b640e25a677d65' -> (Import Result ID: '2a5d1bac39eacc437e8eebd2031b5b18') in 0.002 seconds [static dependencies only]. Details - ImportResultOutputID=0ab667790154c27cef29a00282e601c2 DependenciesID=c2248caa5dca47853e8f830625d1bd15 StaticDependenciesID=480c012e4a4e8c918b50cfc729496995 
Importing 'GUID: 950042044eb8b45cfb957653439b0be7 - Path: Packages/com.unity.xr.arfoundation/Assets/Materials/SimulationLitGray.mat' with importer (NativeFormatImporter)
Imported 'GUID: 950042044eb8b45cfb957653439b0be7' -> (Import Result ID: 'a3b1c1187277e4c523f01fe6bb033420') in 0.001 seconds [static dependencies only]. Details - ImportResultOutputID=efff3f11dfa5be7c13330fdaafb67e3a DependenciesID=d443cbdd83f346fd08a9bf46c444d7b5 StaticDependenciesID=b421ac69d252885aea8bfe91d2d44db7 
Importing 'GUID: b701fb6055e5bf44b84cbe041121eb4a - Path: Packages/com.unity.xr.arfoundation/Assets/Materials/SimulationPlaneMaterial.mat' with importer (NativeFormatImporter)
WARNING: Shader Unsupported: 'Hidden/Simulation/Synthetic Lit' - All subshaders removed
WARNING: Shader Did you use #pragma only_renderers and omit this platform?
WARNING: Shader If subshaders removal was intentional, you may have forgotten turning Fallback off?
Imported 'GUID: b701fb6055e5bf44b84cbe041121eb4a' -> (Import Result ID: '7bd492f480461e663892781412f1a029') in 0.002 seconds [static dependencies only]. Details - ImportResultOutputID=f7b7ca31b5d3672052d795f0eded074c DependenciesID=69946ab7b58bd139f996fc989d0ac906 StaticDependenciesID=0b717ed0013b8b67fd149e9b8460db22 
Importing 'GUID: 2a5d17639da1f4bdd83f4cd9cdbd5640 - Path: Packages/com.unity.xr.arfoundation/Assets/Materials/ZAxis.mat' with importer (NativeFormatImporter)
Imported 'GUID: 2a5d17639da1f4bdd83f4cd9cdbd5640' -> (Import Result ID: 'ed1878c973b3b4a1fc2dce0e27f89c75') in 0.001 seconds [static dependencies only]. Details - ImportResultOutputID=c30ed057da83db470350fb99e0978ee2 DependenciesID=118d02c320b7bbab8d67f255936c9440 StaticDependenciesID=e03ce73f7ee593d58bc298afeaf57f52 
Importing 'GUID: 1d1fab4015cac46c08cbc1fe0a1eb0c2 - Path: Packages/com.unity.xr.arfoundation/Assets/Materials/UnlitBlack.mat' with importer (NativeFormatImporter)
Imported 'GUID: 1d1fab4015cac46c08cbc1fe0a1eb0c2' -> (Import Result ID: '1683904713f1bdb199fac4e73145af9a') in 0.002 seconds [static dependencies only]. Details - ImportResultOutputID=3d4f61f56c3fc93196c0cfb20ccb8097 DependenciesID=91c7d0f0dcc6d6deea460b488d57b492 StaticDependenciesID=968fd581ce52ba0e4a7bc97a1eeafba3 
Importing 'GUID: 8d5a881adabf5d44cad2907c58a51b04 - Path: Packages/com.unity.xr.arfoundation/Assets/Materials/Origin.mat' with importer (NativeFormatImporter)
Imported 'GUID: 8d5a881adabf5d44cad2907c58a51b04' -> (Import Result ID: 'f558b8cb03e99c0328ea8913c69115af') in 0.001 seconds [static dependencies only]. Details - ImportResultOutputID=9c35da5afce6ba2241c074d080ba1832 DependenciesID=8d2982dadec97ed7f3376ee6da5b7021 StaticDependenciesID=db6e5d9c1364e2b0eeab3e3b08a43af5 
Importing 'GUID: 1ff7e79fd64f7469a96dff1e97f179a9 - Path: Packages/com.unity.xr.arfoundation/Assets/Materials/FeaturePointMat.mat' with importer (NativeFormatImporter)
Imported 'GUID: 1ff7e79fd64f7469a96dff1e97f179a9' -> (Import Result ID: 'de3f983829eed4241c3a636c2a4b6a6a') in 0.002 seconds [static dependencies only]. Details - ImportResultOutputID=b22324bfaa3e1a98d5ebc9e561f57e35 DependenciesID=7d4d6d84ff376b719ccfd83f0d90d572 StaticDependenciesID=adbb0a973d88efeadf3a70a4d77e3ad8 
Importing 'GUID: 7f1d579c79ac0442e8d4a7f213a675d0 - Path: Packages/com.unity.xr.arfoundation/Assets/Materials/SimulationDefaultTrackedImage.mat' with importer (NativeFormatImporter)
Imported 'GUID: 7f1d579c79ac0442e8d4a7f213a675d0' -> (Import Result ID: '6fd0e54026022a5d3d5569da136b47b8') in 0.002 seconds [static dependencies only]. Details - ImportResultOutputID=f73eeceda712d7ea8bde77ac316a2a36 DependenciesID=18dadd5b815023d6835a0501883f07b5 StaticDependenciesID=83ad73f7615199432a6b555ce3b0585b 
Importing 'GUID: ff97e31c61928db42a4a403b8d642fe9 - Path: Packages/com.unity.xr.arfoundation/Assets/Materials/SimulationSuitMaterial.mat' with importer (NativeFormatImporter)
Imported 'GUID: ff97e31c61928db42a4a403b8d642fe9' -> (Import Result ID: '75f418c55ef7b3e34580c49058e8973c') in 0.002 seconds [static dependencies only]. Details - ImportResultOutputID=b169bf7d8942e26ca737eb7f2faabaee DependenciesID=4d4b9dd75ee9aceb773a5736c05d64d1 StaticDependenciesID=a24c7068032561dcdbe305de06c1f6fb 
Importing 'GUID: 405ff1b6d34178a4a987fc2f6908a1f3 - Path: Packages/com.unity.xr.arfoundation/Assets/Prefabs/Handles.fbx' with importer (FBXImporter)
Imported 'GUID: 405ff1b6d34178a4a987fc2f6908a1f3' -> (Import Result ID: 'c41ec79e1d82009f890cc71480236660') in 0.101 seconds [static and dynamic dependencies]. Details - ImportResultOutputID=0bf68ab655d37dfa68fdb0c99c35a6a2 DependenciesID=f91d700ddbe69097b896d49e35c8339e StaticDependenciesID=05fcbed0af4e206fa74147c74258f70d 
Importing 'GUID: c33765148919746ecbe8e10cceb19107 - Path: Packages/com.unity.xr.arcore/Tests/Editor/Assets/TestReferenceImageLibrary.asset' with importer (NativeFormatImporter)
Imported 'GUID: c33765148919746ecbe8e10cceb19107' -> (Import Result ID: '520b7fbe758eb0816be6f010ecbc4c6a') in 0.025 seconds [static dependencies only]. Details - ImportResultOutputID=4498d377cc3fa1eadbdb4f994da9fd7b DependenciesID=d3270d90966a7aa63fb810d029b46c6a StaticDependenciesID=4768f92cbed45ad9c3335f504b2d34b0 
Importing 'GUID: afd19d26f424b46e78c9434d8f4ff7b2 - Path: Packages/com.unity.xr.arfoundation/Assets/InputActions/DefaultXRSimulationInputActions.asset' with importer (NativeFormatImporter)
Imported 'GUID: afd19d26f424b46e78c9434d8f4ff7b2' -> (Import Result ID: 'df9a364794c5f2e2142b83a8ffe3c653') in 0.002 seconds [static dependencies only]. Details - ImportResultOutputID=c5cfd27fc83c5478e2299d2ca82b4364 DependenciesID=048eb288b5e0f9465fa540051558aab1 StaticDependenciesID=4e7e5672a039fdc83e489c265bd09ae6 
Importing 'GUID: 30b312a167534621b316172253b08723 - Path: Packages/com.unity.modules.subsystems/package.json' with importer (PackageManifestImporter)
Imported 'GUID: 30b312a167534621b316172253b08723' -> (Import Result ID: '91cadbda1f4551ba4ae374b5d4ebbb95') in 0.001 seconds [static dependencies only]. Details - ImportResultOutputID=f12373219448441b0341099e7af5eb41 DependenciesID=c3a1a64a1ed707356763ac5780bfff54 StaticDependenciesID=b0c5384f3a63b37ff1cc33155b308e39 
Importing 'GUID: 303be31e933ca47a5a7377924fe8bd76 - Path: Packages/com.google.xr.cardboard/Runtime/iOS/THIRD_PARTY_NOTICES.txt' with importer (TextScriptImporter)
Imported 'GUID: 303be31e933ca47a5a7377924fe8bd76' -> (Import Result ID: 'bcc3a12a291669181422964a06d2478c') in 0.001 seconds [static dependencies only]. Details - ImportResultOutputID=df173c678a05fe4a84dd5c2106115271 DependenciesID=12b5a7a433f565478d5504266d96245d StaticDependenciesID=c3bd7dbc1ae3d9055bbe8271079c5d6a 
Importing 'GUID: 40bf3cec17fa0b49fe04443c8332d638 - Path: Packages/com.unity.modules.jsonserialize/package.json' with importer (PackageManifestImporter)
Imported 'GUID: 40bf3cec17fa0b49fe04443c8332d638' -> (Import Result ID: '062926dc2f811d5fa649e1a6cf35b2be') in 0.001 seconds [static dependencies only]. Details - ImportResultOutputID=d715bb69eb97158ae78ee98bcdc249c8 DependenciesID=4e6f9b5b81636b56298af5228107b3cb StaticDependenciesID=0fc633a2d442bf1460b6d27ccd581959 
Importing 'GUID: e0ae6629cc70b514889df37fccb76832 - Path: Packages/com.unity.ugui/README.md' with importer (TextScriptImporter)
Imported 'GUID: e0ae6629cc70b514889df37fccb76832' -> (Import Result ID: 'ff4c6f164c81db02abbfbd12834460b6') in 0.001 seconds [static dependencies only]. Details - ImportResultOutputID=9708c64e8b19c45326eb84a19a6a7c07 DependenciesID=ba75302d059da8d6d3d2fde9895d33e3 StaticDependenciesID=76a9e24c1d0e8e7ca8008f83a0018b4a 
Importing 'GUID: f0e14ea80f96b445f97b1c83650d5733 - Path: Packages/com.unity.inputsystem/package.json' with importer (PackageManifestImporter)
Imported 'GUID: f0e14ea80f96b445f97b1c83650d5733' -> (Import Result ID: 'baf813beabfecec5da8f1bccbd502e46') in 0.001 seconds [static dependencies only]. Details - ImportResultOutputID=abf138e4a686ef44fccc3517410148f6 DependenciesID=fdd5e312c203ecc42be2b91799065a56 StaticDependenciesID=09d5b6f1ee9a768c55f4876b5a37807f 
Importing 'GUID: 21e367e100361604f9ad6287fd367d4a - Path: Packages/com.unity.inputsystem/ValidationConfig.json' with importer (TextScriptImporter)
Imported 'GUID: 21e367e100361604f9ad6287fd367d4a' -> (Import Result ID: 'd9b4d07d7ca710335077bcb1bd32dcaa') in 0.001 seconds [static dependencies only]. Details - ImportResultOutputID=011fcadf5829623307887359835e2436 DependenciesID=ea8c648bf0480da01c5cc12ae3aabfa9 StaticDependenciesID=a1b48923f3a76d34b1cb52527ae3314a 
Importing 'GUID: 215aa718ae432a2458439d4959fc9471 - Path: Packages/com.unity.xr.legacyinputhelpers/LICENSE.md' with importer (TextScriptImporter)
Imported 'GUID: 215aa718ae432a2458439d4959fc9471' -> (Import Result ID: '9012ad41c40feecad8473d3e0cf87984') in 0.001 seconds [static dependencies only]. Details - ImportResultOutputID=7f401be89d0715ed7f4583a01f908d00 DependenciesID=106d2e95f90b02e68e98032b89a95757 StaticDependenciesID=35c3d4953952de631811434c46b2fbb2 
Importing 'GUID: 319b8889f363f5947acf209c17a94149 - Path: Packages/com.unity.ugui/package.json' with importer (PackageManifestImporter)
Imported 'GUID: 319b8889f363f5947acf209c17a94149' -> (Import Result ID: '77ae52e5156d0d73d343ef254b314152') in 0.001 seconds [static dependencies only]. Details - ImportResultOutputID=f4e4edd5064a2f0de1703280dae20fa5 DependenciesID=9c070c7b04e7d2aef0d81b6e319d1069 StaticDependenciesID=b3d399341a006ae164ac2d8136e4e8ba 
Importing 'GUID: 9166eed4756114bdaa498aca2df93e19 - Path: Packages/com.unity.inputsystem/LICENSE.md' with importer (TextScriptImporter)
Imported 'GUID: 9166eed4756114bdaa498aca2df93e19' -> (Import Result ID: 'b91c133d02ad173031cc49fbb2df7ed7') in 0.001 seconds [static dependencies only]. Details - ImportResultOutputID=a59c3af04a0bdf7660d962171199fac9 DependenciesID=b2c03fe169b0f502887a999bce3d7448 StaticDependenciesID=96742b4592b3ea78d2f101e1ac9d2123 
Importing 'GUID: b1bd9a41ba8a9a840b5ecfef864b9be0 - Path: Packages/com.unity.xr.legacyinputhelpers/Third Party Notices.md' with importer (TextScriptImporter)
Imported 'GUID: b1bd9a41ba8a9a840b5ecfef864b9be0' -> (Import Result ID: '638d1c5bb126d0f4ee539d9674cf46a2') in 0.001 seconds [static dependencies only]. Details - ImportResultOutputID=cd6a571d310ae7cb15791e2fe25eb1ed DependenciesID=7eca291e05f74e4d88c89ac5fd86f766 StaticDependenciesID=0da3537a2b7490501dc330c245a8a2ba 
Importing 'GUID: d16ab7e2b2998ad4c9729d86bb9aa666 - Path: Packages/com.unity.xr.legacyinputhelpers/package.json' with importer (PackageManifestImporter)
Imported 'GUID: d16ab7e2b2998ad4c9729d86bb9aa666' -> (Import Result ID: '17a05503136b30a286a8030137e80361') in 0.001 seconds [static dependencies only]. Details - ImportResultOutputID=7c344e7978882c7b8a27cac550532aeb DependenciesID=b15e598a1bff3053f23335b370e012a0 StaticDependenciesID=806a2e810491ab33a09f40c69f88980b 
Importing 'GUID: e1e933fc85b5d7444902c305f62c695a - Path: Packages/com.unity.xr.legacyinputhelpers/CHANGELOG.md' with importer (TextScriptImporter)
Imported 'GUID: e1e933fc85b5d7444902c305f62c695a' -> (Import Result ID: 'f22fcf7fc1e1c1ef0dcb35526f45d36d') in 0.001 seconds [static dependencies only]. Details - ImportResultOutputID=e3372e7cfa912988b616469309eb14ea DependenciesID=7251d5ea9b8a47dba5723d4c0cb89ff2 StaticDependenciesID=e2c822577718224f3c25a2dd566900ea 
Importing 'GUID: e1ef8466c8fd01a549f10baa4d51fa17 - Path: Packages/com.unity.modules.assetbundle/package.json' with importer (PackageManifestImporter)
Imported 'GUID: e1ef8466c8fd01a549f10baa4d51fa17' -> (Import Result ID: '748132f011a260c8df556b8cee535e4c') in 0.001 seconds [static dependencies only]. Details - ImportResultOutputID=cfe9da6d42ce96a22193f1d8b2af86ad DependenciesID=16c55702c0aaaab1de43bc36cec08d92 StaticDependenciesID=7a1bc9322701c6205e280c430adfb524 
Importing 'GUID: 22a6a02e19784c92ad6cc6654890f498 - Path: Packages/com.unity.xr.arcore/CHANGELOG.md' with importer (TextScriptImporter)
Imported 'GUID: 22a6a02e19784c92ad6cc6654890f498' -> (Import Result ID: 'a540bd4efc0631b563c0641e671740d8') in 0.001 seconds [static dependencies only]. Details - ImportResultOutputID=8a2a0727ea746de463562e48bfd9462d DependenciesID=b1a72a7e9aba69b9c02ed74565b69b1d StaticDependenciesID=53e0555f71de453589bd5e1b945faf54 
Importing 'GUID: 42fe78c8fe682715a2cb531422e6ccb3 - Path: Packages/com.unity.modules.imgui/package.json' with importer (PackageManifestImporter)
Imported 'GUID: 42fe78c8fe682715a2cb531422e6ccb3' -> (Import Result ID: '38d3bb719d37ec99f8a9f6c14d39c414') in 0.001 seconds [static dependencies only]. Details - ImportResultOutputID=a5346159d22bce0395fd3c3cfff1d1a1 DependenciesID=bb3e0f71c194a791f04bcb82e59b0e77 StaticDependenciesID=fcba81c59960cbb5fd08016f128ba1a0 
Importing 'GUID: 823b1590c944c4243ad4b7d942ee197e - Path: Packages/com.unity.xr.management/Tests/TestTooling/README.md' with importer (TextScriptImporter)
Imported 'GUID: 823b1590c944c4243ad4b7d942ee197e' -> (Import Result ID: '79921992889c5e26ef8748108a271b72') in 0.001 seconds [static dependencies only]. Details - ImportResultOutputID=b85dd50ac0e65b18dedec42026a1cafd DependenciesID=8359245dee507952236d6c5debaf3a9d StaticDependenciesID=8c8537a19d91263e3f8b5b869c61ec77 
Importing 'GUID: c2cdf177d3aee4b8392c7e857662a321 - Path: Packages/com.google.xr.cardboard/LICENSE.md' with importer (TextScriptImporter)
Imported 'GUID: c2cdf177d3aee4b8392c7e857662a321' -> (Import Result ID: '7cf7fc5919e38ef561ff8dd91583d6e1') in 0.001 seconds [static dependencies only]. Details - ImportResultOutputID=4def6c7ca76fcd2b519274742d4d4e42 DependenciesID=96c8010ee6885c5022351cc60c272c5a StaticDependenciesID=8f49f9e6cf29a6f6d1b8d4ebf7a8cc78 
Importing 'GUID: d2ded56dfad5a964185a53c99a141dd7 - Path: Assets/Resources/estructura_completo_unity.json' with importer (TextScriptImporter)
Imported 'GUID: d2ded56dfad5a964185a53c99a141dd7' -> (Import Result ID: '1aa12e37329df27235f48d8381c6bfd4') in 0.002 seconds [static dependencies only]. Details - ImportResultOutputID=7aeff14426aa0ceddfe4ab12a8c87a57 DependenciesID=f4a3b382b09152d48c080bd8dca55b86 StaticDependenciesID=d54219d6ea655300c3568736be248796 
Importing 'GUID: a3e12f7b92d6e49c0b430ae7813c2398 - Path: Packages/com.unity.inputsystem/CHANGELOG.md' with importer (TextScriptImporter)
Imported 'GUID: a3e12f7b92d6e49c0b430ae7813c2398' -> (Import Result ID: '6e253b6c05d41764ec621623c9b80827') in 0.002 seconds [static dependencies only]. Details - ImportResultOutputID=e791530cf785a0d845ef0f3294cedc47 DependenciesID=766dbf788565dd94b1e506fb1dc897d2 StaticDependenciesID=87541cf7d4e8e05bbde34f815f385793 
Importing 'GUID: d34d0af25c21141a98c0cf3c0066444f - Path: Packages/com.unity.mathematics/package.json' with importer (PackageManifestImporter)
Imported 'GUID: d34d0af25c21141a98c0cf3c0066444f' -> (Import Result ID: 'f5b94bb1a9db5a8c3b3e1b767d70b6f9') in 0.001 seconds [static dependencies only]. Details - ImportResultOutputID=e6b5bc9588084be4046b5ca74602b876 DependenciesID=1ee56665b330d11e1f5f169c5c52d54e StaticDependenciesID=8268ef1221358d67c686a1d57973250e 
Importing 'GUID: 24772c9264eb4f3d8e1f026e3c3881b2 - Path: Packages/com.unity.xr.core-utils/ValidationExceptions.json' with importer (TextScriptImporter)
Imported 'GUID: 24772c9264eb4f3d8e1f026e3c3881b2' -> (Import Result ID: '0a6d79999c1d65f040ab8cf739c31cd9') in 0.001 seconds [static dependencies only]. Details - ImportResultOutputID=f9e0e5f580ff5c49204a0e6e2817efdc DependenciesID=c80930206bcb4392fc6f7fccc18fa6d2 StaticDependenciesID=63314ac3101af2e67952976b9715065c 
Importing 'GUID: 34ea6112747e945eb92621286a3725b0 - Path: Packages/com.google.xr.cardboard/Runtime/Android/THIRD_PARTY_NOTICES.txt' with importer (TextScriptImporter)
Imported 'GUID: 34ea6112747e945eb92621286a3725b0' -> (Import Result ID: '7c8dff72e08ff7803c54dcc21541d438') in 0.001 seconds [static dependencies only]. Details - ImportResultOutputID=681ee2321ac507b669f994dde27a8de1 DependenciesID=3ef68e45f123bb18fddb3075e052b7e8 StaticDependenciesID=109a4d759a56745998a3da3c4928365d 
Importing 'GUID: 6428ca6f30e71ee4dbea7e1d0787cb07 - Path: Packages/com.unity.editorcoroutines/package.json' with importer (PackageManifestImporter)
Imported 'GUID: 6428ca6f30e71ee4dbea7e1d0787cb07' -> (Import Result ID: '53e8ba7661d234bdbb32c391bd74b8a3') in 0.001 seconds [static dependencies only]. Details - ImportResultOutputID=c6fc49c139fec497ce5ae3aea7524640 DependenciesID=644154e60481d7ee5d5b05e9702765ed StaticDependenciesID=dad7737a1e22b8ab02dbafe4c077fd92 
Importing 'GUID: 64bfc0db787d302428294eaca763eefe - Path: Assets/Resources/estructura_p1l4_unity.json' with importer (TextScriptImporter)
Imported 'GUID: 64bfc0db787d302428294eaca763eefe' -> (Import Result ID: 'cbdae47e6872b1b4c0c1c932b0787fcf') in 0.012 seconds [static dependencies only]. Details - ImportResultOutputID=a9dff47cf03c6956739bd23eb84326d2 DependenciesID=3066dcd0be1edf23187ed5a1e6b70ac3 StaticDependenciesID=0ac91e9c799a106aa9b5917966ce8a0a 
Importing 'GUID: 94722de0998b4a2aaf0c7e25efa60ea5 - Path: Assets/Resources/MobileLrfdUnits.json' with importer (TextScriptImporter)
Imported 'GUID: 94722de0998b4a2aaf0c7e25efa60ea5' -> (Import Result ID: 'a67322d14d454f39f1bc9a80c6222e37') in 0.006 seconds [static dependencies only]. Details - ImportResultOutputID=fa34f3fc7feec0e4ca58441e77d066f2 DependenciesID=229923ac3bcd95440502881517419b2f StaticDependenciesID=205bf98f886b7780dc22cd3de9916466 
Importing 'GUID: e402e93c2bdd5d6488cd2e2dc9bf7386 - Path: Packages/com.unity.xr.arcore/LICENSE.md' with importer (TextScriptImporter)
Imported 'GUID: e402e93c2bdd5d6488cd2e2dc9bf7386' -> (Import Result ID: '3e6dc60957191772c0d93989a284d406') in 0.001 seconds [static dependencies only]. Details - ImportResultOutputID=d92883e8b69385e6ff1c25f2182c4162 DependenciesID=7b22f49cb094567932e2365f318c8a45 StaticDependenciesID=f67ab5dcb5ec3795970283ef3bdcb56e 
Importing 'GUID: f4e822a0337b6cf4aade8abffaf819a8 - Path: Packages/com.unity.editorcoroutines/CHANGELOG.md' with importer (TextScriptImporter)
Imported 'GUID: f4e822a0337b6cf4aade8abffaf819a8' -> (Import Result ID: '832bf07f3c143d0423ca13c105247de8') in 0.001 seconds [static dependencies only]. Details - ImportResultOutputID=4cea1be48ebcb13002ac2ca7c9da6bb4 DependenciesID=cc47c5def83e03b60901007ddba93df8 StaticDependenciesID=bfb01b5087152590824b78ca15119791 
Importing 'GUID: 05f5bfd584002f948982a1498890f9a9 - Path: Packages/com.unity.ugui/PackageConversionData.json' with importer (TextScriptImporter)
Imported 'GUID: 05f5bfd584002f948982a1498890f9a9' -> (Import Result ID: '9d6044e8c23af260ec056506e9467f43') in 0.001 seconds [static dependencies only]. Details - ImportResultOutputID=514ad8f63f1072d3b0a1e5a4464c8dfb DependenciesID=251e78c6e028cc4939d4363f316ac59f StaticDependenciesID=431e48ef2b7284a5ae6beeae3a9f4dab 
Importing 'GUID: 953fab16d15d5885b3600fcd6388b2ad - Path: Packages/com.unity.modules.imageconversion/package.json' with importer (PackageManifestImporter)
Imported 'GUID: 953fab16d15d5885b3600fcd6388b2ad' -> (Import Result ID: 'f429bdfb79f913ce8c501a82d8358497') in 0.001 seconds [static dependencies only]. Details - ImportResultOutputID=0e4995c3f3dd5769464d8a543795eb59 DependenciesID=65c452b17df9a2ed2f86b3ad31f5fd59 StaticDependenciesID=3a87574dc1bf2139ab2e833c570d41ac 
Importing 'GUID: b5c2bae8918810248a6f4832c52cc7cd - Path: Packages/com.unity.xr.arfoundation/CHANGELOG.md' with importer (TextScriptImporter)
Imported 'GUID: b5c2bae8918810248a6f4832c52cc7cd' -> (Import Result ID: '1ef96ac1c38eddefac62cf2e89275ea4') in 0.001 seconds [static dependencies only]. Details - ImportResultOutputID=1ffd15a0edb9c29439a1e569d43d76ed DependenciesID=2ed9a73b1b0587f001beb715344f34ef StaticDependenciesID=62777beeb12cec00c1e3b054c773a07a 
Importing 'GUID: b5930dbc378b45d406aeb881f06b6dfa - Path: Packages/com.unity.modules.physicscore2d/package.json' with importer (PackageManifestImporter)
Imported 'GUID: b5930dbc378b45d406aeb881f06b6dfa' -> (Import Result ID: '2a94add01761f8fc65c922a501319370') in 0.001 seconds [static dependencies only]. Details - ImportResultOutputID=af44914a33c884dc4608f0447aad1ab8 DependenciesID=bbce0d58c26795613a52965175925ea9 StaticDependenciesID=920f07d595124003c9dbccbb35574a76 
Importing 'GUID: 26a4f29db434fd79025c91f6126382cc - Path: Packages/com.unity.modules.unityanalytics/package.json' with importer (PackageManifestImporter)
Imported 'GUID: 26a4f29db434fd79025c91f6126382cc' -> (Import Result ID: '1f638ec50865121ee10f404e14c75ab5') in 0.001 seconds [static dependencies only]. Details - ImportResultOutputID=d24cdca416056c3767c03f6739fd11b9 DependenciesID=8bdea4c5466816daf6e8103cf30828da StaticDependenciesID=4ebdb3799ab953706fae87a220b5817b 
Importing 'GUID: 56de866d5032f461baa43decd9ce3bd8 - Path: Packages/com.unity.mathematics/CHANGELOG.md' with importer (TextScriptImporter)
Imported 'GUID: 56de866d5032f461baa43decd9ce3bd8' -> (Import Result ID: '7f141c745b7e5d646bf748f3d14e4930') in 0.001 seconds [static dependencies only]. Details - ImportResultOutputID=f3b71ee22617a048e50e4d8505cd8c53 DependenciesID=4c93a8ed490769565f2b181d84db363c StaticDependenciesID=1aed0d5f7f77a17c8b823b7f3c186df5 
Importing 'GUID: 96d3d50e9dd0d654c90f6f35bb673559 - Path: Packages/com.unity.xr.arcore/package.json' with importer (PackageManifestImporter)
Imported 'GUID: 96d3d50e9dd0d654c90f6f35bb673559' -> (Import Result ID: '59d81fe792b7546e2a8671a89b810378') in 0.001 seconds [static dependencies only]. Details - ImportResultOutputID=faa5fe710861d7da73fa1fac7e44e2e3 DependenciesID=0f0f24eaae1aeafcd7f38caf44d51498 StaticDependenciesID=1aeedf0f7b40941f513da974dfc4c6f6 
Importing 'GUID: e60a83d90d37439e9805b2d99f4a82c3 - Path: Assets/Resources/slab_load_surfaces.json' with importer (TextScriptImporter)
Imported 'GUID: e60a83d90d37439e9805b2d99f4a82c3' -> (Import Result ID: '863a81509e54d10c6c27523e27f610e1') in 0.001 seconds [static dependencies only]. Details - ImportResultOutputID=081971fe71081a0427bd61ced457e9b8 DependenciesID=dd5332d83c3cfb9f6069677a9cf79593 StaticDependenciesID=9b73cbbdd32456d51459864eb75af4db 
Importing 'GUID: 07774d0433ccf5544ba52ac5468d1cdc - Path: Packages/com.unity.xr.arfoundation/README.md' with importer (TextScriptImporter)
Imported 'GUID: 07774d0433ccf5544ba52ac5468d1cdc' -> (Import Result ID: '6d177a3edb64a46eede4a945d3134353') in 0.001 seconds [static dependencies only]. Details - ImportResultOutputID=22ca86e57e673ad8f17697fc87738ced DependenciesID=c941d604aa82772a798215292aa26c60 StaticDependenciesID=72a068d3a1d3a578b77bdb9a89e3535b 
Importing 'GUID: 67414a882cddb8f43a0c083553468ae4 - Path: Packages/com.unity.xr.legacyinputhelpers/README.md' with importer (TextScriptImporter)
Imported 'GUID: 67414a882cddb8f43a0c083553468ae4' -> (Import Result ID: 'ecbb68ad0a05d2c250241577a2634ee7') in 0.001 seconds [static dependencies only]. Details - ImportResultOutputID=8d56aff9dc2d5d56327992629393c9ad DependenciesID=52da063a40c52f2ef44f1d84d54f405c StaticDependenciesID=2900ce7a586c8a648c8f88699ecf3aca 
Importing 'GUID: 8733a4ec878ee4c25bf4a7f50e019d4b - Path: Packages/com.google.xr.cardboard/package.json' with importer (PackageManifestImporter)
Imported 'GUID: 8733a4ec878ee4c25bf4a7f50e019d4b' -> (Import Result ID: '35b200e7403be2b7e15c36d10e32e93e') in 0.001 seconds [static dependencies only]. Details - ImportResultOutputID=29db04174e836109b01dfa9f83293b63 DependenciesID=fed59a469dd10d6ec77152f7fb8f12f1 StaticDependenciesID=201367c1cd3c69e1bdc26c260c23de64 
Importing 'GUID: 87d720faa37005c08600090e04d8c739 - Path: Packages/com.unity.modules.particlesystem/package.json' with importer (PackageManifestImporter)
Imported 'GUID: 87d720faa37005c08600090e04d8c739' -> (Import Result ID: '15ba545013c55640b4ce8e0d94e20d46') in 0.001 seconds [static dependencies only]. Details - ImportResultOutputID=af5c3885a5831dbe4c34a3756290e84a DependenciesID=bbdc17fc46e2a3d1111a4d4e4153fb2a StaticDependenciesID=06de8909aa29b12b2795f90e8aee05d2 
Importing 'GUID: a7f87992cd1d44040ae42b05e5fbdaa5 - Path: Packages/com.unity.mathematics/LICENSE.md' with importer (TextScriptImporter)
Imported 'GUID: a7f87992cd1d44040ae42b05e5fbdaa5' -> (Import Result ID: '9e22948c5513e2d387842b7623876e50') in 0.001 seconds [static dependencies only]. Details - ImportResultOutputID=d9f552cc2e7e6fbb0d020bbce6ccde45 DependenciesID=b6affaad91891567d7e5ff19d70108de StaticDependenciesID=e0e8089c188c14438cf06b3867f3f416 
Importing 'GUID: f747a892239fb40f9a9b9e2acf9929ee - Path: Packages/com.unity.inputsystem/README.md' with importer (TextScriptImporter)
Imported 'GUID: f747a892239fb40f9a9b9e2acf9929ee' -> (Import Result ID: 'da8d6d4c439c72d94a3e57e52cebbc96') in 0.001 seconds [static dependencies only]. Details - ImportResultOutputID=5d2ead20fab2530ef8099aa478484244 DependenciesID=c9c470729206e7d3238193c645f1aff3 StaticDependenciesID=fe49097832831e68c74d5dbd1c85816d 
Importing 'GUID: f7a8357347c80dc69c08d0b1a05e2122 - Path: Packages/com.unity.modules.physics2d/package.json' with importer (PackageManifestImporter)
Imported 'GUID: f7a8357347c80dc69c08d0b1a05e2122' -> (Import Result ID: '8e18bbb66b2b3d8f7842ee3a260e5e45') in 0.001 seconds [static dependencies only]. Details - ImportResultOutputID=ffdd5cf71990097dc8e67f888e336b27 DependenciesID=68187d32eb6aebb86cb290844636b6d9 StaticDependenciesID=f56b4961831f9b23bfaa0e5ff6985f7e 
Importing 'GUID: 08e6a1d1bc87fb6408c3e916a260691b - Path: Packages/com.unity.xr.arfoundation/package.json' with importer (PackageManifestImporter)
Imported 'GUID: 08e6a1d1bc87fb6408c3e916a260691b' -> (Import Result ID: '8be46b25b2f70ab378f4e2d310d82991') in 0.001 seconds [static dependencies only]. Details - ImportResultOutputID=2937ba9d8b3828732524efdd7d861402 DependenciesID=d82c24212db0fa82dbb0302de82f10f9 StaticDependenciesID=81581d24a52396b878d8254873fc8bce 
Importing 'GUID: 48c9c41c17e434ca7b87c90de1da39f8 - Path: Packages/com.unity.xr.arfoundation/ValidationExceptions.json' with importer (TextScriptImporter)
Imported 'GUID: 48c9c41c17e434ca7b87c90de1da39f8' -> (Import Result ID: 'c4443652edd9a265411c046dbcb640fe') in 0.001 seconds [static dependencies only]. Details - ImportResultOutputID=4cfeddd5976dd67540ae6d9ed001f7ef DependenciesID=723431e3d322ce8e3aeb9116984d839c StaticDependenciesID=90d22b31f03219287dd8823daa84924f 
Importing 'GUID: a8437ae6df3ab4de78c661f8e1148bbb - Path: Packages/com.unity.xr.management/package.json' with importer (PackageManifestImporter)
Imported 'GUID: a8437ae6df3ab4de78c661f8e1148bbb' -> (Import Result ID: 'e68501d7964d8014348e592d6c6ef67b') in 0.001 seconds [static dependencies only]. Details - ImportResultOutputID=1ebf13ff4ba7cb13ca32d258c3173705 DependenciesID=94f9697606d3881840b2c6e5cefe346f StaticDependenciesID=724c30f2da3479667314e5ccda45865b 
Importing 'GUID: c851bee4305bddf438cc6ffc515991ce - Path: Packages/com.unity.ugui/CHANGELOG.md' with importer (TextScriptImporter)
Imported 'GUID: c851bee4305bddf438cc6ffc515991ce' -> (Import Result ID: 'b0f4910143214d7dc89992691656f7a5') in 0.001 seconds [static dependencies only]. Details - ImportResultOutputID=a7c7b2990cc4ec1ab5d0e510fec64719 DependenciesID=6577a9e085043ea893c67011f976265e StaticDependenciesID=f3cfee9ea1a7bf6d47f50b6a42604bf6 
Importing 'GUID: e86550dadb60245419b14c8eb438c00a - Path: Packages/com.unity.xr.core-utils/CHANGELOG.md' with importer (TextScriptImporter)
Imported 'GUID: e86550dadb60245419b14c8eb438c00a' -> (Import Result ID: '6c8a87fe0136d4c92abb9d9d77908739') in 0.001 seconds [static dependencies only]. Details - ImportResultOutputID=24cb31dc858df1018249b86621b7fcd2 DependenciesID=af12c8f089f5e835e6f2338620527794 StaticDependenciesID=f01c9ac041b07d71be8cfb88c727d599 
Importing 'GUID: 399cb2cca9c0c4b92b795897e5d3db7a - Path: Packages/com.google.xr.cardboard/Runtime/UnitySubsystemsManifest.json' with importer (TextScriptImporter)
Imported 'GUID: 399cb2cca9c0c4b92b795897e5d3db7a' -> (Import Result ID: '893234e72098f08ae165e610069f89db') in 0.002 seconds [static dependencies only]. Details - ImportResultOutputID=e2ce8de60add1033abfbfe34925e2ff6 DependenciesID=b05f46b9834c970e1d586533734ede00 StaticDependenciesID=9ea6158b017b1c7e43d17afa9f4d4074 
Importing 'GUID: 49bd78b66f5143f687ea8bab4dd8979b - Path: Packages/com.unity.xr.arcore/Third Party Notices.md' with importer (TextScriptImporter)
Imported 'GUID: 49bd78b66f5143f687ea8bab4dd8979b' -> (Import Result ID: '05f9260810a25dd380cdf7dcd6f90cf4') in 0.001 seconds [static dependencies only]. Details - ImportResultOutputID=fe72d55a7e73830a0bff7f2e71cd42c5 DependenciesID=ef65678feca161bd93a77f675d334166 StaticDependenciesID=30d9bd75a26bdb26fcfe823df353b712 
Importing 'GUID: d9fe79419851eee4e8c90f7d0f934859 - Path: Packages/com.unity.inputsystem/ValidationExceptions.json' with importer (TextScriptImporter)
Imported 'GUID: d9fe79419851eee4e8c90f7d0f934859' -> (Import Result ID: '8d468b13f51c72dae1edf253c9f41bce') in 0.001 seconds [static dependencies only]. Details - ImportResultOutputID=03c013dbc74388ed2e5c6e1aba492dda DependenciesID=e594c51434638f9d454f423f97126ac5 StaticDependenciesID=e0477e8e14a96f5f79c24f47fad23317 
Importing 'GUID: e9df95f53f1c1d0c9199e235d6c42b50 - Path: Packages/com.unity.modules.audio/package.json' with importer (PackageManifestImporter)
Imported 'GUID: e9df95f53f1c1d0c9199e235d6c42b50' -> (Import Result ID: '3da0abae5321bad105734fca4c4bca28') in 0.001 seconds [static dependencies only]. Details - ImportResultOutputID=9e7a8ca17c9ada176ee8f9feaacb145a DependenciesID=b61383e346dbc8a029c6c7d93da0c63e StaticDependenciesID=a6ba264de710eb848c1def723963e3cc 
Importing 'GUID: 1a4266815e998967becf686f9c71f0a6 - Path: Packages/com.unity.modules.physics/package.json' with importer (PackageManifestImporter)
Imported 'GUID: 1a4266815e998967becf686f9c71f0a6' -> (Import Result ID: '7b29e9278b7ae7ab0bcead621cf46af3') in 0.001 seconds [static dependencies only]. Details - ImportResultOutputID=a2d6f3bfd9bb75782461acb9a5eb4f5a DependenciesID=bd4510c5c9c050edfefb2c84c95abf90 StaticDependenciesID=ff880c4980be6e10637516ee80719398 
Importing 'GUID: 1aeaeae5ea31643f89c63fb687563e05 - Path: Packages/com.unity.xr.management/CHANGELOG.md' with importer (TextScriptImporter)
Imported 'GUID: 1aeaeae5ea31643f89c63fb687563e05' -> (Import Result ID: '857c8a5b3d880f09db251c7f2870b258') in 0.001 seconds [static dependencies only]. Details - ImportResultOutputID=061514f76599f6fd1a75f7a8c0bb2580 DependenciesID=c8b6cf93c39a09ddcd8abbd02d3d2289 StaticDependenciesID=197984e27455cff18978cef6e0d82d3c 
Importing 'GUID: 5a5fb3c69ece94eadada0dacf019b141 - Path: Packages/com.unity.xr.management/ValidationExceptions.json' with importer (TextScriptImporter)
Imported 'GUID: 5a5fb3c69ece94eadada0dacf019b141' -> (Import Result ID: 'b828a64a74fa5c6bc27ccd3d1a4d12c1') in 0.001 seconds [static dependencies only]. Details - ImportResultOutputID=7d3b3d73fceb6694e17002f87a265b17 DependenciesID=56d7463256414df05da2286b14880094 StaticDependenciesID=75e4d8b112921411e171d1e3f5d6e2cc 
Importing 'GUID: 8a190d472354bb845973412ac9c5c477 - Path: Packages/com.unity.inputsystem/InputSystem/Editor/ProjectWideActions/ProjectWideActionsTemplate.json' with importer (TextScriptImporter)
Imported 'GUID: 8a190d472354bb845973412ac9c5c477' -> (Import Result ID: 'd9c54a303d653f8487f8cd1bc4062613') in 0.001 seconds [static dependencies only]. Details - ImportResultOutputID=b76e331cfa42456f9efd52dc402c3c4b DependenciesID=7fbbf6f1b59ee3025194518cfd02e334 StaticDependenciesID=45668d0d79871d0aa4bc71332e361e8c 
Importing 'GUID: ca7cd9760fe7e484da6af4dcfd7a3e85 - Path: Packages/com.unity.xr.arcore/README.md' with importer (TextScriptImporter)
Imported 'GUID: ca7cd9760fe7e484da6af4dcfd7a3e85' -> (Import Result ID: 'c3d69531277e6ef144077696cbeeccbf') in 0.001 seconds [static dependencies only]. Details - ImportResultOutputID=645cb12fbaeafbe0d97833147083af8d DependenciesID=42ce82a84a0940bd64bc6bde688baf62 StaticDependenciesID=7194a1ded6b8c1dcd722176c63865c31 
Importing 'GUID: ca9f5fa95ffab41fb9a615ab714db018 - Path: Packages/com.unity.inputsystem/InputSystem/Runtime/Plugins/PlayerInput/DefaultInputActions.inputactions' with importer (ScriptedImporter : Unity.InputSystem:UnityEngine.InputSystem.Editor:InputActionImporter)
Imported 'GUID: ca9f5fa95ffab41fb9a615ab714db018' -> (Import Result ID: '33289513fa63c954cf638d7f083c00ae') in 0.038 seconds [static and dynamic dependencies]. Details - ImportResultOutputID=f12f821749179201f2c1283c992d5988 DependenciesID=78f50873ff4bfc5e6232e3c325bdbb58 StaticDependenciesID=aab98dfaa74eadd3bcce14096d881977 
Importing 'GUID: daa5472197472da459e5926a75ea6fbb - Path: Packages/com.unity.editorcoroutines/QAReport.md' with importer (TextScriptImporter)
Imported 'GUID: daa5472197472da459e5926a75ea6fbb' -> (Import Result ID: '6b58220a07477e1cd5e8a41e958e9377') in 0.002 seconds [static dependencies only]. Details - ImportResultOutputID=beb0c4974050f24471346f18a5366bd0 DependenciesID=6f26067da873015b723a26c43887c4aa StaticDependenciesID=8023de4da814d58d17be68a066b31b37 
Importing 'GUID: 9b1a5759726ef9d39a0ab82047b615f1 - Path: Packages/com.unity.modules.hierarchycore/package.json' with importer (PackageManifestImporter)
Imported 'GUID: 9b1a5759726ef9d39a0ab82047b615f1' -> (Import Result ID: 'e2f2a4dc1806eafb567812fa13071323') in 0.001 seconds [static dependencies only]. Details - ImportResultOutputID=1dea4a637fffff459a716aab2b4544dc DependenciesID=d8bebc9a9b7a84bd405ce0fcce71b5c8 StaticDependenciesID=882b96a1432b49929b6e23cde2929d1c 
Importing 'GUID: 9b5a7485d962543458963dd97c8ecc9d - Path: Packages/com.unity.xr.core-utils/LICENSE.md' with importer (TextScriptImporter)
Imported 'GUID: 9b5a7485d962543458963dd97c8ecc9d' -> (Import Result ID: 'cbaa6d0378d1f69564029b101239da4c') in 0.001 seconds [static dependencies only]. Details - ImportResultOutputID=24cdab3c625b2b7ca2bf759fae1c0093 DependenciesID=572e91e83f4941a61af803c537973104 StaticDependenciesID=71503645784a282197dfe686bdd09559 
Importing 'GUID: abd74e060b6444ffe880023f0bc02e10 - Path: Packages/com.unity.xr.management/LICENSE.md' with importer (TextScriptImporter)
Imported 'GUID: abd74e060b6444ffe880023f0bc02e10' -> (Import Result ID: '68b3905bb9f1af2b7fa185358a39eeff') in 0.001 seconds [static dependencies only]. Details - ImportResultOutputID=962796ce4dba97498afac664d445e914 DependenciesID=db4701d58e9ded051493c70997acc1b7 StaticDependenciesID=8a5a068c9f7a9e7bcf83707be42ee83d 
Importing 'GUID: 2c814623cb42764d304be0c5ddd03ceb - Path: Packages/com.unity.modules.xr/package.json' with importer (PackageManifestImporter)
Imported 'GUID: 2c814623cb42764d304be0c5ddd03ceb' -> (Import Result ID: '3da53f8cacc6be07556e579b152a3075') in 0.001 seconds [static dependencies only]. Details - ImportResultOutputID=1262664d19c2258369288d30beb2cdb6 DependenciesID=57697ae4248f807eca533f4fde7c490c StaticDependenciesID=50443b01181fb4ffad09dd60cbe10d44 
Importing 'GUID: 4caaaba15559d47f7b3f773241c999af - Path: Packages/com.unity.xr.core-utils/package.json' with importer (PackageManifestImporter)
Imported 'GUID: 4caaaba15559d47f7b3f773241c999af' -> (Import Result ID: 'f0e2a8d4bab5f714423eb0c4cf9e500b') in 0.001 seconds [static dependencies only]. Details - ImportResultOutputID=f4868022fd79b2c1cbc6ea2db88e19e0 DependenciesID=3ade512d8d88463f856d499876146e89 StaticDependenciesID=093346f8b613cd49adf2fc94fa76a16a 
Importing 'GUID: ac10132e358b28947a35981268d3ca57 - Path: Packages/com.unity.xr.arfoundation/LICENSE.md' with importer (TextScriptImporter)
Imported 'GUID: ac10132e358b28947a35981268d3ca57' -> (Import Result ID: '95fd4232f27145bbe31fdf63d94671fc') in 0.001 seconds [static dependencies only]. Details - ImportResultOutputID=4cd5fd293e02987fb2128f150d453658 DependenciesID=9963b03bc5dbf512dae03dde188e76e0 StaticDependenciesID=1c161628e08a6f2547f50a898833f326 
Importing 'GUID: ec02776fe29df900b897106d61977735 - Path: Packages/com.unity.modules.director/package.json' with importer (PackageManifestImporter)
Imported 'GUID: ec02776fe29df900b897106d61977735' -> (Import Result ID: '492a653eef361c2234f2ab95b5e32efa') in 0.001 seconds [static dependencies only]. Details - ImportResultOutputID=e6c46672aaf283c4f268e9bb004b543a DependenciesID=c278012f0e730bd8614bf4ae12d7f0cf StaticDependenciesID=e4ecc0992a31879a4dc5fafeaa443773 
Importing 'GUID: 1dd796eaee8744b4aa41b3f8bf5df64f - Path: Packages/com.unity.xr.arfoundation/Assets/InputActions/XR Simulation Input Actions.inputactions' with importer (ScriptedImporter : Unity.InputSystem:UnityEngine.InputSystem.Editor:InputActionImporter)
Imported 'GUID: 1dd796eaee8744b4aa41b3f8bf5df64f' -> (Import Result ID: 'a39cb81c6b3722b0fd5953d406ddc143') in 0.003 seconds [static and dynamic dependencies]. Details - ImportResultOutputID=b32ab245aa08f7339236306da776b0b5 DependenciesID=269e2b2da832cdc075ff360743dfbe08 StaticDependenciesID=a02b530aa4d4047c90dd5c344e198209 
Importing 'GUID: 4d3d51749e989f747b2674e0b4d9b3d7 - Path: Packages/com.unity.ugui/LICENSE.md' with importer (TextScriptImporter)
Imported 'GUID: 4d3d51749e989f747b2674e0b4d9b3d7' -> (Import Result ID: 'b6cf6630aa0fe2d51da6c53e19985b7b') in 0.002 seconds [static dependencies only]. Details - ImportResultOutputID=c071a1e51437c55e108d087fc4bbb5cb DependenciesID=d6851ec9d112dd7adc80cd106fb91d8d StaticDependenciesID=a109e2cc911b59b49ef8492626e8c2f6 
Importing 'GUID: bdc0fc7558fc23742854d796044f6cc7 - Path: Packages/com.unity.xr.arcore/Runtime/UnitySubsystemsManifest.json' with importer (TextScriptImporter)
Imported 'GUID: bdc0fc7558fc23742854d796044f6cc7' -> (Import Result ID: 'd9dc959ef932ba37f6dc46917848e842') in 0.002 seconds [static dependencies only]. Details - ImportResultOutputID=8b8c1437b625f1eec9249c1b58cf17a1 DependenciesID=554ae18a342c8ef53541d4c67141c63b StaticDependenciesID=21db0d6de9fecb6fccafd4e776865097 
Importing 'GUID: bd1af0a6633ee94ae21c7d1d702cdc12 - Path: Packages/com.unity.modules.androidjni/package.json' with importer (PackageManifestImporter)
Imported 'GUID: bd1af0a6633ee94ae21c7d1d702cdc12' -> (Import Result ID: 'c66b3a289a73bbec2fda23e48bc08026') in 0.001 seconds [static dependencies only]. Details - ImportResultOutputID=7126a0377f515e9a6995b9946f69e957 DependenciesID=3460a296a7931240235c48d675c04d07 StaticDependenciesID=766670ff5734e879714b6e5bd1fc3fee 
Importing 'GUID: 0e0afa652c0031c48896a97b424d027b - Path: Packages/com.unity.ugui/PackageConversionData_Assets.json' with importer (TextScriptImporter)
Imported 'GUID: 0e0afa652c0031c48896a97b424d027b' -> (Import Result ID: '9ba8860fdb7523d0121a589b80e1db09') in 0.001 seconds [static dependencies only]. Details - ImportResultOutputID=a8d1ec1a9aa70f2cb19b25741c2097d7 DependenciesID=b333c7e405e4deea9b63f8885c5d5c1f StaticDependenciesID=042f13c75eea42e7d5f0e98495fa9094 
Importing 'GUID: 6e366518851b84e339edfe873323348c - Path: Packages/com.google.xr.cardboard/Runtime/Android/generate_gfx_plugin_cardboard_aar.md' with importer (TextScriptImporter)
Imported 'GUID: 6e366518851b84e339edfe873323348c' -> (Import Result ID: 'cc7a7728399bbd085a1a9cc28f92e00d') in 0.001 seconds [static dependencies only]. Details - ImportResultOutputID=ecbbe3060145dda2e121eb1a3c04d868 DependenciesID=5b97fa40397cd1b8f7a68eeada7033e2 StaticDependenciesID=d0ab7c230401f5432a8ed13b5d1e040f 
Importing 'GUID: 7ef8348b8ea834d7e1bc214b07f7fb87 - Path: Packages/com.unity.modules.animation/package.json' with importer (PackageManifestImporter)
Imported 'GUID: 7ef8348b8ea834d7e1bc214b07f7fb87' -> (Import Result ID: '82e086625e3caaa7556c47741779fbbd') in 0.001 seconds [static dependencies only]. Details - ImportResultOutputID=b91668c34ad33289ab3788464c3773fc DependenciesID=0065dbae8c760ef394d86b185f8b83a2 StaticDependenciesID=a1cddf4511130d831d577e406d2312e6 
Importing 'GUID: aed612770682f404bba2db8bc8a2e79e - Path: Packages/com.google.xr.cardboard/CONTRIBUTING.md' with importer (TextScriptImporter)
Imported 'GUID: aed612770682f404bba2db8bc8a2e79e' -> (Import Result ID: '5aa71200c23139b355dd9a8d90819c92') in 0.001 seconds [static dependencies only]. Details - ImportResultOutputID=0611693a60f688d266b6f24eb6069d03 DependenciesID=ff9f06164b0d76c89966cf0926b39d5a StaticDependenciesID=4feb45bd822b4f9a318684fa5390d932 
Importing 'GUID: fee0e9ae6c2944ab49cb0a2753414dcf - Path: Packages/com.google.xr.cardboard/Runtime/iOS/generate_gfx_plugin_cardboard_a.md' with importer (TextScriptImporter)
Imported 'GUID: fee0e9ae6c2944ab49cb0a2753414dcf' -> (Import Result ID: '5ac6248d43a006a3ac11a4fd9a21ad81') in 0.001 seconds [static dependencies only]. Details - ImportResultOutputID=4f4150bd76d0d1dfbdc085883838c0d9 DependenciesID=f03388c4f6b1533f6f4ae01c064c3847 StaticDependenciesID=58212d700a3a9bb3f4023899db070eae 
Importing 'GUID: fe1f0c65f27a6914899cf43ea825652e - Path: Packages/com.unity.xr.arfoundation/Runtime/UnitySubsystemsManifest.json' with importer (TextScriptImporter)
Imported 'GUID: fe1f0c65f27a6914899cf43ea825652e' -> (Import Result ID: 'd277ec7ebd9fbbd6476b8e2775a3a9b3') in 0.001 seconds [static dependencies only]. Details - ImportResultOutputID=6256d8fdf2c16d469880adc28c6902eb DependenciesID=b9de3cbde921fdfc7cd1940916228442 StaticDependenciesID=d71ea23630919c50818979f91d5d8494 
Importing 'GUID: 3fdd83b151eb8d25c5e2f82fc39dcb04 - Path: Packages/com.unity.modules.unitywebrequest/package.json' with importer (PackageManifestImporter)
Imported 'GUID: 3fdd83b151eb8d25c5e2f82fc39dcb04' -> (Import Result ID: '92635879e69b098a24aed6b11124d6af') in 0.001 seconds [static dependencies only]. Details - ImportResultOutputID=c3fdc439e8f1f75cc7a0e86c4c6ba96d DependenciesID=af541476494a73d8e0e3c25128f3ed67 StaticDependenciesID=7d8ffda6dfec0ff398f84144af32c448 
Importing 'GUID: 4f0f9b9f3ed97ad2b9ba8f1a8e4666c2 - Path: Packages/com.unity.modules.uielements/package.json' with importer (PackageManifestImporter)
Imported 'GUID: 4f0f9b9f3ed97ad2b9ba8f1a8e4666c2' -> (Import Result ID: '184794dd62116f07f31b8718f7db4388') in 0.001 seconds [static dependencies only]. Details - ImportResultOutputID=c6edeb5d9bc578ffca7fbf049f13618e DependenciesID=55e8d1ec6ce87a14c2bd6ab2efec80b4 StaticDependenciesID=6a093705c82ba59492894df208618d92 
Importing 'GUID: 7fd8423f910d2394b8580e2705aa247a - Path: Packages/com.unity.editorcoroutines/LICENSE.md' with importer (TextScriptImporter)
Imported 'GUID: 7fd8423f910d2394b8580e2705aa247a' -> (Import Result ID: '92f9bdd555167e438cb4745c2fa6da33') in 0.002 seconds [static dependencies only]. Details - ImportResultOutputID=8e5ad14f9fb4cc9cc2ac928cdea9335c DependenciesID=8de2dd69dcf3131681034a7071c60c54 StaticDependenciesID=07c934f4d563398e82793e4ec67f0c47 
Importing 'GUID: bfd567a3d1631a761bca9e99fa53d86d - Path: Packages/com.unity.modules.ui/package.json' with importer (PackageManifestImporter)
Imported 'GUID: bfd567a3d1631a761bca9e99fa53d86d' -> (Import Result ID: '4dd710bbce123bc757f4a8a01bdf269a') in 0.001 seconds [static dependencies only]. Details - ImportResultOutputID=2c146ae310e14069b7968d16cdff2b0b DependenciesID=b1c5e489db4e32517744613cffb974f4 StaticDependenciesID=9d4c7cf74df7148af2e86e5b6924c57c 
Importing 'GUID: bf7be6664c620428da6bf38bbc7b55eb - Path: Packages/com.google.xr.cardboard/README.md' with importer (TextScriptImporter)
Imported 'GUID: bf7be6664c620428da6bf38bbc7b55eb' -> (Import Result ID: '6c37b6fcbb90a5883e259bdd5c05a171') in 0.001 seconds [static dependencies only]. Details - ImportResultOutputID=d8db70c384894918edd3ef6c4e0c5b27 DependenciesID=419f254f975daa2a1b8fd061af466150 StaticDependenciesID=dc0cefe3925da36eebeca3d70073e721 
Importing 'GUID: df83f61781a2d4393bf924c388c7b024 - Path: Packages/com.unity.xr.core-utils/README.md' with importer (TextScriptImporter)
Imported 'GUID: df83f61781a2d4393bf924c388c7b024' -> (Import Result ID: '2e431fdc68131827e003d9f28c865292') in 0.001 seconds [static dependencies only]. Details - ImportResultOutputID=8f0e1fef4bf936fded21adaf823944bd DependenciesID=3d4a512f5b767bd043a6ad35ccd68fa3 StaticDependenciesID=30f71e60954c60e927733c14dee46473 
Importing 'GUID: c116b7497ab8ca34c9188965d4295e27 - Path: Packages/com.unity.xr.legacyinputhelpers/Prefabs/XRRig.prefab' with importer (PrefabImporter)
Imported 'GUID: c116b7497ab8ca34c9188965d4295e27' -> (Import Result ID: '0c5cad8cb3f8894df813e3e1ed33c21d') in 0.007 seconds [static and dynamic dependencies]. Details - ImportResultOutputID=1cf5a775b59e09d509d86fd245c4f7a2 DependenciesID=2908c5d5eeb592899d35daa62bb414bd StaticDependenciesID=21d3cbfcc2cd4c28d63ecd0291e44642 
Importing 'GUID: 15fcd94adb15b48f7bb4a80622ae7046 - Path: Packages/com.google.xr.cardboard/Runtime/Prefabs/CardboardReticlePointer.prefab' with importer (PrefabImporter)
Imported 'GUID: 15fcd94adb15b48f7bb4a80622ae7046' -> (Import Result ID: '0829666a84bcb30f966441b592396d1e') in 0.003 seconds [static and dynamic dependencies]. Details - ImportResultOutputID=99f1ab26a2ac6f53f8ecc04b403da726 DependenciesID=077b4e620345035c9bcc3d53e15ec66b StaticDependenciesID=a148cc83cbfc9d4e1ac9a26915448138 
Importing 'GUID: 779f5eab1277241d6b58ee2c44909b20 - Path: Packages/com.unity.xr.arfoundation/Assets/Prefabs/AnchorTransform.prefab' with importer (PrefabImporter)
Imported 'GUID: 779f5eab1277241d6b58ee2c44909b20' -> (Import Result ID: 'ea779f9d594e228e6a2746876c9036e6') in 0.005 seconds [static dependencies only]. Details - ImportResultOutputID=9395d3764e41fb8c97feb6bb53f5bad8 DependenciesID=a066bb95f79de20135dcc356d9239995 StaticDependenciesID=7b22da1df3207ce8b70e4d592522980e 
Importing 'GUID: c7b92c392902f4043a03a64032c02fe1 - Path: Packages/com.unity.xr.arfoundation/Assets/Prefabs/DefaultSimulationEnvironment.prefab' with importer (PrefabImporter)
Imported 'GUID: c7b92c392902f4043a03a64032c02fe1' -> (Import Result ID: '2436744b1c4d040e3997c28a551725b5') in 0.008 seconds [static and dynamic dependencies]. Details - ImportResultOutputID=e2f2a0475e2e53da842944d1689883e9 DependenciesID=c60d0114c4a22a0e53d73037a897ed5b StaticDependenciesID=d5bfa3ea2af81c410e80b38afd14b644 
Importing 'GUID: 78be84f5d3a3c41f9ab0093b3f712a4e - Path: Packages/com.unity.xr.arfoundation/Assets/Prefabs/OriginTransform.prefab' with importer (PrefabImporter)
Imported 'GUID: 78be84f5d3a3c41f9ab0093b3f712a4e' -> (Import Result ID: '3f4b2e6fc4de92d1e2344c186ac5b8c6') in 0.002 seconds [static dependencies only]. Details - ImportResultOutputID=9ab3af1c3bd502e8691306224734ad9d DependenciesID=9d60d06368b894d550d4072dfe952be4 StaticDependenciesID=bdc00bf44d3ff1af7a240ea40bcb8b6b 
Importing 'GUID: 2a91e1f16d3bef84eb6c25e4c6a63fdb - Path: Packages/com.unity.xr.arfoundation/Assets/Prefabs/ARPointCloud.prefab' with importer (PrefabImporter)
Imported 'GUID: 2a91e1f16d3bef84eb6c25e4c6a63fdb' -> (Import Result ID: '43724a48bfd1bee6518b4a8151c26bf9') in 0.011 seconds [static dependencies only]. Details - ImportResultOutputID=e68fb59a732a14655c85d5b9238307b9 DependenciesID=fda482c9b4edddfed75aa5cc1aae8bdf StaticDependenciesID=16bdd686c124f158540ebd209384700f 
Importing 'GUID: 6a8d857d8706540509e4fcd02ea92f74 - Path: Packages/com.unity.xr.arfoundation/Assets/Prefabs/DebugLineRenderer.prefab' with importer (PrefabImporter)
Imported 'GUID: 6a8d857d8706540509e4fcd02ea92f74' -> (Import Result ID: 'd2920ac55dfee586a52d42a52e9820c1') in 0.003 seconds [static dependencies only]. Details - ImportResultOutputID=ad4494ba98718cf451a21fd38a0f8bd8 DependenciesID=86b63527693ba3a6c4ca9e536951cee2 StaticDependenciesID=45d928fa2d0a1bf8ea52a4204efa9098 
Importing 'GUID: ef3886a9667424aedaa5b3b3e1285dbb - Path: Packages/com.unity.xr.arfoundation/Assets/Prefabs/DebugMenu.prefab' with importer (PrefabImporter)
Imported 'GUID: ef3886a9667424aedaa5b3b3e1285dbb' -> (Import Result ID: '19b4404b7020389e64bd7c344a588e4a') in 0.039 seconds [static and dynamic dependencies]. Details - ImportResultOutputID=f9d23098a763bb422565140c1ee33710 DependenciesID=02a8ddc4203ac6f2cd2b1acd92abbd54 StaticDependenciesID=f9851a754f9f1feed7317f26e6a8e035 
Importing 'GUID: 45e5e12ffcaf7fe4181677c973b8e373 - Path: Packages/com.unity.xr.core-utils/Editor/BuildingBlocks/BuildingBlockOverlay.uss' with importer (ScriptedImporter : UnityEditor.CoreModule:UnityEditor.UIElements.StyleSheets:StyleSheetImporter)
Imported 'GUID: 45e5e12ffcaf7fe4181677c973b8e373' -> (Import Result ID: '3f1afe6d54e396a6a4a5116dad4845ac') in 0.040 seconds [static and dynamic dependencies]. Details - ImportResultOutputID=4a97cf4df7053660ffca88ecd3e2737a DependenciesID=367b9f198f39488878513ae7339ad6ed StaticDependenciesID=ec6fa4b6ee0bfebca0c128fff55d1f51 
Importing 'GUID: 75f1bd16a0cc446448d0702e965aa290 - Path: Packages/com.unity.inputsystem/InputSystem/Editor/AssetImporter/InputActionImporterEditor.uss' with importer (ScriptedImporter : UnityEditor.CoreModule:UnityEditor.UIElements.StyleSheets:StyleSheetImporter)
Imported 'GUID: 75f1bd16a0cc446448d0702e965aa290' -> (Import Result ID: 'fbc47eaae329f1427bbf6fbea1ea1e27') in 0.004 seconds [static and dynamic dependencies]. Details - ImportResultOutputID=174cad675668abdf8e46324dd73f7515 DependenciesID=48fcbbd6b31958a95cd9b83a98ddb4e8 StaticDependenciesID=8f8b53856446c347b72e26e7e3d5f3da 
Importing 'GUID: cca9ce0c8554d5244930f14c21489ac1 - Path: Packages/com.unity.inputsystem/InputSystem/Editor/UITKAssetEditor/PackageResources/InputAssetEditorDark.uss' with importer (ScriptedImporter : UnityEditor.CoreModule:UnityEditor.UIElements.StyleSheets:StyleSheetImporter)
Imported 'GUID: cca9ce0c8554d5244930f14c21489ac1' -> (Import Result ID: '2c24e75fcad8287980e555d2917e8fa5') in 0.004 seconds [static and dynamic dependencies]. Details - ImportResultOutputID=97b3a01a15c11431b2a2b48aba349f78 DependenciesID=d2752d92635e392392fadff83bb0f5cd StaticDependenciesID=2f194d52abedb621a2f0b0beed05c170 
Importing 'GUID: 7dac9c49a90bca4499371d0adc9b617b - Path: Packages/com.unity.inputsystem/InputSystem/Editor/UITKAssetEditor/PackageResources/InputActionsEditorStyles.uss' with importer (ScriptedImporter : UnityEditor.CoreModule:UnityEditor.UIElements.StyleSheets:StyleSheetImporter)
Imported 'GUID: 7dac9c49a90bca4499371d0adc9b617b' -> (Import Result ID: '99a57884a3b42fe40b55113732a98996') in 0.016 seconds [static and dynamic dependencies]. Details - ImportResultOutputID=4b24f6fdb2766da078d2e01e97b62205 DependenciesID=84b15916a23a2d9174f705feabf11507 StaticDependenciesID=12e4198497d832a2cbdb104d0aa4fc74 
Importing 'GUID: 5e7024ed0fd03984289320d04507bc0c - Path: Packages/com.unity.inputsystem/InputSystem/Editor/UITKAssetEditor/PackageResources/InputAssetEditorLight.uss' with importer (ScriptedImporter : UnityEditor.CoreModule:UnityEditor.UIElements.StyleSheets:StyleSheetImporter)
Imported 'GUID: 5e7024ed0fd03984289320d04507bc0c' -> (Import Result ID: 'a5b9fc9056c10722b10db43038be9a1c') in 0.003 seconds [static and dynamic dependencies]. Details - ImportResultOutputID=96a7bcb9f1df5504e925dc8e8da27f21 DependenciesID=e153b888296dcc4b56e106f55bce0591 StaticDependenciesID=a12bbb57d983ff2722d7be862d81fd21 
Importing 'GUID: 303ef5b13740f9a4db252c50122d2c62 - Path: Packages/com.unity.inputsystem/InputSystem/Editor/UITKAssetEditor/PackageResources/ControlSchemeEditor.uxml' with importer (ScriptedImporter : UnityEditor.UIElementsModule:UnityEditor.UIElements:UIElementsViewImporter)
Imported 'GUID: 303ef5b13740f9a4db252c50122d2c62' -> (Import Result ID: '940ca463e7b58583449441935ed697ca') in 0.029 seconds [static and dynamic dependencies]. Details - ImportResultOutputID=1bc192b049fbfd65d3f19c827d50e350 DependenciesID=616ea9513a3071f59be61a8455c01505 StaticDependenciesID=8ad22291a2f5e3f2b2310894b8baf483 
Importing 'GUID: 449c8e5ca27af8e4a9db710c8be5e4df - Path: Packages/com.unity.inputsystem/InputSystem/Editor/UITKAssetEditor/PackageResources/BindingPanelRowTemplate.uxml' with importer (ScriptedImporter : UnityEditor.UIElementsModule:UnityEditor.UIElements:UIElementsViewImporter)
Imported 'GUID: 449c8e5ca27af8e4a9db710c8be5e4df' -> (Import Result ID: 'ba84a3bb2cf6503bebf59f2f6a1d46db') in 0.019 seconds [static and dynamic dependencies]. Details - ImportResultOutputID=c71ee71309e6cdb2ae5eaa592db9903e DependenciesID=e134dd2ad1036b3b52ca91bc9bff0653 StaticDependenciesID=40f241c1a1219cfe62177ba9f0eba5f1 
Importing 'GUID: 452df07a8ad0c944c879a484d5890e61 - Path: Packages/com.unity.inputsystem/InputSystem/Editor/UITKAssetEditor/PackageResources/InputActionsTreeViewItem.uxml' with importer (ScriptedImporter : UnityEditor.UIElementsModule:UnityEditor.UIElements:UIElementsViewImporter)
Imported 'GUID: 452df07a8ad0c944c879a484d5890e61' -> (Import Result ID: '2f9e3bf5e459dd60b5d741c18bcf93ee') in 0.012 seconds [static and dynamic dependencies]. Details - ImportResultOutputID=02f56f27912a3dd93acbd583cca87cf6 DependenciesID=708751b0ada36226ef2b68b8b5c3c39b StaticDependenciesID=bb1bfe79a13db4e7c53bf912b0a58fa2 
Importing 'GUID: 75a33987e21d5ac449deecea3dcd864f - Path: Packages/com.unity.inputsystem/InputSystem/Editor/UITKAssetEditor/PackageResources/InputActionsProjectSettings.uxml' with importer (ScriptedImporter : UnityEditor.UIElementsModule:UnityEditor.UIElements:UIElementsViewImporter)
Imported 'GUID: 75a33987e21d5ac449deecea3dcd864f' -> (Import Result ID: '8db65e03559f460c72e10be71e52b60a') in 0.006 seconds [static and dynamic dependencies]. Details - ImportResultOutputID=c32c38a922dce220bd05629a3b63f480 DependenciesID=cd0e9f1182a5151c45ea86275268010d StaticDependenciesID=fc65415467a28a557ac81cf9d9db7412 
Importing 'GUID: c662e0d3cc3c4f948808f9847f715ef2 - Path: Packages/com.unity.inputsystem/InputSystem/Editor/UITKAssetEditor/PackageResources/InputActionsEditor.uxml' with importer (ScriptedImporter : UnityEditor.UIElementsModule:UnityEditor.UIElements:UIElementsViewImporter)
Imported 'GUID: c662e0d3cc3c4f948808f9847f715ef2' -> (Import Result ID: 'e3307f91f8cffbaaaa0859896a4271ad') in 0.019 seconds [static and dynamic dependencies]. Details - ImportResultOutputID=b5105ad988c4f3410111757c158f49e3 DependenciesID=cf6437f5ea53af5ee550825b5c24314b StaticDependenciesID=7cb00acc6db200cfe6ea807d684e969e 
Importing 'GUID: 2bd2d0548382d58489e8c2999daf4139 - Path: Packages/com.unity.inputsystem/InputSystem/Editor/UITKAssetEditor/PackageResources/CompositeBindingPropertiesEditor.uxml' with importer (ScriptedImporter : UnityEditor.UIElementsModule:UnityEditor.UIElements:UIElementsViewImporter)
Imported 'GUID: 2bd2d0548382d58489e8c2999daf4139' -> (Import Result ID: '3aee6a3e6bcef051d0e18f4b09aa07a9') in 0.004 seconds [static and dynamic dependencies]. Details - ImportResultOutputID=0195cba8b9ed8017c8391dc1fcde4ff4 DependenciesID=77f38a48a8bf1043d8a250423337962c StaticDependenciesID=ba80dcbce78352acc1c1a057e3f7a504 
Importing 'GUID: 9cbd73d51dc491b4888055ae65cd9545 - Path: Packages/com.unity.inputsystem/InputSystem/Editor/UITKAssetEditor/PackageResources/NameAndParameterListViewItemTemplate.uxml' with importer (ScriptedImporter : UnityEditor.UIElementsModule:UnityEditor.UIElements:UIElementsViewImporter)
Imported 'GUID: 9cbd73d51dc491b4888055ae65cd9545' -> (Import Result ID: '1977a99684f438cad7931cf8f6289f0d') in 0.003 seconds [static and dynamic dependencies]. Details - ImportResultOutputID=ed6c6f84e148de7383b261e32d9dd7f4 DependenciesID=4b807f45fac8ea4fb4bd7978df25ab3e StaticDependenciesID=40bc09051867f9a2b25519900bd5f60c 
Importing 'GUID: acfae125fa5d7904987a696b3993d432 - Path: Packages/com.unity.inputsystem/InputSystem/Editor/UITKAssetEditor/PackageResources/CompositePartBindingPropertiesEditor.uxml' with importer (ScriptedImporter : UnityEditor.UIElementsModule:UnityEditor.UIElements:UIElementsViewImporter)
Imported 'GUID: acfae125fa5d7904987a696b3993d432' -> (Import Result ID: 'e2b062494505b0916e79a1a82fdf5b59') in 0.003 seconds [static and dynamic dependencies]. Details - ImportResultOutputID=841668708f5e76dabee3d1888e0c412d DependenciesID=b6fb871287a360f86f94041a76d08c40 StaticDependenciesID=5a17d29b528451c4b162d88b3ac9b5ee 
Importing 'GUID: 3fa44185ed614414ebab354dfe5a06b6 - Path: Packages/com.unity.inputsystem/InputSystem/Editor/UITKAssetEditor/PackageResources/InputActionMapsTreeViewItem.uxml' with importer (ScriptedImporter : UnityEditor.UIElementsModule:UnityEditor.UIElements:UIElementsViewImporter)
Imported 'GUID: 3fa44185ed614414ebab354dfe5a06b6' -> (Import Result ID: '73ac35221401ad7bba140c055240233d') in 0.004 seconds [static and dynamic dependencies]. Details - ImportResultOutputID=ccde932b568164fce5130aa7c68e74df DependenciesID=00531c1655965e466b846b087a769ebe StaticDependenciesID=2f6551828f25bf511c04dec4f5f24266 
WARNING: Shader Unsupported: 'Simulation/Room X-Ray' - All subshaders removed
WARNING: Shader Did you use #pragma only_renderers and omit this platform?
WARNING: Shader If subshaders removal was intentional, you may have forgotten turning Fallback off?
WARNING: Shader Unsupported: 'Hidden/Simulation/URP/Synthetic' - All subshaders removed
WARNING: Shader Did you use #pragma only_renderers and omit this platform?
WARNING: Shader If subshaders removal was intentional, you may have forgotten turning Fallback off?
WARNING: Shader Unsupported: 'Simulation/Standard Lit' - All subshaders removed
WARNING: Shader Did you use #pragma only_renderers and omit this platform?
WARNING: Shader If subshaders removal was intentional, you may have forgotten turning Fallback off?
WARNING: Shader Unsupported: 'Hidden/Simulation/Synthetic Lit' - All subshaders removed
WARNING: Shader Did you use #pragma only_renderers and omit this platform?
WARNING: Shader If subshaders removal was intentional, you may have forgotten turning Fallback off?
WARNING: Shader Unsupported: 'Simulation/URP/Room X-Ray' - All subshaders removed
WARNING: Shader Did you use #pragma only_renderers and omit this platform?
WARNING: Shader If subshaders removal was intentional, you may have forgotten turning Fallback off?
WARNING: Shader Unsupported: 'Simulation/URP/Lit' - All subshaders removed
WARNING: Shader Did you use #pragma only_renderers and omit this platform?
WARNING: Shader If subshaders removal was intentional, you may have forgotten turning Fallback off?
Launched and connected shader compiler UnityShaderCompiler.exe after 0.02 seconds
Launched and connected shader compiler UnityShaderCompiler.exe after 0.02 seconds
Launched and connected shader compiler UnityShaderCompiler.exe after 0.02 seconds
Launched and connected shader compiler UnityShaderCompiler.exe after 0.02 seconds
Worker ready: AssetImportWorkerHW0 0
Launched and connected shader compiler UnityShaderCompiler.exe after 0.03 seconds
Launched and connected shader compiler UnityShaderCompiler.exe after 0.06 seconds
Launched and connected shader compiler UnityShaderCompiler.exe after 0.05 seconds
Launched and connected shader compiler UnityShaderCompiler.exe after 0.07 seconds
Launched and connected shader compiler UnityShaderCompiler.exe after 0.02 seconds
Launched and connected shader compiler UnityShaderCompiler.exe after 0.02 seconds
Launched and connected shader compiler UnityShaderCompiler.exe after 0.02 seconds
Loading style catalogs (6)
	StyleSheets/Extensions/base/common.uss
	UIPackageResources/StyleSheets/Default/Variables/Public/common.uss
	StyleSheets/Northstar/common.uss
	StyleSheets/Extensions/fonts/inter.uss
	StyleSheets/Extensions/base/dark.uss
	UIPackageResources/StyleSheets/Default/Northstar/Palette/dark.uss
Refreshing native plugins compatible for Editor in 6.86 ms, found 1 plugins.

Asset Pipeline Refresh (id=6d085ca608783b9438d99c3f073cd24c): Total: 47.752 seconds - Initiated by InitialRefreshV2(ForceSynchronousImport)
	(Values over 0.05ms)
	Summary:
		Imports: total=883 (actual=883, local cache=0, cache server=0)
		Asset DB Process Time: managed=60 ms, native=10967 ms
		Asset DB Callback time: managed=316 ms, native=8582 ms
		Scripting: domain reloads=1, domain reload time=730 ms, compile time=27065 ms, other=28 ms
		Project Asset Count: scripts=499, non-scripts=384
		Asset File Changes: new=2664, changed=2664, moved=0, deleted=0
		Scan Filter Count: 0
	InvokePackagesCallback: 7417.217ms
	ApplyChangesToAssetFolders: 0.836ms
	Scan: 7467.714ms
	Collect global state as custom dependencies: 13.169ms
	OnSourceAssetsModified: 11.599ms
	CategorizeScriptCompilationAssets: 7.076ms
	ProcessAssetsWithTransientArtifactChanges: 23.972ms
	CategorizeAssets: 9.937ms
	CompileScripts: 27065.394ms
	ImportOutOfDateAssets: 3329.558ms (664.067ms without children)
		ImportManagerImport: 2644.922ms (273.841ms without children)
			UpdateCategorizedAssets: 1.682ms
		UnloadImportedAssets: 0.551ms
		ReloadImportedAssets: 0.220ms
		EnsureUptoDateAssetsAreRegisteredWithGuidPM: 0.264ms
		ImportSchedulerStart: 19.741ms
	PostProcessAllAssets: 1513.569ms
		ShaderAssetModifiedCallback 520.690ms
		AssemblyValidation.PostprocessAllAssets 27.423ms
		VersionControlSettings.HiddenFilePostprocess 18.094ms
		ComputeShaderImportPostprocess 5.136ms
		PostProcessCallbackCreateDeferredMaterials 4.814ms
		RaytracingShaderImportPostprocess 3.768ms
		SpeedTreeImporter.PostprocessAllAssets 3.020ms
		LocalizationDatabase.AssetDatabasePostprocessCallback 2.254ms
		BlockShaderImporter.PostprocessAllAssets 1.165ms
		XRBuildSystem.XRAssetImported 0.878ms
		MonoPostProcessAllAssets: 313.413ms
			StyleCatalogPostProcessor.OnPostprocessAllAssets 87.851ms
			RetainedModeAssetPostprocessor.OnPostprocessAllAssets 59.750ms
			AssetPostprocessor.OnPostprocessAllAssets 45.435ms
			InputActionJsonNameModifierAssetProcessor.OnPostprocessAllAssets 22.947ms
			AssetChangedListener.OnPostprocessAllAssets 19.846ms
			TextAssetPostProcessor.OnPostprocessAllAssets 15.269ms
			InputActionAssetPostprocessor.OnPostprocessAllAssets 14.061ms
			WindowAssetPostprocessingWatcher.OnPostprocessAllAssets 8.074ms
			BuilderAssetPostprocessor.OnPostprocessAllAssets 7.108ms
			AssetCallbacks.OnPostprocessAllAssets 5.424ms
			ProjectSettingsPostprocessor.OnPostprocessAllAssets 2.856ms
			SpeedTree9Postprocessor.OnPostprocessAllAssets 2.428ms
			SyncVS.PostprocessSyncProject 2.335ms
			EditModeScopePostprocessor.OnPostprocessAllAssets 0.886ms
			ReferencedClipsPostProcessor.OnPostprocessAllAssets 0.644ms
			ArtifactBrowserPostProcessor.OnPostprocessAllAssets 0.559ms
			EnvironmentAssetPostprocessor.OnPostprocessAllAssets 0.392ms
			AssetEvents.OnPostprocessAllAssets 0.386ms
			AudioMixerPostprocessor.OnPostprocessAllAssets 0.317ms
			SpeedTreePostProcessor.OnPostprocessAllAssets 0.275ms
			TMPro_TexturePostProcessor.OnPostprocessAllAssets 0.270ms
			ThemePostprocessor.OnPostprocessAllAssets 0.239ms
			AssetDatabaseCallbacks.OnPostprocessAllAssets 0.199ms
			TerrainToolbarOverlayPostProcessor.OnPostprocessAllAssets 0.198ms
			ConfigAssetsTracker.OnPostprocessAllAssets 0.133ms
			ScenarioDriftAssetsTracker.OnPostprocessAllAssets 0.132ms
			RenderPipelineGlobalSettingsPostprocessor.OnPostprocessAllAssets 0.105ms
			AudioContainerPostProcessor.OnPostprocessAllAssets 0.099ms
	PostAssetChangesProfiler: 11.356ms
	GatherAllCurrentPrimaryImportResultRevisions: 0.115ms
	UnloadStreamsBegin: 1.827ms
	PersistCurrentRevisions: 0.727ms
	GenerateScriptTypeHashes: 1.221ms
	GenerateScriptTypeSerializationHashes: 2.710ms
	Untracked: 840.838ms

Application.AssetDatabase Initial Refresh End
Scanning for USB devices : 5.145ms
Initializing Unity extensions:
[MODES] ModeService[none].Initialize
[MODES] ModeService[none].LoadModes
[MODES] Loading mode Default (0) for mode-current-id-unity_visualizador
Curl error 6: Could not resolve host: cdp.cloud.unity3d.com
Curl error 6: Could not resolve host: config.uca.cloud.unity3d.com
Unloading 19 Unused Serialized files (Serialized files now loaded: 0)
Unloading 1823 unused Assets / (4.0 MB). Loaded Objects now: 2551.
Memory consumption went from 300.1 MB to 296.1 MB.
Total: 11.734900 ms (FindLiveObjects: 0.522100 ms CreateObjectMapping: 0.132100 ms MarkObjects: 8.336400 ms  DeleteObjects: 2.479800 ms)

[DiagramController] listo con 563 elementos con datos (todos los edificios)
UnityEngine.Debug:ExtractStackTraceNoAlloc (byte*,int,string)
UnityEngine.StackTraceUtility:ExtractStackTrace ()
UnityEngine.DebugLogHandler:Internal_Log (UnityEngine.LogType,UnityEngine.LogOption,string,UnityEngine.Object)
UnityEngine.DebugLogHandler:LogFormat (UnityEngine.LogType,UnityEngine.Object,string,object[])
UnityEngine.Logger:Log (UnityEngine.LogType,object)
UnityEngine.Debug:Log (object)
DiagramController:Initialize (System.Collections.Generic.List`1<ElementSelectable>) (at Assets/Scripts/DiagramController.cs:89)
StructureViewer:CreateDiagramController () (at Assets/Scripts/StructureViewer.cs:890)
StructureViewer:CreateStructure () (at Assets/Scripts/StructureViewer.cs:238)
StructureViewer:OnEnable () (at Assets/Scripts/StructureViewer.cs:164)
UnityEngine.GameObject:Internal_AddComponentWithType (System.Type)
UnityEngine.GameObject:AddComponent (System.Type)
UnityEngine.GameObject:AddComponent<StructureViewer> ()
DesktopEnvironmentRevisionValidation:ValidateBatch () (at Assets/Scripts/Editor/DesktopEnvironmentRevisionValidation.cs:14)

(Filename: Assets/Scripts/DiagramController.cs Line: 89)

[StructureViewer] Estructura lista: 638 elementos interactivos, 3 combinaciones.
UnityEngine.Debug:ExtractStackTraceNoAlloc (byte*,int,string)
UnityEngine.StackTraceUtility:ExtractStackTrace ()
UnityEngine.DebugLogHandler:Internal_Log (UnityEngine.LogType,UnityEngine.LogOption,string,UnityEngine.Object)
UnityEngine.DebugLogHandler:LogFormat (UnityEngine.LogType,UnityEngine.Object,string,object[])
UnityEngine.Logger:Log (UnityEngine.LogType,object)
UnityEngine.Debug:Log (object)
StructureViewer:CreateStructure () (at Assets/Scripts/StructureViewer.cs:257)
StructureViewer:OnEnable () (at Assets/Scripts/StructureViewer.cs:164)
UnityEngine.GameObject:Internal_AddComponentWithType (System.Type)
UnityEngine.GameObject:AddComponent (System.Type)
UnityEngine.GameObject:AddComponent<StructureViewer> ()
DesktopEnvironmentRevisionValidation:ValidateBatch () (at Assets/Scripts/Editor/DesktopEnvironmentRevisionValidation.cs:14)

(Filename: Assets/Scripts/StructureViewer.cs Line: 257)

[Environment revision] PASS: four beam-aligned room dividers meet glass and corridor partitions; six clear corridor doors; twelve new tables and thirty-two chairs without wall/column intersections; access near walls8/3/13 open; study room preserved; wall53 reaches end window; terrace stairs traversable both ways; original glazing closed. Max sidewalk slope=0.462697
UnityEngine.Debug:ExtractStackTraceNoAlloc (byte*,int,string)
UnityEngine.StackTraceUtility:ExtractStackTrace ()
UnityEngine.DebugLogHandler:Internal_Log (UnityEngine.LogType,UnityEngine.LogOption,string,UnityEngine.Object)
UnityEngine.DebugLogHandler:LogFormat (UnityEngine.LogType,UnityEngine.Object,string,object[])
UnityEngine.Logger:Log (UnityEngine.LogType,object)
UnityEngine.Debug:Log (object)
DesktopEnvironmentRevisionValidation:ValidateBatch () (at Assets/Scripts/Editor/DesktopEnvironmentRevisionValidation.cs:95)

(Filename: Assets/Scripts/Editor/DesktopEnvironmentRevisionValidation.cs Line: 95)

MonoPathRemapper: Attempts to remap: 5753; Successful remaps: 8
Serialized file version minimum: 23, current 23
[Physics::Module] Cleanup current backend.
[Physics::Module] Id: 0xf2b8ea05
Input System module state changed to: ShutdownInProgress.
Input Polling Thread exited.
Input System module state changed to: Shutdown.
[Licensing::IpcConnector] LicenseClient-chuntley-notifications channel disconnected successfully.
[Licensing::IpcConnector] LicenseClient-chuntley channel disconnected successfully.
Lingering sessions upon destruction of worker manager
Unity Data Store service was successfully shut down
UDS shutting down local client system
Shut down UDS service system complete
AcceleratorClientConnectionCallback - disconnected - :0
Cleanup mono
CodeReloadManager destroyed
Checking for leaked weakptr:
  Found no leaked weakptrs.
[Package Manager] Server process was shutdown
##utp:{"type":"MemoryLeaks","version":2,"phase":"Immediate","time":1791317951741,"processId":23424,"allocatedMemory":12529882,"memoryLabels":[{"Default":206182},{"Permanent":15516},{"NewDelete":69279},{"Thread":4201384},{"Manager":32453},{"VertexData":8},{"Geometry":816},{"Texture":24},{"Shader":848026},{"Material":24},{"GfxDevice":58848},{"Animation":952},{"Audio":1272},{"FreeType":8},{"FontEngine":736},{"Physics":1970},{"Physics2D":16},{"Serialization":33464},{"Input":42840},{"JobScheduler":256},{"TextLib":280},{"Mono":48},{"ScriptingNativeRuntime":1225616},{"BaseObject":45728},{"Resource":1208},{"Renderer":2376},{"Transform":4685},{"File":4416},{"WebCam":616},{"Culling":32},{"Terrain":11442},{"Wind":24},{"STL":40},{"String":1061710},{"StaticString":3808},{"Utility":2674262},{"Curl":2498},{"PoolAlloc":2168},{"AI":80},{"TypeTree":19397},{"ScriptManager":12640},{"CodeReload":448},{"RuntimeInitializeOnLoadManager":64},{"Sprites":102},{"SpriteAtlas":120},{"GI":7816},{"Director":8296},{"CloudService":7728},{"WebRequest":552},{"VR":49938},{"SceneManager":608},{"Video":64},{"LazyScriptCache":32},{"Camera":729},{"Secure":2377},{"Image":65536},{"SerializationCache":9256},{"APIUpdating":10320},{"Subsystems":48},{"VirtualTexturing":57888},{"StaticSafetyDebugInfo":278528},{"Analytics":768},{"Hierarchy":1188},{"UIElements":40},{"CoreStats":14456},{"Identifiers":7152},{"Gui":128},{"EditorUtility":102937},{"VersionControl":8},{"Undo":931},{"AssetDatabase":1244881},{"AssetImporter":40},{"EditorGi":328},{"UnityConnect":40441},{"Upm":1912},{"UpmDiagnostics":8},{"AssetCompliance":96},{"DrivenProperties":72},{"LocalIPC":266},{"ProfilerEditor":9746},{"CoreBusinessMetrics":3606},{"Windowing":456},{"Licensing":12760},{"AssetReference":32},{"IPCStream":32}]}
~StackAllocator(ALLOC_TEMP_MAIN) m_LastAlloc not NULL. Did you forget to call FreeAllStackAllocations()? To get more information, run app with -diag-temp-memory-leak-validation cmd line argument
