ID,Type,Case,Floor,N_i,Vy_i,Vz_i,T_i,My_i,Mz_i,N_j,Vy_j,Vz_j,T_j,My_j,Mz_j
1,muro,C1,FOUNDATION -> CIELO_1S,442.62,0.0,0.0,0.0,600.82,0.0,442.62,0.0,0.0,0.0,600.82,0.0
1,muro,C2,FOUNDATION -> CIELO_1S,442.62,0.0,0.0,0.0,600.82,0.0,442.62,0.0,0.0,0.0,600.82,0.0
1,muro,C3,FOUNDATION -> CIELO_1S,442.62,0.0,0.0,0.0,600.82,0.0,442.62,0.0,0.0,0.0,600.82,0.0
10,muro,C1,CIELO_3 -> CIELO_4,41.01,0.0,0.0,0.0,69.58,0.0,41.01,0.0,0.0,0.0,69.58,0.0
10,muro,C2,CIELO_3 -> CIELO_4,41.01,0.0,0.0,0.0,69.58,0.0,41.01,0.0,0.0,0.0,69.58,0.0
10,muro,C3,CIELO_3 -> CIELO_4,41.01,0.0,0.0,0.0,69.58,0.0,41.01,0.0,0.0,0.0,69.58,0.0
11,muro,C1,FOUNDATION -> CIELO_1S,205.04,0.0,0.0,0.0,347.9,0.0,205.04,0.0,0.0,0.0,347.9,0.0
11,muro,C2,FOUNDATION -> CIELO_1S,205.04,0.0,0.0,0.0,347.9,0.0,205.04,0.0,0.0,0.0,347.9,0.0
11,muro,C3,FOUNDATION -> CIELO_1S,205.04,0.0,0.0,0.0,347.9,0.0,205.04,0.0,0.0,0.0,347.9,0.0
12,muro,C1,CIELO_1S -> CIELO_1,164.03,0.0,0.0,0.0,278.32,0.0,164.03,0.0,0.0,0.0,278.32,0.0
12,muro,C2,CIELO_1S -> CIELO_1,164.03,0.0,0.0,0.0,278.32,0.0,164.03,0.0,0.0,0.0,278.32,0.0
12,muro,C3,CIELO_1S -> CIELO_1,164.03,0.0,0.0,0.0,278.32,0.0,164.03,0.0,0.0,0.0,278.32,0.0
13,muro,C1,CIELO_1 -> CIELO_2,123.02,0.0,0.0,0.0,208.74,0.0,123.02,0.0,0.0,0.0,208.74,0.0
13,muro,C2,CIELO_1 -> CIELO_2,123.02,0.0,0.0,0.0,208.74,0.0,123.02,0.0,0.0,0.0,208.74,0.0
13,muro,C3,CIELO_1 -> CIELO_2,123.02,0.0,0.0,0.0,208.74,0.0,123.02,0.0,0.0,0.0,208.74,0.0
14,muro,C1,CIELO_2 -> CIELO_3,82.02,0.0,0.0,0.0,139.16,0.0,82.02,0.0,0.0,0.0,139.16,0.0
14,muro,C2,CIELO_2 -> CIELO_3,82.02,0.0,0.0,0.0,139.16,0.0,82.02,0.0,0.0,0.0,139.16,0.0
14,muro,C3,CIELO_2 -> CIELO_3,82.02,0.0,0.0,0.0,139.16,0.0,82.02,0.0,0.0,0.0,139.16,0.0
15,muro,C1,CIELO_3 -> CIELO_4,41.01,0.0,0.0,0.0,69.58,0.0,41.01,0.0,0.0,0.0,69.58,0.0
15,muro,C2,CIELO_3 -> CIELO_4,41.01,0.0,0.0,0.0,69.58,0.0,41.01,0.0,0.0,0.0,69.58,0.0
15,muro,C3,CIELO_3 -> CIELO_4,41.01,0.0,0.0,0.0,69.58,0.0,41.01,0.0,0.0,0.0,69.58,0.0
16,muro,C1,FOUNDATION -> CIELO_1S,442.62,0.0,0.0,0.0,600.82,0.0,442.62,0.0,0.0,0.0,600.82,0.0
16,muro,C2,FOUNDATION -> CIELO_1S,442.62,0.0,0.0,0.0,600.82,0.0,442.62,0.0,0.0,0.0,600.82,0.0
16,muro,C3,FOUNDATION -> CIELO_1S,442.62,0.0,0.0,0.0,600.82,0.0,442.62,0.0,0.0,0.0,600.82,0.0
17,muro,C1,CIELO_1S -> CIELO_1,354.1,0.0,0.0,0.0,480.65,0.0,354.1,0.0,0.0,0.0,480.65,0.0
17,muro,C2,CIELO_1S -> CIELO_1,354.1,0.0,0.0,0.0,480.65,0.0,354.1,0.0,0.0,0.0,480.65,0.0
17,muro,C3,CIELO_1S -> CIELO_1,354.1,0.0,0.0,0.0,480.65,0.0,354.1,0.0,0.0,0.0,480.65,0.0
18,muro,C1,CIELO_1 -> CIELO_2,265.57,0.0,0.0,0.0,360.49,0.0,265.57,0.0,0.0,0.0,360.49,0.0
18,muro,C2,CIELO_1 -> CIELO_2,265.57,0.0,0.0,0.0,360.49,0.0,265.57,0.0,0.0,0.0,360.49,0.0
18,muro,C3,CIELO_1 -> CIELO_2,265.57,0.0,0.0,0.0,360.49,0.0,265.57,0.0,0.0,0.0,360.49,0.0
19,muro,C1,CIELO_2 -> CIELO_3,177.05,0.0,0.0,0.0,240.33,0.0,177.05,0.0,0.0,0.0,240.33,0.0
19,muro,C2,CIELO_2 -> CIELO_3,177.05,0.0,0.0,0.0,240.33,0.0,177.05,0.0,0.0,0.0,240.33,0.0
19,muro,C3,CIELO_2 -> CIELO_3,177.05,0.0,0.0,0.0,240.33,0.0,177.05,0.0,0.0,0.0,240.33,0.0
2,muro,C1,CIELO_1S -> CIELO_1,354.1,0.0,0.0,0.0,480.65,0.0,354.1,0.0,0.0,0.0,480.65,0.0
2,muro,C2,CIELO_1S -> CIELO_1,354.1,0.0,0.0,0.0,480.65,0.0,354.1,0.0,0.0,0.0,480.65,0.0
2,muro,C3,CIELO_1S -> CIELO_1,354.1,0.0,0.0,0.0,480.65,0.0,354.1,0.0,0.0,0.0,480.65,0.0
20,muro,C1,CIELO_3 -> CIELO_4,88.52,0.0,0.0,0.0,120.16,0.0,88.52,0.0,0.0,0.0,120.16,0.0
20,muro,C2,CIELO_3 -> CIELO_4,88.52,0.0,0.0,0.0,120.16,0.0,88.52,0.0,0.0,0.0,120.16,0.0
20,muro,C3,CIELO_3 -> CIELO_4,88.52,0.0,0.0,0.0,120.16,0.0,88.52,0.0,0.0,0.0,120.16,0.0
21,muro,C1,FOUNDATION -> CIELO_1S,205.04,0.0,0.0,0.0,347.9,0.0,205.04,0.0,0.0,0.0,347.9,0.0
21,muro,C2,FOUNDATION -> CIELO_1S,205.04,0.0,0.0,0.0,347.9,0.0,205.04,0.0,0.0,0.0,347.9,0.0
21,muro,C3,FOUNDATION -> CIELO_1S,205.04,0.0,0.0,0.0,347.9,0.0,205.04,0.0,0.0,0.0,347.9,0.0
22,muro,C1,CIELO_1S -> CIELO_1,164.03,0.0,0.0,0.0,278.32,0.0,164.03,0.0,0.0,0.0,278.32,0.0
22,muro,C2,CIELO_1S -> CIELO_1,164.03,0.0,0.0,0.0,278.32,0.0,164.03,0.0,0.0,0.0,278.32,0.0
22,muro,C3,CIELO_1S -> CIELO_1,164.03,0.0,0.0,0.0,278.32,0.0,164.03,0.0,0.0,0.0,278.32,0.0
23,muro,C1,CIELO_1 -> CIELO_2,123.02,0.0,0.0,0.0,208.74,0.0,123.02,0.0,0.0,0.0,208.74,0.0
23,muro,C2,CIELO_1 -> CIELO_2,123.02,0.0,0.0,0.0,208.74,0.0,123.02,0.0,0.0,0.0,208.74,0.0
23,muro,C3,CIELO_1 -> CIELO_2,123.02,0.0,0.0,0.0,208.74,0.0,123.02,0.0,0.0,0.0,208.74,0.0
24,muro,C1,CIELO_2 -> CIELO_3,82.02,0.0,0.0,0.0,139.16,0.0,82.02,0.0,0.0,0.0,139.16,0.0
24,muro,C2,CIELO_2 -> CIELO_3,82.02,0.0,0.0,0.0,139.16,0.0,82.02,0.0,0.0,0.0,139.16,0.0
24,muro,C3,CIELO_2 -> CIELO_3,82.02,0.0,0.0,0.0,139.16,0.0,82.02,0.0,0.0,0.0,139.16,0.0
25,muro,C1,CIELO_3 -> CIELO_4,41.01,0.0,0.0,0.0,69.58,0.0,41.01,0.0,0.0,0.0,69.58,0.0
25,muro,C2,CIELO_3 -> CIELO_4,41.01,0.0,0.0,0.0,69.58,0.0,41.01,0.0,0.0,0.0,69.58,0.0
25,muro,C3,CIELO_3 -> CIELO_4,41.01,0.0,0.0,0.0,69.58,0.0,41.01,0.0,0.0,0.0,69.58,0.0
26,muro,C1,FOUNDATION -> CIELO_1S,205.04,0.0,0.0,0.0,347.9,0.0,205.04,0.0,0.0,0.0,347.9,0.0
26,muro,C2,FOUNDATION -> CIELO_1S,205.04,0.0,0.0,0.0,347.9,0.0,205.04,0.0,0.0,0.0,347.9,0.0
26,muro,C3,FOUNDATION -> CIELO_1S,205.04,0.0,0.0,0.0,347.9,0.0,205.04,0.0,0.0,0.0,347.9,0.0
27,muro,C1,CIELO_1S -> CIELO_1,164.03,0.0,0.0,0.0,278.32,0.0,164.03,0.0,0.0,0.0,278.32,0.0
27,muro,C2,CIELO_1S -> CIELO_1,164.03,0.0,0.0,0.0,278.32,0.0,164.03,0.0,0.0,0.0,278.32,0.0
27,muro,C3,CIELO_1S -> CIELO_1,164.03,0.0,0.0,0.0,278.32,0.0,164.03,0.0,0.0,0.0,278.32,0.0
28,muro,C1,CIELO_1 -> CIELO_2,123.02,0.0,0.0,0.0,208.74,0.0,123.02,0.0,0.0,0.0,208.74,0.0
28,muro,C2,CIELO_1 -> CIELO_2,123.02,0.0,0.0,0.0,208.74,0.0,123.02,0.0,0.0,0.0,208.74,0.0
28,muro,C3,CIELO_1 -> CIELO_2,123.02,0.0,0.0,0.0,208.74,0.0,123.02,0.0,0.0,0.0,208.74,0.0
29,muro,C1,CIELO_2 -> CIELO_3,82.02,0.0,0.0,0.0,139.16,0.0,82.02,0.0,0.0,0.0,139.16,0.0
29,muro,C2,CIELO_2 -> CIELO_3,82.02,0.0,0.0,0.0,139.16,0.0,82.02,0.0,0.0,0.0,139.16,0.0
29,muro,C3,CIELO_2 -> CIELO_3,82.02,0.0,0.0,0.0,139.16,0.0,82.02,0.0,0.0,0.0,139.16,0.0
3,muro,C1,CIELO_1 -> CIELO_2,265.57,0.0,0.0,0.0,360.49,0.0,265.57,0.0,0.0,0.0,360.49,0.0
3,muro,C2,CIELO_1 -> CIELO_2,265.57,0.0,0.0,0.0,360.49,0.0,265.57,0.0,0.0,0.0,360.49,0.0
3,muro,C3,CIELO_1 -> CIELO_2,265.57,0.0,0.0,0.0,360.49,0.0,265.57,0.0,0.0,0.0,360.49,0.0
30,muro,C1,CIELO_3 -> CIELO_4,41.01,0.0,0.0,0.0,69.58,0.0,41.01,0.0,0.0,0.0,69.58,0.0
30,muro,C2,CIELO_3 -> CIELO_4,41.01,0.0,0.0,0.0,69.58,0.0,41.01,0.0,0.0,0.0,69.58,0.0
30,muro,C3,CIELO_3 -> CIELO_4,41.01,0.0,0.0,0.0,69.58,0.0,41.01,0.0,0.0,0.0,69.58,0.0
4,muro,C1,CIELO_2 -> CIELO_3,177.05,0.0,0.0,0.0,240.33,0.0,177.05,0.0,0.0,0.0,240.33,0.0
4,muro,C2,CIELO_2 -> CIELO_3,177.05,0.0,0.0,0.0,240.33,0.0,177.05,0.0,0.0,0.0,240.33,0.0
4,muro,C3,CIELO_2 -> CIELO_3,177.05,0.0,0.0,0.0,240.33,0.0,177.05,0.0,0.0,0.0,240.33,0.0
5,muro,C1,CIELO_3 -> CIELO_4,88.52,0.0,0.0,0.0,120.16,0.0,88.52,0.0,0.0,0.0,120.16,0.0
5,muro,C2,CIELO_3 -> CIELO_4,88.52,0.0,0.0,0.0,120.16,0.0,88.52,0.0,0.0,0.0,120.16,0.0
5,muro,C3,CIELO_3 -> CIELO_4,88.52,0.0,0.0,0.0,120.16,0.0,88.52,0.0,0.0,0.0,120.16,0.0
6,muro,C1,FOUNDATION -> CIELO_1S,205.04,0.0,0.0,0.0,347.9,0.0,205.04,0.0,0.0,0.0,347.9,0.0
6,muro,C2,FOUNDATION -> CIELO_1S,205.04,0.0,0.0,0.0,347.9,0.0,205.04,0.0,0.0,0.0,347.9,0.0
6,muro,C3,FOUNDATION -> CIELO_1S,205.04,0.0,0.0,0.0,347.9,0.0,205.04,0.0,0.0,0.0,347.9,0.0
7,muro,C1,CIELO_1S -> CIELO_1,164.03,0.0,0.0,0.0,278.32,0.0,164.03,0.0,0.0,0.0,278.32,0.0
7,muro,C2,CIELO_1S -> CIELO_1,164.03,0.0,0.0,0.0,278.32,0.0,164.03,0.0,0.0,0.0,278.32,0.0
7,muro,C3,CIELO_1S -> CIELO_1,164.03,0.0,0.0,0.0,278.32,0.0,164.03,0.0,0.0,0.0,278.32,0.0
8,muro,C1,CIELO_1 -> CIELO_2,123.02,0.0,0.0,0.0,208.74,0.0,123.02,0.0,0.0,0.0,208.74,0.0
8,muro,C2,CIELO_1 -> CIELO_2,123.02,0.0,0.0,0.0,208.74,0.0,123.02,0.0,0.0,0.0,208.74,0.0
8,muro,C3,CIELO_1 -> CIELO_2,123.02,0.0,0.0,0.0,208.74,0.0,123.02,0.0,0.0,0.0,208.74,0.0
9,muro,C1,CIELO_2 -> CIELO_3,82.02,0.0,0.0,0.0,139.16,0.0,82.02,0.0,0.0,0.0,139.16,0.0
9,muro,C2,CIELO_2 -> CIELO_3,82.02,0.0,0.0,0.0,139.16,0.0,82.02,0.0,0.0,0.0,139.16,0.0
9,muro,C3,CIELO_2 -> CIELO_3,82.02,0.0,0.0,0.0,139.16,0.0,82.02,0.0,0.0,0.0,139.16,0.0
B3001_V40/80,viga,C1,,0.00017316098054515901,0.006458932077421261,0.03768917826545305,0.30097215742943084,-0.07374042288760582,0.002751057989303071,-0.00017316098054515901,-0.006458932077421261,-0.03768917826545305,0.30770807155763585,0.07374042288760582,-0.005547607825107389
B3001_V40/80,viga,C2,,0.00017316098054515901,0.006458932077421261,0.03768917826545305,0.30097215742943084,-0.07374042288760582,0.002751057989303071,-0.00017316098054515901,-0.006458932077421261,-0.03768917826545305,0.30770807155763585,0.07374042288760582,-0.005547607825107389
B3001_V40/80,viga,C3,,0.00017316098054515901,0.006458932077421261,0.03768917826545305,0.30097215742943084,-0.07374042288760582,0.002751057989303071,-0.00017316098054515901,-0.006458932077421261,-0.03768917826545305,0.30770807155763585,0.07374042288760582,-0.005547607825107389
B3002_V60/80,viga,C1,,-0.00017316098054502457,-0.0064589320774694325,-103.85589773610167,-0.30097215742944533,0.07374042288745386,-0.002751057989302974,0.00017316098054502457,0.0064589320774694325,103.85589773610167,0.30097215742944533,1168.3051091082561,-0.06991192788222814
B3002_V60/80,viga,C2,,-0.00017316098054502457,-0.0064589320774694325,-103.85589773610167,-0.30097215742944533,0.07374042288745386,-0.002751057989302974,0.00017316098054502457,0.0064589320774694325,103.85589773610167,0.30097215742944533,1168.3051091082561,-0.06991192788222814
B3002_V60/80,viga,C3,,-0.00017316098054502457,-0.0064589320774694325,-103.85589773610167,-0.30097215742944533,0.07374042288745386,-0.002751057989302974,0.00017316098054502457,0.0064589320774694325,103.85589773610167,0.30097215742944533,1168.3051091082561,-0.06991192788222814
B3003_V60/80,viga,C1,,-20.900147362350623,-0.024202467217864485,9.52474753231564,0.32232580459642945,-62.60739402688736,-0.14057460844911873,20.900147362350623,0.024202467217864485,-9.52474753231564,-0.32232580459642945,-32.64008129626903,-0.10145006372952611
B3003_V60/80,viga,C2,,-20.900147362350623,-0.024202467217864485,9.52474753231564,0.32232580459642945,-62.60739402688736,-0.14057460844911873,20.900147362350623,0.024202467217864485,-9.52474753231564,-0.32232580459642945,-32.64008129626903,-0.10145006372952611
B3003_V60/80,viga,C3,,-20.900147362350623,-0.024202467217864485,9.52474753231564,0.32232580459642945,-62.60739402688736,-0.14057460844911873,20.900147362350623,0.024202467217864485,-9.52474753231564,-0.32232580459642945,-32.64008129626903,-0.10145006372952611
B3004_V60/80,viga,C1,,0.253609545583097,-0.009183074262046538,0.6472172933283431,0.022194958529757076,-3.10843874382091,-0.04779832522872669,-0.253609545583097,0.009183074262046538,-0.6472172933283431,-0.022194958529757076,-3.509358080461398,-0.04609860910069918
B3004_V60/80,viga,C2,,0.253609545583097,-0.009183074262046538,0.6472172933283431,0.022194958529757076,-3.10843874382091,-0.04779832522872669,-0.253609545583097,0.009183074262046538,-0.6472172933283431,-0.022194958529757076,-3.509358080461398,-0.04609860910069918
B3004_V60/80,viga,C3,,0.253609545583097,-0.009183074262046538,0.6472172933283431,0.022194958529757076,-3.10843874382091,-0.04779832522872669,-0.253609545583097,0.009183074262046538,-0.6472172933283431,-0.022194958529757076,-3.509358080461398,-0.04609860910069918
B3005_V60/80,viga,C1,,0.00017316098054502457,0.006458932077421241,-103.78051937957098,-0.30770807155771357,-0.07374042288790861,0.005547607825107388,-0.00017316098054502457,-0.006458932077421241,103.78051937957098,0.30770807155771357,1167.6045834430615,0.06711537804588158
B3005_V60/80,viga,C2,,0.00017316098054502457,0.006458932077421241,-103.78051937957098,-0.30770807155771357,-0.07374042288790861,0.005547607825107388,-0.00017316098054502457,-0.006458932077421241,103.78051937957098,0.30770807155771357,1167.6045834430615,0.06711537804588158
B3005_V60/80,viga,C3,,0.00017316098054502457,0.006458932077421241,-103.78051937957098,-0.30770807155771357,-0.07374042288790861,0.005547607825107388,-0.00017316098054502457,-0.006458932077421241,103.78051937957098,0.30770807155771357,1167.6045834430615,0.06711537804588158
B3006_V60/80,viga,C1,,-31.415932202846687,0.04921630062543532,5.01021931477013,0.376310653641589,-47.56733029130191,0.2030203086335339,31.415932202846687,-0.04921630062543532,-5.01021931477013,-0.376310653641589,-2.534862856399389,0.28914269762081923
B3006_V60/80,viga,C2,,-31.415932202846687,0.04921630062543532,5.01021931477013,0.376310653641589,-47.56733029130191,0.2030203086335339,31.415932202846687,-0.04921630062543532,-5.01021931477013,-0.376310653641589,-2.534862856399389,0.28914269762081923
B3006_V60/80,viga,C3,,-31.415932202846687,0.04921630062543532,5.01021931477013,0.376310653641589,-47.56733029130191,0.2030203086335339,31.415932202846687,-0.04921630062543532,-5.01021931477013,-0.376310653641589,-2.534862856399389,0.28914269762081923
B3007_V60/80,viga,C1,,0.0,1.1873021958490064e-13,56.763787911846116,0.0,-580.4097313986265,1.2140463174425053e-12,0.0,-1.1873021958490064e-13,-56.763787911846116,0.0,-1.1368683772161603e-13,-2.982218689601196e-17
B3007_V60/80,viga,C2,,0.0,1.1873021958490064e-13,56.763787911846116,0.0,-580.4097313986265,1.2140463174425053e-12,0.0,-1.1873021958490064e-13,-56.763787911846116,0.0,-1.1368683772161603e-13,-2.982218689601196e-17
B3007_V60/80,viga,C3,,0.0,1.1873021958490064e-13,56.763787911846116,0.0,-580.4097313986265,1.2140463174425053e-12,0.0,-1.1873021958490064e-13,-56.763787911846116,0.0,-1.1368683772161603e-13,-2.982218689601196e-17
B3008_V60/80,viga,C1,,-1.0164959984393035e-12,0.0,-85.11377340371433,0.0,0.0,4.1114408226331517e-16,1.0164959984393035e-12,0.0,85.11377340371433,-757.5125832930576,0.0,9.04640324202754e-12
B3008_V60/80,viga,C2,,-1.0164959984393035e-12,0.0,-85.11377340371433,0.0,0.0,4.1114408226331517e-16,1.0164959984393035e-12,0.0,85.11377340371433,-757.5125832930576,0.0,9.04640324202754e-12
B3008_V60/80,viga,C3,,-1.0164959984393035e-12,0.0,-85.11377340371433,0.0,0.0,4.1114408226331517e-16,1.0164959984393035e-12,0.0,85.11377340371433,-757.5125832930576,0.0,9.04640324202754e-12
B3009_V60/80,viga,C1,,1.099025188632042e-12,0.0,48.26027038692577,349.8869603052117,0.0,-7.967427902777872e-12,-1.099025188632042e-12,0.0,-48.26027038692577,8.526512829121202e-14,0.0,-5.047148044324337e-16
B3009_V60/80,viga,C2,,1.099025188632042e-12,0.0,48.26027038692577,349.8869603052117,0.0,-7.967427902777872e-12,-1.099025188632042e-12,0.0,-48.26027038692577,8.526512829121202e-14,0.0,-5.047148044324337e-16
B3009_V60/80,viga,C3,,1.099025188632042e-12,0.0,48.26027038692577,349.8869603052117,0.0,-7.967427902777872e-12,-1.099025188632042e-12,0.0,-48.26027038692577,8.526512829121202e-14,0.0,-5.047148044324337e-16
B3010_V60/80,viga,C1,,0.0,0.0,0.0,0.0,0.0,0.0,0.0,0.0,0.0,0.0,0.0,0.0
B3010_V60/80,viga,C2,,0.0,0.0,0.0,0.0,0.0,0.0,0.0,0.0,0.0,0.0,0.0,0.0
B3010_V60/80,viga,C3,,0.0,0.0,0.0,0.0,0.0,0.0,0.0,0.0,0.0,0.0,0.0,0.0
B3011_V60/80,viga,C1,,-0.10272667091917013,0.025987849515494803,1.2498649781570397,5.544080166483004,-10.6341762430743,0.3961174280227669,0.10272667091917013,-0.025987849515494803,-1.2498649781570397,5.579718139114648,10.6341762430743,0.5181499431578473
B3011_V60/80,viga,C2,,-0.10272667091917013,0.025987849515494803,1.2498649781570397,5.544080166483004,-10.6341762430743,0.3961174280227669,0.10272667091917013,-0.025987849515494803,-1.2498649781570397,5.579718139114648,10.6341762430743,0.5181499431578473
B3011_V60/80,viga,C3,,-0.10272667091917013,0.025987849515494803,1.2498649781570397,5.544080166483004,-10.6341762430743,0.3961174280227669,0.10272667091917013,-0.025987849515494803,-1.2498649781570397,5.579718139114648,10.6341762430743,0.5181499431578473
B3012_V60/80,viga,C1,,0.1361912119183479,0.008216052373541841,1.9454679411088562,7.046887303374288,13.02572786217736,-0.48747098203367956,-0.1361912119183479,-0.008216052373541841,-1.9454679411088562,7.05775526966492,-13.02572786217736,-0.49991530437434284
B3012_V60/80,viga,C2,,0.1361912119183479,0.008216052373541841,1.9454679411088562,7.046887303374288,13.02572786217736,-0.48747098203367956,-0.1361912119183479,-0.008216052373541841,-1.9454679411088562,7.05775526966492,-13.02572786217736,-0.49991530437434284
B3012_V60/80,viga,C3,,0.1361912119183479,0.008216052373541841,1.9454679411088562,7.046887303374288,13.02572786217736,-0.48747098203367956,-0.1361912119183479,-0.008216052373541841,-1.9454679411088562,7.05775526966492,-13.02572786217736,-0.49991530437434284
B3013_V60/80,viga,C1,,0.0,0.0,0.0,0.0,0.0,0.0,0.0,0.0,0.0,0.0,0.0,0.0
B3013_V60/80,viga,C2,,0.0,0.0,0.0,0.0,0.0,0.0,0.0,0.0,0.0,0.0,0.0,0.0
B3013_V60/80,viga,C3,,0.0,0.0,0.0,0.0,0.0,0.0,0.0,0.0,0.0,0.0,0.0,0.0
B3014_V60/80,viga,C1,,-0.08531795061799768,-0.017845270452224563,0.6854868160651085,3.0634581272241297,-10.164461727615539,0.3816865940245993,0.08531795061799768,0.017845270452224563,-0.6854868160651085,3.037374535755337,10.164461727615539,0.37764316647558016
B3014_V60/80,viga,C2,,-0.08531795061799768,-0.017845270452224563,0.6854868160651085,3.0634581272241297,-10.164461727615539,0.3816865940245993,0.08531795061799768,0.017845270452224563,-0.6854868160651085,3.037374535755337,10.164461727615539,0.37764316647558016
B3014_V60/80,viga,C3,,-0.08531795061799768,-0.017845270452224563,0.6854868160651085,3.0634581272241297,-10.164461727615539,0.3816865940245993,0.08531795061799768,0.017845270452224563,-0.6854868160651085,3.037374535755337,10.164461727615539,0.37764316647558016
B3015_V60/80,viga,C1,,0.020995484889423648,-0.10374830953293511,0.42080811085117226,1.5964845664262806,5.684944920946365,-0.1796833220755818,-0.020995484889423648,0.10374830953293511,-0.42080811085117226,1.4543742372447184,-5.684944920946365,0.027466056627260343
B3015_V60/80,viga,C2,,0.020995484889423648,-0.10374830953293511,0.42080811085117226,1.5964845664262806,5.684944920946365,-0.1796833220755818,-0.020995484889423648,0.10374830953293511,-0.42080811085117226,1.4543742372447184,-5.684944920946365,0.027466056627260343
B3015_V60/80,viga,C3,,0.020995484889423648,-0.10374830953293511,0.42080811085117226,1.5964845664262806,5.684944920946365,-0.1796833220755818,-0.020995484889423648,0.10374830953293511,-0.42080811085117226,1.4543742372447184,-5.684944920946365,0.027466056627260343
B3016_V60/80,viga,C1,,0.0,0.0,0.0,0.0,0.0,0.0,0.0,0.0,0.0,0.0,0.0,0.0
B3016_V60/80,viga,C2,,0.0,0.0,0.0,0.0,0.0,0.0,0.0,0.0,0.0,0.0,0.0,0.0
B3016_V60/80,viga,C3,,0.0,0.0,0.0,0.0,0.0,0.0,0.0,0.0,0.0,0.0,0.0,0.0
B3017_V30/80,viga,C1,,0.0,0.0,15.25585297851562,0.0,-114.41889733886717,0.0,0.0,0.0,-15.25585297851562,0.0,1.4210854715202004e-14,0.0
B3017_V30/80,viga,C2,,0.0,0.0,15.25585297851562,0.0,-114.41889733886717,0.0,0.0,0.0,-15.25585297851562,0.0,1.4210854715202004e-14,0.0
B3017_V30/80,viga,C3,,0.0,0.0,15.25585297851562,0.0,-114.41889733886717,0.0,0.0,0.0,-15.25585297851562,0.0,1.4210854715202004e-14,0.0
B3018_V60/80,viga,C1,,0.6540991762954169,0.45571329722946885,1.5823338246891092,5.353422868302844,-5.444262409795635,2.2998285446957785,-0.6540991762954169,-0.45571329722946885,-1.5823338246891092,-5.353422868302844,-6.4232412753726855,1.1180211845252377
B3018_V60/80,viga,C2,,0.6540991762954169,0.45571329722946885,1.5823338246891092,5.353422868302844,-5.444262409795635,2.2998285446957785,-0.6540991762954169,-0.45571329722946885,-1.5823338246891092,-5.353422868302844,-6.4232412753726855,1.1180211845252377
B3018_V60/80,viga,C3,,0.6540991762954169,0.45571329722946885,1.5823338246891092,5.353422868302844,-5.444262409795635,2.2998285446957785,-0.6540991762954169,-0.45571329722946885,-1.5823338246891092,-5.353422868302844,-6.4232412753726855,1.1180211845252377
B3019_V60/80,viga,C1,,-20.00967826172921,0.0071601778512373135,-7.389237990331459,0.3402073775291734,22.604652117560878,0.07234241139081461,20.00967826172921,-0.0071601778512373135,7.389237990331459,-0.3402073775291734,51.28772778575372,-0.0007406328784414773
B3019_V60/80,viga,C2,,-20.00967826172921,0.0071601778512373135,-7.389237990331459,0.3402073775291734,22.604652117560878,0.07234241139081461,20.00967826172921,-0.0071601778512373135,7.389237990331459,-0.3402073775291734,51.28772778575372,-0.0007406328784414773
B3019_V60/80,viga,C3,,-20.00967826172921,0.0071601778512373135,-7.389237990331459,0.3402073775291734,22.604652117560878,0.07234241139081461,20.00967826172921,-0.0071601778512373135,7.389237990331459,-0.3402073775291734,51.28772778575372,-0.0007406328784414773
B3020_V60/80,viga,C1,,0.0,3.3516054837684664e-14,108.36930749686819,0.0,-1108.0761691554771,3.427091162620497e-13,0.0,-3.3516054837684664e-14,-108.36930749686819,0.0,-2.2737367544323206e-13,-7.455546723977747e-18
B3020_V60/80,viga,C2,,0.0,3.3516054837684664e-14,108.36930749686819,0.0,-1108.0761691554771,3.427091162620497e-13,0.0,-3.3516054837684664e-14,-108.36930749686819,0.0,-2.2737367544323206e-13,-7.455546723977747e-18
B3020_V60/80,viga,C3,,0.0,3.3516054837684664e-14,108.36930749686819,0.0,-1108.0761691554771,3.427091162620497e-13,0.0,-3.3516054837684664e-14,-108.36930749686819,0.0,-2.2737367544323206e-13,-7.455546723977747e-18
B3021_V30/80,viga,C1,,0.0,0.0,20.747960050781256,0.0,-155.60970038085938,0.0,0.0,0.0,-20.747960050781256,0.0,-1.4210854715202004e-14,0.0
B3021_V30/80,viga,C2,,0.0,0.0,20.747960050781256,0.0,-155.60970038085938,0.0,0.0,0.0,-20.747960050781256,0.0,-1.4210854715202004e-14,0.0
B3021_V30/80,viga,C3,,0.0,0.0,20.747960050781256,0.0,-155.60970038085938,0.0,0.0,0.0,-20.747960050781256,0.0,-1.4210854715202004e-14,0.0
B3022_V40/80,viga,C1,,-0.00903601215495975,0.15938400439023814,0.31485918272757696,2.636618754897162,-0.8554539691602404,0.17619580834334453,0.00903601215495975,-0.15938400439023814,-0.31485918272757696,2.448357046153206,0.8554539691602404,-0.030264212040744587
B3022_V40/80,viga,C2,,-0.00903601215495975,0.15938400439023814,0.31485918272757696,2.636618754897162,-0.8554539691602404,0.17619580834334453,0.00903601215495975,-0.15938400439023814,-0.31485918272757696,2.448357046153206,0.8554539691602404,-0.030264212040744587
B3022_V40/80,viga,C3,,-0.00903601215495975,0.15938400439023814,0.31485918272757696,2.636618754897162,-0.8554539691602404,0.17619580834334453,0.00903601215495975,-0.15938400439023814,-0.31485918272757696,2.448357046153206,0.8554539691602404,-0.030264212040744587
B3023_V60/80,viga,C1,,0.009036012155010098,-0.1593840043899101,-104.13306774056475,-2.6366187548964843,0.8554539691604077,-0.17619580834317516,-0.009036012155010098,0.1593840043899101,104.13306774056475,2.6366187548964843,1170.641558112193,-1.6168742410433135
B3023_V60/80,viga,C2,,0.009036012155010098,-0.1593840043899101,-104.13306774056475,-2.6366187548964843,0.8554539691604077,-0.17619580834317516,-0.009036012155010098,0.1593840043899101,104.13306774056475,2.6366187548964843,1170.641558112193,-1.6168742410433135
B3023_V60/80,viga,C3,,0.009036012155010098,-0.1593840043899101,-104.13306774056475,-2.6366187548964843,0.8554539691604077,-0.17619580834317516,-0.009036012155010098,0.1593840043899101,104.13306774056475,2.6366187548964843,1170.641558112193,-1.6168742410433135
B3024_V60/80,viga,C1,,52.0902254876636,-1.763769384524884,36.49113144937636,3.8081854289618082,-235.9989846218618,-9.370861356638832,-52.0902254876636,1.763769384524884,-36.49113144937636,-3.8081854289618082,-128.9123298719018,-8.26683248861001
B3024_V60/80,viga,C2,,52.0902254876636,-1.763769384524884,36.49113144937636,3.8081854289618082,-235.9989846218618,-9.370861356638832,-52.0902254876636,1.763769384524884,-36.49113144937636,-3.8081854289618082,-128.9123298719018,-8.26683248861001
B3024_V60/80,viga,C3,,52.0902254876636,-1.763769384524884,36.49113144937636,3.8081854289618082,-235.9989846218618,-9.370861356638832,-52.0902254876636,1.763769384524884,-36.49113144937636,-3.8081854289618082,-128.9123298719018,-8.26683248861001
B3025_V60/80,viga,C1,,13.868477707424962,-0.021778223528362,8.895149346773575,-2.160496131940312,-38.2639850378146,-0.04146345666313031,-13.868477707424962,0.021778223528362,-8.895149346773575,2.160496131940312,-52.68891703294521,-0.18121887891437113
B3025_V60/80,viga,C2,,13.868477707424962,-0.021778223528362,8.895149346773575,-2.160496131940312,-38.2639850378146,-0.04146345666313031,-13.868477707424962,0.021778223528362,-8.895149346773575,2.160496131940312,-52.68891703294521,-0.18121887891437113
B3025_V60/80,viga,C3,,13.868477707424962,-0.021778223528362,8.895149346773575,-2.160496131940312,-38.2639850378146,-0.04146345666313031,-13.868477707424962,0.021778223528362,-8.895149346773575,2.160496131940312,-52.68891703294521,-0.18121887891437113
B3026_V60/80,viga,C1,,-0.009036012154952274,0.1593840043902355,-103.50334937510858,-2.4483570461532005,-0.8554539691604077,0.03026421204074503,0.009036012154952274,-0.1593840043902355,103.50334937510858,2.4483570461532005,1165.268134439132,1.7628058373494042
B3026_V60/80,viga,C2,,-0.009036012154952274,0.1593840043902355,-103.50334937510858,-2.4483570461532005,-0.8554539691604077,0.03026421204074503,0.009036012154952274,-0.1593840043902355,103.50334937510858,2.4483570461532005,1165.268134439132,1.7628058373494042
B3026_V60/80,viga,C3,,-0.009036012154952274,0.1593840043902355,-103.50334937510858,-2.4483570461532005,-0.8554539691604077,0.03026421204074503,0.009036012154952274,-0.1593840043902355,103.50334937510858,2.4483570461532005,1165.268134439132,1.7628058373494042
B3027_V60/80,viga,C1,,60.47684202954752,0.159652171386608,21.353022664469577,2.747258949581876,-183.3996033341328,-0.5684815146389919,-60.47684202954752,-0.159652171386608,-21.353022664469577,-2.747258949581876,-30.130623310562953,2.1650032285050718
B3027_V60/80,viga,C2,,60.47684202954752,0.159652171386608,21.353022664469577,2.747258949581876,-183.3996033341328,-0.5684815146389919,-60.47684202954752,-0.159652171386608,-21.353022664469577,-2.747258949581876,-30.130623310562953,2.1650032285050718
B3027_V60/80,viga,C3,,60.47684202954752,0.159652171386608,21.353022664469577,2.747258949581876,-183.3996033341328,-0.5684815146389919,-60.47684202954752,-0.159652171386608,-21.353022664469577,-2.747258949581876,-30.130623310562953,2.1650032285050718
B3028_V60/80,viga,C1,,0.0,-4.1998972254506294e-14,56.76378791184711,2.7613136014810125e-16,-580.409731398637,-4.270537163506473e-13,0.0,4.1998972254506294e-14,-56.76378791184711,-2.7613136014810125e-16,1.7053025658242404e-13,-2.3857749516795937e-15
B3028_V60/80,viga,C2,,0.0,-4.1998972254506294e-14,56.76378791184711,2.7613136014810125e-16,-580.409731398637,-4.270537163506473e-13,0.0,4.1998972254506294e-14,-56.76378791184711,-2.7613136014810125e-16,1.7053025658242404e-13,-2.3857749516795937e-15
B3028_V60/80,viga,C3,,0.0,-4.1998972254506294e-14,56.76378791184711,2.7613136014810125e-16,-580.409731398637,-4.270537163506473e-13,0.0,4.1998972254506294e-14,-56.76378791184711,-2.7613136014810125e-16,1.7053025658242404e-13,-2.3857749516795937e-15
B3029_V60/80,viga,C1,,-1.243964926648499e-11,0.0,-85.11377340371965,0.0,0.0,0.0,1.243964926648499e-11,0.0,85.11377340371965,-757.5125832931049,0.0,1.1071287847171641e-10
B3029_V60/80,viga,C2,,-1.243964926648499e-11,0.0,-85.11377340371965,0.0,0.0,0.0,1.243964926648499e-11,0.0,85.11377340371965,-757.5125832931049,0.0,1.1071287847171641e-10
B3029_V60/80,viga,C3,,-1.243964926648499e-11,0.0,-85.11377340371965,0.0,0.0,0.0,1.243964926648499e-11,0.0,85.11377340371965,-757.5125832931049,0.0,1.1071287847171641e-10
B3030_V60/80,viga,C1,,1.778823818326847e-11,0.0,48.26027038692719,349.88696030522215,0.0,-1.2894857595495457e-10,-1.778823818326847e-11,0.0,-48.26027038692719,2.842170943040401e-14,0.0,-1.6150873741850803e-14
B3030_V60/80,viga,C2,,1.778823818326847e-11,0.0,48.26027038692719,349.88696030522215,0.0,-1.2894857595495457e-10,-1.778823818326847e-11,0.0,-48.26027038692719,2.842170943040401e-14,0.0,-1.6150873741850803e-14
B3030_V60/80,viga,C3,,1.778823818326847e-11,0.0,48.26027038692719,349.88696030522215,0.0,-1.2894857595495457e-10,-1.778823818326847e-11,0.0,-48.26027038692719,2.842170943040401e-14,0.0,-1.6150873741850803e-14
B3031_V60/80,viga,C1,,0.0,0.0,0.0,0.0,0.0,0.0,0.0,0.0,0.0,0.0,0.0,0.0
B3031_V60/80,viga,C2,,0.0,0.0,0.0,0.0,0.0,0.0,0.0,0.0,0.0,0.0,0.0,0.0
B3031_V60/80,viga,C3,,0.0,0.0,0.0,0.0,0.0,0.0,0.0,0.0,0.0,0.0,0.0,0.0
B3032_V60/80,viga,C1,,-1.4759876638870586,-0.02894710123485089,11.598441145872616,52.271545976384914,-37.39900817010614,4.498420610970158,1.4759876638870586,0.02894710123485089,-11.598441145872616,50.95458022188137,37.39900817010614,8.637869597624663
B3032_V60/80,viga,C2,,-1.4759876638870586,-0.02894710123485089,11.598441145872616,52.271545976384914,-37.39900817010614,4.498420610970158,1.4759876638870586,0.02894710123485089,-11.598441145872616,50.95458022188137,37.39900817010614,8.637869597624663
B3032_V60/80,viga,C3,,-1.4759876638870586,-0.02894710123485089,11.598441145872616,52.271545976384914,-37.39900817010614,4.498420610970158,1.4759876638870586,0.02894710123485089,-11.598441145872616,50.95458022188137,37.39900817010614,8.637869597624663
B3033_V60/80,viga,C1,,-0.9954685157715515,3.878735708779182,18.191603189717355,65.89945599951221,44.18751591980527,4.463451425857142,0.9954685157715515,-3.878735708779182,-18.191603189717355,65.98966712593861,-44.18751591980527,2.753695313486607
B3033_V60/80,viga,C2,,-0.9954685157715515,3.878735708779182,18.191603189717355,65.89945599951221,44.18751591980527,4.463451425857142,0.9954685157715515,-3.878735708779182,-18.191603189717355,65.98966712593861,-44.18751591980527,2.753695313486607
B3033_V60/80,viga,C3,,-0.9954685157715515,3.878735708779182,18.191603189717355,65.89945599951221,44.18751591980527,4.463451425857142,0.9954685157715515,-3.878735708779182,-18.191603189717355,65.98966712593861,-44.18751591980527,2.753695313486607
B3034_V60/80,viga,C1,,0.0,0.0,0.0,0.0,0.0,0.0,0.0,0.0,0.0,0.0,0.0,0.0
B3034_V60/80,viga,C2,,0.0,0.0,0.0,0.0,0.0,0.0,0.0,0.0,0.0,0.0,0.0,0.0
B3034_V60/80,viga,C3,,0.0,0.0,0.0,0.0,0.0,0.0,0.0,0.0,0.0,0.0,0.0,0.0
B3035_V60/80,viga,C1,,-0.900408993711611,-3.1838181307194224,7.677070696311831,34.5143149822983,-33.840597529565414,4.075748629549162,0.900408993711611,3.1838181307194224,-7.677070696311831,33.81161421487699,33.840597529565414,3.937891414484176
B3035_V60/80,viga,C2,,-0.900408993711611,-3.1838181307194224,7.677070696311831,34.5143149822983,-33.840597529565414,4.075748629549162,0.900408993711611,3.1838181307194224,-7.677070696311831,33.81161421487699,33.840597529565414,3.937891414484176
B3035_V60/80,viga,C3,,-0.900408993711611,-3.1838181307194224,7.677070696311831,34.5143149822983,-33.840597529565414,4.075748629549162,0.900408993711611,3.1838181307194224,-7.677070696311831,33.81161421487699,33.840597529565414,3.937891414484176
B3036_V60/80,viga,C1,,-0.878400933446206,-4.561436642536721,0.9278427194205914,1.447655118029919,19.083661466815222,0.289937719482531,0.878400933446206,4.561436642536721,-0.9278427194205914,5.279204597769368,-19.083661466815222,6.078469048002463
B3036_V60/80,viga,C2,,-0.878400933446206,-4.561436642536721,0.9278427194205914,1.447655118029919,19.083661466815222,0.289937719482531,0.878400933446206,4.561436642536721,-0.9278427194205914,5.279204597769368,-19.083661466815222,6.078469048002463
B3036_V60/80,viga,C3,,-0.878400933446206,-4.561436642536721,0.9278427194205914,1.447655118029919,19.083661466815222,0.289937719482531,0.878400933446206,4.561436642536721,-0.9278427194205914,5.279204597769368,-19.083661466815222,6.078469048002463
B3037_V60/80,viga,C1,,0.0,0.0,0.0,0.0,0.0,0.0,0.0,0.0,0.0,0.0,0.0,0.0
B3037_V60/80,viga,C2,,0.0,0.0,0.0,0.0,0.0,0.0,0.0,0.0,0.0,0.0,0.0,0.0
B3037_V60/80,viga,C3,,0.0,0.0,0.0,0.0,0.0,0.0,0.0,0.0,0.0,0.0,0.0,0.0
B3038_V30/80,viga,C1,,0.0,0.0,15.25585297851562,0.0,-114.41889733886717,0.0,0.0,0.0,-15.25585297851562,0.0,1.4210854715202004e-14,0.0
B3038_V30/80,viga,C2,,0.0,0.0,15.25585297851562,0.0,-114.41889733886717,0.0,0.0,0.0,-15.25585297851562,0.0,1.4210854715202004e-14,0.0
B3038_V30/80,viga,C3,,0.0,0.0,15.25585297851562,0.0,-114.41889733886717,0.0,0.0,0.0,-15.25585297851562,0.0,1.4210854715202004e-14,0.0
B3039_V60/80,viga,C1,,14.959206624721045,4.643073964435732,8.607107482378778,52.69306831070287,-24.806728285010543,34.09421676801614,-14.959206624721045,-4.643073964435732,-8.607107482378778,-52.69306831070287,-39.7465778328303,0.7288379652518593
B3039_V60/80,viga,C2,,14.959206624721045,4.643073964435732,8.607107482378778,52.69306831070287,-24.806728285010543,34.09421676801614,-14.959206624721045,-4.643073964435732,-8.607107482378778,-52.69306831070287,-39.7465778328303,0.7288379652518593
B3039_V60/80,viga,C3,,14.959206624721045,4.643073964435732,8.607107482378778,52.69306831070287,-24.806728285010543,34.09421676801614,-14.959206624721045,-4.643073964435732,-8.607107482378778,-52.69306831070287,-39.7465778328303,0.7288379652518593
B3040_V60/80,viga,C1,,46.229187250914684,-0.7054525882889515,-18.604585118798276,3.6302245440323864,44.34408790105617,-2.1758761156939954,-46.229187250914684,0.7054525882889515,18.604585118798276,-3.6302245440323864,141.70176328692656,-4.87864976719552
B3040_V60/80,viga,C2,,46.229187250914684,-0.7054525882889515,-18.604585118798276,3.6302245440323864,44.34408790105617,-2.1758761156939954,-46.229187250914684,0.7054525882889515,18.604585118798276,-3.6302245440323864,141.70176328692656,-4.87864976719552
B3040_V60/80,viga,C3,,46.229187250914684,-0.7054525882889515,-18.604585118798276,3.6302245440323864,44.34408790105617,-2.1758761156939954,-46.229187250914684,0.7054525882889515,18.604585118798276,-3.6302245440323864,141.70176328692656,-4.87864976719552
B3041_V60/80,viga,C1,,0.0,-2.277919257653785e-13,108.36930749686364,-0.0,-1108.0761691554314,-2.330007462184083e-12,0.0,2.277919257653785e-13,-108.36930749686364,0.0,5.684341886080801e-13,8.35021233087931e-16
B3041_V60/80,viga,C2,,0.0,-2.277919257653785e-13,108.36930749686364,-0.0,-1108.0761691554314,-2.330007462184083e-12,0.0,2.277919257653785e-13,-108.36930749686364,0.0,5.684341886080801e-13,8.35021233087931e-16
B3041_V60/80,viga,C3,,0.0,-2.277919257653785e-13,108.36930749686364,-0.0,-1108.0761691554314,-2.330007462184083e-12,0.0,2.277919257653785e-13,-108.36930749686364,0.0,5.684341886080801e-13,8.35021233087931e-16
B3042_V30/80,viga,C1,,0.0,0.0,20.747960050781256,0.0,-155.60970038085938,0.0,0.0,0.0,-20.747960050781256,0.0,-1.4210854715202004e-14,0.0
B3042_V30/80,viga,C2,,0.0,0.0,20.747960050781256,0.0,-155.60970038085938,0.0,0.0,0.0,-20.747960050781256,0.0,-1.4210854715202004e-14,0.0
B3042_V30/80,viga,C3,,0.0,0.0,20.747960050781256,0.0,-155.60970038085938,0.0,0.0,0.0,-20.747960050781256,0.0,-1.4210854715202004e-14,0.0
B3043_V40/80,viga,C1,,-0.025832882997539195,0.7748363935004658,0.32328259418568517,2.730965532854965,-1.2454267693944663,0.7075465249077336,0.025832882997539195,-0.7748363935004658,-0.32328259418568517,2.49004836324385,1.2454267693944663,-0.29034546449747567
B3043_V40/80,viga,C2,,-0.025832882997539195,0.7748363935004658,0.32328259418568517,2.730965532854965,-1.2454267693944663,0.7075465249077336,0.025832882997539195,-0.7748363935004658,-0.32328259418568517,2.49004836324385,1.2454267693944663,-0.29034546449747567
B3043_V40/80,viga,C3,,-0.025832882997539195,0.7748363935004658,0.32328259418568517,2.730965532854965,-1.2454267693944663,0.7075465249077336,0.025832882997539195,-0.7748363935004658,-0.32328259418568517,2.49004836324385,1.2454267693944663,-0.29034546449747567
B3044_V60/80,viga,C1,,0.025832882998705346,-0.7748363935004259,-104.14149115202099,-2.730965532854719,1.2454267693946122,-0.7075465249077189,-0.025832882998705346,0.7748363935004259,104.14149115202099,2.730965532854719,1170.3463486908413,-8.009362901972072
B3044_V60/80,viga,C2,,0.025832882998705346,-0.7748363935004259,-104.14149115202099,-2.730965532854719,1.2454267693946122,-0.7075465249077189,-0.025832882998705346,0.7748363935004259,104.14149115202099,2.730965532854719,1170.3463486908413,-8.009362901972072
B3044_V60/80,viga,C3,,0.025832882998705346,-0.7748363935004259,-104.14149115202099,-2.730965532854719,1.2454267693946122,-0.7075465249077189,-0.025832882998705346,0.7748363935004259,104.14149115202099,2.730965532854719,1170.3463486908413,-8.009362901972072
B3045_V60/80,viga,C1,,-9.800983003655125,-6.729262317566037,40.55728409982047,5.277507036887131,-251.40821102892605,-35.502596110718606,9.800983003655125,6.729262317566037,-40.55728409982047,-5.277507036887131,-154.16462996927865,-31.790027064941768
B3045_V60/80,viga,C2,,-9.800983003655125,-6.729262317566037,40.55728409982047,5.277507036887131,-251.40821102892605,-35.502596110718606,9.800983003655125,6.729262317566037,-40.55728409982047,-5.277507036887131,-154.16462996927865,-31.790027064941768
B3045_V60/80,viga,C3,,-9.800983003655125,-6.729262317566037,40.55728409982047,5.277507036887131,-251.40821102892605,-35.502596110718606,9.800983003655125,6.729262317566037,-40.55728409982047,-5.277507036887131,-154.16462996927865,-31.790027064941768
B3046_V60/80,viga,C1,,2.2316172118332265,-0.20477562693413495,16.271905594427636,-3.8335174797570173,-75.41079999920316,-2.261381408082888,-2.2316172118332265,0.20477562693413495,-16.271905594427636,3.8335174797570173,-90.96943470381945,0.16755062268135812
B3046_V60/80,viga,C2,,2.2316172118332265,-0.20477562693413495,16.271905594427636,-3.8335174797570173,-75.41079999920316,-2.261381408082888,-2.2316172118332265,0.20477562693413495,-16.271905594427636,3.8335174797570173,-90.96943470381945,0.16755062268135812
B3046_V60/80,viga,C3,,2.2316172118332265,-0.20477562693413495,16.271905594427636,-3.8335174797570173,-75.41079999920316,-2.261381408082888,-2.2316172118332265,0.20477562693413495,-16.271905594427636,3.8335174797570173,-90.96943470381945,0.16755062268135812
B3047_V60/80,viga,C1,,-0.025832882997317567,0.7748363935004755,-103.49492596365276,-2.490048363243793,-1.2454267693941574,0.29034546449747456,0.025832882997317567,-0.7748363935004755,103.49492596365276,2.490048363243793,1165.5633438604877,8.426563962382875
B3047_V60/80,viga,C2,,-0.025832882997317567,0.7748363935004755,-103.49492596365276,-2.490048363243793,-1.2454267693941574,0.29034546449747456,0.025832882997317567,-0.7748363935004755,103.49492596365276,2.490048363243793,1165.5633438604877,8.426563962382875
B3047_V60/80,viga,C3,,-0.025832882997317567,0.7748363935004755,-103.49492596365276,-2.490048363243793,-1.2454267693941574,0.29034546449747456,0.025832882997317567,-0.7748363935004755,103.49492596365276,2.490048363243793,1165.5633438604877,8.426563962382875
B3048_V60/80,viga,C1,,-28.281824663572984,1.751366230563512,25.350024125856635,3.544370678669175,-194.62164492661776,4.597356360685646,28.281824663572984,-1.751366230563512,-25.350024125856635,-3.544370678669175,-58.87859633194857,12.916305944949473
B3048_V60/80,viga,C2,,-28.281824663572984,1.751366230563512,25.350024125856635,3.544370678669175,-194.62164492661776,4.597356360685646,28.281824663572984,-1.751366230563512,-25.350024125856635,-3.544370678669175,-58.87859633194857,12.916305944949473
B3048_V60/80,viga,C3,,-28.281824663572984,1.751366230563512,25.350024125856635,3.544370678669175,-194.62164492661776,4.597356360685646,28.281824663572984,-1.751366230563512,-25.350024125856635,-3.544370678669175,-58.87859633194857,12.916305944949473
B3049_V60/80,viga,C1,,0.0,-7.447817746465781e-14,56.76378791184731,-0.0,-580.4097313986388,-7.615393645761262e-13,0.0,7.447817746465781e-14,-56.76378791184731,0.0,-5.684341886080802e-14,0.0
B3049_V60/80,viga,C2,,0.0,-7.447817746465781e-14,56.76378791184731,-0.0,-580.4097313986388,-7.615393645761262e-13,0.0,7.447817746465781e-14,-56.76378791184731,0.0,-5.684341886080802e-14,0.0
B3049_V60/80,viga,C3,,0.0,-7.447817746465781e-14,56.76378791184731,-0.0,-580.4097313986388,-7.615393645761262e-13,0.0,7.447817746465781e-14,-56.76378791184731,0.0,-5.684341886080802e-14,0.0
B3050_V60/80,viga,C1,,5.298122753545121e-12,0.0,-85.11377340371791,0.0,0.0,0.0,-5.298122753545121e-12,0.0,85.11377340371791,-757.5125832930895,0.0,-4.715329250655158e-11
B3050_V60/80,viga,C2,,5.298122753545121e-12,0.0,-85.11377340371791,0.0,0.0,0.0,-5.298122753545121e-12,0.0,85.11377340371791,-757.5125832930895,0.0,-4.715329250655158e-11
B3050_V60/80,viga,C3,,5.298122753545121e-12,0.0,-85.11377340371791,0.0,0.0,0.0,-5.298122753545121e-12,0.0,85.11377340371791,-757.5125832930895,0.0,-4.715329250655158e-11
B3051_V60/80,viga,C1,,-5.061349674688287e-12,0.0,48.26027038692823,349.88696030522965,-0.0,3.667325064316761e-11,5.061349674688287e-12,0.0,-48.26027038692823,-2.842170943040401e-14,0.0,2.1534498322472046e-14
B3051_V60/80,viga,C2,,-5.061349674688287e-12,0.0,48.26027038692823,349.88696030522965,-0.0,3.667325064316761e-11,5.061349674688287e-12,0.0,-48.26027038692823,-2.842170943040401e-14,0.0,2.1534498322472046e-14
B3051_V60/80,viga,C3,,-5.061349674688287e-12,0.0,48.26027038692823,349.88696030522965,-0.0,3.667325064316761e-11,5.061349674688287e-12,0.0,-48.26027038692823,-2.842170943040401e-14,0.0,2.1534498322472046e-14
B3052_V60/80,viga,C1,,0.0,0.0,0.0,0.0,0.0,0.0,0.0,0.0,0.0,0.0,0.0,0.0
B3052_V60/80,viga,C2,,0.0,0.0,0.0,0.0,0.0,0.0,0.0,0.0,0.0,0.0,0.0,0.0
B3052_V60/80,viga,C3,,0.0,0.0,0.0,0.0,0.0,0.0,0.0,0.0,0.0,0.0,0.0,0.0
B3053_V60/80,viga,C1,,-11.017140551870924,4.488605907941328,14.497077235311222,64.29868587623028,-41.59945090775016,37.975777926629895,11.017140551870924,-4.488605907941328,-14.497077235311222,64.7253015180396,41.59945090775016,60.07677298502132
B3053_V60/80,viga,C2,,-11.017140551870924,4.488605907941328,14.497077235311222,64.29868587623028,-41.59945090775016,37.975777926629895,11.017140551870924,-4.488605907941328,-14.497077235311222,64.7253015180396,41.59945090775016,60.07677298502132
B3053_V60/80,viga,C3,,-11.017140551870924,4.488605907941328,14.497077235311222,64.29868587623028,-41.59945090775016,37.975777926629895,11.017140551870924,-4.488605907941328,-14.497077235311222,64.7253015180396,41.59945090775016,60.07677298502132
B3054_V60/80,viga,C1,,1.5728298511009746,3.3068309052298916,23.610520327336896,86.8267013609194,47.02291620027695,-0.3627279396191945,-1.5728298511009746,-3.3068309052298916,-23.610520327336896,84.34957101227309,-47.02291620027695,-11.040288480862872
B3054_V60/80,viga,C2,,1.5728298511009746,3.3068309052298916,23.610520327336896,86.8267013609194,47.02291620027695,-0.3627279396191945,-1.5728298511009746,-3.3068309052298916,-23.610520327336896,84.34957101227309,-47.02291620027695,-11.040288480862872
B3054_V60/80,viga,C3,,1.5728298511009746,3.3068309052298916,23.610520327336896,86.8267013609194,47.02291620027695,-0.3627279396191945,-1.5728298511009746,-3.3068309052298916,-23.610520327336896,84.34957101227309,-47.02291620027695,-11.040288480862872
B3055_V60/80,viga,C1,,0.0,0.0,0.0,0.0,0.0,0.0,0.0,0.0,0.0,0.0,0.0,0.0
B3055_V60/80,viga,C2,,0.0,0.0,0.0,0.0,0.0,0.0,0.0,0.0,0.0,0.0,0.0,0.0
B3055_V60/80,viga,C3,,0.0,0.0,0.0,0.0,0.0,0.0,0.0,0.0,0.0,0.0,0.0,0.0
B3056_V60/80,viga,C1,,-7.189985180612911,-7.001978472513047,10.348748037466288,45.79335162987927,-37.902279584245676,30.754914615956164,7.189985180612911,7.001978472513047,-10.348748037466288,46.31050590357071,37.902279584245676,33.23595349149875
B3056_V60/80,viga,C2,,-7.189985180612911,-7.001978472513047,10.348748037466288,45.79335162987927,-37.902279584245676,30.754914615956164,7.189985180612911,7.001978472513047,-10.348748037466288,46.31050590357071,37.902279584245676,33.23595349149875
B3056_V60/80,viga,C3,,-7.189985180612911,-7.001978472513047,10.348748037466288,45.79335162987927,-37.902279584245676,30.754914615956164,7.189985180612911,7.001978472513047,-10.348748037466288,46.31050590357071,37.902279584245676,33.23595349149875
B3057_V60/80,viga,C1,,4.449665430289799,-4.992903501510944,-2.21558692700026,-10.409223994722081,25.19828001709227,-26.010664873642448,-4.449665430289799,4.992903501510944,2.21558692700026,-5.653781226029806,-25.19828001709227,-6.249409495958593
B3057_V60/80,viga,C2,,4.449665430289799,-4.992903501510944,-2.21558692700026,-10.409223994722081,25.19828001709227,-26.010664873642448,-4.449665430289799,4.992903501510944,2.21558692700026,-5.653781226029806,-25.19828001709227,-6.249409495958593
B3057_V60/80,viga,C3,,4.449665430289799,-4.992903501510944,-2.21558692700026,-10.409223994722081,25.19828001709227,-26.010664873642448,-4.449665430289799,4.992903501510944,2.21558692700026,-5.653781226029806,-25.19828001709227,-6.249409495958593
B3058_V60/80,viga,C1,,0.0,0.0,0.0,0.0,0.0,0.0,0.0,0.0,0.0,0.0,0.0,0.0
B3058_V60/80,viga,C2,,0.0,0.0,0.0,0.0,0.0,0.0,0.0,0.0,0.0,0.0,0.0,0.0
B3058_V60/80,viga,C3,,0.0,0.0,0.0,0.0,0.0,0.0,0.0,0.0,0.0,0.0,0.0,0.0
B3059_V30/80,viga,C1,,0.0,0.0,15.25585297851562,0.0,-114.41889733886717,0.0,0.0,0.0,-15.25585297851562,0.0,1.4210854715202004e-14,0.0
B3059_V30/80,viga,C2,,0.0,0.0,15.25585297851562,0.0,-114.41889733886717,0.0,0.0,0.0,-15.25585297851562,0.0,1.4210854715202004e-14,0.0
B3059_V30/80,viga,C3,,0.0,0.0,15.25585297851562,0.0,-114.41889733886717,0.0,0.0,0.0,-15.25585297851562,0.0,1.4210854715202004e-14,0.0
B3060_V60/80,viga,C1,,6.9182536021799095,-3.1725625347907793,-0.38944491933127784,85.73800714311814,8.834704521767375,31.11002033449015,-6.9182536021799095,3.1725625347907793,0.38944491933127784,-85.73800714311814,-5.913867626782791,-54.904239345421
B3060_V60/80,viga,C2,,6.9182536021799095,-3.1725625347907793,-0.38944491933127784,85.73800714311814,8.834704521767375,31.11002033449015,-6.9182536021799095,3.1725625347907793,0.38944491933127784,-85.73800714311814,-5.913867626782791,-54.904239345421
B3060_V60/80,viga,C3,,6.9182536021799095,-3.1725625347907793,-0.38944491933127784,85.73800714311814,8.834704521767375,31.11002033449015,-6.9182536021799095,3.1725625347907793,0.38944491933127784,-85.73800714311814,-5.913867626782791,-54.904239345421
B3061_V60/80,viga,C1,,-4.732211438418727,-0.20267508956063268,-18.9404256089686,5.251276769186908,51.134518601102855,5.861220530676153,4.732211438418727,0.20267508956063268,18.9404256089686,-5.251276769186908,138.26973748858313,-7.88797142628248
B3061_V60/80,viga,C2,,-4.732211438418727,-0.20267508956063268,-18.9404256089686,5.251276769186908,51.134518601102855,5.861220530676153,4.732211438418727,0.20267508956063268,18.9404256089686,-5.251276769186908,138.26973748858313,-7.88797142628248
B3061_V60/80,viga,C3,,-4.732211438418727,-0.20267508956063268,-18.9404256089686,5.251276769186908,51.134518601102855,5.861220530676153,4.732211438418727,0.20267508956063268,18.9404256089686,-5.251276769186908,138.26973748858313,-7.88797142628248
B3062_V60/80,viga,C1,,0.0,4.3048946560868943e-14,108.3693074968726,0.0,-1108.0761691555217,4.396983235945491e-13,0.0,-4.3048946560868943e-14,-108.3693074968726,0.0,-6.821210263296962e-13,4.771549903358885e-16
B3062_V60/80,viga,C2,,0.0,4.3048946560868943e-14,108.3693074968726,0.0,-1108.0761691555217,4.396983235945491e-13,0.0,-4.3048946560868943e-14,-108.3693074968726,0.0,-6.821210263296962e-13,4.771549903358885e-16
B3062_V60/80,viga,C3,,0.0,4.3048946560868943e-14,108.3693074968726,0.0,-1108.0761691555217,4.396983235945491e-13,0.0,-4.3048946560868943e-14,-108.3693074968726,0.0,-6.821210263296962e-13,4.771549903358885e-16
B3063_V30/80,viga,C1,,0.0,0.0,20.747960050781256,0.0,-155.60970038085938,0.0,0.0,0.0,-20.747960050781256,0.0,-1.4210854715202004e-14,0.0
B3063_V30/80,viga,C2,,0.0,0.0,20.747960050781256,0.0,-155.60970038085938,0.0,0.0,0.0,-20.747960050781256,0.0,-1.4210854715202004e-14,0.0
B3063_V30/80,viga,C3,,0.0,0.0,20.747960050781256,0.0,-155.60970038085938,0.0,0.0,0.0,-20.747960050781256,0.0,-1.4210854715202004e-14,0.0
B3064_V40/80,viga,C1,,-0.02276350735317544,1.7250765409163862,0.1987410127705117,1.7277794880928439,-1.6687202023740613,1.2947416003600238,0.02276350735317544,-1.7250765409163862,-0.1987410127705117,1.48188786815092,1.6687202023740613,-0.9271109566062405
B3064_V40/80,viga,C2,,-0.02276350735317544,1.7250765409163862,0.1987410127705117,1.7277794880928439,-1.6687202023740613,1.2947416003600238,0.02276350735317544,-1.7250765409163862,-0.1987410127705117,1.48188786815092,1.6687202023740613,-0.9271109566062405
B3064_V40/80,viga,C3,,-0.02276350735317544,1.7250765409163862,0.1987410127705117,1.7277794880928439,-1.6687202023740613,1.2947416003600238,0.02276350735317544,-1.7250765409163862,-0.1987410127705117,1.48188786815092,1.6687202023740613,-0.9271109566062405
B3065_V60/80,viga,C1,,0.022763507353159206,-1.725076540916327,-104.01694957060677,-1.727779488093592,1.6687202023723557,-1.2947416003600019,-0.022763507353159206,1.725076540916327,104.01694957060677,1.727779488093592,1168.5219624669537,-18.112369484948676
B3065_V60/80,viga,C2,,0.022763507353159206,-1.725076540916327,-104.01694957060677,-1.727779488093592,1.6687202023723557,-1.2947416003600019,-0.022763507353159206,1.725076540916327,104.01694957060677,1.727779488093592,1168.5219624669537,-18.112369484948676
B3065_V60/80,viga,C3,,0.022763507353159206,-1.725076540916327,-104.01694957060677,-1.727779488093592,1.6687202023723557,-1.2947416003600019,-0.022763507353159206,1.725076540916327,104.01694957060677,1.727779488093592,1168.5219624669537,-18.112369484948676
B3066_V60/80,viga,C1,,79.66979598949247,-13.951837242480929,45.26128128722404,5.758816522336555,-267.1830160804743,-73.68571721461407,-79.66979598949247,13.951837242480929,-45.26128128722404,-5.758816522336555,-185.42979679176602,-65.83265521019523
B3066_V60/80,viga,C2,,79.66979598949247,-13.951837242480929,45.26128128722404,5.758816522336555,-267.1830160804743,-73.68571721461407,-79.66979598949247,13.951837242480929,-45.26128128722404,-5.758816522336555,-185.42979679176602,-65.83265521019523
B3066_V60/80,viga,C3,,79.66979598949247,-13.951837242480929,45.26128128722404,5.758816522336555,-267.1830160804743,-73.68571721461407,-79.66979598949247,13.951837242480929,-45.26128128722404,-5.758816522336555,-185.42979679176602,-65.83265521019523
B3067_V60/80,viga,C1,,23.065202189857104,-0.6137835008961904,24.25934404591076,-4.282351431086585,-118.25238376992121,-6.795416918072029,-23.065202189857104,0.6137835008961904,-24.25934404591076,4.282351431086585,-129.7994090995163,0.5194806214084817
B3067_V60/80,viga,C2,,23.065202189857104,-0.6137835008961904,24.25934404591076,-4.282351431086585,-118.25238376992121,-6.795416918072029,-23.065202189857104,0.6137835008961904,-24.25934404591076,4.282351431086585,-129.7994090995163,0.5194806214084817
B3067_V60/80,viga,C3,,23.065202189857104,-0.6137835008961904,24.25934404591076,-4.282351431086585,-118.25238376992121,-6.795416918072029,-23.065202189857104,0.6137835008961904,-24.25934404591076,4.282351431086585,-129.7994090995163,0.5194806214084817
B3068_V60/80,viga,C1,,-0.022763507353159206,1.7250765409163662,-103.61946754506606,-1.4818878681509737,-1.6687202023742884,0.9271109566062403,0.022763507353159206,-1.7250765409163662,103.61946754506606,1.4818878681509737,1167.3877300843674,18.480000128702876
B3068_V60/80,viga,C2,,-0.022763507353159206,1.7250765409163662,-103.61946754506606,-1.4818878681509737,-1.6687202023742884,0.9271109566062403,0.022763507353159206,-1.7250765409163662,103.61946754506606,1.4818878681509737,1167.3877300843674,18.480000128702876
B3068_V60/80,viga,C3,,-0.022763507353159206,1.7250765409163662,-103.61946754506606,-1.4818878681509737,-1.6687202023742884,0.9271109566062403,0.022763507353159206,-1.7250765409163662,103.61946754506606,1.4818878681509737,1167.3877300843674,18.480000128702876
B3069_V60/80,viga,C1,,87.84847690158307,4.627850688240202,29.305639649614022,3.922714206571114,-199.6994828207201,14.585362711017842,-87.84847690158307,-4.627850688240202,-29.305639649614022,-3.922714206571114,-93.35691367542012,31.693144171384176
B3069_V60/80,viga,C2,,87.84847690158307,4.627850688240202,29.305639649614022,3.922714206571114,-199.6994828207201,14.585362711017842,-87.84847690158307,-4.627850688240202,-29.305639649614022,-3.922714206571114,-93.35691367542012,31.693144171384176
B3069_V60/80,viga,C3,,87.84847690158307,4.627850688240202,29.305639649614022,3.922714206571114,-199.6994828207201,14.585362711017842,-87.84847690158307,-4.627850688240202,-29.305639649614022,-3.922714206571114,-93.35691367542012,31.693144171384176
B3070_V60/80,viga,C1,,0.0,4.0878999661052795e-13,56.763787911845796,0.0,-580.4097313986233,4.191329435110711e-12,0.0,-4.0878999661052795e-13,-56.763787911845796,0.0,0.0,-1.1451719768061727e-14
B3070_V60/80,viga,C2,,0.0,4.0878999661052795e-13,56.763787911845796,0.0,-580.4097313986233,4.191329435110711e-12,0.0,-4.0878999661052795e-13,-56.763787911845796,0.0,0.0,-1.1451719768061727e-14
B3070_V60/80,viga,C3,,0.0,4.0878999661052795e-13,56.763787911845796,0.0,-580.4097313986233,4.191329435110711e-12,0.0,-4.0878999661052795e-13,-56.763787911845796,0.0,0.0,-1.1451719768061727e-14
B3071_V60/80,viga,C1,,1.1116596848956283e-12,-2.338953001317043e-12,-85.11377340371536,-1.1368683772161603e-13,0.0,0.0,-1.1116596848956283e-12,2.338953001317043e-12,85.11377340371536,-757.5125832930665,0.0,-9.893771195571091e-12
B3071_V60/80,viga,C2,,1.1116596848956283e-12,-2.338953001317043e-12,-85.11377340371536,-1.1368683772161603e-13,0.0,0.0,-1.1116596848956283e-12,2.338953001317043e-12,85.11377340371536,-757.5125832930665,0.0,-9.893771195571091e-12
B3071_V60/80,viga,C3,,1.1116596848956283e-12,-2.338953001317043e-12,-85.11377340371536,-1.1368683772161603e-13,0.0,0.0,-1.1116596848956283e-12,2.338953001317043e-12,85.11377340371536,-757.5125832930665,0.0,-9.893771195571091e-12
B3072_V60/80,viga,C1,,-1.853451993547823e-12,0.0,48.26027038692701,349.88696030522084,7.788808710384374e-16,1.3394457956576777e-11,1.853451993547823e-12,0.0,-48.26027038692701,0.0,-7.788808710384374e-16,4.306899664494086e-14
B3072_V60/80,viga,C2,,-1.853451993547823e-12,0.0,48.26027038692701,349.88696030522084,7.788808710384374e-16,1.3394457956576777e-11,1.853451993547823e-12,0.0,-48.26027038692701,0.0,-7.788808710384374e-16,4.306899664494086e-14
B3072_V60/80,viga,C3,,-1.853451993547823e-12,0.0,48.26027038692701,349.88696030522084,7.788808710384374e-16,1.3394457956576777e-11,1.853451993547823e-12,0.0,-48.26027038692701,0.0,-7.788808710384374e-16,4.306899664494086e-14
B3073_V60/80,viga,C1,,0.0,0.0,0.0,0.0,0.0,0.0,0.0,0.0,0.0,0.0,0.0,0.0
B3073_V60/80,viga,C2,,0.0,0.0,0.0,0.0,0.0,0.0,0.0,0.0,0.0,0.0,0.0,0.0
B3073_V60/80,viga,C3,,0.0,0.0,0.0,0.0,0.0,0.0,0.0,0.0,0.0,0.0,0.0,0.0
B3074_V60/80,viga,C1,,-25.531680374028724,11.999923866022673,14.31238057215519,63.045329790468124,-46.12756496516978,87.35674170273066,25.531680374028724,-11.999923866022673,-14.31238057215519,64.33485730171306,46.12756496516978,139.875213626125
B3074_V60/80,viga,C2,,-25.531680374028724,11.999923866022673,14.31238057215519,63.045329790468124,-46.12756496516978,87.35674170273066,25.531680374028724,-11.999923866022673,-14.31238057215519,64.33485730171306,46.12756496516978,139.875213626125
B3074_V60/80,viga,C3,,-25.531680374028724,11.999923866022673,14.31238057215519,63.045329790468124,-46.12756496516978,87.35674170273066,25.531680374028724,-11.999923866022673,-14.31238057215519,64.33485730171306,46.12756496516978,139.875213626125
B3075_V60/80,viga,C1,,4.51035043625869,5.189031778665937,24.56944642478357,90.85262492628112,48.54289735294396,-2.429266251186565,-4.51035043625869,-5.189031778665937,-24.56944642478357,87.27586165339976,-48.54289735294396,-30.270774411688947
B3075_V60/80,viga,C2,,4.51035043625869,5.189031778665937,24.56944642478357,90.85262492628112,48.54289735294396,-2.429266251186565,-4.51035043625869,-5.189031778665937,-24.56944642478357,87.27586165339976,-48.54289735294396,-30.270774411688947
B3075_V60/80,viga,C3,,4.51035043625869,5.189031778665937,24.56944642478357,90.85262492628112,48.54289735294396,-2.429266251186565,-4.51035043625869,-5.189031778665937,-24.56944642478357,87.27586165339976,-48.54289735294396,-30.270774411688947
B3076_V60/80,viga,C1,,0.0,0.0,0.0,0.0,0.0,0.0,0.0,0.0,0.0,0.0,0.0,0.0
B3076_V60/80,viga,C2,,0.0,0.0,0.0,0.0,0.0,0.0,0.0,0.0,0.0,0.0,0.0,0.0
B3076_V60/80,viga,C3,,0.0,0.0,0.0,0.0,0.0,0.0,0.0,0.0,0.0,0.0,0.0,0.0
B3077_V60/80,viga,C1,,-16.393218913930593,-15.757228866963,11.199367197343888,49.31108582872406,-46.220255433837046,69.38775856289702,16.393218913930593,15.757228866963,-11.199367197343888,50.36328222763654,46.220255433837046,76.51188977108524
B3077_V60/80,viga,C2,,-16.393218913930593,-15.757228866963,11.199367197343888,49.31108582872406,-46.220255433837046,69.38775856289702,16.393218913930593,15.757228866963,-11.199367197343888,50.36328222763654,46.220255433837046,76.51188977108524
B3077_V60/80,viga,C3,,-16.393218913930593,-15.757228866963,11.199367197343888,49.31108582872406,-46.220255433837046,69.38775856289702,16.393218913930593,15.757228866963,-11.199367197343888,50.36328222763654,46.220255433837046,76.51188977108524
B3078_V60/80,viga,C1,,13.796790948606674,-10.750411125802446,-5.87423394669566,-23.541392974818887,37.61620612628363,-70.33791151705553,-13.796790948606674,10.750411125802446,5.87423394669566,-19.04680313872464,-37.61620612628363,-29.688822860342853
B3078_V60/80,viga,C2,,13.796790948606674,-10.750411125802446,-5.87423394669566,-23.541392974818887,37.61620612628363,-70.33791151705553,-13.796790948606674,10.750411125802446,5.87423394669566,-19.04680313872464,-37.61620612628363,-29.688822860342853
B3078_V60/80,viga,C3,,13.796790948606674,-10.750411125802446,-5.87423394669566,-23.541392974818887,37.61620612628363,-70.33791151705553,-13.796790948606674,10.750411125802446,5.87423394669566,-19.04680313872464,-37.61620612628363,-29.688822860342853
B3079_V60/80,viga,C1,,0.0,0.0,0.0,0.0,0.0,0.0,0.0,0.0,0.0,0.0,0.0,0.0
B3079_V60/80,viga,C2,,0.0,0.0,0.0,0.0,0.0,0.0,0.0,0.0,0.0,0.0,0.0,0.0
B3079_V60/80,viga,C3,,0.0,0.0,0.0,0.0,0.0,0.0,0.0,0.0,0.0,0.0,0.0,0.0
B3080_V30/80,viga,C1,,0.0,0.0,15.25585297851562,0.0,-114.41889733886717,0.0,0.0,0.0,-15.25585297851562,0.0,1.4210854715202004e-14,0.0
B3080_V30/80,viga,C2,,0.0,0.0,15.25585297851562,0.0,-114.41889733886717,0.0,0.0,0.0,-15.25585297851562,0.0,1.4210854715202004e-14,0.0
B3080_V30/80,viga,C3,,0.0,0.0,15.25585297851562,0.0,-114.41889733886717,0.0,0.0,0.0,-15.25585297851562,0.0,1.4210854715202004e-14,0.0
B3081_V60/80,viga,C1,,13.416646933455716,-20.31035105238023,-11.072807369294738,118.56012301107312,46.718848398361686,2.4879760044088925,-13.416646933455716,20.31035105238023,11.072807369294738,-118.56012301107312,36.32720687134885,-154.81560889726063
B3081_V60/80,viga,C2,,13.416646933455716,-20.31035105238023,-11.072807369294738,118.56012301107312,46.718848398361686,2.4879760044088925,-13.416646933455716,20.31035105238023,11.072807369294738,-118.56012301107312,36.32720687134885,-154.81560889726063
B3081_V60/80,viga,C3,,13.416646933455716,-20.31035105238023,-11.072807369294738,118.56012301107312,46.718848398361686,2.4879760044088925,-13.416646933455716,20.31035105238023,11.072807369294738,-118.56012301107312,36.32720687134885,-154.81560889726063
B3082_V60/80,viga,C1,,37.67256356426039,1.883803876295125,-23.17575923890078,5.827574559438081,74.87547497186286,25.692969997532916,-37.67256356426039,-1.883803876295125,23.17575923890078,-5.827574559438081,156.88211741714494,-6.854931234581667
B3082_V60/80,viga,C2,,37.67256356426039,1.883803876295125,-23.17575923890078,5.827574559438081,74.87547497186286,25.692969997532916,-37.67256356426039,-1.883803876295125,23.17575923890078,-5.827574559438081,156.88211741714494,-6.854931234581667
B3082_V60/80,viga,C3,,37.67256356426039,1.883803876295125,-23.17575923890078,5.827574559438081,74.87547497186286,25.692969997532916,-37.67256356426039,-1.883803876295125,23.17575923890078,-5.827574559438081,156.88211741714494,-6.854931234581667
B3083_V60/80,viga,C1,,0.0,7.58781432064747e-14,108.36930749687916,0.0,-1108.07616915559,7.744225493151961e-13,0.0,-7.58781432064747e-14,-108.36930749687916,0.0,4.547473508864641e-13,1.4314649710077663e-15
B3083_V60/80,viga,C2,,0.0,7.58781432064747e-14,108.36930749687916,0.0,-1108.07616915559,7.744225493151961e-13,0.0,-7.58781432064747e-14,-108.36930749687916,0.0,4.547473508864641e-13,1.4314649710077663e-15
B3083_V60/80,viga,C3,,0.0,7.58781432064747e-14,108.36930749687916,0.0,-1108.07616915559,7.744225493151961e-13,0.0,-7.58781432064747e-14,-108.36930749687916,0.0,4.547473508864641e-13,1.4314649710077663e-15
B3084_V30/80,viga,C1,,0.0,0.0,20.747960050781256,0.0,-155.60970038085938,0.0,0.0,0.0,-20.747960050781256,0.0,-1.4210854715202004e-14,0.0
B3084_V30/80,viga,C2,,0.0,0.0,20.747960050781256,0.0,-155.60970038085938,0.0,0.0,0.0,-20.747960050781256,0.0,-1.4210854715202004e-14,0.0
B3084_V30/80,viga,C3,,0.0,0.0,20.747960050781256,0.0,-155.60970038085938,0.0,0.0,0.0,-20.747960050781256,0.0,-1.4210854715202004e-14,0.0
B3085_V40/80,viga,C1,,-0.0409875028295953,2.9946758464373526,0.1117837397039347,1.1522881231543294,-0.766959774718973,2.257395201831697,0.0409875028295953,-2.9946758464373526,-0.1117837397039347,0.6530192730642158,0.766959774718973,-1.595447031133733
B3085_V40/80,viga,C2,,-0.0409875028295953,2.9946758464373526,0.1117837397039347,1.1522881231543294,-0.766959774718973,2.257395201831697,0.0409875028295953,-2.9946758464373526,-0.1117837397039347,0.6530192730642158,0.766959774718973,-1.595447031133733
B3085_V40/80,viga,C3,,-0.0409875028295953,2.9946758464373526,0.1117837397039347,1.1522881231543294,-0.766959774718973,2.257395201831697,0.0409875028295953,-2.9946758464373526,-0.1117837397039347,0.6530192730642158,0.766959774718973,-1.595447031133733
B3086_V60/80,viga,C1,,0.04098750282880796,-2.9946758464371075,-96.89146968345749,-1.152288123154851,0.7669597747184298,-2.25739520183161,-0.04098750282880796,2.9946758464371075,96.89146968345749,1.152288123154851,1089.262074164178,-31.432708070585846
B3086_V60/80,viga,C2,,0.04098750282880796,-2.9946758464371075,-96.89146968345749,-1.152288123154851,0.7669597747184298,-2.25739520183161,-0.04098750282880796,2.9946758464371075,96.89146968345749,1.152288123154851,1089.262074164178,-31.432708070585846
B3086_V60/80,viga,C3,,0.04098750282880796,-2.9946758464371075,-96.89146968345749,-1.152288123154851,0.7669597747184298,-2.25739520183161,-0.04098750282880796,2.9946758464371075,96.89146968345749,1.152288123154851,1089.262074164178,-31.432708070585846
B3087_V60/80,viga,C1,,-216.21479978478249,-22.51349824380795,61.39037708619722,4.599354314431262,-408.4604473868497,-118.97502325092694,216.21479978478249,22.51349824380795,-61.39037708619722,-4.599354314431262,-205.44332347512238,-106.15995918715254
B3087_V60/80,viga,C2,,-216.21479978478249,-22.51349824380795,61.39037708619722,4.599354314431262,-408.4604473868497,-118.97502325092694,216.21479978478249,22.51349824380795,-61.39037708619722,-4.599354314431262,-205.44332347512238,-106.15995918715254
B3087_V60/80,viga,C3,,-216.21479978478249,-22.51349824380795,61.39037708619722,4.599354314431262,-408.4604473868497,-118.97502325092694,216.21479978478249,22.51349824380795,-61.39037708619722,-4.599354314431262,-205.44332347512238,-106.15995918715254
B3088_V60/80,viga,C1,,-47.68252464707903,-1.417229827740421,14.340251142608151,-5.190148940791112,-51.67194262318341,-14.603579164358397,47.68252464707903,1.417229827740421,-14.340251142608151,5.190148940791112,-94.95712530998496,0.11240417571259087
B3088_V60/80,viga,C2,,-47.68252464707903,-1.417229827740421,14.340251142608151,-5.190148940791112,-51.67194262318341,-14.603579164358397,47.68252464707903,1.417229827740421,-14.340251142608151,5.190148940791112,-94.95712530998496,0.11240417571259087
B3088_V60/80,viga,C3,,-47.68252464707903,-1.417229827740421,14.340251142608151,-5.190148940791112,-51.67194262318341,-14.603579164358397,47.68252464707903,1.417229827740421,-14.340251142608151,5.190148940791112,-94.95712530998496,0.11240417571259087
B3089_V60/80,viga,C1,,-0.040987502829733145,2.994675846437349,-96.66790220403807,-0.6530192730642697,-0.7669597747193393,1.5954470311337268,0.040987502829733145,-2.994675846437349,96.66790220403807,0.6530192730642697,1088.2808595701476,32.09465624128645
B3089_V60/80,viga,C2,,-0.040987502829733145,2.994675846437349,-96.66790220403807,-0.6530192730642697,-0.7669597747193393,1.5954470311337268,0.040987502829733145,-2.994675846437349,96.66790220403807,0.6530192730642697,1088.2808595701476,32.09465624128645
B3089_V60/80,viga,C3,,-0.040987502829733145,2.994675846437349,-96.66790220403807,-0.6530192730642697,-0.7669597747193393,1.5954470311337268,0.040987502829733145,-2.994675846437349,96.66790220403807,0.6530192730642697,1088.2808595701476,32.09465624128645
B3090_V60/80,viga,C1,,-286.8010143013727,8.830339973219722,34.3206981367846,0.051311784813455684,-314.56100310423676,31.473665736780635,286.8010143013727,-8.830339973219722,-34.3206981367846,-0.051311784813455684,-28.64597826360918,56.82973399541658
B3090_V60/80,viga,C2,,-286.8010143013727,8.830339973219722,34.3206981367846,0.051311784813455684,-314.56100310423676,31.473665736780635,286.8010143013727,-8.830339973219722,-34.3206981367846,-0.051311784813455684,-28.64597826360918,56.82973399541658
B3090_V60/80,viga,C3,,-286.8010143013727,8.830339973219722,34.3206981367846,0.051311784813455684,-314.56100310423676,31.473665736780635,286.8010143013727,-8.830339973219722,-34.3206981367846,-0.051311784813455684,-28.64597826360918,56.82973399541658
B3091_V60/80,viga,C1,,0.0,1.926352860740022e-13,52.91539551104194,0.0,-541.0599191004039,1.984964759797422e-12,0.0,-1.926352860740022e-13,-52.91539551104194,0.0,0.0,-1.526895969074944e-14
B3091_V60/80,viga,C2,,0.0,1.926352860740022e-13,52.91539551104194,0.0,-541.0599191004039,1.984964759797422e-12,0.0,-1.926352860740022e-13,-52.91539551104194,0.0,0.0,-1.526895969074944e-14
B3091_V60/80,viga,C3,,0.0,1.926352860740022e-13,52.91539551104194,0.0,-541.0599191004039,1.984964759797422e-12,0.0,-1.926352860740022e-13,-52.91539551104194,0.0,0.0,-1.526895969074944e-14
B3092_V60/80,viga,C1,,-1.1471381854774035e-12,0.0,-79.34334808820898,0.0,0.0,7.016859003951101e-14,1.1471381854774035e-12,0.0,79.34334808820898,-706.15579798506,0.0,1.0139361260709381e-11
B3092_V60/80,viga,C2,,-1.1471381854774035e-12,0.0,-79.34334808820898,0.0,0.0,7.016859003951101e-14,1.1471381854774035e-12,0.0,79.34334808820898,-706.15579798506,0.0,1.0139361260709381e-11
B3092_V60/80,viga,C3,,-1.1471381854774035e-12,0.0,-79.34334808820898,0.0,0.0,7.016859003951101e-14,1.1471381854774035e-12,0.0,79.34334808820898,-706.15579798506,0.0,1.0139361260709381e-11
B3093_V60/80,viga,C1,,-4.811846521710694e-13,0.0,53.99939425469811,391.4956083465615,-0.0,3.617795718175078e-12,4.811846521710694e-13,0.0,-53.99939425469811,-1.7053025658242404e-13,0.0,-1.292069899348246e-13
B3093_V60/80,viga,C2,,-4.811846521710694e-13,0.0,53.99939425469811,391.4956083465615,-0.0,3.617795718175078e-12,4.811846521710694e-13,0.0,-53.99939425469811,-1.7053025658242404e-13,0.0,-1.292069899348246e-13
B3093_V60/80,viga,C3,,-4.811846521710694e-13,0.0,53.99939425469811,391.4956083465615,-0.0,3.617795718175078e-12,4.811846521710694e-13,0.0,-53.99939425469811,-1.7053025658242404e-13,0.0,-1.292069899348246e-13
B3094_V60/80,viga,C1,,0.0,0.0,0.0,0.0,0.0,0.0,0.0,0.0,0.0,0.0,0.0,0.0
B3094_V60/80,viga,C2,,0.0,0.0,0.0,0.0,0.0,0.0,0.0,0.0,0.0,0.0,0.0,0.0
B3094_V60/80,viga,C3,,0.0,0.0,0.0,0.0,0.0,0.0,0.0,0.0,0.0,0.0,0.0,0.0
B3095_V60/80,viga,C1,,-48.3620824263996,39.701404225517926,11.13375784448962,42.92285810157362,-69.76129095845117,168.83820181176978,48.3620824263996,-39.701404225517926,-11.13375784448962,56.167586714384015,69.76129095845117,261.5843317831867
B3095_V60/80,viga,C2,,-48.3620824263996,39.701404225517926,11.13375784448962,42.92285810157362,-69.76129095845117,168.83820181176978,48.3620824263996,-39.701404225517926,-11.13375784448962,56.167586714384015,69.76129095845117,261.5843317831867
B3095_V60/80,viga,C3,,-48.3620824263996,39.701404225517926,11.13375784448962,42.92285810157362,-69.76129095845117,168.83820181176978,48.3620824263996,-39.701404225517926,-11.13375784448962,56.167586714384015,69.76129095845117,261.5843317831867
B3096_V60/80,viga,C1,,13.420258294653015,-21.33358611001905,20.25579972437929,83.58090186339741,82.1554376349242,-23.537666296153066,-13.420258294653015,21.33358611001905,-20.25579972437929,63.27364613835245,-82.1554376349242,-73.7592063400813
B3096_V60/80,viga,C2,,13.420258294653015,-21.33358611001905,20.25579972437929,83.58090186339741,82.1554376349242,-23.537666296153066,-13.420258294653015,21.33358611001905,-20.25579972437929,63.27364613835245,-82.1554376349242,-73.7592063400813
B3096_V60/80,viga,C3,,13.420258294653015,-21.33358611001905,20.25579972437929,83.58090186339741,82.1554376349242,-23.537666296153066,-13.420258294653015,21.33358611001905,-20.25579972437929,63.27364613835245,-82.1554376349242,-73.7592063400813
B3097_V60/80,viga,C1,,0.0,0.0,0.0,0.0,0.0,0.0,0.0,0.0,0.0,0.0,0.0,0.0
B3097_V60/80,viga,C2,,0.0,0.0,0.0,0.0,0.0,0.0,0.0,0.0,0.0,0.0,0.0,0.0
B3097_V60/80,viga,C3,,0.0,0.0,0.0,0.0,0.0,0.0,0.0,0.0,0.0,0.0,0.0,0.0
B3098_V60/80,viga,C1,,-31.19252862507378,-8.968051544375244,9.384502314250502,39.0013753710286,-47.38828050198797,131.93965167020627,31.19252862507378,8.968051544375244,-9.384502314250502,44.520695225800885,47.38828050198797,145.67385309295037
B3098_V60/80,viga,C2,,-31.19252862507378,-8.968051544375244,9.384502314250502,39.0013753710286,-47.38828050198797,131.93965167020627,31.19252862507378,8.968051544375244,-9.384502314250502,44.520695225800885,47.38828050198797,145.67385309295037
B3098_V60/80,viga,C3,,-31.19252862507378,-8.968051544375244,9.384502314250502,39.0013753710286,-47.38828050198797,131.93965167020627,31.19252862507378,8.968051544375244,-9.384502314250502,44.520695225800885,47.38828050198797,145.67385309295037
B3099_V60/80,viga,C1,,30.65231435566182,0.6627392647173823,-6.764768485142878,-28.74603751380308,17.469957499459426,-143.1498147608827,-30.65231435566182,-0.6627392647173823,6.764768485142878,-20.298534003482786,-17.469957499459426,-79.07946431766551
B3099_V60/80,viga,C2,,30.65231435566182,0.6627392647173823,-6.764768485142878,-28.74603751380308,17.469957499459426,-143.1498147608827,-30.65231435566182,-0.6627392647173823,6.764768485142878,-20.298534003482786,-17.469957499459426,-79.07946431766551
B3099_V60/80,viga,C3,,30.65231435566182,0.6627392647173823,-6.764768485142878,-28.74603751380308,17.469957499459426,-143.1498147608827,-30.65231435566182,-0.6627392647173823,6.764768485142878,-20.298534003482786,-17.469957499459426,-79.07946431766551
B3100_V60/80,viga,C1,,0.0,0.0,0.0,0.0,0.0,0.0,0.0,0.0,0.0,0.0,0.0,0.0
B3100_V60/80,viga,C2,,0.0,0.0,0.0,0.0,0.0,0.0,0.0,0.0,0.0,0.0,0.0,0.0
B3100_V60/80,viga,C3,,0.0,0.0,0.0,0.0,0.0,0.0,0.0,0.0,0.0,0.0,0.0,0.0
B3101_V30/80,viga,C1,,0.0,0.0,14.221557861328114,0.0,-106.6616839599609,0.0,0.0,0.0,-14.221557861328114,0.0,4.263256414560601e-14,0.0
B3101_V30/80,viga,C2,,0.0,0.0,14.221557861328114,0.0,-106.6616839599609,0.0,0.0,0.0,-14.221557861328114,0.0,4.263256414560601e-14,0.0
B3101_V30/80,viga,C3,,0.0,0.0,14.221557861328114,0.0,-106.6616839599609,0.0,0.0,0.0,-14.221557861328114,0.0,4.263256414560601e-14,0.0
B3102_V60/80,viga,C1,,-19.03639276955617,-58.10140847132546,-2.084524455609644,142.77517290725126,32.369745032099715,-106.24474997824412,19.03639276955617,58.10140847132546,2.084524455609644,-142.77517290725126,-16.735811615027387,-329.51581355669686
B3102_V60/80,viga,C2,,-19.03639276955617,-58.10140847132546,-2.084524455609644,142.77517290725126,32.369745032099715,-106.24474997824412,19.03639276955617,58.10140847132546,2.084524455609644,-142.77517290725126,-16.735811615027387,-329.51581355669686
B3102_V60/80,viga,C3,,-19.03639276955617,-58.10140847132546,-2.084524455609644,142.77517290725126,32.369745032099715,-106.24474997824412,19.03639276955617,58.10140847132546,2.084524455609644,-142.77517290725126,-16.735811615027387,-329.51581355669686
B3103_V60/80,viga,C1,,-168.53624345109964,5.7608133021463175,-26.550893467694443,6.837509846545168,61.83070559701199,57.55684268300382,168.53624345109964,-5.7608133021463175,26.550893467694443,-6.837509846545168,203.6782290799324,0.051290338459352824
B3103_V60/80,viga,C2,,-168.53624345109964,5.7608133021463175,-26.550893467694443,6.837509846545168,61.83070559701199,57.55684268300382,168.53624345109964,-5.7608133021463175,26.550893467694443,-6.837509846545168,203.6782290799324,0.051290338459352824
B3103_V60/80,viga,C3,,-168.53624345109964,5.7608133021463175,-26.550893467694443,6.837509846545168,61.83070559701199,57.55684268300382,168.53624345109964,-5.7608133021463175,26.550893467694443,-6.837509846545168,203.6782290799324,0.051290338459352824
B3104_V60/80,viga,C1,,0.0,-2.9539277152336094e-14,74.36804963219929,-1.3806568007405063e-16,-760.4133074892375,-3.0108479890196475e-13,0.0,2.9539277152336094e-14,-74.36804963219929,1.3806568007405063e-16,-3.410605131648481e-13,-9.543099806718526e-16
B3104_V60/80,viga,C2,,0.0,-2.9539277152336094e-14,74.36804963219929,-1.3806568007405063e-16,-760.4133074892375,-3.0108479890196475e-13,0.0,2.9539277152336094e-14,-74.36804963219929,1.3806568007405063e-16,-3.410605131648481e-13,-9.543099806718526e-16
B3104_V60/80,viga,C3,,0.0,-2.9539277152336094e-14,74.36804963219929,-1.3806568007405063e-16,-760.4133074892375,-3.0108479890196475e-13,0.0,2.9539277152336094e-14,-74.36804963219929,1.3806568007405063e-16,-3.410605131648481e-13,-9.543099806718526e-16
B3105_V30/80,viga,C1,,0.0,0.0,19.341318691406254,0.0,-145.0598901855469,0.0,0.0,0.0,-19.341318691406254,0.0,-1.4210854715202004e-14,0.0
B3105_V30/80,viga,C2,,0.0,0.0,19.341318691406254,0.0,-145.0598901855469,0.0,0.0,0.0,-19.341318691406254,0.0,-1.4210854715202004e-14,0.0
B3105_V30/80,viga,C3,,0.0,0.0,19.341318691406254,0.0,-145.0598901855469,0.0,0.0,0.0,-19.341318691406254,0.0,-1.4210854715202004e-14,0.0
C1001,columna,C1,,-201.74397310509903,16.86483680948669,1735.033986376386,-45.052395844318156,792.2917031424068,2.1492603123438814,201.74397310509903,-16.86483680948669,-1735.033986376386,42.52267032289515,-822.5532991081717,-2.1492603123438814
C1001,columna,C2,,-201.74397310509903,16.86483680948669,1735.033986376386,-45.052395844318156,792.2917031424068,2.1492603123438814,201.74397310509903,-16.86483680948669,-1735.033986376386,42.52267032289515,-822.5532991081717,-2.1492603123438814
C1001,columna,C3,,-201.74397310509903,16.86483680948669,1735.033986376386,-45.052395844318156,792.2917031424068,2.1492603123438814,201.74397310509903,-16.86483680948669,-1735.033986376386,42.52267032289515,-822.5532991081717,-2.1492603123438814
C1002,columna,C1,,51.13083101730403,7.786897117213982,880.8830985248137,-18.574741806196815,30.533378271307296,0.6391967855990599,-51.13083101730403,-7.786897117213982,-880.8830985248137,17.406707238614718,-22.86375361871169,-0.6391967855990599
C1002,columna,C2,,51.13083101730403,7.786897117213982,880.8830985248137,-18.574741806196815,30.533378271307296,0.6391967855990599,-51.13083101730403,-7.786897117213982,-880.8830985248137,17.406707238614718,-22.86375361871169,-0.6391967855990599
C1002,columna,C3,,51.13083101730403,7.786897117213982,880.8830985248137,-18.574741806196815,30.533378271307296,0.6391967855990599,-51.13083101730403,-7.786897117213982,-880.8830985248137,17.406707238614718,-22.86375361871169,-0.6391967855990599
C1003,columna,C1,,8.263617992376737,2.266750253360712,215.55667973537965,-16.344426705503803,37.99830682717943,0.5721179317873247,-8.263617992376737,-2.266750253360712,-215.55667973537965,16.004414167499696,-36.758764128322916,-0.5721179317873247
C1003,columna,C2,,8.263617992376737,2.266750253360712,215.55667973537965,-16.344426705503803,37.99830682717943,0.5721179317873247,-8.263617992376737,-2.266750253360712,-215.55667973537965,16.004414167499696,-36.758764128322916,-0.5721179317873247
C1003,columna,C3,,8.263617992376737,2.266750253360712,215.55667973537965,-16.344426705503803,37.99830682717943,0.5721179317873247,-8.263617992376737,-2.266750253360712,-215.55667973537965,16.004414167499696,-36.758764128322916,-0.5721179317873247
C1004,columna,C1,,16.911813567115367,-76.4855347968421,1790.5621034038884,-360.2166540653452,32.09341015535,-36.252708326643116,-16.911813567115367,76.4855347968421,-1790.5621034038884,371.6894842848715,-29.556638120282695,36.252708326643116
C1004,columna,C2,,16.911813567115367,-76.4855347968421,1790.5621034038884,-360.2166540653452,32.09341015535,-36.252708326643116,-16.911813567115367,76.4855347968421,-1790.5621034038884,371.6894842848715,-29.556638120282695,36.252708326643116
C1004,columna,C3,,16.911813567115367,-76.4855347968421,1790.5621034038884,-360.2166540653452,32.09341015535,-36.252708326643116,-16.911813567115367,76.4855347968421,-1790.5621034038884,371.6894842848715,-29.556638120282695,36.252708326643116
C1005,columna,C1,,-21.154416937901175,18.09143806254454,1470.5928409597893,-45.970719359921134,48.367090786178984,-2.0426452507187816,21.154416937901175,-18.09143806254454,-1470.5928409597893,43.25700365053945,-51.54025332686416,2.0426452507187816
C1005,columna,C2,,-21.154416937901175,18.09143806254454,1470.5928409597893,-45.970719359921134,48.367090786178984,-2.0426452507187816,21.154416937901175,-18.09143806254454,-1470.5928409597893,43.25700365053945,-51.54025332686416,2.0426452507187816
C1005,columna,C3,,-21.154416937901175,18.09143806254454,1470.5928409597893,-45.970719359921134,48.367090786178984,-2.0426452507187816,21.154416937901175,-18.09143806254454,-1470.5928409597893,43.25700365053945,-51.54025332686416,2.0426452507187816
C1006,columna,C1,,213.1792072860253,8.439512291913402,2164.243364344367,-18.018894478872312,-681.3242142126838,0.7780914598406943,-213.1792072860253,-8.439512291913402,-2164.243364344367,16.7529676350853,713.3010953055876,-0.7780914598406943
C1006,columna,C2,,213.1792072860253,8.439512291913402,2164.243364344367,-18.018894478872312,-681.3242142126838,0.7780914598406943,-213.1792072860253,-8.439512291913402,-2164.243364344367,16.7529676350853,713.3010953055876,-0.7780914598406943
C1006,columna,C3,,213.1792072860253,8.439512291913402,2164.243364344367,-18.018894478872312,-681.3242142126838,0.7780914598406943,-213.1792072860253,-8.439512291913402,-2164.243364344367,16.7529676350853,713.3010953055876,-0.7780914598406943
C1007,columna,C1,,-216.71916677046738,18.708765311686335,1414.6806655015614,-46.2222938669451,789.506738978359,-1.6944240732745448,216.71916677046738,-18.708765311686335,-1414.6806655015614,43.41597907019215,-822.0146139939291,1.6944240732745448
C1007,columna,C2,,-216.71916677046738,18.708765311686335,1414.6806655015614,-46.2222938669451,789.506738978359,-1.6944240732745448,216.71916677046738,-18.708765311686335,-1414.6806655015614,43.41597907019215,-822.0146139939291,1.6944240732745448
C1007,columna,C3,,-216.71916677046738,18.708765311686335,1414.6806655015614,-46.2222938669451,789.506738978359,-1.6944240732745448,216.71916677046738,-18.708765311686335,-1414.6806655015614,43.41597907019215,-822.0146139939291,1.6944240732745448
C1008,columna,C1,,150.1320869506617,4.327334950631361,1020.8691094921205,-15.026290610084159,-356.18855665402424,-5.018431531454716,-150.1320869506617,-4.327334950631361,-1020.8691094921205,14.377190367489455,378.7083696966235,5.018431531454716
C1008,columna,C2,,150.1320869506617,4.327334950631361,1020.8691094921205,-15.026290610084159,-356.18855665402424,-5.018431531454716,-150.1320869506617,-4.327334950631361,-1020.8691094921205,14.377190367489455,378.7083696966235,5.018431531454716
C1008,columna,C3,,150.1320869506617,4.327334950631361,1020.8691094921205,-15.026290610084159,-356.18855665402424,-5.018431531454716,-150.1320869506617,-4.327334950631361,-1020.8691094921205,14.377190367489455,378.7083696966235,5.018431531454716
C2001,columna,C1,,-180.7412722328068,16.85659249511278,1419.8987431177106,-48.690048451404024,-272.5102397301233,1.9636294206524627,180.7412722328068,-16.85659249511278,-1419.8987431177106,-18.062057829242576,-443.22519831179153,-1.9636294206524627
C2001,columna,C2,,-180.7412722328068,16.85659249511278,1419.8987431177106,-48.690048451404024,-272.5102397301233,1.9636294206524627,180.7412722328068,-16.85659249511278,-1419.8987431177106,-18.062057829242576,-443.22519831179153,-1.9636294206524627
C2001,columna,C3,,-180.7412722328068,16.85659249511278,1419.8987431177106,-48.690048451404024,-272.5102397301233,1.9636294206524627,180.7412722328068,-16.85659249511278,-1419.8987431177106,-18.062057829242576,-443.22519831179153,-1.9636294206524627
C2002,columna,C1,,30.06239205998909,7.789722994710276,696.7325750550626,-20.170034519772134,68.77673538641693,0.40675858053259745,-30.06239205998909,-7.789722994710276,-696.7325750550626,-10.677268539280558,50.27033717113986,-0.40675858053259745
C2002,columna,C2,,30.06239205998909,7.789722994710276,696.7325750550626,-20.170034519772134,68.77673538641693,0.40675858053259745,-30.06239205998909,-7.789722994710276,-696.7325750550626,-10.677268539280558,50.27033717113986,-0.40675858053259745
C2002,columna,C3,,30.06239205998909,7.789722994710276,696.7325750550626,-20.170034519772134,68.77673538641693,0.40675858053259745,-30.06239205998909,-7.789722994710276,-696.7325750550626,-10.677268539280558,50.27033717113986,-0.40675858053259745
C2003,columna,C1,,8.51722753795884,2.2575671790990532,159.4401091168612,-15.982219208969935,40.26812220878398,0.6182165408880553,-8.51722753795884,-2.2575671790990532,-159.4401091168612,7.042253179737685,-6.539901158466975,-0.6182165408880553
C2003,columna,C2,,8.51722753795884,2.2575671790990532,159.4401091168612,-15.982219208969935,40.26812220878398,0.6182165408880553,-8.51722753795884,-2.2575671790990532,-159.4401091168612,7.042253179737685,-6.539901158466975,-0.6182165408880553
C2003,columna,C3,,8.51722753795884,2.2575671790990532,159.4401091168612,-15.982219208969935,40.26812220878398,0.6182165408880553,-8.51722753795884,-2.2575671790990532,-159.4401091168612,7.042253179737685,-6.539901158466975,-0.6182165408880553
C2004,columna,C1,,16.25771439081812,-76.94124809407035,1421.5384145604048,30.582715834671177,35.0009005300763,-38.55253687133998,-16.25771439081812,76.94124809407035,-1421.5384145604048,274.10462661784743,29.379648457563434,38.55253687133998
C2004,columna,C2,,16.25771439081812,-76.94124809407035,1421.5384145604048,30.582715834671177,35.0009005300763,-38.55253687133998,-16.25771439081812,76.94124809407035,-1421.5384145604048,274.10462661784743,29.379648457563434,38.55253687133998
C2004,columna,C3,,16.25771439081812,-76.94124809407035,1421.5384145604048,30.582715834671177,35.0009005300763,-38.55253687133998,-16.25771439081812,76.94124809407035,-1421.5384145604048,274.10462661784743,29.379648457563434,38.55253687133998
C2005,columna,C1,,-0.7295573827170276,18.55776297906442,1150.0687539283144,-50.8703936022546,11.698938379424298,-3.2636878077569333,0.7295573827170276,-18.55776297906442,-1150.0687539283144,-22.618347794840496,-14.587985614983728,3.2636878077569333
C2005,columna,C2,,-0.7295573827170276,18.55776297906442,1150.0687539283144,-50.8703936022546,11.698938379424298,-3.2636878077569333,0.7295573827170276,-18.55776297906442,-1150.0687539283144,-22.618347794840496,-14.587985614983728,3.2636878077569333
C2005,columna,C3,,-0.7295573827170276,18.55776297906442,1150.0687539283144,-50.8703936022546,11.698938379424298,-3.2636878077569333,0.7295573827170276,-18.55776297906442,-1150.0687539283144,-22.618347794840496,-14.587985614983728,3.2636878077569333
C2006,columna,C1,,193.06321558878793,8.532575508845097,1712.2734016194738,-21.04661935973776,327.6379394155742,0.5808722483187946,-193.06321558878793,-8.532575508845097,-1712.2734016194738,-12.742379655288824,436.89239431602596,-0.5808722483187946
C2006,columna,C2,,193.06321558878793,8.532575508845097,1712.2734016194738,-21.04661935973776,327.6379394155742,0.5808722483187946,-193.06321558878793,-8.532575508845097,-1712.2734016194738,-12.742379655288824,436.89239431602596,-0.5808722483187946
C2006,columna,C3,,193.06321558878793,8.532575508845097,1712.2734016194738,-21.04661935973776,327.6379394155742,0.5808722483187946,-193.06321558878793,-8.532575508845097,-1712.2734016194738,-12.742379655288824,436.89239431602596,-0.5808722483187946
C2007,columna,C1,,-185.1668701947233,18.67422399551094,1130.636967308095,-51.15775306505616,-284.9969112956532,-1.4646444555793492,185.1668701947233,-18.67422399551094,-1130.636967308095,-22.792173957167154,-448.26389467545096,1.4646444555793492
C2007,columna,C2,,-185.1668701947233,18.67422399551094,1130.636967308095,-51.15775306505616,-284.9969112956532,-1.4646444555793492,185.1668701947233,-18.67422399551094,-1130.636967308095,-22.792173957167154,-448.26389467545096,1.4646444555793492
C2007,columna,C3,,-185.1668701947233,18.67422399551094,1130.636967308095,-51.15775306505616,-284.9969112956532,-1.4646444555793492,185.1668701947233,-18.67422399551094,-1130.636967308095,-22.792173957167154,-448.26389467545096,1.4646444555793492
C2008,columna,C1,,118.7371502327028,4.272802941723956,800.5000876850896,-15.455253951092502,209.9211694793483,-5.33504028570401,-118.7371502327028,-4.272802941723956,-800.5000876850896,-1.4650456981343645,260.27794544215476,5.33504028570401
C2008,columna,C2,,118.7371502327028,4.272802941723956,800.5000876850896,-15.455253951092502,209.9211694793483,-5.33504028570401,-118.7371502327028,-4.272802941723956,-800.5000876850896,-1.4650456981343645,260.27794544215476,5.33504028570401
C2008,columna,C3,,118.7371502327028,4.272802941723956,800.5000876850896,-15.455253951092502,209.9211694793483,-5.33504028570401,-118.7371502327028,-4.272802941723956,-800.5000876850896,-1.4650456981343645,260.27794544215476,5.33504028570401
C3001,columna,C1,,-231.3464740444264,18.489924976478665,1067.1713697697955,-40.65429233100301,-454.01836700843376,8.452944407364233,231.3464740444264,-18.489924976478665,-1067.1713697697955,-32.56581057585251,-462.1136702074947,-8.452944407364233
C3001,columna,C2,,-231.3464740444264,18.489924976478665,1067.1713697697955,-40.65429233100301,-454.01836700843376,8.452944407364233,231.3464740444264,-18.489924976478665,-1067.1713697697955,-32.56581057585251,-462.1136702074947,-8.452944407364233
C3001,columna,C3,,-231.3464740444264,18.489924976478665,1067.1713697697955,-40.65429233100301,-454.01836700843376,8.452944407364233,231.3464740444264,-18.489924976478665,-1067.1713697697955,-32.56581057585251,-462.1136702074947,-8.452944407364233
C3002,columna,C1,,69.18454883394095,9.231549964432965,524.3089195686816,-17.86836488211629,150.74657526814127,4.639305896256711,-69.18454883394095,-9.231549964432965,-524.3089195686816,-18.68857297703825,123.22423811426492,-4.639305896256711
C3002,columna,C2,,69.18454883394095,9.231549964432965,524.3089195686816,-17.86836488211629,150.74657526814127,4.639305896256711,-69.18454883394095,-9.231549964432965,-524.3089195686816,-18.68857297703825,123.22423811426492,-4.639305896256711
C3002,columna,C3,,69.18454883394095,9.231549964432965,524.3089195686816,-17.86836488211629,150.74657526814127,4.639305896256711,-69.18454883394095,-9.231549964432965,-524.3089195686816,-18.68857297703825,123.22423811426492,-4.639305896256711
C3003,columna,C1,,22.385705245383274,2.2357889555706807,111.57147055178854,-9.202749311677973,59.22881819141226,0.7994354198024052,-22.385705245383274,-2.2357889555706807,-111.57147055178854,0.3490250476180785,29.418574580305496,-0.7994354198024052
C3003,columna,C2,,22.385705245383274,2.2357889555706807,111.57147055178854,-9.202749311677973,59.22881819141226,0.7994354198024052,-22.385705245383274,-2.2357889555706807,-111.57147055178854,0.3490250476180785,29.418574580305496,-0.7994354198024052
C3003,columna,C3,,22.385705245383274,2.2357889555706807,111.57147055178854,-9.202749311677973,59.22881819141226,0.7994354198024052,-22.385705245383274,-2.2357889555706807,-111.57147055178854,0.3490250476180785,29.418574580305496,-0.7994354198024052
C3004,columna,C1,,1.2985077660669448,-81.58432205850673,1045.4899520592246,80.82792805933241,-4.572920172553234,-72.6467536393379,-1.2985077660669448,81.58432205850673,-1045.4899520592246,242.24598729235427,9.715010926178335,72.6467536393379
C3004,columna,C2,,1.2985077660669448,-81.58432205850673,1045.4899520592246,80.82792805933241,-4.572920172553234,-72.6467536393379,-1.2985077660669448,81.58432205850673,-1045.4899520592246,242.24598729235427,9.715010926178335,72.6467536393379
C3004,columna,C3,,1.2985077660669448,-81.58432205850673,1045.4899520592246,80.82792805933241,-4.572920172553234,-72.6467536393379,-1.2985077660669448,81.58432205850673,-1045.4899520592246,242.24598729235427,9.715010926178335,72.6467536393379
C3005,columna,C1,,-32.48005715702582,19.998606721777655,841.8872286021023,-45.17284465988351,-71.59604854315359,-14.917970680796692,32.48005715702582,-19.998606721777655,-841.8872286021023,-34.021637958355996,-57.02497779866866,14.917970680796692
C3005,columna,C2,,-32.48005715702582,19.998606721777655,841.8872286021023,-45.17284465988351,-71.59604854315359,-14.917970680796692,32.48005715702582,-19.998606721777655,-841.8872286021023,-34.021637958355996,-57.02497779866866,14.917970680796692
C3005,columna,C3,,-32.48005715702582,19.998606721777655,841.8872286021023,-45.17284465988351,-71.59604854315359,-14.917970680796692,32.48005715702582,-19.998606721777655,-841.8872286021023,-34.021637958355996,-57.02497779866866,14.917970680796692
C3006,columna,C1,,239.27039477943603,9.204741432373655,1255.572641037795,-18.886665133585808,476.5577525560981,1.2316928815499357,-239.27039477943603,-9.204741432373655,-1255.572641037795,-17.56411093861386,470.9530107704685,-1.2316928815499357
C3006,columna,C2,,239.27039477943603,9.204741432373655,1255.572641037795,-18.886665133585808,476.5577525560981,1.2316928815499357,-239.27039477943603,-9.204741432373655,-1255.572641037795,-17.56411093861386,470.9530107704685,-1.2316928815499357
C3006,columna,C3,,239.27039477943603,9.204741432373655,1255.572641037795,-18.886665133585808,476.5577525560981,1.2316928815499357,-239.27039477943603,-9.204741432373655,-1255.572641037795,-17.56411093861386,470.9530107704685,-1.2316928815499357
C3007,columna,C1,,-246.6482167521968,22.5526915372942,846.7737710180003,-48.39310916450614,-489.41712050974354,-5.412664091776302,246.6482167521968,-22.5526915372942,-846.7737710180003,-40.915549323178894,-487.3098178289557,5.412664091776302
C3007,columna,C2,,-246.6482167521968,22.5526915372942,846.7737710180003,-48.39310916450614,-489.41712050974354,-5.412664091776302,246.6482167521968,-22.5526915372942,-846.7737710180003,-40.915549323178894,-487.3098178289557,5.412664091776302
C3007,columna,C3,,-246.6482167521968,22.5526915372942,846.7737710180003,-48.39310916450614,-489.41712050974354,-5.412664091776302,246.6482167521968,-22.5526915372942,-846.7737710180003,-40.915549323178894,-487.3098178289557,5.412664091776302
C3008,columna,C1,,178.3355913288041,-0.12898152942609312,596.9809038363264,-1.0668999500532457,369.34607073386076,-13.578512562211117,-178.3355913288041,0.12898152942609312,-596.9809038363264,1.5776668065805743,336.8628709282034,13.578512562211117
C3008,columna,C2,,178.3355913288041,-0.12898152942609312,596.9809038363264,-1.0668999500532457,369.34607073386076,-13.578512562211117,-178.3355913288041,0.12898152942609312,-596.9809038363264,1.5776668065805743,336.8628709282034,13.578512562211117
C3008,columna,C3,,178.3355913288041,-0.12898152942609312,596.9809038363264,-1.0668999500532457,369.34607073386076,-13.578512562211117,-178.3355913288041,0.12898152942609312,-596.9809038363264,1.5776668065805743,336.8628709282034,13.578512562211117
C4001,columna,C1,,-210.50251760590086,19.95574499260429,707.4707842705409,-39.74134787011964,-415.22501654667013,13.989125493425014,210.50251760590086,-19.95574499260429,-707.4707842705409,-39.28340230059334,-418.364953172697,-13.989125493425014
C4001,columna,C2,,-210.50251760590086,19.95574499260429,707.4707842705409,-39.74134787011964,-415.22501654667013,13.989125493425014,210.50251760590086,-19.95574499260429,-707.4707842705409,-39.28340230059334,-418.364953172697,-13.989125493425014
C4001,columna,C3,,-210.50251760590086,19.95574499260429,707.4707842705409,-39.74134787011964,-415.22501654667013,13.989125493425014,210.50251760590086,-19.95574499260429,-707.4707842705409,-39.28340230059334,-418.364953172697,-13.989125493425014
C4002,columna,C1,,64.34193379906239,9.709041746313977,345.9029831439343,-17.99375413619706,144.25347143846312,7.935799753325159,-64.34193379906239,-9.709041746313977,-345.9029831439343,-20.454051179206274,110.54058640582389,-7.935799753325159
C4002,columna,C2,,64.34193379906239,9.709041746313977,345.9029831439343,-17.99375413619706,144.25347143846312,7.935799753325159,-64.34193379906239,-9.709041746313977,-345.9029831439343,-20.454051179206274,110.54058640582389,-7.935799753325159
C4002,columna,C3,,64.34193379906239,9.709041746313977,345.9029831439343,-17.99375413619706,144.25347143846312,7.935799753325159,-64.34193379906239,-9.709041746313977,-345.9029831439343,-20.454051179206274,110.54058640582389,-7.935799753325159
C4003,columna,C1,,24.617322457217124,2.0310133286365586,71.07958823437022,-4.1825425273750625,61.550860123513615,0.6318847971210576,-24.617322457217124,-2.0310133286365586,-71.07958823437022,-3.860270254025707,35.93373680706617,-0.6318847971210576
C4003,columna,C2,,24.617322457217124,2.0310133286365586,71.07958823437022,-4.1825425273750625,61.550860123513615,0.6318847971210576,-24.617322457217124,-2.0310133286365586,-71.07958823437022,-3.860270254025707,35.93373680706617,-0.6318847971210576
C4003,columna,C3,,24.617322457217124,2.0310133286365586,71.07958823437022,-4.1825425273750625,61.550860123513615,0.6318847971210576,-24.617322457217124,-2.0310133286365586,-71.07958823437022,-3.860270254025707,35.93373680706617,-0.6318847971210576
C4004,columna,C1,,-5.619745836102764,-78.41175952371825,678.4380419597537,79.6416285523874,-18.54971544794649,-103.75677397381776,5.619745836102764,78.41175952371825,-678.4380419597537,230.86893916153673,-3.70447806302045,103.75677397381776
C4004,columna,C2,,-5.619745836102764,-78.41175952371825,678.4380419597537,79.6416285523874,-18.54971544794649,-103.75677397381776,5.619745836102764,78.41175952371825,-678.4380419597537,230.86893916153673,-3.70447806302045,103.75677397381776
C4004,columna,C3,,-5.619745836102764,-78.41175952371825,678.4380419597537,79.6416285523874,-18.54971544794649,-103.75677397381776,5.619745836102764,78.41175952371825,-678.4380419597537,230.86893916153673,-3.70447806302045,103.75677397381776
C4005,columna,C1,,-33.419562519398966,18.210494279257745,522.5247103161694,-37.04363454667175,-76.81804028367857,-25.588996911454263,33.419562519398966,-18.210494279257745,-522.5247103161694,-35.069922799188895,-55.523427293141296,25.588996911454263
C4005,columna,C2,,-33.419562519398966,18.210494279257745,522.5247103161694,-37.04363454667175,-76.81804028367857,-25.588996911454263,33.419562519398966,-18.210494279257745,-522.5247103161694,-35.069922799188895,-55.523427293141296,25.588996911454263
C4005,columna,C3,,-33.419562519398966,18.210494279257745,522.5247103161694,-37.04363454667175,-76.81804028367857,-25.588996911454263,33.419562519398966,-18.210494279257745,-522.5247103161694,-35.069922799188895,-55.523427293141296,25.588996911454263
C4006,columna,C1,,222.8985327301127,6.992991371811433,804.3511469535123,-13.085894201047928,435.7528612951329,1.894375689975651,-222.8985327301127,-6.992991371811433,-804.3511469535123,-14.60635163132534,446.9253283161131,-1.894375689975651
C4006,columna,C2,,222.8985327301127,6.992991371811433,804.3511469535123,-13.085894201047928,435.7528612951329,1.894375689975651,-222.8985327301127,-6.992991371811433,-804.3511469535123,-14.60635163132534,446.9253283161131,-1.894375689975651
C4006,columna,C3,,222.8985327301127,6.992991371811433,804.3511469535123,-13.085894201047928,435.7528612951329,1.894375689975651,-222.8985327301127,-6.992991371811433,-804.3511469535123,-14.60635163132534,446.9253283161131,-1.894375689975651
C4007,columna,C1,,-216.819395120521,24.88299260546173,564.340913815593,-49.468440731007334,-436.6089649046371,-7.396295933981989,216.819395120521,-24.88299260546173,-564.340913815593,-49.068209986621085,-421.9958397726258,7.396295933981989
C4007,columna,C2,,-216.819395120521,24.88299260546173,564.340913815593,-49.468440731007334,-436.6089649046371,-7.396295933981989,216.819395120521,-24.88299260546173,-564.340913815593,-49.068209986621085,-421.9958397726258,7.396295933981989
C4007,columna,C3,,-216.819395120521,24.88299260546173,564.340913815593,-49.468440731007334,-436.6089649046371,-7.396295933981989,216.819395120521,-24.88299260546173,-564.340913815593,-49.068209986621085,-421.9958397726258,7.396295933981989
C4008,columna,C1,,154.5034320955205,-3.370518800373758,394.3152918025284,7.620485098118326,327.62373681947645,-20.245409011201254,-154.5034320955205,3.370518800373758,-394.3152918025284,5.726769351361751,284.20985427878463,20.245409011201254
C4008,columna,C2,,154.5034320955205,-3.370518800373758,394.3152918025284,7.620485098118326,327.62373681947645,-20.245409011201254,-154.5034320955205,3.370518800373758,-394.3152918025284,5.726769351361751,284.20985427878463,20.245409011201254
C4008,columna,C3,,154.5034320955205,-3.370518800373758,394.3152918025284,7.620485098118326,327.62373681947645,-20.245409011201254,-154.5034320955205,3.370518800373758,-394.3152918025284,5.726769351361751,284.20985427878463,20.245409011201254
C5001,columna,C1,,-264.6178697140131,20.182581828147864,343.37543982845267,-31.248523500305552,-436.8464282486136,18.430470490257054,264.6178697140131,-20.182581828147864,-343.37543982845267,-48.67450053916,-611.0403358188786,-18.430470490257054
C5001,columna,C2,,-264.6178697140131,20.182581828147864,343.37543982845267,-31.248523500305552,-436.8464282486136,18.430470490257054,264.6178697140131,-20.182581828147864,-343.37543982845267,-48.67450053916,-611.0403358188786,-18.430470490257054
C5001,columna,C3,,-264.6178697140131,20.182581828147864,343.37543982845267,-31.248523500305552,-436.8464282486136,18.430470490257054,264.6178697140131,-20.182581828147864,-343.37543982845267,-48.67450053916,-611.0403358188786,-18.430470490257054
C5002,columna,C1,,137.33974651262469,12.128216871692143,163.36298629523247,-18.815866696094687,239.36184958970048,11.176113318695363,-137.33974651262469,-12.128216871692143,-163.36298629523247,-29.211872115806198,304.50354660029336,-11.176113318695363
C5002,columna,C2,,137.33974651262469,12.128216871692143,163.36298629523247,-18.815866696094687,239.36184958970048,11.176113318695363,-137.33974651262469,-12.128216871692143,-163.36298629523247,-29.211872115806198,304.50354660029336,-11.176113318695363
C5002,columna,C3,,137.33974651262469,12.128216871692143,163.36298629523247,-18.815866696094687,239.36184958970048,11.176113318695363,-137.33974651262469,-12.128216871692143,-163.36298629523247,-29.211872115806198,304.50354660029336,-11.176113318695363
C5003,columna,C1,,47.68252464707944,1.4172298277403976,38.57514436843472,-0.42208117706086634,93.8656722924496,0.11240417571260002,-47.68252464707944,-1.4172298277403976,-38.57514436843472,-5.190148940791109,94.957125309985,-0.11240417571260002
C5003,columna,C2,,47.68252464707944,1.4172298277403976,38.57514436843472,-0.42208117706086634,93.8656722924496,0.11240417571260002,-47.68252464707944,-1.4172298277403976,-38.57514436843472,-5.190148940791109,94.957125309985,-0.11240417571260002
C5003,columna,C3,,47.68252464707944,1.4172298277403976,38.57514436843472,-0.42208117706086634,93.8656722924496,0.11240417571260002,-47.68252464707944,-1.4172298277403976,-38.57514436843472,-5.190148940791109,94.957125309985,-0.11240417571260002
C5004,columna,C1,,-19.0363927695558,-58.10140847133409,322.06949431025146,58.19656081523511,-43.01437033534129,-106.24474997823015,19.0363927695558,58.10140847133409,-322.06949431025146,171.88501673124793,-32.369745032099694,106.24474997823015
C5004,columna,C2,,-19.0363927695558,-58.10140847133409,322.06949431025146,58.19656081523511,-43.01437033534129,-106.24474997823015,19.0363927695558,58.10140847133409,-322.06949431025146,171.88501673124793,-32.369745032099694,106.24474997823015
C5004,columna,C3,,-19.0363927695558,-58.10140847133409,322.06949431025146,58.19656081523511,-43.01437033534129,-106.24474997823015,19.0363927695558,58.10140847133409,-322.06949431025146,171.88501673124793,-32.369745032099694,106.24474997823015
C5005,columna,C1,,-87.71750996049109,2.827231437939771,195.57054044960034,-7.385010977169151,-150.34971686818415,-33.91230538666362,87.71750996049109,-2.827231437939771,-195.57054044960034,-3.8108255170723417,-197.0116225753606,33.91230538666362
C5005,columna,C2,,-87.71750996049109,2.827231437939771,195.57054044960034,-7.385010977169151,-150.34971686818415,-33.91230538666362,87.71750996049109,-2.827231437939771,-195.57054044960034,-3.8108255170723417,-197.0116225753606,33.91230538666362
C5005,columna,C3,,-87.71750996049109,2.827231437939771,195.57054044960034,-7.385010977169151,-150.34971686818415,-33.91230538666362,87.71750996049109,-2.827231437939771,-195.57054044960034,-3.8108255170723417,-197.0116225753606,33.91230538666362
C5006,columna,C1,,230.38108643183543,3.8699775069461975,353.4035854188656,-6.38796306205426,420.43226186221125,2.5753286705268175,-230.38108643183543,-3.8699775069461975,-353.4035854188656,-8.937147865452685,491.87684040785723,-2.5753286705268175
C5006,columna,C2,,230.38108643183543,3.8699775069461975,353.4035854188656,-6.38796306205426,420.43226186221125,2.5753286705268175,-230.38108643183543,-3.8699775069461975,-353.4035854188656,-8.937147865452685,491.87684040785723,-2.5753286705268175
C5006,columna,C3,,230.38108643183543,3.8699775069461975,353.4035854188656,-6.38796306205426,420.43226186221125,2.5753286705268175,-230.38108643183543,-3.8699775069461975,-353.4035854188656,-8.937147865452685,491.87684040785723,-2.5753286705268175
C5007,columna,C1,,-300.18028509319817,27.169250236800753,278.78682560546173,-43.61225374150105,-497.149510138078,-10.190884362014351,300.18028509319817,-27.169250236800753,-278.78682560546173,-63.97797719622994,-691.5644188309868,10.190884362014351
C5007,columna,C2,,-300.18028509319817,27.169250236800753,278.78682560546173,-43.61225374150105,-497.149510138078,-10.190884362014351,300.18028509319817,-27.169250236800753,-278.78682560546173,-63.97797719622994,-691.5644188309868,10.190884362014351
C5007,columna,C3,,-300.18028509319817,27.169250236800753,278.78682560546173,-43.61225374150105,-497.149510138078,-10.190884362014351,300.18028509319817,-27.169250236800753,-278.78682560546173,-63.97797719622994,-691.5644188309868,10.190884362014351
C5008,columna,C1,,256.1486999457108,-9.493079237936906,191.94664827279462,17.24274799393391,427.17299692154245,-22.249730322246826,-256.1486999457108,9.493079237936906,-191.94664827279462,20.349845788296243,587.1758548634725,22.249730322246826
C5008,columna,C2,,256.1486999457108,-9.493079237936906,191.94664827279462,17.24274799393391,427.17299692154245,-22.249730322246826,-256.1486999457108,9.493079237936906,-191.94664827279462,20.349845788296243,587.1758548634725,22.249730322246826
C5008,columna,C3,,256.1486999457108,-9.493079237936906,191.94664827279462,17.24274799393391,427.17299692154245,-22.249730322246826,-256.1486999457108,9.493079237936906,-191.94664827279462,20.349845788296243,587.1758548634725,22.249730322246826
E1_1,viga,C1,CIELO_1,-42.68067581341907,-3.729076661218673,94.08109648478091,-6.156481082486076,-206.7727981714944,-8.09736802220055,42.68067581341907,3.729076661218673,-94.08109648478091,6.156481082486076,-263.6326842524102,-10.548015283892816
E1_1,viga,C2,CIELO_1,-42.68067581341907,-3.729076661218673,94.08109648478091,-6.156481082486076,-206.7727981714944,-8.09736802220055,42.68067581341907,3.729076661218673,-94.08109648478091,6.156481082486076,-263.6326842524102,-10.548015283892816
E1_1,viga,C3,CIELO_1,-42.68067581341907,-3.729076661218673,94.08109648478091,-6.156481082486076,-206.7727981714944,-8.09736802220055,42.68067581341907,3.729076661218673,-94.08109648478091,6.156481082486076,-263.6326842524102,-10.548015283892816
E1_10,viga,C1,CIELO_1,-52.04239657324773,19.235048115647842,-197.7933079876093,-19.61312593471389,51.75390035387662,23.3280542712559,52.04239657324773,-19.235048115647842,197.7933079876093,19.61312593471389,440.75143653527056,24.567215536707234
E1_10,viga,C2,CIELO_1,-52.04239657324773,19.235048115647842,-197.7933079876093,-19.61312593471389,51.75390035387662,23.3280542712559,52.04239657324773,-19.235048115647842,197.7933079876093,19.61312593471389,440.75143653527056,24.567215536707234
E1_10,viga,C3,CIELO_1,-52.04239657324773,19.235048115647842,-197.7933079876093,-19.61312593471389,51.75390035387662,23.3280542712559,52.04239657324773,-19.235048115647842,197.7933079876093,19.61312593471389,440.75143653527056,24.567215536707234
E1_100,viga,C1,CIELO_3,-1.5899038041624312,-0.9142148630924049,-99.40479691671965,8.699555317678259,252.79557877059483,-1.9623232367634778,1.5899038041624312,0.9142148630924049,99.40479691671965,-8.699555317678259,244.22840581300338,-2.6087510786985457
E1_100,viga,C2,CIELO_3,-1.5899038041624312,-0.9142148630924049,-99.40479691671965,8.699555317678259,252.79557877059483,-1.9623232367634778,1.5899038041624312,0.9142148630924049,99.40479691671965,-8.699555317678259,244.22840581300338,-2.6087510786985457
E1_100,viga,C3,CIELO_3,-1.5899038041624312,-0.9142148630924049,-99.40479691671965,8.699555317678259,252.79557877059483,-1.9623232367634778,1.5899038041624312,0.9142148630924049,99.40479691671965,-8.699555317678259,244.22840581300338,-2.6087510786985457
E1_101,viga,C1,CIELO_3,-7.214650855757922,-1.0000853831037353,106.72272135551603,-7.959461740033951,-269.9689779811219,-2.045673345442103,7.214650855757922,1.0000853831037353,-106.72272135551603,7.959461740033951,-263.64462879645816,-2.954753570076573
E1_101,viga,C2,CIELO_3,-7.214650855757922,-1.0000853831037353,106.72272135551603,-7.959461740033951,-269.9689779811219,-2.045673345442103,7.214650855757922,1.0000853831037353,-106.72272135551603,7.959461740033951,-263.64462879645816,-2.954753570076573
E1_101,viga,C3,CIELO_3,-7.214650855757922,-1.0000853831037353,106.72272135551603,-7.959461740033951,-269.9689779811219,-2.045673345442103,7.214650855757922,1.0000853831037353,-106.72272135551603,7.959461740033951,-263.64462879645816,-2.954753570076573
E1_102,viga,C1,CIELO_3,-8.150496940763276,-0.6220361990291997,-96.59784951131388,16.51559910228781,263.29275763309056,-1.4596402255502925,8.150496940763276,0.6220361990291997,96.59784951131388,-16.51559910228781,219.6964899234788,-1.650540769595706
E1_102,viga,C2,CIELO_3,-8.150496940763276,-0.6220361990291997,-96.59784951131388,16.51559910228781,263.29275763309056,-1.4596402255502925,8.150496940763276,0.6220361990291997,96.59784951131388,-16.51559910228781,219.6964899234788,-1.650540769595706
E1_102,viga,C3,CIELO_3,-8.150496940763276,-0.6220361990291997,-96.59784951131388,16.51559910228781,263.29275763309056,-1.4596402255502925,8.150496940763276,0.6220361990291997,96.59784951131388,-16.51559910228781,219.6964899234788,-1.650540769595706
E1_103,viga,C1,CIELO_3,4.076304865347804,-0.7513934186624793,-2.2630577106924257,2.265165112743071,-9.233062625597778,-1.1484253894367125,-4.076304865347804,0.7513934186624793,2.2630577106924257,-2.265165112743071,20.548351179059907,-2.6085417038756837
E1_103,viga,C2,CIELO_3,4.076304865347804,-0.7513934186624793,-2.2630577106924257,2.265165112743071,-9.233062625597778,-1.1484253894367125,-4.076304865347804,0.7513934186624793,2.2630577106924257,-2.265165112743071,20.548351179059907,-2.6085417038756837
E1_103,viga,C3,CIELO_3,4.076304865347804,-0.7513934186624793,-2.2630577106924257,2.265165112743071,-9.233062625597778,-1.1484253894367125,-4.076304865347804,0.7513934186624793,2.2630577106924257,-2.265165112743071,20.548351179059907,-2.6085417038756837
E1_104,viga,C1,CIELO_3,-3.993488338653985,-2.2147574448531713,121.76099795927976,5.945210132937009,-275.1235805956028,-7.148336433605322,3.993488338653985,2.2147574448531713,-121.76099795927976,-5.945210132937009,-333.681409200796,-3.925450790660534
E1_104,viga,C2,CIELO_3,-3.993488338653985,-2.2147574448531713,121.76099795927976,5.945210132937009,-275.1235805956028,-7.148336433605322,3.993488338653985,2.2147574448531713,-121.76099795927976,-5.945210132937009,-333.681409200796,-3.925450790660534
E1_104,viga,C3,CIELO_3,-3.993488338653985,-2.2147574448531713,121.76099795927976,5.945210132937009,-275.1235805956028,-7.148336433605322,3.993488338653985,2.2147574448531713,-121.76099795927976,-5.945210132937009,-333.681409200796,-3.925450790660534
E1_105,viga,C1,CIELO_3,-4.8107725042694005,-2.4822231759668387,-140.19093511318312,-11.072298637535479,337.83659859155154,-6.648215539284616,4.8107725042694005,2.4822231759668387,140.19093511318312,11.072298637535479,14.042648542538103,0.417835367607851
E1_105,viga,C2,CIELO_3,-4.8107725042694005,-2.4822231759668387,-140.19093511318312,-11.072298637535479,337.83659859155154,-6.648215539284616,4.8107725042694005,2.4822231759668387,140.19093511318312,11.072298637535479,14.042648542538103,0.417835367607851
E1_105,viga,C3,CIELO_3,-4.8107725042694005,-2.4822231759668387,-140.19093511318312,-11.072298637535479,337.83659859155154,-6.648215539284616,4.8107725042694005,2.4822231759668387,140.19093511318312,11.072298637535479,14.042648542538103,0.417835367607851
E1_106,viga,C1,CIELO_3,-4.8107725042721405,-2.4822231759668325,-140.19093511318079,-11.072298637535582,-14.042648542540405,-0.41783536760770135,4.8107725042721405,2.4822231759668325,140.19093511318079,11.072298637535582,363.11807697436063,-5.762900340549712
E1_106,viga,C2,CIELO_3,-4.8107725042721405,-2.4822231759668325,-140.19093511318079,-11.072298637535582,-14.042648542540405,-0.41783536760770135,4.8107725042721405,2.4822231759668325,140.19093511318079,11.072298637535582,363.11807697436063,-5.762900340549712
E1_106,viga,C3,CIELO_3,-4.8107725042721405,-2.4822231759668325,-140.19093511318079,-11.072298637535582,-14.042648542540405,-0.41783536760770135,4.8107725042721405,2.4822231759668325,140.19093511318079,11.072298637535582,363.11807697436063,-5.762900340549712
E1_107,viga,C1,CIELO_3,-7.74216066985133,-3.0426972886131787,163.30056760687094,9.883980670204842,-409.66717895442116,-7.671312559338775,7.74216066985133,3.0426972886131787,-163.30056760687094,-9.883980670204842,-406.8356590799336,-7.542173883727119
E1_107,viga,C2,CIELO_3,-7.74216066985133,-3.0426972886131787,163.30056760687094,9.883980670204842,-409.66717895442116,-7.671312559338775,7.74216066985133,3.0426972886131787,-163.30056760687094,-9.883980670204842,-406.8356590799336,-7.542173883727119
E1_107,viga,C3,CIELO_3,-7.74216066985133,-3.0426972886131787,163.30056760687094,9.883980670204842,-409.66717895442116,-7.671312559338775,7.74216066985133,3.0426972886131787,-163.30056760687094,-9.883980670204842,-406.8356590799336,-7.542173883727119
E1_108,viga,C1,CIELO_3,-8.517895482143935,-2.6764824115638826,-159.32727000023985,-9.55334241309408,404.49599525316,-6.504841823321017,8.517895482143935,2.6764824115638826,159.32727000023985,9.55334241309408,392.14035474803916,-6.877570234498395
E1_108,viga,C2,CIELO_3,-8.517895482143935,-2.6764824115638826,-159.32727000023985,-9.55334241309408,404.49599525316,-6.504841823321017,8.517895482143935,2.6764824115638826,159.32727000023985,9.55334241309408,392.14035474803916,-6.877570234498395
E1_108,viga,C3,CIELO_3,-8.517895482143935,-2.6764824115638826,-159.32727000023985,-9.55334241309408,404.49599525316,-6.504841823321017,8.517895482143935,2.6764824115638826,159.32727000023985,9.55334241309408,392.14035474803916,-6.877570234498395
E1_109,viga,C1,CIELO_3,-15.78854546338531,-1.8335131490324068,167.91888348192353,10.365780669533159,-421.7953784083546,-4.217635130929059,15.78854546338531,1.8335131490324068,-167.91888348192353,-10.365780669533159,-417.79903900126294,-4.949930614232974
E1_109,viga,C2,CIELO_3,-15.78854546338531,-1.8335131490324068,167.91888348192353,10.365780669533159,-421.7953784083546,-4.217635130929059,15.78854546338531,1.8335131490324068,-167.91888348192353,-10.365780669533159,-417.79903900126294,-4.949930614232974
E1_109,viga,C3,CIELO_3,-15.78854546338531,-1.8335131490324068,167.91888348192353,10.365780669533159,-421.7953784083546,-4.217635130929059,15.78854546338531,1.8335131490324068,-167.91888348192353,-10.365780669533159,-417.79903900126294,-4.949930614232974
E1_11,viga,C1,CIELO_1,-41.67568539159767,-0.7830608141865617,167.83469462555342,5.6594355008829975,-432.3799540807016,-3.807416001482512,41.67568539159767,0.7830608141865617,-167.83469462555342,-5.6594355008829975,-406.7935190470655,-0.10788806945029661
E1_11,viga,C2,CIELO_1,-41.67568539159767,-0.7830608141865617,167.83469462555342,5.6594355008829975,-432.3799540807016,-3.807416001482512,41.67568539159767,0.7830608141865617,-167.83469462555342,-5.6594355008829975,-406.7935190470655,-0.10788806945029661
E1_11,viga,C3,CIELO_1,-41.67568539159767,-0.7830608141865617,167.83469462555342,5.6594355008829975,-432.3799540807016,-3.807416001482512,41.67568539159767,0.7830608141865617,-167.83469462555342,-5.6594355008829975,-406.7935190470655,-0.10788806945029661
E1_110,viga,C1,CIELO_3,-16.145413763295895,-1.5070951813527378,-153.86118699798865,-4.865985604945057,416.1631984769275,-3.697329672318188,16.145413763295895,1.5070951813527378,153.86118699798865,4.865985604945057,353.14273651301573,-3.8381462344455004
E1_110,viga,C2,CIELO_3,-16.145413763295895,-1.5070951813527378,-153.86118699798865,-4.865985604945057,416.1631984769275,-3.697329672318188,16.145413763295895,1.5070951813527378,153.86118699798865,4.865985604945057,353.14273651301573,-3.8381462344455004
E1_110,viga,C3,CIELO_3,-16.145413763295895,-1.5070951813527378,-153.86118699798865,-4.865985604945057,416.1631984769275,-3.697329672318188,16.145413763295895,1.5070951813527378,153.86118699798865,4.865985604945057,353.14273651301573,-3.8381462344455004
E1_111,viga,C1,CIELO_3,1.0268911475491347,-1.5165901347161386,-7.913007878343869,0.09903350214574706,-2.817395614624637,-3.343241046845878,-1.0268911475491347,1.5165901347161386,7.913007878343869,-0.09903350214574706,42.38243500634398,-4.239709626734815
E1_111,viga,C2,CIELO_3,1.0268911475491347,-1.5165901347161386,-7.913007878343869,0.09903350214574706,-2.817395614624637,-3.343241046845878,-1.0268911475491347,1.5165901347161386,7.913007878343869,-0.09903350214574706,42.38243500634398,-4.239709626734815
E1_111,viga,C3,CIELO_3,1.0268911475491347,-1.5165901347161386,-7.913007878343869,0.09903350214574706,-2.817395614624637,-3.343241046845878,-1.0268911475491347,1.5165901347161386,7.913007878343869,-0.09903350214574706,42.38243500634398,-4.239709626734815
E1_112,viga,C1,CIELO_3,-8.361102671572851,-1.7125425237600176,64.21779661785557,15.765545623457745,-139.95207881015477,-6.589457154819959,8.361102671572851,1.7125425237600176,-64.21779661785557,-15.765545623457745,-181.136904279123,-1.9732554639801283
E1_112,viga,C2,CIELO_3,-8.361102671572851,-1.7125425237600176,64.21779661785557,15.765545623457745,-139.95207881015477,-6.589457154819959,8.361102671572851,1.7125425237600176,-64.21779661785557,-15.765545623457745,-181.136904279123,-1.9732554639801283
E1_112,viga,C3,CIELO_3,-8.361102671572851,-1.7125425237600176,64.21779661785557,15.765545623457745,-139.95207881015477,-6.589457154819959,8.361102671572851,1.7125425237600176,-64.21779661785557,-15.765545623457745,-181.136904279123,-1.9732554639801283
E1_113,viga,C1,CIELO_3,-6.504424642559883,-2.0565479680537613,-74.3961318306378,-29.84382313285104,178.68620876374507,-5.272711537723371,6.504424642559883,2.0565479680537613,74.3961318306378,29.84382313285104,8.04808213115578,0.11077613790843044
E1_113,viga,C2,CIELO_3,-6.504424642559883,-2.0565479680537613,-74.3961318306378,-29.84382313285104,178.68620876374507,-5.272711537723371,6.504424642559883,2.0565479680537613,74.3961318306378,29.84382313285104,8.04808213115578,0.11077613790843044
E1_113,viga,C3,CIELO_3,-6.504424642559883,-2.0565479680537613,-74.3961318306378,-29.84382313285104,178.68620876374507,-5.272711537723371,6.504424642559883,2.0565479680537613,74.3961318306378,29.84382313285104,8.04808213115578,0.11077613790843044
E1_114,viga,C1,CIELO_3,-6.50442464256181,-2.0565479680538172,-74.3961318306389,-29.843823132850233,-8.048082131156576,-0.11077613790832563,6.50442464256181,2.0565479680538172,74.3961318306389,29.843823132850233,193.29445038944746,-5.010028302545679
E1_114,viga,C2,CIELO_3,-6.50442464256181,-2.0565479680538172,-74.3961318306389,-29.843823132850233,-8.048082131156576,-0.11077613790832563,6.50442464256181,2.0565479680538172,74.3961318306389,29.843823132850233,193.29445038944746,-5.010028302545679
E1_114,viga,C3,CIELO_3,-6.50442464256181,-2.0565479680538172,-74.3961318306389,-29.843823132850233,-8.048082131156576,-0.11077613790832563,6.50442464256181,2.0565479680538172,74.3961318306389,29.843823132850233,193.29445038944746,-5.010028302545679
E1_115,viga,C1,CIELO_3,-12.424157774202412,-0.9702054586027068,87.66006340516492,29.399389319836775,-216.94102287867418,-2.5375794839662973,12.424157774202412,0.9702054586027068,-87.66006340516492,-29.399389319836775,-221.35929414715042,-2.313447809047236
E1_115,viga,C2,CIELO_3,-12.424157774202412,-0.9702054586027068,87.66006340516492,29.399389319836775,-216.94102287867418,-2.5375794839662973,12.424157774202412,0.9702054586027068,-87.66006340516492,-29.399389319836775,-221.35929414715042,-2.313447809047236
E1_115,viga,C3,CIELO_3,-12.424157774202412,-0.9702054586027068,87.66006340516492,29.399389319836775,-216.94102287867418,-2.5375794839662973,12.424157774202412,0.9702054586027068,-87.66006340516492,-29.399389319836775,-221.35929414715042,-2.313447809047236
E1_116,viga,C1,CIELO_3,-10.169170837610181,-2.5610924708324667,-88.66779451296294,-29.181609069869978,222.93226689238588,-6.19444451220359,10.169170837610181,2.5610924708324667,88.66779451296294,29.181609069869978,220.4067056724288,-6.611017841958742
E1_116,viga,C2,CIELO_3,-10.169170837610181,-2.5610924708324667,-88.66779451296294,-29.181609069869978,222.93226689238588,-6.19444451220359,10.169170837610181,2.5610924708324667,88.66779451296294,29.181609069869978,220.4067056724288,-6.611017841958742
E1_116,viga,C3,CIELO_3,-10.169170837610181,-2.5610924708324667,-88.66779451296294,-29.181609069869978,222.93226689238588,-6.19444451220359,10.169170837610181,2.5610924708324667,88.66779451296294,29.181609069869978,220.4067056724288,-6.611017841958742
E1_117,viga,C1,CIELO_3,-17.73983361148925,-0.3227705838283718,89.43766196203154,34.28287162192842,-219.7535783933796,0.08844230957472088,17.73983361148925,0.3227705838283718,-89.43766196203154,-34.28287162192842,-227.4347314167781,-1.7022952287165798
E1_117,viga,C2,CIELO_3,-17.73983361148925,-0.3227705838283718,89.43766196203154,34.28287162192842,-219.7535783933796,0.08844230957472088,17.73983361148925,0.3227705838283718,-89.43766196203154,-34.28287162192842,-227.4347314167781,-1.7022952287165798
E1_117,viga,C3,CIELO_3,-17.73983361148925,-0.3227705838283718,89.43766196203154,34.28287162192842,-219.7535783933796,0.08844230957472088,17.73983361148925,0.3227705838283718,-89.43766196203154,-34.28287162192842,-227.4347314167781,-1.7022952287165798
E1_118,viga,C1,CIELO_3,-16.447119226571747,-1.027237735581935,-86.28168062872616,-17.54906276256526,229.42244310448098,-2.937260136310196,16.447119226571747,1.027237735581935,86.28168062872616,17.54906276256526,201.9859600391498,-2.1989285415994804
E1_118,viga,C2,CIELO_3,-16.447119226571747,-1.027237735581935,-86.28168062872616,-17.54906276256526,229.42244310448098,-2.937260136310196,16.447119226571747,1.027237735581935,86.28168062872616,17.54906276256526,201.9859600391498,-2.1989285415994804
E1_118,viga,C3,CIELO_3,-16.447119226571747,-1.027237735581935,-86.28168062872616,-17.54906276256526,229.42244310448098,-2.937260136310196,16.447119226571747,1.027237735581935,86.28168062872616,17.54906276256526,201.9859600391498,-2.1989285415994804
E1_119,viga,C1,CIELO_3,-0.08162061445960225,-1.040777630091467,-3.130910249355397,-0.8964630300617278,-6.175668351771318,-1.8560843726213643,0.08162061445960225,1.040777630091467,3.130910249355397,0.8964630300617278,21.8302195985483,-3.3478037778359706
E1_119,viga,C2,CIELO_3,-0.08162061445960225,-1.040777630091467,-3.130910249355397,-0.8964630300617278,-6.175668351771318,-1.8560843726213643,0.08162061445960225,1.040777630091467,3.130910249355397,0.8964630300617278,21.8302195985483,-3.3478037778359706
E1_119,viga,C3,CIELO_3,-0.08162061445960225,-1.040777630091467,-3.130910249355397,-0.8964630300617278,-6.175668351771318,-1.8560843726213643,0.08162061445960225,1.040777630091467,3.130910249355397,0.8964630300617278,21.8302195985483,-3.3478037778359706
E1_12,viga,C1,CIELO_1,-41.292036185244406,-0.5289627762780394,-160.45664722477224,-4.46809041596728,406.83485863168914,-0.9992400734169534,41.292036185244406,0.5289627762780394,160.45664722477224,4.46809041596728,395.448377492172,-1.645573807973244
E1_12,viga,C2,CIELO_1,-41.292036185244406,-0.5289627762780394,-160.45664722477224,-4.46809041596728,406.83485863168914,-0.9992400734169534,41.292036185244406,0.5289627762780394,160.45664722477224,4.46809041596728,395.448377492172,-1.645573807973244
E1_12,viga,C3,CIELO_1,-41.292036185244406,-0.5289627762780394,-160.45664722477224,-4.46809041596728,406.83485863168914,-0.9992400734169534,41.292036185244406,0.5289627762780394,160.45664722477224,4.46809041596728,395.448377492172,-1.645573807973244
E1_120,viga,C1,CIELO_3,-7.09999830694856,-1.2962695790649368,-1.9983934928866482,1.3320286900787048,-2.7431822025854817,6.997701666232691,7.09999830694856,1.2962695790649368,1.9983934928866482,-1.3320286900787048,-17.240752726281,5.964994124416675
E1_120,viga,C2,CIELO_3,-7.09999830694856,-1.2962695790649368,-1.9983934928866482,1.3320286900787048,-2.7431822025854817,6.997701666232691,7.09999830694856,1.2962695790649368,1.9983934928866482,-1.3320286900787048,-17.240752726281,5.964994124416675
E1_120,viga,C3,CIELO_3,-7.09999830694856,-1.2962695790649368,-1.9983934928866482,1.3320286900787048,-2.7431822025854817,6.997701666232691,7.09999830694856,1.2962695790649368,1.9983934928866482,-1.3320286900787048,-17.240752726281,5.964994124416675
E1_121,viga,C1,CIELO_3,-6.88104652690133,-1.7079126082544533,-3.1917727555241435,0.3374605909248755,-6.879005622147008,8.689841627336023,6.88104652690133,1.7079126082544533,3.1917727555241435,-0.3374605909248755,-25.038721933094426,8.389284455208513
E1_121,viga,C2,CIELO_3,-6.88104652690133,-1.7079126082544533,-3.1917727555241435,0.3374605909248755,-6.879005622147008,8.689841627336023,6.88104652690133,1.7079126082544533,3.1917727555241435,-0.3374605909248755,-25.038721933094426,8.389284455208513
E1_121,viga,C3,CIELO_3,-6.88104652690133,-1.7079126082544533,-3.1917727555241435,0.3374605909248755,-6.879005622147008,8.689841627336023,6.88104652690133,1.7079126082544533,3.1917727555241435,-0.3374605909248755,-25.038721933094426,8.389284455208513
E1_122,viga,C1,CIELO_3,-0.853445074580194,-1.4341622666578453,-1.4521749633211951,0.9667594591586124,-0.009616909964766052,7.906906978985514,0.853445074580194,1.4341622666578453,1.4521749633211951,-0.9667594591586124,-14.512132723247184,6.434715687592938
E1_122,viga,C2,CIELO_3,-0.853445074580194,-1.4341622666578453,-1.4521749633211951,0.9667594591586124,-0.009616909964766052,7.906906978985514,0.853445074580194,1.4341622666578453,1.4521749633211951,-0.9667594591586124,-14.512132723247184,6.434715687592938
E1_122,viga,C3,CIELO_3,-0.853445074580194,-1.4341622666578453,-1.4521749633211951,0.9667594591586124,-0.009616909964766052,7.906906978985514,0.853445074580194,1.4341622666578453,1.4521749633211951,-0.9667594591586124,-14.512132723247184,6.434715687592938
E1_123,viga,C1,CIELO_3,0.46663641107056547,-10.785698616171972,-4.969339417818555,-24.80556433446573,1.7221832404462023,-1.9205488369676798,-0.46663641107056547,10.785698616171972,4.969339417818555,-19.421556484119407,-1.7221832404462023,-2.2325152215603525
E1_123,viga,C2,CIELO_3,0.46663641107056547,-10.785698616171972,-4.969339417818555,-24.80556433446573,1.7221832404462023,-1.9205488369676798,-0.46663641107056547,10.785698616171972,4.969339417818555,-19.421556484119407,-1.7221832404462023,-2.2325152215603525
E1_123,viga,C3,CIELO_3,0.46663641107056547,-10.785698616171972,-4.969339417818555,-24.80556433446573,1.7221832404462023,-1.9205488369676798,-0.46663641107056547,10.785698616171972,4.969339417818555,-19.421556484119407,-1.7221832404462023,-2.2325152215603525
E1_124,viga,C1,CIELO_3,-1.039393863396101,0.6114711754069799,-6.9403467862308705,-47.771059869993934,-1.704493875377237,4.35871762131069,1.039393863396101,-0.6114711754069799,6.9403467862308705,-13.998026527460816,1.704493875377237,4.891887762914608
E1_124,viga,C2,CIELO_3,-1.039393863396101,0.6114711754069799,-6.9403467862308705,-47.771059869993934,-1.704493875377237,4.35871762131069,1.039393863396101,-0.6114711754069799,6.9403467862308705,-13.998026527460816,1.704493875377237,4.891887762914608
E1_124,viga,C3,CIELO_3,-1.039393863396101,0.6114711754069799,-6.9403467862308705,-47.771059869993934,-1.704493875377237,4.35871762131069,1.039393863396101,-0.6114711754069799,6.9403467862308705,-13.998026527460816,1.704493875377237,4.891887762914608
E1_125,viga,C1,CIELO_3,-1.3415534018717508,15.316289060206076,3.802497403729063,12.604051567226092,1.7557188760980278,5.754100291957573,1.3415534018717508,-15.316289060206076,-3.802497403729063,21.238175325962565,-1.7557188760980278,6.18572498470101
E1_125,viga,C2,CIELO_3,-1.3415534018717508,15.316289060206076,3.802497403729063,12.604051567226092,1.7557188760980278,5.754100291957573,1.3415534018717508,-15.316289060206076,-3.802497403729063,21.238175325962565,-1.7557188760980278,6.18572498470101
E1_125,viga,C3,CIELO_3,-1.3415534018717508,15.316289060206076,3.802497403729063,12.604051567226092,1.7557188760980278,5.754100291957573,1.3415534018717508,-15.316289060206076,-3.802497403729063,21.238175325962565,-1.7557188760980278,6.18572498470101
E1_126,viga,C1,CIELO_3,-1.4792521242992205,1.2246721351821372,-8.759091599760177,-59.898883550608396,0.7666910815379662,6.206252738004528,1.4792521242992205,-1.2246721351821372,8.759091599760177,-18.057031687257194,-0.7666910815379662,6.959091168258535
E1_126,viga,C2,CIELO_3,-1.4792521242992205,1.2246721351821372,-8.759091599760177,-59.898883550608396,0.7666910815379662,6.206252738004528,1.4792521242992205,-1.2246721351821372,8.759091599760177,-18.057031687257194,-0.7666910815379662,6.959091168258535
E1_126,viga,C3,CIELO_3,-1.4792521242992205,1.2246721351821372,-8.759091599760177,-59.898883550608396,0.7666910815379662,6.206252738004528,1.4792521242992205,-1.2246721351821372,8.759091599760177,-18.057031687257194,-0.7666910815379662,6.959091168258535
E1_127,viga,C1,CIELO_3,-1.2685652078378185,13.64759347973318,1.8736229013264019,3.1675110997135754,0.07386798427500467,5.345577822323673,1.2685652078378185,-13.64759347973318,-1.8736229013264019,13.507732722091399,-0.07386798427500467,5.94465252743291
E1_127,viga,C2,CIELO_3,-1.2685652078378185,13.64759347973318,1.8736229013264019,3.1675110997135754,0.07386798427500467,5.345577822323673,1.2685652078378185,-13.64759347973318,-1.8736229013264019,13.507732722091399,-0.07386798427500467,5.94465252743291
E1_127,viga,C3,CIELO_3,-1.2685652078378185,13.64759347973318,1.8736229013264019,3.1675110997135754,0.07386798427500467,5.345577822323673,1.2685652078378185,-13.64759347973318,-1.8736229013264019,13.507732722091399,-0.07386798427500467,5.94465252743291
E1_128,viga,C1,CIELO_3,-0.935846085006171,0.37804918407430854,-10.215374054329512,-66.44176824121091,-0.3518711633673569,3.9146363609280534,0.935846085006171,-0.37804918407430854,10.215374054329512,-24.47506084232176,0.3518711633673569,4.414393795626867
E1_128,viga,C2,CIELO_3,-0.935846085006171,0.37804918407430854,-10.215374054329512,-66.44176824121091,-0.3518711633673569,3.9146363609280534,0.935846085006171,-0.37804918407430854,10.215374054329512,-24.47506084232176,0.3518711633673569,4.414393795626867
E1_128,viga,C3,CIELO_3,-0.935846085006171,0.37804918407430854,-10.215374054329512,-66.44176824121091,-0.3518711633673569,3.9146363609280534,0.935846085006171,-0.37804918407430854,10.215374054329512,-24.47506084232176,0.3518711633673569,4.414393795626867
E1_129,viga,C1,CIELO_3,-0.8526153557760662,-5.566571174940542,-4.363061913814907,-21.948353311252554,-3.9041070625180843,3.558328150100745,0.8526153557760662,5.566571174940542,4.363061913814907,-16.882897721700125,3.9041070625180843,4.029948516306244
E1_129,viga,C2,CIELO_3,-0.8526153557760662,-5.566571174940542,-4.363061913814907,-21.948353311252554,-3.9041070625180843,3.558328150100745,0.8526153557760662,5.566571174940542,4.363061913814907,-16.882897721700125,3.9041070625180843,4.029948516306244
E1_129,viga,C3,CIELO_3,-0.8526153557760662,-5.566571174940542,-4.363061913814907,-21.948353311252554,-3.9041070625180843,3.558328150100745,0.8526153557760662,5.566571174940542,4.363061913814907,-16.882897721700125,3.9041070625180843,4.029948516306244
E1_13,viga,C1,CIELO_1,-40.666710068019256,0.6471124974554042,172.73433918137493,4.049280683997519,-437.93018614816964,1.9507913303981987,40.666710068019256,-0.6471124974554042,-172.73433918137493,-4.049280683997519,-425.7415097587051,1.284771156878822
E1_13,viga,C2,CIELO_1,-40.666710068019256,0.6471124974554042,172.73433918137493,4.049280683997519,-437.93018614816964,1.9507913303981987,40.666710068019256,-0.6471124974554042,-172.73433918137493,-4.049280683997519,-425.7415097587051,1.284771156878822
E1_13,viga,C3,CIELO_1,-40.666710068019256,0.6471124974554042,172.73433918137493,4.049280683997519,-437.93018614816964,1.9507913303981987,40.666710068019256,-0.6471124974554042,-172.73433918137493,-4.049280683997519,-425.7415097587051,1.284771156878822
E1_130,viga,C1,CIELO_3,-0.39856272639120915,-1.8210868362726953,-1.8345555559031974,-8.827298808501912,-1.0844352137954902,1.6961219646611747,0.39856272639120915,1.8210868362726953,1.8345555559031974,-7.500245639036548,1.0844352137954902,1.851086300220587
E1_130,viga,C2,CIELO_3,-0.39856272639120915,-1.8210868362726953,-1.8345555559031974,-8.827298808501912,-1.0844352137954902,1.6961219646611747,0.39856272639120915,1.8210868362726953,1.8345555559031974,-7.500245639036548,1.0844352137954902,1.851086300220587
E1_130,viga,C3,CIELO_3,-0.39856272639120915,-1.8210868362726953,-1.8345555559031974,-8.827298808501912,-1.0844352137954902,1.6961219646611747,0.39856272639120915,1.8210868362726953,1.8345555559031974,-7.500245639036548,1.0844352137954902,1.851086300220587
E1_131,viga,C1,CIELO_3,0.35976785527950605,-21.483929426878372,16.263075137608812,59.76683040653908,-1.4494937662821992,-1.2691031384726394,-0.35976785527950605,21.483929426878372,-16.263075137608812,58.14046434112481,1.4494937662821992,-1.3392138123037791
E1_131,viga,C2,CIELO_3,0.35976785527950605,-21.483929426878372,16.263075137608812,59.76683040653908,-1.4494937662821992,-1.2691031384726394,-0.35976785527950605,21.483929426878372,-16.263075137608812,58.14046434112481,1.4494937662821992,-1.3392138123037791
E1_131,viga,C3,CIELO_3,0.35976785527950605,-21.483929426878372,16.263075137608812,59.76683040653908,-1.4494937662821992,-1.2691031384726394,-0.35976785527950605,21.483929426878372,-16.263075137608812,58.14046434112481,1.4494937662821992,-1.3392138123037791
E1_132,viga,C1,CIELO_3,-1.856678029012129,0.34400544429282826,15.227301709900015,45.609368756308584,2.4506955153775016,7.2459670017035185,1.856678029012129,-0.34400544429282826,-15.227301709900015,64.78856864046652,-2.4506955153775016,6.214948708634418
E1_132,viga,C2,CIELO_3,-1.856678029012129,0.34400544429282826,15.227301709900015,45.609368756308584,2.4506955153775016,7.2459670017035185,1.856678029012129,-0.34400544429282826,-15.227301709900015,64.78856864046652,-2.4506955153775016,6.214948708634418
E1_132,viga,C3,CIELO_3,-1.856678029012129,0.34400544429282826,15.227301709900015,45.609368756308584,2.4506955153775016,7.2459670017035185,1.856678029012129,-0.34400544429282826,-15.227301709900015,64.78856864046652,-2.4506955153775016,6.214948708634418
E1_133,viga,C1,CIELO_3,-2.17628770442732,47.9837297686651,27.31916238010063,109.32723377185755,0.054584533626650056,8.189851397994918,2.17628770442732,-47.9837297686651,-27.31916238010063,88.73669348387202,-0.054584533626650056,7.588234459103151
E1_133,viga,C2,CIELO_3,-2.17628770442732,47.9837297686651,27.31916238010063,109.32723377185755,0.054584533626650056,8.189851397994918,2.17628770442732,-47.9837297686651,-27.31916238010063,88.73669348387202,-0.054584533626650056,7.588234459103151
E1_133,viga,C3,CIELO_3,-2.17628770442732,47.9837297686651,27.31916238010063,109.32723377185755,0.054584533626650056,8.189851397994918,2.17628770442732,-47.9837297686651,-27.31916238010063,88.73669348387202,-0.054584533626650056,7.588234459103151
E1_134,viga,C1,CIELO_3,-2.2549869365923345,1.590887012230437,19.023062761877867,58.58099838970716,-1.5729727452355546,8.507892321250822,2.2549869365923345,-1.590887012230437,-19.023062761877867,79.33620663390737,1.5729727452355546,7.8407629690436025
E1_134,viga,C2,CIELO_3,-2.2549869365923345,1.590887012230437,19.023062761877867,58.58099838970716,-1.5729727452355546,8.507892321250822,2.2549869365923345,-1.590887012230437,-19.023062761877867,79.33620663390737,1.5729727452355546,7.8407629690436025
E1_134,viga,C3,CIELO_3,-2.2549869365923345,1.590887012230437,19.023062761877867,58.58099838970716,-1.5729727452355546,8.507892321250822,2.2549869365923345,-1.590887012230437,-19.023062761877867,79.33620663390737,1.5729727452355546,7.8407629690436025
E1_135,viga,C1,CIELO_3,-2.0219406026778595,50.3987500851461,30.62666682230072,121.4364890292971,0.6338518069294448,7.647980423370237,2.0219406026778595,-50.3987500851461,-30.62666682230072,100.60684543238312,-0.6338518069294448,7.011088946044243
E1_135,viga,C2,CIELO_3,-2.0219406026778595,50.3987500851461,30.62666682230072,121.4364890292971,0.6338518069294448,7.647980423370237,2.0219406026778595,-50.3987500851461,-30.62666682230072,100.60684543238312,-0.6338518069294448,7.011088946044243
E1_135,viga,C3,CIELO_3,-2.0219406026778595,50.3987500851461,30.62666682230072,121.4364890292971,0.6338518069294448,7.647980423370237,2.0219406026778595,-50.3987500851461,-30.62666682230072,100.60684543238312,-0.6338518069294448,7.011088946044243
E1_136,viga,C1,CIELO_3,-1.2927143849172182,0.7044671517535415,18.414547434508002,51.831934384493934,-1.98771168770288,4.639555365026745,1.2927143849172182,-0.7044671517535415,-18.414547434508002,81.67353451568908,1.98771168770288,4.732623925623086
E1_136,viga,C2,CIELO_3,-1.2927143849172182,0.7044671517535415,18.414547434508002,51.831934384493934,-1.98771168770288,4.639555365026745,1.2927143849172182,-0.7044671517535415,-18.414547434508002,81.67353451568908,1.98771168770288,4.732623925623086
E1_136,viga,C3,CIELO_3,-1.2927143849172182,0.7044671517535415,18.414547434508002,51.831934384493934,-1.98771168770288,4.639555365026745,1.2927143849172182,-0.7044671517535415,-18.414547434508002,81.67353451568908,1.98771168770288,4.732623925623086
E1_137,viga,C1,CIELO_3,-1.461804882986475,-4.770046598515526,12.379806097208848,43.39131187409804,6.000789322215552,5.555662957368501,1.461804882986475,4.770046598515526,-12.379806097208848,46.362282330666105,-6.000789322215552,5.042422444283443
E1_137,viga,C2,CIELO_3,-1.461804882986475,-4.770046598515526,12.379806097208848,43.39131187409804,6.000789322215552,5.555662957368501,1.461804882986475,4.770046598515526,-12.379806097208848,46.362282330666105,-6.000789322215552,5.042422444283443
E1_137,viga,C3,CIELO_3,-1.461804882986475,-4.770046598515526,12.379806097208848,43.39131187409804,6.000789322215552,5.555662957368501,1.461804882986475,4.770046598515526,-12.379806097208848,46.362282330666105,-6.000789322215552,5.042422444283443
E1_138,viga,C1,CIELO_3,-0.7750408118353797,-1.8928678174845106,4.372790107586623,15.42041868652484,2.140798600536088,2.8608842941610666,0.7750408118353797,1.8928678174845106,-4.372790107586623,16.282309593478182,-2.140798600536088,2.758161591645436
E1_138,viga,C2,CIELO_3,-0.7750408118353797,-1.8928678174845106,4.372790107586623,15.42041868652484,2.140798600536088,2.8608842941610666,0.7750408118353797,1.8928678174845106,-4.372790107586623,16.282309593478182,-2.140798600536088,2.758161591645436
E1_138,viga,C3,CIELO_3,-0.7750408118353797,-1.8928678174845106,4.372790107586623,15.42041868652484,2.140798600536088,2.8608842941610666,0.7750408118353797,1.8928678174845106,-4.372790107586623,16.282309593478182,-2.140798600536088,2.758161591645436
E1_139,viga,C1,CIELO_3,-0.9704790654493413,2.8556521397431482,2.769905963491435,-11.350545702588759,-0.38273970285699477,-4.885935465955178,0.9704790654493413,-2.8556521397431482,-2.769905963491435,-13.301617372485012,0.38273970285699477,-3.7513282165439588
E1_139,viga,C2,CIELO_3,-0.9704790654493413,2.8556521397431482,2.769905963491435,-11.350545702588759,-0.38273970285699477,-4.885935465955178,0.9704790654493413,-2.8556521397431482,-2.769905963491435,-13.301617372485012,0.38273970285699477,-3.7513282165439588
E1_139,viga,C3,CIELO_3,-0.9704790654493413,2.8556521397431482,2.769905963491435,-11.350545702588759,-0.38273970285699477,-4.885935465955178,0.9704790654493413,-2.8556521397431482,-2.769905963491435,-13.301617372485012,0.38273970285699477,-3.7513282165439588
E1_14,viga,C1,CIELO_1,-40.299814173048155,0.7687535328928073,-154.5763331515831,-4.416620619128105,424.1725536604367,1.825127423746704,40.299814173048155,-0.7687535328928073,154.5763331515831,4.416620619128105,348.70911209747874,2.0186402407173323
E1_14,viga,C2,CIELO_1,-40.299814173048155,0.7687535328928073,-154.5763331515831,-4.416620619128105,424.1725536604367,1.825127423746704,40.299814173048155,-0.7687535328928073,154.5763331515831,4.416620619128105,348.70911209747874,2.0186402407173323
E1_14,viga,C3,CIELO_1,-40.299814173048155,0.7687535328928073,-154.5763331515831,-4.416620619128105,424.1725536604367,1.825127423746704,40.299814173048155,-0.7687535328928073,154.5763331515831,4.416620619128105,348.70911209747874,2.0186402407173323
E1_140,viga,C1,CIELO_3,-1.3146204215013602,3.3836416619869856,-7.207575503969492,26.647523771398856,-0.19256823877572035,-3.9925308343303687,1.3146204215013602,-3.3836416619869856,7.207575503969492,25.60739863237997,0.19256823877572035,-5.538467221554494
E1_140,viga,C2,CIELO_3,-1.3146204215013602,3.3836416619869856,-7.207575503969492,26.647523771398856,-0.19256823877572035,-3.9925308343303687,1.3146204215013602,-3.3836416619869856,7.207575503969492,25.60739863237997,0.19256823877572035,-5.538467221554494
E1_140,viga,C3,CIELO_3,-1.3146204215013602,3.3836416619869856,-7.207575503969492,26.647523771398856,-0.19256823877572035,-3.9925308343303687,1.3146204215013602,-3.3836416619869856,7.207575503969492,25.60739863237997,0.19256823877572035,-5.538467221554494
E1_141,viga,C1,CIELO_4,69.88749295037594,2.4241244487051286,85.22824294288014,-10.436299770630772,-173.49502048327182,6.206771993057616,-69.88749295037594,-2.4241244487051286,-85.22824294288014,10.436299770630772,-252.64619423112887,5.913850250468025
E1_141,viga,C2,CIELO_4,69.88749295037594,2.4241244487051286,85.22824294288014,-10.436299770630772,-173.49502048327182,6.206771993057616,-69.88749295037594,-2.4241244487051286,-85.22824294288014,10.436299770630772,-252.64619423112887,5.913850250468025
E1_141,viga,C3,CIELO_4,69.88749295037594,2.4241244487051286,85.22824294288014,-10.436299770630772,-173.49502048327182,6.206771993057616,-69.88749295037594,-2.4241244487051286,-85.22824294288014,10.436299770630772,-252.64619423112887,5.913850250468025
E1_142,viga,C1,CIELO_4,71.73100876538955,2.172426197780529,-101.83743255409554,1.5643882442085777,250.5411196789544,2.750416931495449,-71.73100876538955,-2.172426197780529,101.83743255409554,-1.5643882442085777,258.6460430915233,8.111714057407196
E1_142,viga,C2,CIELO_4,71.73100876538955,2.172426197780529,-101.83743255409554,1.5643882442085777,250.5411196789544,2.750416931495449,-71.73100876538955,-2.172426197780529,101.83743255409554,-1.5643882442085777,258.6460430915233,8.111714057407196
E1_142,viga,C3,CIELO_4,71.73100876538955,2.172426197780529,-101.83743255409554,1.5643882442085777,250.5411196789544,2.750416931495449,-71.73100876538955,-2.172426197780529,101.83743255409554,-1.5643882442085777,258.6460430915233,8.111714057407196
E1_143,viga,C1,CIELO_4,67.11709209771686,-1.0941554651260468,95.19693638958206,-7.667870292422902,-244.25310391647832,-4.874807188488551,-67.11709209771686,1.0941554651260468,-95.19693638958206,7.667870292422902,-231.73157803143198,-0.5959701371416828
E1_143,viga,C2,CIELO_4,67.11709209771686,-1.0941554651260468,95.19693638958206,-7.667870292422902,-244.25310391647832,-4.874807188488551,-67.11709209771686,1.0941554651260468,-95.19693638958206,7.667870292422902,-231.73157803143198,-0.5959701371416828
E1_143,viga,C3,CIELO_4,67.11709209771686,-1.0941554651260468,95.19693638958206,-7.667870292422902,-244.25310391647832,-4.874807188488551,-67.11709209771686,1.0941554651260468,-95.19693638958206,7.667870292422902,-231.73157803143198,-0.5959701371416828
E1_144,viga,C1,CIELO_4,65.66495746595166,-1.733083546446563,-93.0968187334175,6.1726786903309225,232.48440612218684,-6.087408086725502,-65.66495746595166,1.733083546446563,93.0968187334175,-6.1726786903309225,232.99968754490067,-2.5780096455073127
E1_144,viga,C2,CIELO_4,65.66495746595166,-1.733083546446563,-93.0968187334175,6.1726786903309225,232.48440612218684,-6.087408086725502,-65.66495746595166,1.733083546446563,93.0968187334175,-6.1726786903309225,232.99968754490067,-2.5780096455073127
E1_144,viga,C3,CIELO_4,65.66495746595166,-1.733083546446563,-93.0968187334175,6.1726786903309225,232.48440612218684,-6.087408086725502,-65.66495746595166,1.733083546446563,93.0968187334175,-6.1726786903309225,232.99968754490067,-2.5780096455073127
E1_145,viga,C1,CIELO_4,72.78319646008904,-4.352446480922776,102.38370148715698,-5.597753172638112,-256.5596218992581,-12.786629370085647,-72.78319646008904,4.352446480922776,-102.38370148715698,5.597753172638112,-255.35888553652677,-8.975603034528232
E1_145,viga,C2,CIELO_4,72.78319646008904,-4.352446480922776,102.38370148715698,-5.597753172638112,-256.5596218992581,-12.786629370085647,-72.78319646008904,4.352446480922776,-102.38370148715698,5.597753172638112,-255.35888553652677,-8.975603034528232
E1_145,viga,C3,CIELO_4,72.78319646008904,-4.352446480922776,102.38370148715698,-5.597753172638112,-256.5596218992581,-12.786629370085647,-72.78319646008904,4.352446480922776,-102.38370148715698,5.597753172638112,-255.35888553652677,-8.975603034528232
E1_146,viga,C1,CIELO_4,68.78515877039816,-4.862703437391286,-87.74047759357987,16.078592998476772,255.32992651522176,-9.61185637287922,-68.78515877039816,4.862703437391286,87.74047759357987,-16.078592998476772,183.37246145267758,-14.701660814077206
E1_146,viga,C2,CIELO_4,68.78515877039816,-4.862703437391286,-87.74047759357987,16.078592998476772,255.32992651522176,-9.61185637287922,-68.78515877039816,4.862703437391286,87.74047759357987,-16.078592998476772,183.37246145267758,-14.701660814077206
E1_146,viga,C3,CIELO_4,68.78515877039816,-4.862703437391286,-87.74047759357987,16.078592998476772,255.32992651522176,-9.61185637287922,-68.78515877039816,4.862703437391286,87.74047759357987,-16.078592998476772,183.37246145267758,-14.701660814077206
E1_147,viga,C1,CIELO_4,3.0969370684994466,-0.7429200799723525,9.497783387181702,3.859868502264136,-50.69774478825432,0.5598467769537714,-3.0969370684994466,0.7429200799723525,-9.497783387181702,-3.859868502264136,3.208827852345813,-4.274447176815534
E1_147,viga,C2,CIELO_4,3.0969370684994466,-0.7429200799723525,9.497783387181702,3.859868502264136,-50.69774478825432,0.5598467769537714,-3.0969370684994466,0.7429200799723525,-9.497783387181702,-3.859868502264136,3.208827852345813,-4.274447176815534
E1_147,viga,C3,CIELO_4,3.0969370684994466,-0.7429200799723525,9.497783387181702,3.859868502264136,-50.69774478825432,0.5598467769537714,-3.0969370684994466,0.7429200799723525,-9.497783387181702,-3.859868502264136,3.208827852345813,-4.274447176815534
E1_148,viga,C1,CIELO_4,83.33054956937312,4.591387056550457,106.38852963861927,5.59258431764655,-214.04161269064542,11.463080855019452,-83.33054956937312,-4.591387056550457,-106.38852963861927,-5.59258431764655,-317.901035502451,11.493854427732833
E1_148,viga,C2,CIELO_4,83.33054956937312,4.591387056550457,106.38852963861927,5.59258431764655,-214.04161269064542,11.463080855019452,-83.33054956937312,-4.591387056550457,-106.38852963861927,-5.59258431764655,-317.901035502451,11.493854427732833
E1_148,viga,C3,CIELO_4,83.33054956937312,4.591387056550457,106.38852963861927,5.59258431764655,-214.04161269064542,11.463080855019452,-83.33054956937312,-4.591387056550457,-106.38852963861927,-5.59258431764655,-317.901035502451,11.493854427732833
E1_149,viga,C1,CIELO_4,84.64298402987289,3.4432057706071926,-136.16902001352625,-9.128306996693917,323.8658240248847,6.789424792906722,-84.64298402987289,-3.4432057706071926,136.16902001352625,9.128306996693917,17.918416209066123,1.8530216913173305
E1_149,viga,C2,CIELO_4,84.64298402987289,3.4432057706071926,-136.16902001352625,-9.128306996693917,323.8658240248847,6.789424792906722,-84.64298402987289,-3.4432057706071926,136.16902001352625,9.128306996693917,17.918416209066123,1.8530216913173305
E1_149,viga,C3,CIELO_4,84.64298402987289,3.4432057706071926,-136.16902001352625,-9.128306996693917,323.8658240248847,6.789424792906722,-84.64298402987289,-3.4432057706071926,136.16902001352625,9.128306996693917,17.918416209066123,1.8530216913173305
E1_15,viga,C1,CIELO_1,-2.2627614875605726,-0.19007339256220335,17.86082056014542,-0.28871322047682973,-74.3765932717795,-0.6218676193893861,2.2627614875605726,0.19007339256220335,-17.86082056014542,0.28871322047682973,-14.927509528947589,-0.32849934342163056
E1_15,viga,C2,CIELO_1,-2.2627614875605726,-0.19007339256220335,17.86082056014542,-0.28871322047682973,-74.3765932717795,-0.6218676193893861,2.2627614875605726,0.19007339256220335,-17.86082056014542,0.28871322047682973,-14.927509528947589,-0.32849934342163056
E1_15,viga,C3,CIELO_1,-2.2627614875605726,-0.19007339256220335,17.86082056014542,-0.28871322047682973,-74.3765932717795,-0.6218676193893861,2.2627614875605726,0.19007339256220335,-17.86082056014542,0.28871322047682973,-14.927509528947589,-0.32849934342163056
E1_150,viga,C1,CIELO_4,84.64298402987231,3.4432057706069545,-136.16902001352676,-9.128306996693883,-17.918416209065015,-1.8530216913173003,-84.64298402987231,-3.4432057706069545,136.16902001352676,9.128306996693883,356.97927604274673,10.426604060128618
E1_150,viga,C2,CIELO_4,84.64298402987231,3.4432057706069545,-136.16902001352676,-9.128306996693883,-17.918416209065015,-1.8530216913173003,-84.64298402987231,-3.4432057706069545,136.16902001352676,9.128306996693883,356.97927604274673,10.426604060128618
E1_150,viga,C3,CIELO_4,84.64298402987231,3.4432057706069545,-136.16902001352676,-9.128306996693883,-17.918416209065015,-1.8530216913173003,-84.64298402987231,-3.4432057706069545,136.16902001352676,9.128306996693883,356.97927604274673,10.426604060128618
E1_151,viga,C1,CIELO_4,95.0625227298647,-1.9451522502997438,150.9608800957642,7.225779502414412,-378.97243333726783,-6.650396447338897,-95.0625227298647,1.9451522502997438,-150.9608800957642,-7.225779502414412,-375.83196714155315,-3.0753648041598223
E1_151,viga,C2,CIELO_4,95.0625227298647,-1.9451522502997438,150.9608800957642,7.225779502414412,-378.97243333726783,-6.650396447338897,-95.0625227298647,1.9451522502997438,-150.9608800957642,-7.225779502414412,-375.83196714155315,-3.0753648041598223
E1_151,viga,C3,CIELO_4,95.0625227298647,-1.9451522502997438,150.9608800957642,7.225779502414412,-378.97243333726783,-6.650396447338897,-95.0625227298647,1.9451522502997438,-150.9608800957642,-7.225779502414412,-375.83196714155315,-3.0753648041598223
E1_152,viga,C1,CIELO_4,94.94042692778874,-2.856778567130114,-148.94292395746945,-7.232684500178421,373.66708541162944,-8.561799754230446,-94.94042692778874,2.856778567130114,148.94292395746945,7.232684500178421,371.04753437571765,-5.722093081420121
E1_152,viga,C2,CIELO_4,94.94042692778874,-2.856778567130114,-148.94292395746945,-7.232684500178421,373.66708541162944,-8.561799754230446,-94.94042692778874,2.856778567130114,148.94292395746945,7.232684500178421,371.04753437571765,-5.722093081420121
E1_152,viga,C3,CIELO_4,94.94042692778874,-2.856778567130114,-148.94292395746945,-7.232684500178421,373.66708541162944,-8.561799754230446,-94.94042692778874,2.856778567130114,148.94292395746945,7.232684500178421,371.04753437571765,-5.722093081420121
E1_153,viga,C1,CIELO_4,106.51591711197959,-7.154942479723516,160.05027694211876,8.166379011333955,-400.1560082586344,-19.10454886641879,-106.51591711197959,7.154942479723516,-160.05027694211876,-8.166379011333955,-400.0953764519593,-16.670163532198796
E1_153,viga,C2,CIELO_4,106.51591711197959,-7.154942479723516,160.05027694211876,8.166379011333955,-400.1560082586344,-19.10454886641879,-106.51591711197959,7.154942479723516,-160.05027694211876,-8.166379011333955,-400.0953764519593,-16.670163532198796
E1_153,viga,C3,CIELO_4,106.51591711197959,-7.154942479723516,160.05027694211876,8.166379011333955,-400.1560082586344,-19.10454886641879,-106.51591711197959,7.154942479723516,-160.05027694211876,-8.166379011333955,-400.0953764519593,-16.670163532198796
E1_154,viga,C1,CIELO_4,105.44874783818703,-7.568487154321847,-138.17890930032794,-4.560382490155298,397.7188079676256,-17.29777539428777,-105.44874783818703,7.568487154321847,138.17890930032794,4.560382490155298,293.17573853401416,-20.544660377321463
E1_154,viga,C2,CIELO_4,105.44874783818703,-7.568487154321847,-138.17890930032794,-4.560382490155298,397.7188079676256,-17.29777539428777,-105.44874783818703,7.568487154321847,138.17890930032794,4.560382490155298,293.17573853401416,-20.544660377321463
E1_154,viga,C3,CIELO_4,105.44874783818703,-7.568487154321847,-138.17890930032794,-4.560382490155298,397.7188079676256,-17.29777539428777,-105.44874783818703,7.568487154321847,138.17890930032794,4.560382490155298,293.17573853401416,-20.544660377321463
E1_155,viga,C1,CIELO_4,7.267929069232001,-1.0238189863634217,9.698800158526456,-0.6560951010756454,-63.422531443441116,-0.6587915700730074,-7.267929069232001,1.0238189863634217,-9.698800158526456,0.6560951010756454,14.928530650808838,-4.460303361744101
E1_155,viga,C2,CIELO_4,7.267929069232001,-1.0238189863634217,9.698800158526456,-0.6560951010756454,-63.422531443441116,-0.6587915700730074,-7.267929069232001,1.0238189863634217,-9.698800158526456,0.6560951010756454,14.928530650808838,-4.460303361744101
E1_155,viga,C3,CIELO_4,7.267929069232001,-1.0238189863634217,9.698800158526456,-0.6560951010756454,-63.422531443441116,-0.6587915700730074,-7.267929069232001,1.0238189863634217,-9.698800158526456,0.6560951010756454,14.928530650808838,-4.460303361744101
E1_156,viga,C1,CIELO_4,47.68717296325287,2.6784867980931595,55.95779560648901,10.159963460206239,-111.80827758345907,7.461043420138576,-47.68717296325287,-2.6784867980931595,-55.95779560648901,-10.159963460206239,-167.98070044898594,5.9313905703272205
E1_156,viga,C2,CIELO_4,47.68717296325287,2.6784867980931595,55.95779560648901,10.159963460206239,-111.80827758345907,7.461043420138576,-47.68717296325287,-2.6784867980931595,-55.95779560648901,-10.159963460206239,-167.98070044898594,5.9313905703272205
E1_156,viga,C3,CIELO_4,47.68717296325287,2.6784867980931595,55.95779560648901,10.159963460206239,-111.80827758345907,7.461043420138576,-47.68717296325287,-2.6784867980931595,-55.95779560648901,-10.159963460206239,-167.98070044898594,5.9313905703272205
E1_157,viga,C1,CIELO_4,44.53122268773786,4.078366334959605,-69.41622288657594,-34.89701049759933,164.12098647872563,6.408993278188929,-44.53122268773786,-4.078366334959605,69.41622288657594,34.89701049759933,10.113732966579974,3.8277062225596783
E1_157,viga,C2,CIELO_4,44.53122268773786,4.078366334959605,-69.41622288657594,-34.89701049759933,164.12098647872563,6.408993278188929,-44.53122268773786,-4.078366334959605,69.41622288657594,34.89701049759933,10.113732966579974,3.8277062225596783
E1_157,viga,C3,CIELO_4,44.53122268773786,4.078366334959605,-69.41622288657594,-34.89701049759933,164.12098647872563,6.408993278188929,-44.53122268773786,-4.078366334959605,69.41622288657594,34.89701049759933,10.113732966579974,3.8277062225596783
E1_158,viga,C1,CIELO_4,44.531222687736474,4.078366334959273,-69.41622288657628,-34.897010497599354,-10.113732966580201,-3.8277062225596428,-44.531222687736474,-4.078366334959273,69.41622288657628,34.897010497599354,182.96012795415515,13.982838396608233
E1_158,viga,C2,CIELO_4,44.531222687736474,4.078366334959273,-69.41622288657628,-34.897010497599354,-10.113732966580201,-3.8277062225596428,-44.531222687736474,-4.078366334959273,69.41622288657628,34.897010497599354,182.96012795415515,13.982838396608233
E1_158,viga,C3,CIELO_4,44.531222687736474,4.078366334959273,-69.41622288657628,-34.897010497599354,-10.113732966580201,-3.8277062225596428,-44.531222687736474,-4.078366334959273,69.41622288657628,34.897010497599354,182.96012795415515,13.982838396608233
E1_159,viga,C1,CIELO_4,53.1052293398916,-2.0120313750736933,81.7059334494048,30.302688815038454,-201.23094117286695,-6.603913384884287,-53.1052293398916,2.0120313750736933,-81.7059334494048,-30.302688815038454,-207.298726074157,-3.4562434904841797
E1_159,viga,C2,CIELO_4,53.1052293398916,-2.0120313750736933,81.7059334494048,30.302688815038454,-201.23094117286695,-6.603913384884287,-53.1052293398916,2.0120313750736933,-81.7059334494048,-30.302688815038454,-207.298726074157,-3.4562434904841797
E1_159,viga,C3,CIELO_4,53.1052293398916,-2.0120313750736933,81.7059334494048,30.302688815038454,-201.23094117286695,-6.603913384884287,-53.1052293398916,2.0120313750736933,-81.7059334494048,-30.302688815038454,-207.298726074157,-3.4562434904841797
E1_16,viga,C1,CIELO_1,-69.3864670145585,-1.890613784022682,75.42565750174451,19.915111334241818,-180.6071394175666,-6.6845444547315545,69.3864670145585,1.890613784022682,-75.42565750174451,-19.915111334241818,-196.521148091156,-2.768524465381854
E1_16,viga,C2,CIELO_1,-69.3864670145585,-1.890613784022682,75.42565750174451,19.915111334241818,-180.6071394175666,-6.6845444547315545,69.3864670145585,1.890613784022682,-75.42565750174451,-19.915111334241818,-196.521148091156,-2.768524465381854
E1_16,viga,C3,CIELO_1,-69.3864670145585,-1.890613784022682,75.42565750174451,19.915111334241818,-180.6071394175666,-6.6845444547315545,69.3864670145585,1.890613784022682,-75.42565750174451,-19.915111334241818,-196.521148091156,-2.768524465381854
E1_160,viga,C1,CIELO_4,54.67945977373212,-0.46147697692212514,-83.40327206186186,-29.28479639429958,208.71077971332573,-2.560382595318522,-54.67945977373212,0.46147697692212514,83.40327206186186,29.28479639429958,208.30558059598354,0.2529977107078967
E1_160,viga,C2,CIELO_4,54.67945977373212,-0.46147697692212514,-83.40327206186186,-29.28479639429958,208.71077971332573,-2.560382595318522,-54.67945977373212,0.46147697692212514,83.40327206186186,29.28479639429958,208.30558059598354,0.2529977107078967
E1_160,viga,C3,CIELO_4,54.67945977373212,-0.46147697692212514,-83.40327206186186,-29.28479639429958,208.71077971332573,-2.560382595318522,-54.67945977373212,0.46147697692212514,83.40327206186186,29.28479639429958,208.30558059598354,0.2529977107078967
E1_161,viga,C1,CIELO_4,59.60844151428127,-5.56049804054284,86.70057813808965,37.09850567419492,-213.46192029387458,-16.69538474845492,-59.60844151428127,5.56049804054284,-86.70057813808965,-37.09850567419492,-220.0409703965736,-11.10710545425928
E1_161,viga,C2,CIELO_4,59.60844151428127,-5.56049804054284,86.70057813808965,37.09850567419492,-213.46192029387458,-16.69538474845492,-59.60844151428127,5.56049804054284,-86.70057813808965,-37.09850567419492,-220.0409703965736,-11.10710545425928
E1_161,viga,C3,CIELO_4,59.60844151428127,-5.56049804054284,86.70057813808965,37.09850567419492,-213.46192029387458,-16.69538474845492,-59.60844151428127,5.56049804054284,-86.70057813808965,-37.09850567419492,-220.0409703965736,-11.10710545425928
E1_162,viga,C1,CIELO_4,64.6736484777647,-4.6366964094762535,-78.25282122622801,-14.63611143535986,222.44649790221257,-8.64278213536006,-64.6736484777647,4.6366964094762535,78.25282122622801,14.63611143535986,168.81760822892744,-14.540699912021205
E1_162,viga,C2,CIELO_4,64.6736484777647,-4.6366964094762535,-78.25282122622801,-14.63611143535986,222.44649790221257,-8.64278213536006,-64.6736484777647,4.6366964094762535,78.25282122622801,14.63611143535986,168.81760822892744,-14.540699912021205
E1_162,viga,C3,CIELO_4,64.6736484777647,-4.6366964094762535,-78.25282122622801,-14.63611143535986,222.44649790221257,-8.64278213536006,-64.6736484777647,4.6366964094762535,78.25282122622801,14.63611143535986,168.81760822892744,-14.540699912021205
E1_163,viga,C1,CIELO_4,5.909394834851828,0.14357868828236528,7.717540357882168,-3.0868113867028253,-44.48841042652726,2.835579323461579,-5.909394834851828,-0.14357868828236528,-7.717540357882168,3.0868113867028253,5.9007086371164235,-2.1176858820497526
E1_163,viga,C2,CIELO_4,5.909394834851828,0.14357868828236528,7.717540357882168,-3.0868113867028253,-44.48841042652726,2.835579323461579,-5.909394834851828,-0.14357868828236528,-7.717540357882168,3.0868113867028253,5.9007086371164235,-2.1176858820497526
E1_163,viga,C3,CIELO_4,5.909394834851828,0.14357868828236528,7.717540357882168,-3.0868113867028253,-44.48841042652726,2.835579323461579,-5.909394834851828,-0.14357868828236528,-7.717540357882168,3.0868113867028253,5.9007086371164235,-2.1176858820497526
E1_164,viga,C1,CIELO_4,-2.108200531089491,-1.0355618957261454,2.617848664501807,1.6348533380585293,28.12956867393519,4.822039120844928,2.108200531089491,1.0355618957261454,-2.617848664501807,-1.6348533380585293,-1.9510820289171242,5.533579836416526
E1_164,viga,C2,CIELO_4,-2.108200531089491,-1.0355618957261454,2.617848664501807,1.6348533380585293,28.12956867393519,4.822039120844928,2.108200531089491,1.0355618957261454,-2.617848664501807,-1.6348533380585293,-1.9510820289171242,5.533579836416526
E1_164,viga,C3,CIELO_4,-2.108200531089491,-1.0355618957261454,2.617848664501807,1.6348533380585293,28.12956867393519,4.822039120844928,2.108200531089491,1.0355618957261454,-2.617848664501807,-1.6348533380585293,-1.9510820289171242,5.533579836416526
E1_165,viga,C1,CIELO_4,-2.9072191820890545,-1.5623405975923226,2.0665728137642954,-0.17537408994714615,27.675563127217128,7.193214477466354,2.9072191820890545,1.5623405975923226,-2.0665728137642954,0.17537408994714615,-7.009834989574173,8.430191498456871
E1_165,viga,C2,CIELO_4,-2.9072191820890545,-1.5623405975923226,2.0665728137642954,-0.17537408994714615,27.675563127217128,7.193214477466354,2.9072191820890545,1.5623405975923226,-2.0665728137642954,0.17537408994714615,-7.009834989574173,8.430191498456871
E1_165,viga,C3,CIELO_4,-2.9072191820890545,-1.5623405975923226,2.0665728137642954,-0.17537408994714615,27.675563127217128,7.193214477466354,2.9072191820890545,1.5623405975923226,-2.0665728137642954,0.17537408994714615,-7.009834989574173,8.430191498456871
E1_166,viga,C1,CIELO_4,-0.23970838257773852,-1.0651997919125218,0.6809281080063058,-1.6200167431899408,12.658243443167672,4.986704174097148,0.23970838257773852,1.0651997919125218,-0.6809281080063058,1.6200167431899408,-5.848962363104615,5.665293745028071
E1_166,viga,C2,CIELO_4,-0.23970838257773852,-1.0651997919125218,0.6809281080063058,-1.6200167431899408,12.658243443167672,4.986704174097148,0.23970838257773852,1.0651997919125218,-0.6809281080063058,1.6200167431899408,-5.848962363104615,5.665293745028071
E1_166,viga,C3,CIELO_4,-0.23970838257773852,-1.0651997919125218,0.6809281080063058,-1.6200167431899408,12.658243443167672,4.986704174097148,0.23970838257773852,1.0651997919125218,-0.6809281080063058,1.6200167431899408,-5.848962363104615,5.665293745028071
E1_167,viga,C1,CIELO_4,1.8281970155154115,15.108142785127347,-5.938752835698316,-31.97808196800034,2.413492765524433,-7.765780564261869,-1.8281970155154115,-15.108142785127347,5.938752835698316,-20.876818269714676,-2.413492765524433,-8.505172873825291
E1_167,viga,C2,CIELO_4,1.8281970155154115,15.108142785127347,-5.938752835698316,-31.97808196800034,2.413492765524433,-7.765780564261869,-1.8281970155154115,-15.108142785127347,5.938752835698316,-20.876818269714676,-2.413492765524433,-8.505172873825291
E1_167,viga,C3,CIELO_4,1.8281970155154115,15.108142785127347,-5.938752835698316,-31.97808196800034,2.413492765524433,-7.765780564261869,-1.8281970155154115,-15.108142785127347,5.938752835698316,-20.876818269714676,-2.413492765524433,-8.505172873825291
E1_168,viga,C1,CIELO_4,1.8435158150147917,-0.2516982509242273,-7.052356434475709,-50.76528425199455,-2.105074552174489,-7.743023571668108,-1.8435158150147917,0.2516982509242273,7.052356434475709,-12.000688014839263,2.105074552174489,-8.664267181963538
E1_168,viga,C2,CIELO_4,1.8435158150147917,-0.2516982509242273,-7.052356434475709,-50.76528425199455,-2.105074552174489,-7.743023571668108,-1.8435158150147917,0.2516982509242273,7.052356434475709,-12.000688014839263,2.105074552174489,-8.664267181963538
E1_168,viga,C3,CIELO_4,1.8435158150147917,-0.2516982509242273,-7.052356434475709,-50.76528425199455,-2.105074552174489,-7.743023571668108,-1.8435158150147917,0.2516982509242273,7.052356434475709,-12.000688014839263,2.105074552174489,-8.664267181963538
E1_169,viga,C1,CIELO_4,0.10650588413917808,-13.417816245978463,3.2239752963293684,4.191346944484794,2.468406948968937,-0.497632148566446,-0.10650588413917808,13.417816245978463,-3.2239752963293684,24.50203319284659,-2.468406948968937,-0.45027022027223895
E1_169,viga,C2,CIELO_4,0.10650588413917808,-13.417816245978463,3.2239752963293684,4.191346944484794,2.468406948968937,-0.497632148566446,-0.10650588413917808,13.417816245978463,-3.2239752963293684,24.50203319284659,-2.468406948968937,-0.45027022027223895
E1_169,viga,C3,CIELO_4,0.10650588413917808,-13.417816245978463,3.2239752963293684,4.191346944484794,2.468406948968937,-0.497632148566446,-0.10650588413917808,13.417816245978463,-3.2239752963293684,24.50203319284659,-2.468406948968937,-0.45027022027223895
E1_17,viga,C1,CIELO_1,-68.62841959548237,-6.164953169241284,-58.269709148096084,-38.12419702011623,190.16995538119102,-0.37655290284616605,68.62841959548237,6.164953169241284,58.269709148096084,38.12419702011623,-43.91298541946986,-15.097479551949455
E1_17,viga,C2,CIELO_1,-68.62841959548237,-6.164953169241284,-58.269709148096084,-38.12419702011623,190.16995538119102,-0.37655290284616605,68.62841959548237,6.164953169241284,58.269709148096084,38.12419702011623,-43.91298541946986,-15.097479551949455
E1_17,viga,C3,CIELO_1,-68.62841959548237,-6.164953169241284,-58.269709148096084,-38.12419702011623,190.16995538119102,-0.37655290284616605,68.62841959548237,6.164953169241284,58.269709148096084,38.12419702011623,-43.91298541946986,-15.097479551949455
E1_170,viga,C1,CIELO_4,-1.4521346317658894,-0.6389280813172633,-8.280436060499122,-59.85533195568857,0.7528280907549002,6.240619998849365,1.4521346317658894,0.6389280813172633,8.280436060499122,-13.84054898275362,-0.7528280907549002,6.6833782238670505
E1_170,viga,C2,CIELO_4,-1.4521346317658894,-0.6389280813172633,-8.280436060499122,-59.85533195568857,0.7528280907549002,6.240619998849365,1.4521346317658894,0.6389280813172633,8.280436060499122,-13.84054898275362,-0.7528280907549002,6.6833782238670505
E1_170,viga,C3,CIELO_4,-1.4521346317658894,-0.6389280813172633,-8.280436060499122,-59.85533195568857,0.7528280907549002,6.240619998849365,1.4521346317658894,0.6389280813172633,8.280436060499122,-13.84054898275362,-0.7528280907549002,6.6833782238670505
E1_171,viga,C1,CIELO_4,-2.729214017886574,-9.3722149492537,1.6960437878066001,-3.892222551726787,0.179539734410975,11.735507601803304,2.729214017886574,9.3722149492537,-1.6960437878066001,18.98701226320553,-0.179539734410975,12.554497157387207
E1_171,viga,C2,CIELO_4,-2.729214017886574,-9.3722149492537,1.6960437878066001,-3.892222551726787,0.179539734410975,11.735507601803304,2.729214017886574,9.3722149492537,-1.6960437878066001,18.98701226320553,-0.179539734410975,12.554497157387207
E1_171,viga,C3,CIELO_4,-2.729214017886574,-9.3722149492537,1.6960437878066001,-3.892222551726787,0.179539734410975,11.735507601803304,2.729214017886574,9.3722149492537,-1.6960437878066001,18.98701226320553,-0.179539734410975,12.554497157387207
E1_172,viga,C1,CIELO_4,-3.998037689691557,-0.5102569564685795,-10.110860018236997,-68.31030799119443,-0.028959021305045633,16.995076030847436,3.998037689691557,0.5102569564685795,10.110860018236997,-21.676346171114833,0.028959021305045633,18.587459407407422
E1_172,viga,C2,CIELO_4,-3.998037689691557,-0.5102569564685795,-10.110860018236997,-68.31030799119443,-0.028959021305045633,16.995076030847436,3.998037689691557,0.5102569564685795,10.110860018236997,-21.676346171114833,0.028959021305045633,18.587459407407422
E1_172,viga,C3,CIELO_4,-3.998037689691557,-0.5102569564685795,-10.110860018236997,-68.31030799119443,-0.028959021305045633,16.995076030847436,3.998037689691557,0.5102569564685795,10.110860018236997,-21.676346171114833,0.028959021305045633,18.587459407407422
E1_173,viga,C1,CIELO_4,-2.5129318512604923,15.493351794194972,-4.367741061976891,-24.94361607935447,-5.988112442395001,10.904029054931529,2.5129318512604923,-15.493351794194972,4.367741061976891,-13.929279372239863,5.988112442395001,11.461064421286855
E1_173,viga,C2,CIELO_4,-2.5129318512604923,15.493351794194972,-4.367741061976891,-24.94361607935447,-5.988112442395001,10.904029054931529,2.5129318512604923,-15.493351794194972,4.367741061976891,-13.929279372239863,5.988112442395001,11.461064421286855
E1_173,viga,C3,CIELO_4,-2.5129318512604923,15.493351794194972,-4.367741061976891,-24.94361607935447,-5.988112442395001,10.904029054931529,2.5129318512604923,-15.493351794194972,4.367741061976891,-13.929279372239863,5.988112442395001,11.461064421286855
E1_174,viga,C1,CIELO_4,-0.8882188760587817,4.208265227209214,-1.900648441732667,-10.068132517734018,-1.5177806573613106,3.964163664187908,0.8882188760587817,-4.208265227209214,1.900648441732667,-6.847638613686718,1.5177806573613106,3.9409843327352494
E1_174,viga,C2,CIELO_4,-0.8882188760587817,4.208265227209214,-1.900648441732667,-10.068132517734018,-1.5177806573613106,3.964163664187908,0.8882188760587817,-4.208265227209214,1.900648441732667,-6.847638613686718,1.5177806573613106,3.9409843327352494
E1_174,viga,C3,CIELO_4,-0.8882188760587817,4.208265227209214,-1.900648441732667,-10.068132517734018,-1.5177806573613106,3.964163664187908,0.8882188760587817,-4.208265227209214,1.900648441732667,-6.847638613686718,1.5177806573613106,3.9409843327352494
E1_175,viga,C1,CIELO_4,2.5598488874458902,12.156966978198717,9.897118064357795,30.500724153495163,-6.845880486070966,-9.64143824003073,-2.5598488874458902,-12.156966978198717,-9.897118064357795,41.253381813098855,6.845880486070966,-8.917466193951974
E1_175,viga,C2,CIELO_4,2.5598488874458902,12.156966978198717,9.897118064357795,30.500724153495163,-6.845880486070966,-9.64143824003073,-2.5598488874458902,-12.156966978198717,-9.897118064357795,41.253381813098855,6.845880486070966,-8.917466193951974
E1_175,viga,C3,CIELO_4,2.5598488874458902,12.156966978198717,9.897118064357795,30.500724153495163,-6.845880486070966,-9.64143824003073,-2.5598488874458902,-12.156966978198717,-9.897118064357795,41.253381813098855,6.845880486070966,-8.917466193951974
E1_176,viga,C1,CIELO_4,3.1559502755153868,-1.399879536867296,15.24733096884687,45.05697395780483,3.8597139702595595,-12.340383848515323,-3.1559502755153868,1.399879536867296,-15.24733096884687,65.48617556633498,-3.8597139702595595,-10.540255648971232
E1_176,viga,C2,CIELO_4,3.1559502755153868,-1.399879536867296,15.24733096884687,45.05697395780483,3.8597139702595595,-12.340383848515323,-3.1559502755153868,1.399879536867296,-15.24733096884687,65.48617556633498,-3.8597139702595595,-10.540255648971232
E1_176,viga,C3,CIELO_4,3.1559502755153868,-1.399879536867296,15.24733096884687,45.05697395780483,3.8597139702595595,-12.340383848515323,-3.1559502755153868,1.399879536867296,-15.24733096884687,65.48617556633498,-3.8597139702595595,-10.540255648971232
E1_177,viga,C1,CIELO_4,0.14607472434667482,-68.70754815949981,27.988931479079586,118.5423299987024,0.6551722716172554,-0.07211399235718075,-0.14607472434667482,68.70754815949981,-27.988931479079586,84.37742322462461,-0.6551722716172554,-0.9869277591562118
E1_177,viga,C2,CIELO_4,0.14607472434667482,-68.70754815949981,27.988931479079586,118.5423299987024,0.6551722716172554,-0.07211399235718075,-0.14607472434667482,68.70754815949981,-27.988931479079586,84.37742322462461,-0.6551722716172554,-0.9869277591562118
E1_177,viga,C3,CIELO_4,0.14607472434667482,-68.70754815949981,27.988931479079586,118.5423299987024,0.6551722716172554,-0.07211399235718075,-0.14607472434667482,68.70754815949981,-27.988931479079586,84.37742322462461,-0.6551722716172554,-0.9869277591562118
E1_178,viga,C1,CIELO_4,-1.5742304338404671,-1.550554398154845,18.469142230016402,59.58748520933765,-1.4120536391686553,6.016626085802599,1.5742304338404671,1.550554398154845,-18.469142230016402,74.31379595828126,1.4120536391686553,5.3965445595407875
E1_178,viga,C2,CIELO_4,-1.5742304338404671,-1.550554398154845,18.469142230016402,59.58748520933765,-1.4120536391686553,6.016626085802599,1.5742304338404671,1.550554398154845,-18.469142230016402,74.31379595828126,1.4120536391686553,5.3965445595407875
E1_178,viga,C3,CIELO_4,-1.5742304338404671,-1.550554398154845,18.469142230016402,59.58748520933765,-1.4120536391686553,6.016626085802599,1.5742304338404671,1.550554398154845,-18.469142230016402,74.31379595828126,1.4120536391686553,5.3965445595407875
E1_179,viga,C1,CIELO_4,-2.997307310980014,-65.35110777855608,31.02484821794335,128.46194967031084,-0.91493799653001,11.166201707921765,2.997307310980014,65.35110777855608,-31.02484821794335,96.46819990977846,0.91493799653001,10.564276296683335
E1_179,viga,C2,CIELO_4,-2.997307310980014,-65.35110777855608,31.02484821794335,128.46194967031084,-0.91493799653001,11.166201707921765,2.997307310980014,65.35110777855608,-31.02484821794335,96.46819990977846,0.91493799653001,10.564276296683335
E1_179,viga,C3,CIELO_4,-2.997307310980014,-65.35110777855608,31.02484821794335,128.46194967031084,-0.91493799653001,11.166201707921765,2.997307310980014,65.35110777855608,-31.02484821794335,96.46819990977846,0.91493799653001,10.564276296683335
E1_18,viga,C1,CIELO_1,21.62384206135504,19.04186524269992,-264.7685364875993,26.387613135149845,273.0157520293982,23.488785128645343,-21.62384206135504,-19.04186524269992,264.7685364875993,-26.387613135149845,386.2579038247242,23.925459325677465
E1_18,viga,C2,CIELO_1,21.62384206135504,19.04186524269992,-264.7685364875993,26.387613135149845,273.0157520293982,23.488785128645343,-21.62384206135504,-19.04186524269992,264.7685364875993,-26.387613135149845,386.2579038247242,23.925459325677465
E1_18,viga,C3,CIELO_1,21.62384206135504,19.04186524269992,-264.7685364875993,26.387613135149845,273.0157520293982,23.488785128645343,-21.62384206135504,-19.04186524269992,264.7685364875993,-26.387613135149845,386.2579038247242,23.925459325677465
E1_180,viga,C1,CIELO_4,-5.065206963483927,-0.9238016310666194,18.31333608306735,51.73461710955469,-2.4055275056388066,19.749887589619362,5.065206963483927,0.9238016310666194,-18.31333608306735,81.03706949268361,2.4055275056388066,16.972862895639107
E1_180,viga,C2,CIELO_4,-5.065206963483927,-0.9238016310666194,18.31333608306735,51.73461710955469,-2.4055275056388066,19.749887589619362,5.065206963483927,0.9238016310666194,-18.31333608306735,81.03706949268361,2.4055275056388066,16.972862895639107
E1_180,viga,C3,CIELO_4,-5.065206963483927,-0.9238016310666194,18.31333608306735,51.73461710955469,-2.4055275056388066,19.749887589619362,5.065206963483927,0.9238016310666194,-18.31333608306735,81.03706949268361,2.4055275056388066,16.972862895639107
E1_181,viga,C1,CIELO_4,-2.262914181746392,13.904385462016698,9.68286813772612,31.122494711026658,9.024559545440193,8.67742701663892,2.262914181746392,-13.904385462016698,-9.68286813772612,39.07829928748771,-9.024559545440193,7.728700801022425
E1_181,viga,C2,CIELO_4,-2.262914181746392,13.904385462016698,9.68286813772612,31.122494711026658,9.024559545440193,8.67742701663892,2.262914181746392,-13.904385462016698,-9.68286813772612,39.07829928748771,-9.024559545440193,7.728700801022425
E1_181,viga,C3,CIELO_4,-2.262914181746392,13.904385462016698,9.68286813772612,31.122494711026658,9.024559545440193,8.67742701663892,2.262914181746392,-13.904385462016698,-9.68286813772612,39.07829928748771,-9.024559545440193,7.728700801022425
E1_182,viga,C1,CIELO_4,0.2418933562498466,3.9586906450995807,3.294109129141514,10.538126211613221,2.74718368548009,-0.7996566581975286,-0.2418933562498466,-3.9586906450995807,-3.294109129141514,13.344164974662759,-2.74718368548009,-0.9540701746138592
E1_182,viga,C2,CIELO_4,0.2418933562498466,3.9586906450995807,3.294109129141514,10.538126211613221,2.74718368548009,-0.7996566581975286,-0.2418933562498466,-3.9586906450995807,-3.294109129141514,13.344164974662759,-2.74718368548009,-0.9540701746138592
E1_182,viga,C3,CIELO_4,0.2418933562498466,3.9586906450995807,3.294109129141514,10.538126211613221,2.74718368548009,-0.7996566581975286,-0.2418933562498466,-3.9586906450995807,-3.294109129141514,13.344164974662759,-2.74718368548009,-0.9540701746138592
E1_183,viga,C1,CIELO_4,-1.0942955694681575,-7.0907635509305615,3.1982619772748504,-11.805801735591732,-0.7292891526312544,-5.534500374543619,1.0942955694681575,7.0907635509305615,-3.1982619772748504,-16.658729862154438,0.7292891526312544,-4.204730193722983
E1_183,viga,C2,CIELO_4,-1.0942955694681575,-7.0907635509305615,3.1982619772748504,-11.805801735591732,-0.7292891526312544,-5.534500374543619,1.0942955694681575,7.0907635509305615,-3.1982619772748504,-16.658729862154438,0.7292891526312544,-4.204730193722983
E1_183,viga,C3,CIELO_4,-1.0942955694681575,-7.0907635509305615,3.1982619772748504,-11.805801735591732,-0.7292891526312544,-5.534500374543619,1.0942955694681575,7.0907635509305615,-3.1982619772748504,-16.658729862154438,0.7292891526312544,-4.204730193722983
E1_184,viga,C1,CIELO_4,-1.4413413042012366,-6.526035707063137,-5.410961129572352,21.930413110183096,-0.4180348832353445,-4.477781411545558,1.4413413042012366,6.526035707063137,5.410961129572352,17.299055079216462,0.4180348832353445,-5.9719430439134085
E1_184,viga,C2,CIELO_4,-1.4413413042012366,-6.526035707063137,-5.410961129572352,21.930413110183096,-0.4180348832353445,-4.477781411545558,1.4413413042012366,6.526035707063137,5.410961129572352,17.299055079216462,0.4180348832353445,-5.9719430439134085
E1_184,viga,C3,CIELO_4,-1.4413413042012366,-6.526035707063137,-5.410961129572352,21.930413110183096,-0.4180348832353445,-4.477781411545558,1.4413413042012366,6.526035707063137,5.410961129572352,17.299055079216462,0.4180348832353445,-5.9719430439134085
E1_185,viga,C1,CIELO_3,0.8518660878531286,0.05549279470613559,4.761521688867819,0.3945627527966534,-7.926085444816866,0.8184566337806998,-0.8518660878531286,-0.05549279470613559,-4.761521688867819,-0.3945627527966534,-4.21579486179606,-0.6769500072800542
E1_185,viga,C2,CIELO_3,0.8518660878531286,0.05549279470613559,4.761521688867819,0.3945627527966534,-7.926085444816866,0.8184566337806998,-0.8518660878531286,-0.05549279470613559,-4.761521688867819,-0.3945627527966534,-4.21579486179606,-0.6769500072800542
E1_185,viga,C3,CIELO_3,0.8518660878531286,0.05549279470613559,4.761521688867819,0.3945627527966534,-7.926085444816866,0.8184566337806998,-0.8518660878531286,-0.05549279470613559,-4.761521688867819,-0.3945627527966534,-4.21579486179606,-0.6769500072800542
E1_186,viga,C1,CIELO_3,0.2769424960903311,-0.1017383377433356,-0.2911530370178061,0.390791083464615,1.6053934365647868,0.11266090923918376,-0.2769424960903311,0.1017383377433356,0.2911530370178061,-0.390791083464615,-0.8920684958711611,-0.36191983671035627
E1_186,viga,C2,CIELO_3,0.2769424960903311,-0.1017383377433356,-0.2911530370178061,0.390791083464615,1.6053934365647868,0.11266090923918376,-0.2769424960903311,0.1017383377433356,0.2911530370178061,-0.390791083464615,-0.8920684958711611,-0.36191983671035627
E1_186,viga,C3,CIELO_3,0.2769424960903311,-0.1017383377433356,-0.2911530370178061,0.390791083464615,1.6053934365647868,0.11266090923918376,-0.2769424960903311,0.1017383377433356,0.2911530370178061,-0.390791083464615,-0.8920684958711611,-0.36191983671035627
E1_187,viga,C1,CIELO_3,-2.6896806049324646,-0.561874608463292,-0.9555169180810259,0.2188593415931299,-1.478878944065134,-0.16416911821450897,2.6896806049324646,0.561874608463292,0.9555169180810259,-0.2188593415931299,3.9154470851717473,-1.268611133366884
E1_187,viga,C2,CIELO_3,-2.6896806049324646,-0.561874608463292,-0.9555169180810259,0.2188593415931299,-1.478878944065134,-0.16416911821450897,2.6896806049324646,0.561874608463292,0.9555169180810259,-0.2188593415931299,3.9154470851717473,-1.268611133366884
E1_187,viga,C3,CIELO_3,-2.6896806049324646,-0.561874608463292,-0.9555169180810259,0.2188593415931299,-1.478878944065134,-0.16416911821450897,2.6896806049324646,0.561874608463292,0.9555169180810259,-0.2188593415931299,3.9154470851717473,-1.268611133366884
E1_188,viga,C1,CIELO_3,-0.15970157953086603,-0.6801657612826967,-2.925114196034298,-0.2977846343745597,3.5008854597328876,-0.6126261294459805,0.15970157953086603,0.6801657612826967,2.925114196034298,0.2977846343745597,3.6656443205511504,-1.0537799856966283
E1_188,viga,C2,CIELO_3,-0.15970157953086603,-0.6801657612826967,-2.925114196034298,-0.2977846343745597,3.5008854597328876,-0.6126261294459805,0.15970157953086603,0.6801657612826967,2.925114196034298,0.2977846343745597,3.6656443205511504,-1.0537799856966283
E1_188,viga,C3,CIELO_3,-0.15970157953086603,-0.6801657612826967,-2.925114196034298,-0.2977846343745597,3.5008854597328876,-0.6126261294459805,0.15970157953086603,0.6801657612826967,2.925114196034298,0.2977846343745597,3.6656443205511504,-1.0537799856966283
E1_189,viga,C1,CIELO_3,-1.5345685409482193,-0.06110422164279483,4.779375859434742,0.44247650676913836,-8.42828354773669,0.5954580208437926,1.5345685409482193,0.06110422164279483,-4.779375859434742,-0.44247650676913836,-3.759124893821888,-0.7512737860329193
E1_189,viga,C2,CIELO_3,-1.5345685409482193,-0.06110422164279483,4.779375859434742,0.44247650676913836,-8.42828354773669,0.5954580208437926,1.5345685409482193,0.06110422164279483,-4.779375859434742,-0.44247650676913836,-3.759124893821888,-0.7512737860329193
E1_189,viga,C3,CIELO_3,-1.5345685409482193,-0.06110422164279483,4.779375859434742,0.44247650676913836,-8.42828354773669,0.5954580208437926,1.5345685409482193,0.06110422164279483,-4.779375859434742,-0.44247650676913836,-3.759124893821888,-0.7512737860329193
E1_19,viga,C1,CIELO_1,3.643505903639971,-0.7262068361711733,93.16776971536042,19.9046844350424,-262.94712300852393,-4.1528558878730735,-3.643505903639971,0.7262068361711733,-93.16776971536042,-19.9046844350424,-202.89172556827816,0.5218217070172071
E1_19,viga,C2,CIELO_1,3.643505903639971,-0.7262068361711733,93.16776971536042,19.9046844350424,-262.94712300852393,-4.1528558878730735,-3.643505903639971,0.7262068361711733,-93.16776971536042,-19.9046844350424,-202.89172556827816,0.5218217070172071
E1_19,viga,C3,CIELO_1,3.643505903639971,-0.7262068361711733,93.16776971536042,19.9046844350424,-262.94712300852393,-4.1528558878730735,-3.643505903639971,0.7262068361711733,-93.16776971536042,-19.9046844350424,-202.89172556827816,0.5218217070172071
E1_190,viga,C1,CIELO_3,-0.8039985065338746,-0.4864006718989968,-0.40114816538843556,-0.5465888675220127,1.604792353739359,-0.4690102917283189,0.8039985065338746,0.4864006718989968,0.40114816538843556,0.5465888675220127,-0.6219793485376905,-0.7226713544242245
E1_190,viga,C2,CIELO_3,-0.8039985065338746,-0.4864006718989968,-0.40114816538843556,-0.5465888675220127,1.604792353739359,-0.4690102917283189,0.8039985065338746,0.4864006718989968,0.40114816538843556,0.5465888675220127,-0.6219793485376905,-0.7226713544242245
E1_190,viga,C3,CIELO_3,-0.8039985065338746,-0.4864006718989968,-0.40114816538843556,-0.5465888675220127,1.604792353739359,-0.4690102917283189,0.8039985065338746,0.4864006718989968,0.40114816538843556,0.5465888675220127,-0.6219793485376905,-0.7226713544242245
E1_191,viga,C1,CIELO_3,0.14286093578446213,2.8316831872368096,1.2852007144202409,-5.132941888931993,0.9273699345113805,0.6572043547134634,-0.14286093578446213,-2.8316831872368096,-1.2852007144202409,-6.305344469408152,-0.9273699345113805,0.6142579737682495
E1_191,viga,C2,CIELO_3,0.14286093578446213,2.8316831872368096,1.2852007144202409,-5.132941888931993,0.9273699345113805,0.6572043547134634,-0.14286093578446213,-2.8316831872368096,-1.2852007144202409,-6.305344469408152,-0.9273699345113805,0.6142579737682495
E1_191,viga,C3,CIELO_3,0.14286093578446213,2.8316831872368096,1.2852007144202409,-5.132941888931993,0.9273699345113805,0.6572043547134634,-0.14286093578446213,-2.8316831872368096,-1.2852007144202409,-6.305344469408152,-0.9273699345113805,0.6142579737682495
E1_192,viga,C1,CIELO_3,0.4210770800427176,2.5194631846423174,-1.9503810741010001,7.621885635032298,-2.057771624643878,1.517652647958902,-0.4210770800427176,-2.5194631846423174,1.9503810741010001,6.518377152199953,2.057771624643878,1.5351561823508004
E1_192,viga,C2,CIELO_3,0.4210770800427176,2.5194631846423174,-1.9503810741010001,7.621885635032298,-2.057771624643878,1.517652647958902,-0.4210770800427176,-2.5194631846423174,1.9503810741010001,6.518377152199953,2.057771624643878,1.5351561823508004
E1_192,viga,C3,CIELO_3,0.4210770800427176,2.5194631846423174,-1.9503810741010001,7.621885635032298,-2.057771624643878,1.517652647958902,-0.4210770800427176,-2.5194631846423174,1.9503810741010001,6.518377152199953,2.057771624643878,1.5351561823508004
E1_193,viga,C1,CIELO_3,0.05734242493132777,1.7425178653927749,0.7960666544691182,-3.247446798708191,0.6888092141420853,0.27204608929553875,-0.05734242493132777,-1.7425178653927749,-0.7960666544691182,-3.837546426066961,-0.6888092141420853,0.23830149259327837
E1_193,viga,C2,CIELO_3,0.05734242493132777,1.7425178653927749,0.7960666544691182,-3.247446798708191,0.6888092141420853,0.27204608929553875,-0.05734242493132777,-1.7425178653927749,-0.7960666544691182,-3.837546426066961,-0.6888092141420853,0.23830149259327837
E1_193,viga,C3,CIELO_3,0.05734242493132777,1.7425178653927749,0.7960666544691182,-3.247446798708191,0.6888092141420853,0.27204608929553875,-0.05734242493132777,-1.7425178653927749,-0.7960666544691182,-3.837546426066961,-0.6888092141420853,0.23830149259327837
E1_194,viga,C1,CIELO_3,0.32242743993812967,1.6029183445500876,-0.5607968673464597,2.4554980455221926,-1.7946946724355661,1.1283678857377628,-0.32242743993812967,-1.6029183445500876,0.5607968673464597,1.6102792427396402,1.7946946724355661,1.2092310538136775
E1_194,viga,C2,CIELO_3,0.32242743993812967,1.6029183445500876,-0.5607968673464597,2.4554980455221926,-1.7946946724355661,1.1283678857377628,-0.32242743993812967,-1.6029183445500876,0.5607968673464597,1.6102792427396402,1.7946946724355661,1.2092310538136775
E1_194,viga,C3,CIELO_3,0.32242743993812967,1.6029183445500876,-0.5607968673464597,2.4554980455221926,-1.7946946724355661,1.1283678857377628,-0.32242743993812967,-1.6029183445500876,0.5607968673464597,1.6102792427396402,1.7946946724355661,1.2092310538136775
E1_195,viga,C1,CIELO_4,0.3156073408631783,-0.667419883002064,-0.6724230403537228,1.4341618344728861,-0.4129083900010051,0.09454160402497447,-0.3156073408631783,0.667419883002064,0.6724230403537228,-1.4341618344728861,2.127587142902996,-1.7964623056802358
E1_195,viga,C2,CIELO_4,0.3156073408631783,-0.667419883002064,-0.6724230403537228,1.4341618344728861,-0.4129083900010051,0.09454160402497447,-0.3156073408631783,0.667419883002064,0.6724230403537228,-1.4341618344728861,2.127587142902996,-1.7964623056802358
E1_195,viga,C3,CIELO_4,0.3156073408631783,-0.667419883002064,-0.6724230403537228,1.4341618344728861,-0.4129083900010051,0.09454160402497447,-0.3156073408631783,0.667419883002064,0.6724230403537228,-1.4341618344728861,2.127587142902996,-1.7964623056802358
E1_196,viga,C1,CIELO_4,0.2051677471771219,-0.9517177806326453,1.8632992491015055,0.6109932471358854,-3.237307527550031,-0.6708268913255842,-0.2051677471771219,0.9517177806326453,-1.8632992491015055,-0.6109932471358854,-1.3277756327486627,-1.6608816712243997
E1_196,viga,C2,CIELO_4,0.2051677471771219,-0.9517177806326453,1.8632992491015055,0.6109932471358854,-3.237307527550031,-0.6708268913255842,-0.2051677471771219,0.9517177806326453,-1.8632992491015055,-0.6109932471358854,-1.3277756327486627,-1.6608816712243997
E1_196,viga,C3,CIELO_4,0.2051677471771219,-0.9517177806326453,1.8632992491015055,0.6109932471358854,-3.237307527550031,-0.6708268913255842,-0.2051677471771219,0.9517177806326453,-1.8632992491015055,-0.6109932471358854,-1.3277756327486627,-1.6608816712243997
E1_197,viga,C1,CIELO_4,0.740178226893307,0.1055954818558948,-7.87247426437129,-0.5356127206156576,6.3371526890040375,0.9818124671109675,-0.740178226893307,-0.1055954818558948,7.87247426437129,0.5356127206156576,13.737656685142728,-0.712543988378436
E1_197,viga,C2,CIELO_4,0.740178226893307,0.1055954818558948,-7.87247426437129,-0.5356127206156576,6.3371526890040375,0.9818124671109675,-0.740178226893307,-0.1055954818558948,7.87247426437129,0.5356127206156576,13.737656685142728,-0.712543988378436
E1_197,viga,C3,CIELO_4,0.740178226893307,0.1055954818558948,-7.87247426437129,-0.5356127206156576,6.3371526890040375,0.9818124671109675,-0.740178226893307,-0.1055954818558948,7.87247426437129,0.5356127206156576,13.737656685142728,-0.712543988378436
E1_198,viga,C1,CIELO_4,-0.7628856823482081,0.554282309613104,0.2816906305077745,-0.3766549770127323,-3.5979518530318213,0.8118466109678049,0.7628856823482081,-0.554282309613104,-0.2816906305077745,0.3766549770127323,2.907809808287773,0.5461450475843014
E1_198,viga,C2,CIELO_4,-0.7628856823482081,0.554282309613104,0.2816906305077745,-0.3766549770127323,-3.5979518530318213,0.8118466109678049,0.7628856823482081,-0.554282309613104,-0.2816906305077745,0.3766549770127323,2.907809808287773,0.5461450475843014
E1_198,viga,C3,CIELO_4,-0.7628856823482081,0.554282309613104,0.2816906305077745,-0.3766549770127323,-3.5979518530318213,0.8118466109678049,0.7628856823482081,-0.554282309613104,-0.2816906305077745,0.3766549770127323,2.907809808287773,0.5461450475843014
E1_199,viga,C1,CIELO_4,2.316597490263927,1.1293104365457682,-0.040483325496550066,-1.7205106741413354,-1.5805285944819554,2.394704025507446,-2.316597490263927,-1.1293104365457682,0.040483325496550066,1.7205106741413354,1.683761074498158,0.48503758768425986
E1_199,viga,C2,CIELO_4,2.316597490263927,1.1293104365457682,-0.040483325496550066,-1.7205106741413354,-1.5805285944819554,2.394704025507446,-2.316597490263927,-1.1293104365457682,0.040483325496550066,1.7205106741413354,1.683761074498158,0.48503758768425986
E1_199,viga,C3,CIELO_4,2.316597490263927,1.1293104365457682,-0.040483325496550066,-1.7205106741413354,-1.5805285944819554,2.394704025507446,-2.316597490263927,-1.1293104365457682,0.040483325496550066,1.7205106741413354,1.683761074498158,0.48503758768425986
E1_2,viga,C1,CIELO_1,-43.25345959058514,3.3000407660915094,-106.52306863387128,9.683846898857617,263.897492063712,8.718526002103992,43.25345959058514,-3.3000407660915094,106.52306863387128,-9.683846898857617,268.7178511056444,7.781677828353555
E1_2,viga,C2,CIELO_1,-43.25345959058514,3.3000407660915094,-106.52306863387128,9.683846898857617,263.897492063712,8.718526002103992,43.25345959058514,-3.3000407660915094,106.52306863387128,-9.683846898857617,268.7178511056444,7.781677828353555
E1_2,viga,C3,CIELO_1,-43.25345959058514,3.3000407660915094,-106.52306863387128,9.683846898857617,263.897492063712,8.718526002103992,43.25345959058514,-3.3000407660915094,106.52306863387128,-9.683846898857617,268.7178511056444,7.781677828353555
E1_20,viga,C1,CIELO_1,3.5700463820685364,-0.2935587416602859,-77.77470703187146,-14.862956468875263,202.15227493754713,-0.36419906169836336,-3.5700463820685364,0.2935587416602859,77.77470703187146,14.862956468875263,186.7212602218101,-1.1035946466030662
E1_20,viga,C2,CIELO_1,3.5700463820685364,-0.2935587416602859,-77.77470703187146,-14.862956468875263,202.15227493754713,-0.36419906169836336,-3.5700463820685364,0.2935587416602859,77.77470703187146,14.862956468875263,186.7212602218101,-1.1035946466030662
E1_20,viga,C3,CIELO_1,3.5700463820685364,-0.2935587416602859,-77.77470703187146,-14.862956468875263,202.15227493754713,-0.36419906169836336,-3.5700463820685364,0.2935587416602859,77.77470703187146,14.862956468875263,186.7212602218101,-1.1035946466030662
E1_200,viga,C1,CIELO_4,1.2444755251465578,1.6657402419445153,1.4724255188311226,-0.9328772430765269,-2.6228422293600504,1.9252785724394925,-1.2444755251465578,-1.6657402419445153,-1.4724255188311226,0.9328772430765269,-0.9846002917762045,2.1557850203245748
E1_200,viga,C2,CIELO_4,1.2444755251465578,1.6657402419445153,1.4724255188311226,-0.9328772430765269,-2.6228422293600504,1.9252785724394925,-1.2444755251465578,-1.6657402419445153,-1.4724255188311226,0.9328772430765269,-0.9846002917762045,2.1557850203245748
E1_200,viga,C3,CIELO_4,1.2444755251465578,1.6657402419445153,1.4724255188311226,-0.9328772430765269,-2.6228422293600504,1.9252785724394925,-1.2444755251465578,-1.6657402419445153,-1.4724255188311226,0.9328772430765269,-0.9846002917762045,2.1557850203245748
E1_201,viga,C1,CIELO_4,0.542502249666842,-2.390154157156705,1.2317517220102965,-4.737926073548102,1.0645012514460321,2.374373940333235,-0.542502249666842,2.390154157156705,-1.2317517220102965,-6.224664252343537,-1.0645012514460321,2.4538960817016586
E1_201,viga,C2,CIELO_4,0.542502249666842,-2.390154157156705,1.2317517220102965,-4.737926073548102,1.0645012514460321,2.374373940333235,-0.542502249666842,2.390154157156705,-1.2317517220102965,-6.224664252343537,-1.0645012514460321,2.4538960817016586
E1_201,viga,C3,CIELO_4,0.542502249666842,-2.390154157156705,1.2317517220102965,-4.737926073548102,1.0645012514460321,2.374373940333235,-0.542502249666842,2.390154157156705,-1.2317517220102965,-6.224664252343537,-1.0645012514460321,2.4538960817016586
E1_202,viga,C1,CIELO_4,-0.762629010747399,-2.4083298294997593,-1.7172341063946237,6.987853940740539,-2.27361388778548,-2.803872063205339,0.762629010747399,2.4083298294997593,1.7172341063946237,5.462093330620484,2.27361388778548,-2.725188264713304
E1_202,viga,C2,CIELO_4,-0.762629010747399,-2.4083298294997593,-1.7172341063946237,6.987853940740539,-2.27361388778548,-2.803872063205339,0.762629010747399,2.4083298294997593,1.7172341063946237,5.462093330620484,2.27361388778548,-2.725188264713304
E1_202,viga,C3,CIELO_4,-0.762629010747399,-2.4083298294997593,-1.7172341063946237,6.987853940740539,-2.27361388778548,-2.803872063205339,0.762629010747399,2.4083298294997593,1.7172341063946237,5.462093330620484,2.27361388778548,-2.725188264713304
E1_203,viga,C1,CIELO_4,0.42476781833630933,-2.7959739837687545,0.7760795576145451,-3.127793683236006,0.6526346298413361,1.7507554186391898,-0.42476781833630933,2.7959739837687545,-0.7760795576145451,-3.7793143795334445,-0.6526346298413361,2.0296781645539634
E1_203,viga,C2,CIELO_4,0.42476781833630933,-2.7959739837687545,0.7760795576145451,-3.127793683236006,0.6526346298413361,1.7507554186391898,-0.42476781833630933,2.7959739837687545,-0.7760795576145451,-3.7793143795334445,-0.6526346298413361,2.0296781645539634
E1_203,viga,C3,CIELO_4,0.42476781833630933,-2.7959739837687545,0.7760795576145451,-3.127793683236006,0.6526346298413361,1.7507554186391898,-0.42476781833630933,2.7959739837687545,-0.7760795576145451,-3.7793143795334445,-0.6526346298413361,2.0296781645539634
E1_204,viga,C1,CIELO_4,-0.7629044585498979,-2.782257914595685,-0.510480486096206,2.324658186931012,-1.738169234267493,-2.8887126047727105,0.7629044585498979,2.782257914595685,0.510480486096206,1.3763253372664814,1.738169234267493,-2.6423447197140497
E1_204,viga,C2,CIELO_4,-0.7629044585498979,-2.782257914595685,-0.510480486096206,2.324658186931012,-1.738169234267493,-2.8887126047727105,0.7629044585498979,2.782257914595685,0.510480486096206,1.3763253372664814,1.738169234267493,-2.6423447197140497
E1_204,viga,C3,CIELO_4,-0.7629044585498979,-2.782257914595685,-0.510480486096206,2.324658186931012,-1.738169234267493,-2.8887126047727105,0.7629044585498979,2.782257914595685,0.510480486096206,1.3763253372664814,1.738169234267493,-2.6423447197140497
E1_205,viga,C1,CIELO_3,5.913830031739115e-13,-1.7388676371732925e-14,13.467931087065931,-15.25460738373456,-32.61514123710579,1.7131626373194245e-13,-5.913830031739115e-13,1.7388676371732925e-14,-13.467931087065931,15.25460738373456,2.985692845560738,-2.0957135174975489e-13
E1_205,viga,C2,CIELO_3,5.913830031739115e-13,-1.7388676371732925e-14,13.467931087065931,-15.25460738373456,-32.61514123710579,1.7131626373194245e-13,-5.913830031739115e-13,1.7388676371732925e-14,-13.467931087065931,15.25460738373456,2.985692845560738,-2.0957135174975489e-13
E1_205,viga,C3,CIELO_3,5.913830031739115e-13,-1.7388676371732925e-14,13.467931087065931,-15.25460738373456,-32.61514123710579,1.7131626373194245e-13,-5.913830031739115e-13,1.7388676371732925e-14,-13.467931087065931,15.25460738373456,2.985692845560738,-2.0957135174975489e-13
E1_206,viga,C1,CIELO_3,0.0,-9.525970534079765e-14,6.198422889434146,-1.0842976911808748,-10.650837511194133,-1.6299994024980933e-13,0.0,9.525970534079765e-14,-6.198422889434146,1.0842976911808748,-2.985692845560989,-4.6571411499945523e-14
E1_206,viga,C2,CIELO_3,0.0,-9.525970534079765e-14,6.198422889434146,-1.0842976911808748,-10.650837511194133,-1.6299994024980933e-13,0.0,9.525970534079765e-14,-6.198422889434146,1.0842976911808748,-2.985692845560989,-4.6571411499945523e-14
E1_206,viga,C3,CIELO_3,0.0,-9.525970534079765e-14,6.198422889434146,-1.0842976911808748,-10.650837511194133,-1.6299994024980933e-13,0.0,9.525970534079765e-14,-6.198422889434146,1.0842976911808748,-2.985692845560989,-4.6571411499945523e-14
E1_207,viga,C1,CIELO_3,3.43781901699724e-14,0.0,6.260116886940755,-15.254607383734584,-2.985692845561145,-5.4677437146898296e-14,-3.43781901699724e-14,-0.0,-6.260116886940755,-1.0842976911807813,2.985692845561145,1.4440451349052624e-13
E1_207,viga,C2,CIELO_3,3.43781901699724e-14,0.0,6.260116886940755,-15.254607383734584,-2.985692845561145,-5.4677437146898296e-14,-3.43781901699724e-14,-0.0,-6.260116886940755,-1.0842976911807813,2.985692845561145,1.4440451349052624e-13
E1_207,viga,C3,CIELO_3,3.43781901699724e-14,0.0,6.260116886940755,-15.254607383734584,-2.985692845561145,-5.4677437146898296e-14,-3.43781901699724e-14,-0.0,-6.260116886940755,-1.0842976911807813,2.985692845561145,1.4440451349052624e-13
E1_208,viga,C1,CIELO_3,3.163867814080273e-13,4.984837574645999e-13,18.656962665809047,-49.778970248942166,-10.65083751119431,5.229406168152067e-13,-3.163867814080273e-13,-4.984837574645999e-13,-18.656962665809047,1.0842976911805593,10.65083751119431,3.028288826597444e-13
E1_208,viga,C2,CIELO_3,3.163867814080273e-13,4.984837574645999e-13,18.656962665809047,-49.778970248942166,-10.65083751119431,5.229406168152067e-13,-3.163867814080273e-13,-4.984837574645999e-13,-18.656962665809047,1.0842976911805593,10.65083751119431,3.028288826597444e-13
E1_208,viga,C3,CIELO_3,3.163867814080273e-13,4.984837574645999e-13,18.656962665809047,-49.778970248942166,-10.65083751119431,5.229406168152067e-13,-3.163867814080273e-13,-4.984837574645999e-13,-18.656962665809047,1.0842976911805593,10.65083751119431,3.028288826597444e-13
E1_209,viga,C1,CIELO_2,0.0,-3.0997205706132575e-14,-3.5482980190434693e-13,0.0,7.727404574805778e-13,-3.3265293928532517e-14,0.0,3.0997205706132575e-14,3.5482980190434693e-13,0.0,7.88510670898546e-15,-3.4928558624959146e-14
E1_209,viga,C2,CIELO_2,0.0,-3.0997205706132575e-14,-3.5482980190434693e-13,0.0,7.727404574805778e-13,-3.3265293928532517e-14,0.0,3.0997205706132575e-14,3.5482980190434693e-13,0.0,7.88510670898546e-15,-3.4928558624959146e-14
E1_209,viga,C3,CIELO_2,0.0,-3.0997205706132575e-14,-3.5482980190434693e-13,0.0,7.727404574805778e-13,-3.3265293928532517e-14,0.0,3.0997205706132575e-14,3.5482980190434693e-13,0.0,7.88510670898546e-15,-3.4928558624959146e-14
E1_21,viga,C1,CIELO_1,-2.7097371672290618,0.6559649743384952,90.57036152814334,15.700024581606748,-230.1598025623655,2.252092638402152,2.7097371672290618,-0.6559649743384952,-90.57036152814334,-15.700024581606748,-222.69200507835114,1.0277322332903245
E1_21,viga,C2,CIELO_1,-2.7097371672290618,0.6559649743384952,90.57036152814334,15.700024581606748,-230.1598025623655,2.252092638402152,2.7097371672290618,-0.6559649743384952,-90.57036152814334,-15.700024581606748,-222.69200507835114,1.0277322332903245
E1_21,viga,C3,CIELO_1,-2.7097371672290618,0.6559649743384952,90.57036152814334,15.700024581606748,-230.1598025623655,2.252092638402152,2.7097371672290618,-0.6559649743384952,-90.57036152814334,-15.700024581606748,-222.69200507835114,1.0277322332903245
E1_210,viga,C1,CIELO_2,-5.371592214058187e-15,0.0,7.639597815549429e-14,-2.3927220358300806e-13,1.0817789875533854e-15,-3.22456680609913e-14,5.371592214058187e-15,0.0,-7.639597815549429e-14,3.987870059716799e-14,-1.0817789875533854e-15,1.8225812382299433e-14
E1_210,viga,C2,CIELO_2,-5.371592214058187e-15,0.0,7.639597815549429e-14,-2.3927220358300806e-13,1.0817789875533854e-15,-3.22456680609913e-14,5.371592214058187e-15,0.0,-7.639597815549429e-14,3.987870059716799e-14,-1.0817789875533854e-15,1.8225812382299433e-14
E1_210,viga,C3,CIELO_2,-5.371592214058187e-15,0.0,7.639597815549429e-14,-2.3927220358300806e-13,1.0817789875533854e-15,-3.22456680609913e-14,5.371592214058187e-15,0.0,-7.639597815549429e-14,3.987870059716799e-14,-1.0817789875533854e-15,1.8225812382299433e-14
E1_211,viga,C1,CIELO_3,-4.023795268444418e-14,1.794541526872559e-13,1.6831561907218493e-14,1.1485065771984382e-13,-0.0,2.9424873098438486e-13,4.023795268444418e-14,-1.794541526872559e-13,-1.6831561907218493e-14,7.17816610749024e-15,0.0,-2.5235740221645414e-15
E1_211,viga,C2,CIELO_3,-4.023795268444418e-14,1.794541526872559e-13,1.6831561907218493e-14,1.1485065771984382e-13,-0.0,2.9424873098438486e-13,4.023795268444418e-14,-1.794541526872559e-13,-1.6831561907218493e-14,7.17816610749024e-15,0.0,-2.5235740221645414e-15
E1_211,viga,C3,CIELO_3,-4.023795268444418e-14,1.794541526872559e-13,1.6831561907218493e-14,1.1485065771984382e-13,-0.0,2.9424873098438486e-13,4.023795268444418e-14,-1.794541526872559e-13,-1.6831561907218493e-14,7.17816610749024e-15,0.0,-2.5235740221645414e-15
E1_212,viga,C1,CIELO_3,-0.5481664637923579,-0.19786145792089427,0.024382960091873032,-0.06334850901640747,0.06397270761495186,-0.9040221620513509,0.5481664637923579,0.19786145792089427,-0.024382960091873032,0.06334850901640747,-0.3078023085336822,-1.0745924171575918
E1_212,viga,C2,CIELO_3,-0.5481664637923579,-0.19786145792089427,0.024382960091873032,-0.06334850901640747,0.06397270761495186,-0.9040221620513509,0.5481664637923579,0.19786145792089427,-0.024382960091873032,0.06334850901640747,-0.3078023085336822,-1.0745924171575918
E1_212,viga,C3,CIELO_3,-0.5481664637923579,-0.19786145792089427,0.024382960091873032,-0.06334850901640747,0.06397270761495186,-0.9040221620513509,0.5481664637923579,0.19786145792089427,-0.024382960091873032,0.06334850901640747,-0.3078023085336822,-1.0745924171575918
E1_213,viga,C1,CIELO_3,0.28937860084475325,-73.37343018933508,92.0208079253393,-227.33649590156483,1.6477924847436118,-0.0356787135176293,-0.28937860084475325,73.37343018933508,-92.0208079253393,-151.78923275083298,-1.6477924847436118,1.2279185489980124
E1_213,viga,C2,CIELO_3,0.28937860084475325,-73.37343018933508,92.0208079253393,-227.33649590156483,1.6477924847436118,-0.0356787135176293,-0.28937860084475325,73.37343018933508,-92.0208079253393,-151.78923275083298,-1.6477924847436118,1.2279185489980124
E1_213,viga,C3,CIELO_3,0.28937860084475325,-73.37343018933508,92.0208079253393,-227.33649590156483,1.6477924847436118,-0.0356787135176293,-0.28937860084475325,73.37343018933508,-92.0208079253393,-151.78923275083298,-1.6477924847436118,1.2279185489980124
E1_214,viga,C1,CIELO_3,0.37115815373754407,-72.3302508327678,91.85359594857472,-227.63417161249706,-0.801626340527581,0.22301705341263034,-0.37115815373754407,72.3302508327678,-91.85359594857472,-150.8026436956307,0.801626340527581,1.3061545399860508
E1_214,viga,C2,CIELO_3,0.37115815373754407,-72.3302508327678,91.85359594857472,-227.63417161249706,-0.801626340527581,0.22301705341263034,-0.37115815373754407,72.3302508327678,-91.85359594857472,-150.8026436956307,0.801626340527581,1.3061545399860508
E1_214,viga,C3,CIELO_3,0.37115815373754407,-72.3302508327678,91.85359594857472,-227.63417161249706,-0.801626340527581,0.22301705341263034,-0.37115815373754407,72.3302508327678,-91.85359594857472,-150.8026436956307,0.801626340527581,1.3061545399860508
E1_215,viga,C1,CIELO_4,-0.5190012687969567,-0.03918410880966632,-0.04687159708570596,-0.0028314550503263924,0.39540486917674217,-0.0787379854122873,0.5190012687969567,0.03918410880966632,0.04687159708570596,0.0028314550503263924,0.07331110168031735,-0.3131031026843759
E1_215,viga,C2,CIELO_4,-0.5190012687969567,-0.03918410880966632,-0.04687159708570596,-0.0028314550503263924,0.39540486917674217,-0.0787379854122873,0.5190012687969567,0.03918410880966632,0.04687159708570596,0.0028314550503263924,0.07331110168031735,-0.3131031026843759
E1_215,viga,C3,CIELO_4,-0.5190012687969567,-0.03918410880966632,-0.04687159708570596,-0.0028314550503263924,0.39540486917674217,-0.0787379854122873,0.5190012687969567,0.03918410880966632,0.04687159708570596,0.0028314550503263924,0.07331110168031735,-0.3131031026843759
E1_216,viga,C1,CIELO_4,-1.3565463334340035,73.13638462260056,80.68122988765988,-191.55980492640447,2.1617653505957044,-5.34381249221375,1.3565463334340035,-73.13638462260056,-80.68122988765988,-140.84686221075418,-2.1617653505957044,-0.24515840153434265
E1_216,viga,C2,CIELO_4,-1.3565463334340035,73.13638462260056,80.68122988765988,-191.55980492640447,2.1617653505957044,-5.34381249221375,1.3565463334340035,-73.13638462260056,-80.68122988765988,-140.84686221075418,-2.1617653505957044,-0.24515840153434265
E1_216,viga,C3,CIELO_4,-1.3565463334340035,73.13638462260056,80.68122988765988,-191.55980492640447,2.1617653505957044,-5.34381249221375,1.3565463334340035,-73.13638462260056,-80.68122988765988,-140.84686221075418,-2.1617653505957044,-0.24515840153434265
E1_217,viga,C1,CIELO_4,0.696009578852092,72.56729639949775,80.89341913841842,-193.9049014190951,-0.14089810654592072,2.786018485014723,-0.696009578852092,-72.56729639949775,-80.89341913841842,-139.37598543118872,0.14089810654592072,0.0815409798558957
E1_217,viga,C2,CIELO_4,0.696009578852092,72.56729639949775,80.89341913841842,-193.9049014190951,-0.14089810654592072,2.786018485014723,-0.696009578852092,-72.56729639949775,-80.89341913841842,-139.37598543118872,0.14089810654592072,0.0815409798558957
E1_217,viga,C3,CIELO_4,0.696009578852092,72.56729639949775,80.89341913841842,-193.9049014190951,-0.14089810654592072,2.786018485014723,-0.696009578852092,-72.56729639949775,-80.89341913841842,-139.37598543118872,0.14089810654592072,0.0815409798558957
E1_218,viga,C1,CIELO_2,1.408495471681759,-0.017793381438396812,54.48754243169309,-131.8327373346146,-4.69757632145788,3.6961995440011703,-1.408495471681759,0.017793381438396812,-54.48754243169309,-2.2066170473504343,4.69757632145788,-0.23130068366404188
E1_218,viga,C2,CIELO_2,1.408495471681759,-0.017793381438396812,54.48754243169309,-131.8327373346146,-4.69757632145788,3.6961995440011703,-1.408495471681759,0.017793381438396812,-54.48754243169309,-2.2066170473504343,4.69757632145788,-0.23130068366404188
E1_218,viga,C3,CIELO_2,1.408495471681759,-0.017793381438396812,54.48754243169309,-131.8327373346146,-4.69757632145788,3.6961995440011703,-1.408495471681759,0.017793381438396812,-54.48754243169309,-2.2066170473504343,4.69757632145788,-0.23130068366404188
E1_219,viga,C1,CIELO_2,-7.86062699415055e-15,0.0,8.599660301292916e-14,2.820688578824076e-14,0.0,-7.437362463696292e-15,7.86062699415055e-15,0.0,-8.599660301292916e-14,-2.3975852920004655e-13,-0.0,-1.1899779941914069e-14
E1_219,viga,C2,CIELO_2,-7.86062699415055e-15,0.0,8.599660301292916e-14,2.820688578824076e-14,0.0,-7.437362463696292e-15,7.86062699415055e-15,0.0,-8.599660301292916e-14,-2.3975852920004655e-13,-0.0,-1.1899779941914069e-14
E1_219,viga,C3,CIELO_2,-7.86062699415055e-15,0.0,8.599660301292916e-14,2.820688578824076e-14,0.0,-7.437362463696292e-15,7.86062699415055e-15,0.0,-8.599660301292916e-14,-2.3975852920004655e-13,-0.0,-1.1899779941914069e-14
E1_22,viga,C1,CIELO_1,-3.3269241766350803,0.6308478982885024,-80.55965216678555,-18.417073364978943,223.92036436178824,1.3255239629944904,3.3269241766350803,-0.6308478982885024,80.55965216678555,18.417073364978943,178.87789647213953,1.8287155284480219
E1_22,viga,C2,CIELO_1,-3.3269241766350803,0.6308478982885024,-80.55965216678555,-18.417073364978943,223.92036436178824,1.3255239629944904,3.3269241766350803,-0.6308478982885024,80.55965216678555,18.417073364978943,178.87789647213953,1.8287155284480219
E1_22,viga,C3,CIELO_1,-3.3269241766350803,0.6308478982885024,-80.55965216678555,-18.417073364978943,223.92036436178824,1.3255239629944904,3.3269241766350803,-0.6308478982885024,80.55965216678555,18.417073364978943,178.87789647213953,1.8287155284480219
E1_220,viga,C1,CIELO_2,-1.4084954716817233,0.01779338143823154,52.26274614330662,-130.77297255988478,-6.426405120475023,-3.8741333583834887,1.4084954716817233,-0.01779338143823154,-52.26274614330662,2.2066170473504485,6.426405120475023,0.4092344980464482
E1_220,viga,C2,CIELO_2,-1.4084954716817233,0.01779338143823154,52.26274614330662,-130.77297255988478,-6.426405120475023,-3.8741333583834887,1.4084954716817233,-0.01779338143823154,-52.26274614330662,2.2066170473504485,6.426405120475023,0.4092344980464482
E1_220,viga,C3,CIELO_2,-1.4084954716817233,0.01779338143823154,52.26274614330662,-130.77297255988478,-6.426405120475023,-3.8741333583834887,1.4084954716817233,-0.01779338143823154,-52.26274614330662,2.2066170473504485,6.426405120475023,0.4092344980464482
E1_221,viga,C1,CIELO_2,1.4084954716817466,-0.017793381438233974,1.1123981441932975,2.2066170473502993,-4.6975763214579285,0.23130068366414214,-1.4084954716817466,0.017793381438233974,-1.1123981441932975,-2.2066170473502993,-6.426405120475046,-0.4092344980464819
E1_221,viga,C2,CIELO_2,1.4084954716817466,-0.017793381438233974,1.1123981441932975,2.2066170473502993,-4.6975763214579285,0.23130068366414214,-1.4084954716817466,0.017793381438233974,-1.1123981441932975,-2.2066170473502993,-6.426405120475046,-0.4092344980464819
E1_221,viga,C3,CIELO_2,1.4084954716817466,-0.017793381438233974,1.1123981441932975,2.2066170473502993,-4.6975763214579285,0.23130068366414214,-1.4084954716817466,0.017793381438233974,-1.1123981441932975,-2.2066170473502993,-6.426405120475046,-0.4092344980464819
E1_222,viga,C1,CIELO_1S,-14.445563066690264,0.4371626847730583,-4.444080131695533,-0.9282488110800781,-24.57737399527522,-2.0328487889968865,14.445563066690264,-0.4371626847730583,4.444080131695533,0.9282488110800781,-19.863427321680113,-2.338778058733696
E1_222,viga,C2,CIELO_1S,-14.445563066690264,0.4371626847730583,-4.444080131695533,-0.9282488110800781,-24.57737399527522,-2.0328487889968865,14.445563066690264,-0.4371626847730583,4.444080131695533,0.9282488110800781,-19.863427321680113,-2.338778058733696
E1_222,viga,C3,CIELO_1S,-14.445563066690264,0.4371626847730583,-4.444080131695533,-0.9282488110800781,-24.57737399527522,-2.0328487889968865,14.445563066690264,-0.4371626847730583,4.444080131695533,0.9282488110800781,-19.863427321680113,-2.338778058733696
E1_223,viga,C1,CIELO_1S,-19.04769774916347,0.3159413990733449,-5.599762046218084,-0.42504804296707077,-31.025225385045005,-1.5249372005218165,19.04769774916347,-0.3159413990733449,5.599762046218084,0.42504804296707077,-24.972395077135825,-1.6344767902116324
E1_223,viga,C2,CIELO_1S,-19.04769774916347,0.3159413990733449,-5.599762046218084,-0.42504804296707077,-31.025225385045005,-1.5249372005218165,19.04769774916347,-0.3159413990733449,5.599762046218084,0.42504804296707077,-24.972395077135825,-1.6344767902116324
E1_223,viga,C3,CIELO_1S,-19.04769774916347,0.3159413990733449,-5.599762046218084,-0.42504804296707077,-31.025225385045005,-1.5249372005218165,19.04769774916347,-0.3159413990733449,5.599762046218084,0.42504804296707077,-24.972395077135825,-1.6344767902116324
E1_224,viga,C1,CIELO_1S,-12.19511202131925,0.19885588972304802,-3.5714242541157457,-2.19396038981419,-19.840457863403223,-1.0646777112214885,12.19511202131925,-0.19885588972304802,3.5714242541157457,2.19396038981419,-15.87378467775423,-0.9238811860089915
E1_224,viga,C2,CIELO_1S,-12.19511202131925,0.19885588972304802,-3.5714242541157457,-2.19396038981419,-19.840457863403223,-1.0646777112214885,12.19511202131925,-0.19885588972304802,3.5714242541157457,2.19396038981419,-15.87378467775423,-0.9238811860089915
E1_224,viga,C3,CIELO_1S,-12.19511202131925,0.19885588972304802,-3.5714242541157457,-2.19396038981419,-19.840457863403223,-1.0646777112214885,12.19511202131925,-0.19885588972304802,3.5714242541157457,2.19396038981419,-15.87378467775423,-0.9238811860089915
E1_225,viga,C1,CIELO_1S,0.39660433205414264,1.807594978505744,-0.47523193982097,2.746009303113395,-0.09104913708732228,1.5828159295255246,-0.39660433205414264,-1.807594978505744,0.47523193982097,1.4835549612932382,0.09104913708732228,1.946962625756345
E1_225,viga,C2,CIELO_1S,0.39660433205414264,1.807594978505744,-0.47523193982097,2.746009303113395,-0.09104913708732228,1.5828159295255246,-0.39660433205414264,-1.807594978505744,0.47523193982097,1.4835549612932382,0.09104913708732228,1.946962625756345
E1_225,viga,C3,CIELO_1S,0.39660433205414264,1.807594978505744,-0.47523193982097,2.746009303113395,-0.09104913708732228,1.5828159295255246,-0.39660433205414264,-1.807594978505744,0.47523193982097,1.4835549612932382,0.09104913708732228,1.946962625756345
E1_226,viga,C1,CIELO_1S,-0.26662114122165154,0.4858035778498389,-4.092962615140451,14.947204869767118,-0.5290594117221153,-1.2363924917128357,0.26662114122165154,-0.4858035778498389,4.092962615140451,14.72677409000115,0.5290594117221153,-0.696610782144138
E1_226,viga,C2,CIELO_1S,-0.26662114122165154,0.4858035778498389,-4.092962615140451,14.947204869767118,-0.5290594117221153,-1.2363924917128357,0.26662114122165154,-0.4858035778498389,4.092962615140451,14.72677409000115,0.5290594117221153,-0.696610782144138
E1_226,viga,C3,CIELO_1S,-0.26662114122165154,0.4858035778498389,-4.092962615140451,14.947204869767118,-0.5290594117221153,-1.2363924917128357,0.26662114122165154,-0.4858035778498389,4.092962615140451,14.72677409000115,0.5290594117221153,-0.696610782144138
E1_227,viga,C1,CIELO_1S,0.5774603275997802,-2.660615406465175,2.3807585475322615,-10.83159373619453,0.39865256670849686,2.4979563906288886,-0.5774603275997802,2.660615406465175,-2.3807585475322615,-10.357157336842599,-0.39865256670849686,2.6414405250091546
E1_227,viga,C2,CIELO_1S,0.5774603275997802,-2.660615406465175,2.3807585475322615,-10.83159373619453,0.39865256670849686,2.4979563906288886,-0.5774603275997802,2.660615406465175,-2.3807585475322615,-10.357157336842599,-0.39865256670849686,2.6414405250091546
E1_227,viga,C3,CIELO_1S,0.5774603275997802,-2.660615406465175,2.3807585475322615,-10.83159373619453,0.39865256670849686,2.4979563906288886,-0.5774603275997802,2.660615406465175,-2.3807585475322615,-10.357157336842599,-0.39865256670849686,2.6414405250091546
E1_228,viga,C1,CIELO_1S,-0.3491965766298695,-15.843200192798692,-1.3260268533584216,8.664717029524056,-1.465731970208191,-1.363082848583272,0.3491965766298695,15.843200192798692,1.3260268533584216,0.9489776573245008,1.465731970208191,-1.168592331983282
E1_228,viga,C2,CIELO_1S,-0.3491965766298695,-15.843200192798692,-1.3260268533584216,8.664717029524056,-1.465731970208191,-1.363082848583272,0.3491965766298695,15.843200192798692,1.3260268533584216,0.9489776573245008,1.465731970208191,-1.168592331983282
E1_228,viga,C3,CIELO_1S,-0.3491965766298695,-15.843200192798692,-1.3260268533584216,8.664717029524056,-1.465731970208191,-1.363082848583272,0.3491965766298695,15.843200192798692,1.3260268533584216,0.9489776573245008,1.465731970208191,-1.168592331983282
E1_229,columna,C1,CIELO_1,-3.280782650944103,4.661600043533113,370.08977457293554,-10.316814191705149,-2.5298052351358806,0.38146000719698925,3.280782650944103,-4.661600043533113,-370.08977457293554,-8.329585982427306,-10.593325368640532,-0.38146000719698925
E1_229,columna,C2,CIELO_1,-3.280782650944103,4.661600043533113,370.08977457293554,-10.316814191705149,-2.5298052351358806,0.38146000719698925,3.280782650944103,-4.661600043533113,-370.08977457293554,-8.329585982427306,-10.593325368640532,-0.38146000719698925
E1_229,columna,C3,CIELO_1,-3.280782650944103,4.661600043533113,370.08977457293554,-10.316814191705149,-2.5298052351358806,0.38146000719698925,3.280782650944103,-4.661600043533113,-370.08977457293554,-8.329585982427306,-10.593325368640532,-0.38146000719698925
E1_23,viga,C1,CIELO_1,7.297475769562441,-0.22009880186821507,16.05184618944978,-1.376871043424409,-56.46499849971773,-0.7457317512569812,-7.297475769562441,0.22009880186821507,-16.05184618944978,1.376871043424409,-23.79423244753117,-0.35476225808409423
E1_23,viga,C2,CIELO_1,7.297475769562441,-0.22009880186821507,16.05184618944978,-1.376871043424409,-56.46499849971773,-0.7457317512569812,-7.297475769562441,0.22009880186821507,-16.05184618944978,1.376871043424409,-23.79423244753117,-0.35476225808409423
E1_23,viga,C3,CIELO_1,7.297475769562441,-0.22009880186821507,16.05184618944978,-1.376871043424409,-56.46499849971773,-0.7457317512569812,-7.297475769562441,0.22009880186821507,-16.05184618944978,1.376871043424409,-23.79423244753117,-0.35476225808409423
E1_230,columna,C1,CIELO_2,14.023249470564103,5.540505778191924,298.78405804169716,-9.958234631753726,27.804490245631918,3.6980794873398453,-14.023249470564103,-5.540505778191924,-298.78405804169716,-12.20378848101397,28.288507636624495,-3.6980794873398453
E1_230,columna,C2,CIELO_2,14.023249470564103,5.540505778191924,298.78405804169716,-9.958234631753726,27.804490245631918,3.6980794873398453,-14.023249470564103,-5.540505778191924,-298.78405804169716,-12.20378848101397,28.288507636624495,-3.6980794873398453
E1_230,columna,C3,CIELO_2,14.023249470564103,5.540505778191924,298.78405804169716,-9.958234631753726,27.804490245631918,3.6980794873398453,-14.023249470564103,-5.540505778191924,-298.78405804169716,-12.20378848101397,28.288507636624495,-3.6980794873398453
E1_231,columna,C1,CIELO_3,3.8491151828601016,5.6417561036466015,223.18064330955923,-9.372255414861282,2.3701675142143204,0.5895991671530577,-3.8491151828601016,-5.6417561036466015,-223.18064330955923,-13.194768999725122,13.026293217226087,-0.5895991671530577
E1_231,columna,C2,CIELO_3,3.8491151828601016,5.6417561036466015,223.18064330955923,-9.372255414861282,2.3701675142143204,0.5895991671530577,-3.8491151828601016,-5.6417561036466015,-223.18064330955923,-13.194768999725122,13.026293217226087,-0.5895991671530577
E1_231,columna,C3,CIELO_3,3.8491151828601016,5.6417561036466015,223.18064330955923,-9.372255414861282,2.3701675142143204,0.5895991671530577,-3.8491151828601016,-5.6417561036466015,-223.18064330955923,-13.194768999725122,13.026293217226087,-0.5895991671530577
E1_232,columna,C1,CIELO_4,1.681049686778643,7.591235498975636,151.37009630281585,-11.4458701734962,1.293271267245289,-0.3066492988853456,-1.681049686778643,-7.591235498975636,-151.37009630281585,-18.919071822406345,5.4309274798692835,0.3066492988853456
E1_232,columna,C2,CIELO_4,1.681049686778643,7.591235498975636,151.37009630281585,-11.4458701734962,1.293271267245289,-0.3066492988853456,-1.681049686778643,-7.591235498975636,-151.37009630281585,-18.919071822406345,5.4309274798692835,0.3066492988853456
E1_232,columna,C3,CIELO_4,1.681049686778643,7.591235498975636,151.37009630281585,-11.4458701734962,1.293271267245289,-0.3066492988853456,-1.681049686778643,-7.591235498975636,-151.37009630281585,-18.919071822406345,5.4309274798692835,0.3066492988853456
E1_233,columna,C1,CIELO_1,-2.487681324685681,5.35294807934076,679.1650797158163,-10.931469920601831,-4.744622348019934,0.2512878874796392,2.487681324685681,-5.35294807934076,-679.1650797158163,-10.48032239676121,-5.206102950722789,-0.2512878874796392
E1_233,columna,C2,CIELO_1,-2.487681324685681,5.35294807934076,679.1650797158163,-10.931469920601831,-4.744622348019934,0.2512878874796392,2.487681324685681,-5.35294807934076,-679.1650797158163,-10.48032239676121,-5.206102950722789,-0.2512878874796392
E1_233,columna,C3,CIELO_1,-2.487681324685681,5.35294807934076,679.1650797158163,-10.931469920601831,-4.744622348019934,0.2512878874796392,2.487681324685681,-5.35294807934076,-679.1650797158163,-10.48032239676121,-5.206102950722789,-0.2512878874796392
E1_234,columna,C1,CIELO_2,4.311455002862878,6.31991734081592,559.553632854552,-12.175721366214525,9.233965141195736,1.8361232532359424,-4.311455002862878,-6.31991734081592,-559.553632854552,-13.103947997049154,8.01185487025578,-1.8361232532359424
E1_234,columna,C2,CIELO_2,4.311455002862878,6.31991734081592,559.553632854552,-12.175721366214525,9.233965141195736,1.8361232532359424,-4.311455002862878,-6.31991734081592,-559.553632854552,-13.103947997049154,8.01185487025578,-1.8361232532359424
E1_234,columna,C3,CIELO_2,4.311455002862878,6.31991734081592,559.553632854552,-12.175721366214525,9.233965141195736,1.8361232532359424,-4.311455002862878,-6.31991734081592,-559.553632854552,-13.103947997049154,8.01185487025578,-1.8361232532359424
E1_235,columna,C1,CIELO_3,9.097078618205632,4.362970571958021,437.3681642471417,-7.504652907707429,15.081877073056123,0.39310529752253226,-9.097078618205632,-4.362970571958021,-437.3681642471417,-9.947229380124654,21.30643739976641,-0.39310529752253226
E1_235,columna,C2,CIELO_3,9.097078618205632,4.362970571958021,437.3681642471417,-7.504652907707429,15.081877073056123,0.39310529752253226,-9.097078618205632,-4.362970571958021,-437.3681642471417,-9.947229380124654,21.30643739976641,-0.39310529752253226
E1_235,columna,C3,CIELO_3,9.097078618205632,4.362970571958021,437.3681642471417,-7.504652907707429,15.081877073056123,0.39310529752253226,-9.097078618205632,-4.362970571958021,-437.3681642471417,-9.947229380124654,21.30643739976641,-0.39310529752253226
E1_236,columna,C1,CIELO_4,2.5601734473563047,2.12706844146002,315.97758642313954,-3.061216427864273,3.542113069246836,-0.25232010681166406,-2.5601734473563047,-2.12706844146002,-315.97758642313954,-5.447057337975807,6.698580720178383,0.25232010681166406
E1_236,columna,C2,CIELO_4,2.5601734473563047,2.12706844146002,315.97758642313954,-3.061216427864273,3.542113069246836,-0.25232010681166406,-2.5601734473563047,-2.12706844146002,-315.97758642313954,-5.447057337975807,6.698580720178383,0.25232010681166406
E1_236,columna,C3,CIELO_4,2.5601734473563047,2.12706844146002,315.97758642313954,-3.061216427864273,3.542113069246836,-0.25232010681166406,-2.5601734473563047,-2.12706844146002,-315.97758642313954,-5.447057337975807,6.698580720178383,0.25232010681166406
E1_237,columna,C1,CIELO_1,-1.8712558231791705,0.5724849640577927,414.7895070823089,-2.39222374774192,-4.105590001561881,0.5524197456160599,1.8712558231791705,-0.5724849640577927,-414.7895070823089,0.10228389151074913,-3.3794332911548013,-0.5524197456160599
E1_237,columna,C2,CIELO_1,-1.8712558231791705,0.5724849640577927,414.7895070823089,-2.39222374774192,-4.105590001561881,0.5524197456160599,1.8712558231791705,-0.5724849640577927,-414.7895070823089,0.10228389151074913,-3.3794332911548013,-0.5524197456160599
E1_237,columna,C3,CIELO_1,-1.8712558231791705,0.5724849640577927,414.7895070823089,-2.39222374774192,-4.105590001561881,0.5524197456160599,1.8712558231791705,-0.5724849640577927,-414.7895070823089,0.10228389151074913,-3.3794332911548013,-0.5524197456160599
E1_238,columna,C1,CIELO_2,2.267527230204765,-0.39362258455706434,340.34168230184946,0.9914350790357167,5.368181763398431,1.8424290653224562,-2.267527230204765,0.39362258455706434,-340.34168230184946,0.5830552591925408,3.701927157420629,-1.8424290653224562
E1_238,columna,C2,CIELO_2,2.267527230204765,-0.39362258455706434,340.34168230184946,0.9914350790357167,5.368181763398431,1.8424290653224562,-2.267527230204765,0.39362258455706434,-340.34168230184946,0.5830552591925408,3.701927157420629,-1.8424290653224562
E1_238,columna,C3,CIELO_2,2.267527230204765,-0.39362258455706434,340.34168230184946,0.9914350790357167,5.368181763398431,1.8424290653224562,-2.267527230204765,0.39362258455706434,-340.34168230184946,0.5830552591925408,3.701927157420629,-1.8424290653224562
E1_239,columna,C1,CIELO_3,7.143424203120565,-1.9032799363966157,261.6277359660253,5.710696900087493,12.325453048281474,1.0781381203344536,-7.143424203120565,1.9032799363966157,-261.6277359660253,1.9024228454989702,16.248243764200787,-1.0781381203344536
E1_239,columna,C2,CIELO_3,7.143424203120565,-1.9032799363966157,261.6277359660253,5.710696900087493,12.325453048281474,1.0781381203344536,-7.143424203120565,1.9032799363966157,-261.6277359660253,1.9024228454989702,16.248243764200787,-1.0781381203344536
E1_239,columna,C3,CIELO_3,7.143424203120565,-1.9032799363966157,261.6277359660253,5.710696900087493,12.325453048281474,1.0781381203344536,-7.143424203120565,1.9032799363966157,-261.6277359660253,1.9024228454989702,16.248243764200787,-1.0781381203344536
E1_24,viga,C1,CIELO_1,-7.588197936453407,-2.1425464077222003,8.271397274986235,3.4068468350716654,-25.887553523444105,-7.9152847653432,7.588197936453407,2.1425464077222003,-8.271397274986235,-3.4068468350716654,-36.23064001170251,-8.175238756650526
E1_24,viga,C2,CIELO_1,-7.588197936453407,-2.1425464077222003,8.271397274986235,3.4068468350716654,-25.887553523444105,-7.9152847653432,7.588197936453407,2.1425464077222003,-8.271397274986235,-3.4068468350716654,-36.23064001170251,-8.175238756650526
E1_24,viga,C3,CIELO_1,-7.588197936453407,-2.1425464077222003,8.271397274986235,3.4068468350716654,-25.887553523444105,-7.9152847653432,7.588197936453407,2.1425464077222003,-8.271397274986235,-3.4068468350716654,-36.23064001170251,-8.175238756650526
E1_240,columna,C1,CIELO_4,1.0139049616213789,-6.055201655204721,180.59373237527313,10.78015154716851,1.3752486649371307,-0.0009205381270882734,-1.0139049616213789,6.055201655204721,-180.59373237527313,13.440655073650376,2.680371181548385,0.0009205381270882734
E1_240,columna,C2,CIELO_4,1.0139049616213789,-6.055201655204721,180.59373237527313,10.78015154716851,1.3752486649371307,-0.0009205381270882734,-1.0139049616213789,6.055201655204721,-180.59373237527313,13.440655073650376,2.680371181548385,0.0009205381270882734
E1_240,columna,C3,CIELO_4,1.0139049616213789,-6.055201655204721,180.59373237527313,10.78015154716851,1.3752486649371307,-0.0009205381270882734,-1.0139049616213789,6.055201655204721,-180.59373237527313,13.440655073650376,2.680371181548385,0.0009205381270882734
E1_241,columna,C1,CIELO_2,14.554962139010408,-62.855511254249166,5.221671481634018,133.08920919026028,30.700655908409985,-5.780023509314592,-14.554962139010408,62.855511254249166,-5.221671481634018,118.33283582673639,27.519192647631648,5.780023509314592
E1_241,columna,C2,CIELO_2,14.554962139010408,-62.855511254249166,5.221671481634018,133.08920919026028,30.700655908409985,-5.780023509314592,-14.554962139010408,62.855511254249166,-5.221671481634018,118.33283582673639,27.519192647631648,5.780023509314592
E1_241,columna,C3,CIELO_2,14.554962139010408,-62.855511254249166,5.221671481634018,133.08920919026028,30.700655908409985,-5.780023509314592,-14.554962139010408,62.855511254249166,-5.221671481634018,118.33283582673639,27.519192647631648,5.780023509314592
E1_242,columna,C1,CIELO_1,16.16702856978733,-16.73968884537548,1210.2666622308177,5.08437996290192,14.095188491336481,1.19802163321988,-16.16702856978733,16.73968884537548,-1210.2666622308177,61.874375418599996,50.57292578781284,-1.19802163321988
E1_242,columna,C2,CIELO_1,16.16702856978733,-16.73968884537548,1210.2666622308177,5.08437996290192,14.095188491336481,1.19802163321988,-16.16702856978733,16.73968884537548,-1210.2666622308177,61.874375418599996,50.57292578781284,-1.19802163321988
E1_242,columna,C3,CIELO_1,16.16702856978733,-16.73968884537548,1210.2666622308177,5.08437996290192,14.095188491336481,1.19802163321988,-16.16702856978733,16.73968884537548,-1210.2666622308177,61.874375418599996,50.57292578781284,-1.19802163321988
E1_243,columna,C1,CIELO_2,60.48475350382361,-0.920075779044949,870.9765248262405,5.643485196322157,127.96499349570963,-1.718116405615749,-60.48475350382361,0.920075779044949,-870.9765248262405,-1.963182080142361,113.97402051958483,1.718116405615749
E1_243,columna,C2,CIELO_2,60.48475350382361,-0.920075779044949,870.9765248262405,5.643485196322157,127.96499349570963,-1.718116405615749,-60.48475350382361,0.920075779044949,-870.9765248262405,-1.963182080142361,113.97402051958483,1.718116405615749
E1_243,columna,C3,CIELO_2,60.48475350382361,-0.920075779044949,870.9765248262405,5.643485196322157,127.96499349570963,-1.718116405615749,-60.48475350382361,0.920075779044949,-870.9765248262405,-1.963182080142361,113.97402051958483,1.718116405615749
E1_244,columna,C1,CIELO_3,41.15253357724774,-10.860380232917812,551.9112611396994,38.866733721145906,73.96630532041004,2.8546560398988508,-41.15253357724774,10.860380232917812,-551.9112611396994,4.5747872105253435,90.64382898858089,-2.8546560398988508
E1_244,columna,C2,CIELO_3,41.15253357724774,-10.860380232917812,551.9112611396994,38.866733721145906,73.96630532041004,2.8546560398988508,-41.15253357724774,10.860380232917812,-551.9112611396994,4.5747872105253435,90.64382898858089,-2.8546560398988508
E1_244,columna,C3,CIELO_3,41.15253357724774,-10.860380232917812,551.9112611396994,38.866733721145906,73.96630532041004,2.8546560398988508,-41.15253357724774,10.860380232917812,-551.9112611396994,4.5747872105253435,90.64382898858089,-2.8546560398988508
E1_245,columna,C1,CIELO_4,50.00731346812074,13.770253984378964,286.4959367007305,-16.040345067004267,94.03333924612063,2.8063093542051263,-50.00731346812074,-13.770253984378964,-286.4959367007305,-39.04067087051159,105.99591462636235,-2.8063093542051263
E1_245,columna,C2,CIELO_4,50.00731346812074,13.770253984378964,286.4959367007305,-16.040345067004267,94.03333924612063,2.8063093542051263,-50.00731346812074,-13.770253984378964,-286.4959367007305,-39.04067087051159,105.99591462636235,-2.8063093542051263
E1_245,columna,C3,CIELO_4,50.00731346812074,13.770253984378964,286.4959367007305,-16.040345067004267,94.03333924612063,2.8063093542051263,-50.00731346812074,-13.770253984378964,-286.4959367007305,-39.04067087051159,105.99591462636235,-2.8063093542051263
E1_246,columna,C1,CIELO_1,28.48972203270548,4.8691334045337396,1798.0596383477757,-14.107948782010135,23.410859366474984,-0.5845826924882707,-28.48972203270548,-4.8691334045337396,-1798.0596383477757,-5.368584836124825,90.54802876434694,0.5845826924882707
E1_246,columna,C2,CIELO_1,28.48972203270548,4.8691334045337396,1798.0596383477757,-14.107948782010135,23.410859366474984,-0.5845826924882707,-28.48972203270548,-4.8691334045337396,-1798.0596383477757,-5.368584836124825,90.54802876434694,0.5845826924882707
E1_246,columna,C3,CIELO_1,28.48972203270548,4.8691334045337396,1798.0596383477757,-14.107948782010135,23.410859366474984,-0.5845826924882707,-28.48972203270548,-4.8691334045337396,-1798.0596383477757,-5.368584836124825,90.54802876434694,0.5845826924882707
E1_247,columna,C1,CIELO_2,78.54873397255079,41.21177461859739,1387.0503019684697,-83.76014420481039,164.06349779984842,2.5338364073985518,-78.54873397255079,-41.21177461859739,-1387.0503019684697,-81.08695426957915,150.13143809035472,-2.5338364073985518
E1_247,columna,C2,CIELO_2,78.54873397255079,41.21177461859739,1387.0503019684697,-83.76014420481039,164.06349779984842,2.5338364073985518,-78.54873397255079,-41.21177461859739,-1387.0503019684697,-81.08695426957915,150.13143809035472,-2.5338364073985518
E1_247,columna,C3,CIELO_2,78.54873397255079,41.21177461859739,1387.0503019684697,-83.76014420481039,164.06349779984842,2.5338364073985518,-78.54873397255079,-41.21177461859739,-1387.0503019684697,-81.08695426957915,150.13143809035472,-2.5338364073985518
E1_248,columna,C1,CIELO_3,68.9240122055894,12.755783023486618,983.3173982365959,-20.633940354177547,138.52517736091647,0.2547911187314172,-68.9240122055894,-12.755783023486618,-983.3173982365959,-30.38919173976893,137.17087146144118,-0.2547911187314172
E1_248,columna,C2,CIELO_3,68.9240122055894,12.755783023486618,983.3173982365959,-20.633940354177547,138.52517736091647,0.2547911187314172,-68.9240122055894,-12.755783023486618,-983.3173982365959,-30.38919173976893,137.17087146144118,-0.2547911187314172
E1_248,columna,C3,CIELO_3,68.9240122055894,12.755783023486618,983.3173982365959,-20.633940354177547,138.52517736091647,0.2547911187314172,-68.9240122055894,-12.755783023486618,-983.3173982365959,-30.38919173976893,137.17087146144118,-0.2547911187314172
E1_249,columna,C1,CIELO_4,79.69167851535326,5.98022226588742,582.599305067947,-9.228378990751917,141.66003774958028,1.973048574272189,-79.69167851535326,-5.98022226588742,-582.599305067947,-14.692510072797761,177.10667631183276,-1.973048574272189
E1_249,columna,C2,CIELO_4,79.69167851535326,5.98022226588742,582.599305067947,-9.228378990751917,141.66003774958028,1.973048574272189,-79.69167851535326,-5.98022226588742,-582.599305067947,-14.692510072797761,177.10667631183276,-1.973048574272189
E1_249,columna,C3,CIELO_4,79.69167851535326,5.98022226588742,582.599305067947,-9.228378990751917,141.66003774958028,1.973048574272189,-79.69167851535326,-5.98022226588742,-582.599305067947,-14.692510072797761,177.10667631183276,-1.973048574272189
E1_25,viga,C1,CIELO_1,4.295327887319145,0.19198401555800887,1.7121304159692081,2.783037142187184,19.24131485633355,-0.23216486988244112,-4.295327887319145,-0.19198401555800887,-1.7121304159692081,-2.783037142187184,-2.120010696641467,-1.6876752856976476
E1_25,viga,C2,CIELO_1,4.295327887319145,0.19198401555800887,1.7121304159692081,2.783037142187184,19.24131485633355,-0.23216486988244112,-4.295327887319145,-0.19198401555800887,-1.7121304159692081,-2.783037142187184,-2.120010696641467,-1.6876752856976476
E1_25,viga,C3,CIELO_1,4.295327887319145,0.19198401555800887,1.7121304159692081,2.783037142187184,19.24131485633355,-0.23216486988244112,-4.295327887319145,-0.19198401555800887,-1.7121304159692081,-2.783037142187184,-2.120010696641467,-1.6876752856976476
E1_250,columna,C1,CIELO_1,21.059971675046974,-4.970198621471168,1168.193837058185,-2.445353543927361,16.282121905699803,-1.111440408062465,-21.059971675046974,4.970198621471168,-1168.193837058185,22.326148029812032,67.95776479448809,1.111440408062465
E1_250,columna,C2,CIELO_1,21.059971675046974,-4.970198621471168,1168.193837058185,-2.445353543927361,16.282121905699803,-1.111440408062465,-21.059971675046974,4.970198621471168,-1168.193837058185,22.326148029812032,67.95776479448809,1.111440408062465
E1_250,columna,C3,CIELO_1,21.059971675046974,-4.970198621471168,1168.193837058185,-2.445353543927361,16.282121905699803,-1.111440408062465,-21.059971675046974,4.970198621471168,-1168.193837058185,22.326148029812032,67.95776479448809,1.111440408062465
E1_251,columna,C1,CIELO_2,58.48754912995199,14.844486066779702,901.4565052436648,-31.66523594765786,122.06927698196932,2.823254616651496,-58.48754912995199,-14.844486066779702,-901.4565052436648,-27.71270831946095,111.88091953783862,-2.823254616651496
E1_251,columna,C2,CIELO_2,58.48754912995199,14.844486066779702,901.4565052436648,-31.66523594765786,122.06927698196932,2.823254616651496,-58.48754912995199,-14.844486066779702,-901.4565052436648,-27.71270831946095,111.88091953783862,-2.823254616651496
E1_251,columna,C3,CIELO_2,58.48754912995199,14.844486066779702,901.4565052436648,-31.66523594765786,122.06927698196932,2.823254616651496,-58.48754912995199,-14.844486066779702,-901.4565052436648,-27.71270831946095,111.88091953783862,-2.823254616651496
E1_252,columna,C1,CIELO_3,54.18852947257739,-5.916530771308004,635.3396729477059,20.27249141082088,108.8602908079706,0.7092614142938355,-54.18852947257739,5.916530771308004,-635.3396729477059,3.3936316744111377,107.89382708233897,-0.7092614142938355
E1_252,columna,C2,CIELO_3,54.18852947257739,-5.916530771308004,635.3396729477059,20.27249141082088,108.8602908079706,0.7092614142938355,-54.18852947257739,5.916530771308004,-635.3396729477059,3.3936316744111377,107.89382708233897,-0.7092614142938355
E1_252,columna,C3,CIELO_3,54.18852947257739,-5.916530771308004,635.3396729477059,20.27249141082088,108.8602908079706,0.7092614142938355,-54.18852947257739,5.916530771308004,-635.3396729477059,3.3936316744111377,107.89382708233897,-0.7092614142938355
E1_253,columna,C1,CIELO_4,65.95109540377018,-13.71958023214826,363.8048230368292,25.20005622630614,116.02543704021966,2.5236382400772785,-65.95109540377018,13.71958023214826,-363.8048230368292,29.6782647022869,147.77894457486107,-2.5236382400772785
E1_253,columna,C2,CIELO_4,65.95109540377018,-13.71958023214826,363.8048230368292,25.20005622630614,116.02543704021966,2.5236382400772785,-65.95109540377018,13.71958023214826,-363.8048230368292,29.6782647022869,147.77894457486107,-2.5236382400772785
E1_253,columna,C3,CIELO_4,65.95109540377018,-13.71958023214826,363.8048230368292,25.20005622630614,116.02543704021966,2.5236382400772785,-65.95109540377018,13.71958023214826,-363.8048230368292,29.6782647022869,147.77894457486107,-2.5236382400772785
E1_254,columna,C1,CIELO_2,-1.65701863589424,-50.76200413404793,-0.5885602775887433,101.94636135373699,-5.527989536197479,-5.257780574719975,1.65701863589424,50.76200413404793,0.5885602775887433,101.1016551824547,-1.100085007379481,5.257780574719975
E1_254,columna,C2,CIELO_2,-1.65701863589424,-50.76200413404793,-0.5885602775887433,101.94636135373699,-5.527989536197479,-5.257780574719975,1.65701863589424,50.76200413404793,0.5885602775887433,101.1016551824547,-1.100085007379481,5.257780574719975
E1_254,columna,C3,CIELO_2,-1.65701863589424,-50.76200413404793,-0.5885602775887433,101.94636135373699,-5.527989536197479,-5.257780574719975,1.65701863589424,50.76200413404793,0.5885602775887433,101.1016551824547,-1.100085007379481,5.257780574719975
E1_255,columna,C1,CIELO_2,-99.2721952318647,-0.8161451523063821,37.49527499288693,2.8221093758655598,-211.17473779550173,-8.10822673465588,99.2721952318647,0.8161451523063821,-37.49527499288693,0.4424712333599683,-185.91404313195707,8.10822673465588
E1_255,columna,C2,CIELO_2,-99.2721952318647,-0.8161451523063821,37.49527499288693,2.8221093758655598,-211.17473779550173,-8.10822673465588,99.2721952318647,0.8161451523063821,-37.49527499288693,0.4424712333599683,-185.91404313195707,8.10822673465588
E1_255,columna,C3,CIELO_2,-99.2721952318647,-0.8161451523063821,37.49527499288693,2.8221093758655598,-211.17473779550173,-8.10822673465588,99.2721952318647,0.8161451523063821,-37.49527499288693,0.4424712333599683,-185.91404313195707,8.10822673465588
E1_256,columna,C1,CIELO_1,-26.50209563392921,-2.4935252880428305,1789.4507036214382,2.7121078838854693,-29.25285700508882,2.5193836693028078,26.50209563392921,2.4935252880428305,-1789.4507036214382,7.261993268285853,-76.755525530628,-2.5193836693028078
E1_256,columna,C2,CIELO_1,-26.50209563392921,-2.4935252880428305,1789.4507036214382,2.7121078838854693,-29.25285700508882,2.5193836693028078,26.50209563392921,2.4935252880428305,-1789.4507036214382,7.261993268285853,-76.755525530628,-2.5193836693028078
E1_256,columna,C3,CIELO_1,-26.50209563392921,-2.4935252880428305,1789.4507036214382,2.7121078838854693,-29.25285700508882,2.5193836693028078,26.50209563392921,2.4935252880428305,-1789.4507036214382,7.261993268285853,-76.755525530628,-2.5193836693028078
E1_257,columna,C1,CIELO_2,-11.199066687507308,5.074114578450133,1307.623440059693,-23.202787742358268,-39.55652290476198,-7.320390743512319,11.199066687507308,-5.074114578450133,-1307.623440059693,2.9063294285577363,-5.239743845267256,7.320390743512319
E1_257,columna,C2,CIELO_2,-11.199066687507308,5.074114578450133,1307.623440059693,-23.202787742358268,-39.55652290476198,-7.320390743512319,11.199066687507308,-5.074114578450133,-1307.623440059693,2.9063294285577363,-5.239743845267256,7.320390743512319
E1_257,columna,C3,CIELO_2,-11.199066687507308,5.074114578450133,1307.623440059693,-23.202787742358268,-39.55652290476198,-7.320390743512319,11.199066687507308,-5.074114578450133,-1307.623440059693,2.9063294285577363,-5.239743845267256,7.320390743512319
E1_258,columna,C1,CIELO_3,-0.4431071921575507,-25.96491915814909,768.8431822136511,43.92209632823674,-9.716359663716139,2.569563425118259,0.4431071921575507,25.96491915814909,-768.8431822136511,59.93758030435962,7.943930895085936,-2.569563425118259
E1_258,columna,C2,CIELO_3,-0.4431071921575507,-25.96491915814909,768.8431822136511,43.92209632823674,-9.716359663716139,2.569563425118259,0.4431071921575507,25.96491915814909,-768.8431822136511,59.93758030435962,7.943930895085936,-2.569563425118259
E1_258,columna,C3,CIELO_3,-0.4431071921575507,-25.96491915814909,768.8431822136511,43.92209632823674,-9.716359663716139,2.569563425118259,0.4431071921575507,25.96491915814909,-768.8431822136511,59.93758030435962,7.943930895085936,-2.569563425118259
E1_259,columna,C1,CIELO_4,7.3635350430672695,-1.661561246931183,369.62572510037415,-1.1715306273392772,14.000264575770384,1.962998527153005,-7.3635350430672695,1.661561246931183,-369.62572510037415,7.817775615064009,15.453875596498692,-1.962998527153005
E1_259,columna,C2,CIELO_4,7.3635350430672695,-1.661561246931183,369.62572510037415,-1.1715306273392772,14.000264575770384,1.962998527153005,-7.3635350430672695,1.661561246931183,-369.62572510037415,7.817775615064009,15.453875596498692,-1.962998527153005
E1_259,columna,C3,CIELO_4,7.3635350430672695,-1.661561246931183,369.62572510037415,-1.1715306273392772,14.000264575770384,1.962998527153005,-7.3635350430672695,1.661561246931183,-369.62572510037415,7.817775615064009,15.453875596498692,-1.962998527153005
E1_26,viga,C1,CIELO_1,6.302304760546921,0.15909753326787857,1.8314447478598366,0.955746029843374,23.428855465958165,-0.4519613142897438,-6.302304760546921,-0.15909753326787857,-1.8314447478598366,-0.955746029843374,-5.114407987359801,-1.1390140183890418
E1_26,viga,C2,CIELO_1,6.302304760546921,0.15909753326787857,1.8314447478598366,0.955746029843374,23.428855465958165,-0.4519613142897438,-6.302304760546921,-0.15909753326787857,-1.8314447478598366,-0.955746029843374,-5.114407987359801,-1.1390140183890418
E1_26,viga,C3,CIELO_1,6.302304760546921,0.15909753326787857,1.8314447478598366,0.955746029843374,23.428855465958165,-0.4519613142897438,-6.302304760546921,-0.15909753326787857,-1.8314447478598366,-0.955746029843374,-5.114407987359801,-1.1390140183890418
E1_260,columna,C1,CIELO_1,3.61045321917772,-0.907218327936148,2360.8460367627404,0.13614657763879956,15.743655171642365,2.0417454178535333,-3.61045321917772,0.907218327936148,-2360.8460367627404,3.4927267341057924,-1.3018422949314843,-2.0417454178535333
E1_260,columna,C2,CIELO_1,3.61045321917772,-0.907218327936148,2360.8460367627404,0.13614657763879956,15.743655171642365,2.0417454178535333,-3.61045321917772,0.907218327936148,-2360.8460367627404,3.4927267341057924,-1.3018422949314843,-2.0417454178535333
E1_260,columna,C3,CIELO_1,3.61045321917772,-0.907218327936148,2360.8460367627404,0.13614657763879956,15.743655171642365,2.0417454178535333,-3.61045321917772,0.907218327936148,-2360.8460367627404,3.4927267341057924,-1.3018422949314843,-2.0417454178535333
E1_261,columna,C1,CIELO_2,-4.725129634431677,24.162239685640028,1716.9594483428525,-49.6665622084534,-13.150058898565272,-5.841659405668775,4.725129634431677,-24.162239685640028,-1716.9594483428525,-46.98239653410671,-5.750459639161436,5.841659405668775
E1_261,columna,C2,CIELO_2,-4.725129634431677,24.162239685640028,1716.9594483428525,-49.6665622084534,-13.150058898565272,-5.841659405668775,4.725129634431677,-24.162239685640028,-1716.9594483428525,-46.98239653410671,-5.750459639161436,5.841659405668775
E1_261,columna,C3,CIELO_2,-4.725129634431677,24.162239685640028,1716.9594483428525,-49.6665622084534,-13.150058898565272,-5.841659405668775,4.725129634431677,-24.162239685640028,-1716.9594483428525,-46.98239653410671,-5.750459639161436,5.841659405668775
E1_262,columna,C1,CIELO_3,8.28331599676063,16.673459071506883,1090.7087105774108,-39.07945082942537,9.625253171429014,2.199769556239645,-8.28331599676063,-16.673459071506883,-1090.7087105774108,-27.614385456602164,23.508010815613506,-2.199769556239645
E1_262,columna,C2,CIELO_3,8.28331599676063,16.673459071506883,1090.7087105774108,-39.07945082942537,9.625253171429014,2.199769556239645,-8.28331599676063,-16.673459071506883,-1090.7087105774108,-27.614385456602164,23.508010815613506,-2.199769556239645
E1_262,columna,C3,CIELO_3,8.28331599676063,16.673459071506883,1090.7087105774108,-39.07945082942537,9.625253171429014,2.199769556239645,-8.28331599676063,-16.673459071506883,-1090.7087105774108,-27.614385456602164,23.508010815613506,-2.199769556239645
E1_263,columna,C1,CIELO_4,10.379969859786147,49.90137389261341,526.928900855448,-94.68263890223616,21.33995682197526,2.291647705067546,-10.379969859786147,-49.90137389261341,-526.928900855448,-104.92285666821745,20.179922617169332,-2.291647705067546
E1_263,columna,C2,CIELO_4,10.379969859786147,49.90137389261341,526.928900855448,-94.68263890223616,21.33995682197526,2.291647705067546,-10.379969859786147,-49.90137389261341,-526.928900855448,-104.92285666821745,20.179922617169332,-2.291647705067546
E1_263,columna,C3,CIELO_4,10.379969859786147,49.90137389261341,526.928900855448,-94.68263890223616,21.33995682197526,2.291647705067546,-10.379969859786147,-49.90137389261341,-526.928900855448,-104.92285666821745,20.179922617169332,-2.291647705067546
E1_264,columna,C1,CIELO_1,6.224285655028228,-8.258077701007267,1571.9571395754574,9.6057645384621,18.518400995591772,0.6936929978002877,-6.224285655028228,8.258077701007267,-1571.9571395754574,23.426546265566962,6.378741624521141,-0.6936929978002877
E1_264,columna,C2,CIELO_1,6.224285655028228,-8.258077701007267,1571.9571395754574,9.6057645384621,18.518400995591772,0.6936929978002877,-6.224285655028228,8.258077701007267,-1571.9571395754574,23.426546265566962,6.378741624521141,-0.6936929978002877
E1_264,columna,C3,CIELO_1,6.224285655028228,-8.258077701007267,1571.9571395754574,9.6057645384621,18.518400995591772,0.6936929978002877,-6.224285655028228,8.258077701007267,-1571.9571395754574,23.426546265566962,6.378741624521141,-0.6936929978002877
E1_265,columna,C1,CIELO_2,-3.8903221233307437,2.2746149791637675,1169.6834800207162,-9.408874203407045,-9.719438957269428,-3.7895414685247455,3.8903221233307437,-2.2746149791637675,-1169.6834800207162,0.3104142867519739,-5.841849536053546,3.7895414685247455
E1_265,columna,C2,CIELO_2,-3.8903221233307437,2.2746149791637675,1169.6834800207162,-9.408874203407045,-9.719438957269428,-3.7895414685247455,3.8903221233307437,-2.2746149791637675,-1169.6834800207162,0.3104142867519739,-5.841849536053546,3.7895414685247455
E1_265,columna,C3,CIELO_2,-3.8903221233307437,2.2746149791637675,1169.6834800207162,-9.408874203407045,-9.719438957269428,-3.7895414685247455,3.8903221233307437,-2.2746149791637675,-1169.6834800207162,0.3104142867519739,-5.841849536053546,3.7895414685247455
E1_266,columna,C1,CIELO_3,1.7458042467657673,-6.229033074543866,769.8858457675796,7.967801157689007,1.9318664365283107,0.9397057212014968,-1.7458042467657673,6.229033074543866,-769.8858457675796,16.948331140486456,5.0513505505347585,-0.9397057212014968
E1_266,columna,C2,CIELO_3,1.7458042467657673,-6.229033074543866,769.8858457675796,7.967801157689007,1.9318664365283107,0.9397057212014968,-1.7458042467657673,6.229033074543866,-769.8858457675796,16.948331140486456,5.0513505505347585,-0.9397057212014968
E1_266,columna,C3,CIELO_3,1.7458042467657673,-6.229033074543866,769.8858457675796,7.967801157689007,1.9318664365283107,0.9397057212014968,-1.7458042467657673,6.229033074543866,-769.8858457675796,16.948331140486456,5.0513505505347585,-0.9397057212014968
E1_267,columna,C1,CIELO_4,-4.720422551813415,10.151234583075286,373.82371270984765,-25.335163676086133,-6.957157981177468,2.7866366486462946,4.720422551813415,-10.151234583075286,-373.82371270984765,-15.26977465621501,-11.92453222607619,-2.7866366486462946
E1_267,columna,C2,CIELO_4,-4.720422551813415,10.151234583075286,373.82371270984765,-25.335163676086133,-6.957157981177468,2.7866366486462946,4.720422551813415,-10.151234583075286,-373.82371270984765,-15.26977465621501,-11.92453222607619,-2.7866366486462946
E1_267,columna,C3,CIELO_4,-4.720422551813415,10.151234583075286,373.82371270984765,-25.335163676086133,-6.957157981177468,2.7866366486462946,4.720422551813415,-10.151234583075286,-373.82371270984765,-15.26977465621501,-11.92453222607619,-2.7866366486462946
E1_268,columna,C1,CIELO_1,6.4772935069718685,7.1309584055164095,1666.8427161694353,-8.971116474003454,14.907593045604651,-0.3285052997532339,-6.4772935069718685,-7.1309584055164095,-1666.8427161694353,-19.552717148062182,11.001580982282825,0.3285052997532339
E1_268,columna,C2,CIELO_1,6.4772935069718685,7.1309584055164095,1666.8427161694353,-8.971116474003454,14.907593045604651,-0.3285052997532339,-6.4772935069718685,-7.1309584055164095,-1666.8427161694353,-19.552717148062182,11.001580982282825,0.3285052997532339
E1_268,columna,C3,CIELO_1,6.4772935069718685,7.1309584055164095,1666.8427161694353,-8.971116474003454,14.907593045604651,-0.3285052997532339,-6.4772935069718685,-7.1309584055164095,-1666.8427161694353,-19.552717148062182,11.001580982282825,0.3285052997532339
E1_269,columna,C1,CIELO_2,12.500069043504565,2.451060078301358,1338.229773861341,-18.093858077346027,32.60549689318014,-0.6219270724370393,-12.500069043504565,-2.451060078301358,-1338.229773861341,8.289617764140596,17.394779280838122,0.6219270724370393
E1_269,columna,C2,CIELO_2,12.500069043504565,2.451060078301358,1338.229773861341,-18.093858077346027,32.60549689318014,-0.6219270724370393,-12.500069043504565,-2.451060078301358,-1338.229773861341,8.289617764140596,17.394779280838122,0.6219270724370393
E1_269,columna,C3,CIELO_2,12.500069043504565,2.451060078301358,1338.229773861341,-18.093858077346027,32.60549689318014,-0.6219270724370393,-12.500069043504565,-2.451060078301358,-1338.229773861341,8.289617764140596,17.394779280838122,0.6219270724370393
E1_27,viga,C1,CIELO_1,17.644318854574887,0.5286858986932105,-1.3157761270256711,6.936029988598183,2.8355955854500436,-2.9959139181249568,-17.644318854574887,-0.5286858986932105,1.3157761270256711,-6.936029988598183,-15.993356855706754,-2.290945068807148
E1_27,viga,C2,CIELO_1,17.644318854574887,0.5286858986932105,-1.3157761270256711,6.936029988598183,2.8355955854500436,-2.9959139181249568,-17.644318854574887,-0.5286858986932105,1.3157761270256711,-6.936029988598183,-15.993356855706754,-2.290945068807148
E1_27,viga,C3,CIELO_1,17.644318854574887,0.5286858986932105,-1.3157761270256711,6.936029988598183,2.8355955854500436,-2.9959139181249568,-17.644318854574887,-0.5286858986932105,1.3157761270256711,-6.936029988598183,-15.993356855706754,-2.290945068807148
E1_270,columna,C1,CIELO_3,-6.593761214399105,-17.57601130329343,886.5526952396858,20.042523412187606,-21.59113187942974,-1.1417449004115836,6.593761214399105,17.57601130329343,-886.5526952396858,50.26152180098612,-4.7839129781666845,1.1417449004115836
E1_270,columna,C2,CIELO_3,-6.593761214399105,-17.57601130329343,886.5526952396858,20.042523412187606,-21.59113187942974,-1.1417449004115836,6.593761214399105,17.57601130329343,-886.5526952396858,50.26152180098612,-4.7839129781666845,1.1417449004115836
E1_270,columna,C3,CIELO_3,-6.593761214399105,-17.57601130329343,886.5526952396858,20.042523412187606,-21.59113187942974,-1.1417449004115836,6.593761214399105,17.57601130329343,-886.5526952396858,50.26152180098612,-4.7839129781666845,1.1417449004115836
E1_271,columna,C1,CIELO_4,2.627684008420685,2.1171675573236524,428.6621808375637,-7.528319909584103,4.298560232715733,-2.490166844810472,-2.627684008420685,-2.1171675573236524,-428.6621808375637,-0.940350319710507,6.212175800967008,2.490166844810472
E1_271,columna,C2,CIELO_4,2.627684008420685,2.1171675573236524,428.6621808375637,-7.528319909584103,4.298560232715733,-2.490166844810472,-2.627684008420685,-2.1171675573236524,-428.6621808375637,-0.940350319710507,6.212175800967008,2.490166844810472
E1_271,columna,C3,CIELO_4,2.627684008420685,2.1171675573236524,428.6621808375637,-7.528319909584103,4.298560232715733,-2.490166844810472,-2.627684008420685,-2.1171675573236524,-428.6621808375637,-0.940350319710507,6.212175800967008,2.490166844810472
E1_272,columna,C1,CIELO_1,10.772866547056474,-0.42965510302471555,2596.5236812626686,0.9687823458675807,23.132021602021524,-0.16779332760716772,-10.772866547056474,0.42965510302471555,-2596.5236812626686,0.7498380662312814,19.95944458620437,0.16779332760716772
E1_272,columna,C2,CIELO_1,10.772866547056474,-0.42965510302471555,2596.5236812626686,0.9687823458675807,23.132021602021524,-0.16779332760716772,-10.772866547056474,0.42965510302471555,-2596.5236812626686,0.7498380662312814,19.95944458620437,0.16779332760716772
E1_272,columna,C3,CIELO_1,10.772866547056474,-0.42965510302471555,2596.5236812626686,0.9687823458675807,23.132021602021524,-0.16779332760716772,-10.772866547056474,0.42965510302471555,-2596.5236812626686,0.7498380662312814,19.95944458620437,0.16779332760716772
E1_273,columna,C1,CIELO_2,10.525659898138667,4.836508102110423,1918.1450476460338,-11.439751581069975,22.201040727889392,0.009326815077098066,-10.525659898138667,-4.836508102110423,-1918.1450476460338,-7.906280827371715,19.90159886466527,-0.009326815077098066
E1_273,columna,C2,CIELO_2,10.525659898138667,4.836508102110423,1918.1450476460338,-11.439751581069975,22.201040727889392,0.009326815077098066,-10.525659898138667,-4.836508102110423,-1918.1450476460338,-7.906280827371715,19.90159886466527,-0.009326815077098066
E1_273,columna,C3,CIELO_2,10.525659898138667,4.836508102110423,1918.1450476460338,-11.439751581069975,22.201040727889392,0.009326815077098066,-10.525659898138667,-4.836508102110423,-1918.1450476460338,-7.906280827371715,19.90159886466527,-0.009326815077098066
E1_274,columna,C1,CIELO_3,5.326308890882124,15.772541573829454,1255.22088034314,-38.14456147786953,10.450565837715569,-1.2653966464117925,-5.326308890882124,-15.772541573829454,-1255.22088034314,-24.945604817448285,10.854669725812926,1.2653966464117925
E1_274,columna,C2,CIELO_3,5.326308890882124,15.772541573829454,1255.22088034314,-38.14456147786953,10.450565837715569,-1.2653966464117925,-5.326308890882124,-15.772541573829454,-1255.22088034314,-24.945604817448285,10.854669725812926,1.2653966464117925
E1_274,columna,C3,CIELO_3,5.326308890882124,15.772541573829454,1255.22088034314,-38.14456147786953,10.450565837715569,-1.2653966464117925,-5.326308890882124,-15.772541573829454,-1255.22088034314,-24.945604817448285,10.854669725812926,1.2653966464117925
E1_275,columna,C1,CIELO_4,11.843583477283243,51.6807289167099,606.3177788132015,-98.74787479727561,19.36033775715715,-2.526858049352257,-11.843583477283243,-51.6807289167099,-606.3177788132015,-107.975040869564,28.013996151975817,2.526858049352257
E1_275,columna,C2,CIELO_4,11.843583477283243,51.6807289167099,606.3177788132015,-98.74787479727561,19.36033775715715,-2.526858049352257,-11.843583477283243,-51.6807289167099,-606.3177788132015,-107.975040869564,28.013996151975817,2.526858049352257
E1_275,columna,C3,CIELO_4,11.843583477283243,51.6807289167099,606.3177788132015,-98.74787479727561,19.36033775715715,-2.526858049352257,-11.843583477283243,-51.6807289167099,-606.3177788132015,-107.975040869564,28.013996151975817,2.526858049352257
E1_276,columna,C1,CIELO_1,9.785757679797689,-6.285143578246856,1573.5552024173958,8.901858880107943,21.56591728862106,-0.20141865834558212,-9.785757679797689,6.285143578246856,-1573.5552024173958,16.238715432879484,17.577113430569696,0.20141865834558212
E1_276,columna,C2,CIELO_1,9.785757679797689,-6.285143578246856,1573.5552024173958,8.901858880107943,21.56591728862106,-0.20141865834558212,-9.785757679797689,6.285143578246856,-1573.5552024173958,16.238715432879484,17.577113430569696,0.20141865834558212
E1_276,columna,C3,CIELO_1,9.785757679797689,-6.285143578246856,1573.5552024173958,8.901858880107943,21.56591728862106,-0.20141865834558212,-9.785757679797689,6.285143578246856,-1573.5552024173958,16.238715432879484,17.577113430569696,0.20141865834558212
E1_277,columna,C1,CIELO_2,7.377228942770916,-10.24182330687914,1172.4301273747026,15.88937003616168,14.67288300468055,-0.4742301733694989,-7.377228942770916,10.24182330687914,-1172.4301273747026,25.077923191354888,14.836032766403115,0.4742301733694989
E1_277,columna,C2,CIELO_2,7.377228942770916,-10.24182330687914,1172.4301273747026,15.88937003616168,14.67288300468055,-0.4742301733694989,-7.377228942770916,10.24182330687914,-1172.4301273747026,25.077923191354888,14.836032766403115,0.4742301733694989
E1_277,columna,C3,CIELO_2,7.377228942770916,-10.24182330687914,1172.4301273747026,15.88937003616168,14.67288300468055,-0.4742301733694989,-7.377228942770916,10.24182330687914,-1172.4301273747026,25.077923191354888,14.836032766403115,0.4742301733694989
E1_278,columna,C1,CIELO_3,5.491271168263938,-6.980611984968016,771.1568876786774,4.976335945380034,11.80098247998221,-1.5199137549134614,-5.491271168263938,6.980611984968016,-771.1568876786774,22.94611199449203,10.164102193073543,1.5199137549134614
E1_278,columna,C2,CIELO_3,5.491271168263938,-6.980611984968016,771.1568876786774,4.976335945380034,11.80098247998221,-1.5199137549134614,-5.491271168263938,6.980611984968016,-771.1568876786774,22.94611199449203,10.164102193073543,1.5199137549134614
E1_278,columna,C3,CIELO_3,5.491271168263938,-6.980611984968016,771.1568876786774,4.976335945380034,11.80098247998221,-1.5199137549134614,-5.491271168263938,6.980611984968016,-771.1568876786774,22.94611199449203,10.164102193073543,1.5199137549134614
E1_279,columna,C1,CIELO_4,9.847453012022049,6.752852014776783,373.79779549526705,-19.794827658870698,15.65033795931983,-2.8101418582057045,-9.847453012022049,-6.752852014776783,-373.79779549526705,-7.216580400236434,23.739474088768365,2.8101418582057045
E1_279,columna,C2,CIELO_4,9.847453012022049,6.752852014776783,373.79779549526705,-19.794827658870698,15.65033795931983,-2.8101418582057045,-9.847453012022049,-6.752852014776783,-373.79779549526705,-7.216580400236434,23.739474088768365,2.8101418582057045
E1_279,columna,C3,CIELO_4,9.847453012022049,6.752852014776783,373.79779549526705,-19.794827658870698,15.65033795931983,-2.8101418582057045,-9.847453012022049,-6.752852014776783,-373.79779549526705,-7.216580400236434,23.739474088768365,2.8101418582057045
E1_28,viga,C1,CIELO_1,-0.9577704711950414,16.27759204259021,1.8741976268570741,3.967827020883176,2.4955584612964414,4.129319326266836,0.9577704711950414,-16.27759204259021,-1.8741976268570741,12.712531858144784,-2.4955584612964414,4.3948378673690325
E1_28,viga,C2,CIELO_1,-0.9577704711950414,16.27759204259021,1.8741976268570741,3.967827020883176,2.4955584612964414,4.129319326266836,0.9577704711950414,-16.27759204259021,-1.8741976268570741,12.712531858144784,-2.4955584612964414,4.3948378673690325
E1_28,viga,C3,CIELO_1,-0.9577704711950414,16.27759204259021,1.8741976268570741,3.967827020883176,2.4955584612964414,4.129319326266836,0.9577704711950414,-16.27759204259021,-1.8741976268570741,12.712531858144784,-2.4955584612964414,4.3948378673690325
E1_280,columna,C1,CIELO_1,-21.29058926012233,6.7121368146685425,1010.4711546667169,-12.210744622855621,-22.273520868318453,0.1933909145659357,21.29058926012233,-6.7121368146685425,-1010.4711546667169,-14.637802635818549,-62.888836172170876,-0.1933909145659357
E1_280,columna,C2,CIELO_1,-21.29058926012233,6.7121368146685425,1010.4711546667169,-12.210744622855621,-22.273520868318453,0.1933909145659357,21.29058926012233,-6.7121368146685425,-1010.4711546667169,-14.637802635818549,-62.888836172170876,-0.1933909145659357
E1_280,columna,C3,CIELO_1,-21.29058926012233,6.7121368146685425,1010.4711546667169,-12.210744622855621,-22.273520868318453,0.1933909145659357,21.29058926012233,-6.7121368146685425,-1010.4711546667169,-14.637802635818549,-62.888836172170876,-0.1933909145659357
E1_281,columna,C1,CIELO_2,-32.15871525261771,11.36002370470467,750.8241432473235,-22.007757268106175,-65.12512368988058,0.00308156705162858,32.15871525261771,-11.36002370470467,-750.8241432473235,-23.432337550712504,-63.50973732059025,-0.00308156705162858
E1_281,columna,C2,CIELO_2,-32.15871525261771,11.36002370470467,750.8241432473235,-22.007757268106175,-65.12512368988058,0.00308156705162858,32.15871525261771,-11.36002370470467,-750.8241432473235,-23.432337550712504,-63.50973732059025,-0.00308156705162858
E1_281,columna,C3,CIELO_2,-32.15871525261771,11.36002370470467,750.8241432473235,-22.007757268106175,-65.12512368988058,0.00308156705162858,32.15871525261771,-11.36002370470467,-750.8241432473235,-23.432337550712504,-63.50973732059025,-0.00308156705162858
E1_282,columna,C1,CIELO_3,-46.12347409553558,13.901074066750136,495.1286646359141,-27.627232139816286,-93.43772932334909,-1.5270435287730402,46.12347409553558,-13.901074066750136,-495.1286646359141,-27.977064127184256,-91.05616705879322,1.5270435287730402
E1_282,columna,C2,CIELO_3,-46.12347409553558,13.901074066750136,495.1286646359141,-27.627232139816286,-93.43772932334909,-1.5270435287730402,46.12347409553558,-13.901074066750136,-495.1286646359141,-27.977064127184256,-91.05616705879322,1.5270435287730402
E1_282,columna,C3,CIELO_3,-46.12347409553558,13.901074066750136,495.1286646359141,-27.627232139816286,-93.43772932334909,-1.5270435287730402,46.12347409553558,-13.901074066750136,-495.1286646359141,-27.977064127184256,-91.05616705879322,1.5270435287730402
E1_283,columna,C1,CIELO_4,-61.02716782466032,18.68466055977525,242.29329300308584,-32.06684747941728,-110.75491395080101,-3.027693571920721,61.02716782466032,-18.68466055977525,-242.29329300308584,-42.67179475968372,-133.35375734784026,3.027693571920721
E1_283,columna,C2,CIELO_4,-61.02716782466032,18.68466055977525,242.29329300308584,-32.06684747941728,-110.75491395080101,-3.027693571920721,61.02716782466032,-18.68466055977525,-242.29329300308584,-42.67179475968372,-133.35375734784026,3.027693571920721
E1_283,columna,C3,CIELO_4,-61.02716782466032,18.68466055977525,242.29329300308584,-32.06684747941728,-110.75491395080101,-3.027693571920721,61.02716782466032,-18.68466055977525,-242.29329300308584,-42.67179475968372,-133.35375734784026,3.027693571920721
E1_284,columna,C1,CIELO_1,-38.754338195082305,4.014041605220914,1949.8238049138245,-8.469850560779015,-45.01363316595608,0.17415128655224843,38.754338195082305,-4.014041605220914,-1949.8238049138245,-7.5863158601046425,-110.00371961437314,-0.17415128655224843
E1_284,columna,C2,CIELO_1,-38.754338195082305,4.014041605220914,1949.8238049138245,-8.469850560779015,-45.01363316595608,0.17415128655224843,38.754338195082305,-4.014041605220914,-1949.8238049138245,-7.5863158601046425,-110.00371961437314,-0.17415128655224843
E1_284,columna,C3,CIELO_1,-38.754338195082305,4.014041605220914,1949.8238049138245,-8.469850560779015,-45.01363316595608,0.17415128655224843,38.754338195082305,-4.014041605220914,-1949.8238049138245,-7.5863158601046425,-110.00371961437314,-0.17415128655224843
E1_285,columna,C1,CIELO_2,-76.66839697888632,5.766133249152377,1433.9112390224834,-11.32226152888838,-154.6044487175251,0.18519896401448405,76.66839697888632,-5.766133249152377,-1433.9112390224834,-11.742271467721128,-152.0691391980202,-0.18519896401448405
E1_285,columna,C2,CIELO_2,-76.66839697888632,5.766133249152377,1433.9112390224834,-11.32226152888838,-154.6044487175251,0.18519896401448405,76.66839697888632,-5.766133249152377,-1433.9112390224834,-11.742271467721128,-152.0691391980202,-0.18519896401448405
E1_285,columna,C3,CIELO_2,-76.66839697888632,5.766133249152377,1433.9112390224834,-11.32226152888838,-154.6044487175251,0.18519896401448405,76.66839697888632,-5.766133249152377,-1433.9112390224834,-11.742271467721128,-152.0691391980202,-0.18519896401448405
E1_286,columna,C1,CIELO_3,-80.64934200041333,7.3276149703477715,940.0957856802706,-14.42707915821882,-161.15973413913756,-1.151358778347698,80.64934200041333,-7.3276149703477715,-940.0957856802706,-14.883380723172266,-161.43763386251575,1.151358778347698
E1_286,columna,C2,CIELO_3,-80.64934200041333,7.3276149703477715,940.0957856802706,-14.42707915821882,-161.15973413913756,-1.151358778347698,80.64934200041333,-7.3276149703477715,-940.0957856802706,-14.883380723172266,-161.43763386251575,1.151358778347698
E1_286,columna,C3,CIELO_3,-80.64934200041333,7.3276149703477715,940.0957856802706,-14.42707915821882,-161.15973413913756,-1.151358778347698,80.64934200041333,-7.3276149703477715,-940.0957856802706,-14.883380723172266,-161.43763386251575,1.151358778347698
E1_287,columna,C1,CIELO_4,-98.43083643846975,8.133634500136244,460.480482602901,-14.495567403332092,-178.9828106511415,-2.570722091440497,98.43083643846975,-8.133634500136244,-460.480482602901,-18.038970597212884,-214.7405351027375,2.570722091440497
E1_287,columna,C2,CIELO_4,-98.43083643846975,8.133634500136244,460.480482602901,-14.495567403332092,-178.9828106511415,-2.570722091440497,98.43083643846975,-8.133634500136244,-460.480482602901,-18.038970597212884,-214.7405351027375,2.570722091440497
E1_287,columna,C3,CIELO_4,-98.43083643846975,8.133634500136244,460.480482602901,-14.495567403332092,-178.9828106511415,-2.570722091440497,98.43083643846975,-8.133634500136244,-460.480482602901,-18.038970597212884,-214.7405351027375,2.570722091440497
E1_288,columna,C1,CIELO_1,-21.819784102908677,-1.0122861027052266,1173.1319501291246,-1.5552165038866868,-22.158292713318623,0.18388237695419415,21.819784102908677,1.0122861027052266,-1173.1319501291246,5.604360914707593,-65.12084369831608,-0.18388237695419415
E1_288,columna,C2,CIELO_1,-21.819784102908677,-1.0122861027052266,1173.1319501291246,-1.5552165038866868,-22.158292713318623,0.18388237695419415,21.819784102908677,1.0122861027052266,-1173.1319501291246,5.604360914707593,-65.12084369831608,-0.18388237695419415
E1_288,columna,C3,CIELO_1,-21.819784102908677,-1.0122861027052266,1173.1319501291246,-1.5552165038866868,-22.158292713318623,0.18388237695419415,21.819784102908677,1.0122861027052266,-1173.1319501291246,5.604360914707593,-65.12084369831608,-0.18388237695419415
E1_289,columna,C1,CIELO_2,-48.464530459623106,-5.137259063582003,869.9719708723139,9.360620456809759,-97.60976594879241,-0.1336424807721734,48.464530459623106,5.137259063582003,-869.9719708723139,11.188415797518253,-96.2483558897,0.1336424807721734
E1_289,columna,C2,CIELO_2,-48.464530459623106,-5.137259063582003,869.9719708723139,9.360620456809759,-97.60976594879241,-0.1336424807721734,48.464530459623106,5.137259063582003,-869.9719708723139,11.188415797518253,-96.2483558897,0.1336424807721734
E1_289,columna,C3,CIELO_2,-48.464530459623106,-5.137259063582003,869.9719708723139,9.360620456809759,-97.60976594879241,-0.1336424807721734,48.464530459623106,5.137259063582003,-869.9719708723139,11.188415797518253,-96.2483558897,0.1336424807721734
E1_29,viga,C1,CIELO_1,-0.5727837771668538,7.029117427310155,-7.4989683061522765,-50.900489943411536,0.26480781130183245,3.2682863349961693,0.5727837771668538,-7.029117427310155,7.4989683061522765,-15.84032798134373,-0.26480781130183245,1.8294892817888302
E1_29,viga,C2,CIELO_1,-0.5727837771668538,7.029117427310155,-7.4989683061522765,-50.900489943411536,0.26480781130183245,3.2682863349961693,0.5727837771668538,-7.029117427310155,7.4989683061522765,-15.84032798134373,-0.26480781130183245,1.8294892817888302
E1_29,viga,C3,CIELO_1,-0.5727837771668538,7.029117427310155,-7.4989683061522765,-50.900489943411536,0.26480781130183245,3.2682863349961693,0.5727837771668538,-7.029117427310155,7.4989683061522765,-15.84032798134373,-0.26480781130183245,1.8294892817888302
E1_290,columna,C1,CIELO_3,-50.095872688750696,-5.9363544814690155,573.4223716321782,11.958356093283232,-100.05428669033905,-1.4497672585627577,50.095872688750696,5.9363544814690155,-573.4223716321782,11.78706183259283,-100.32920406466373,1.4497672585627577
E1_290,columna,C2,CIELO_3,-50.095872688750696,-5.9363544814690155,573.4223716321782,11.958356093283232,-100.05428669033905,-1.4497672585627577,50.095872688750696,5.9363544814690155,-573.4223716321782,11.78706183259283,-100.32920406466373,1.4497672585627577
E1_290,columna,C3,CIELO_3,-50.095872688750696,-5.9363544814690155,573.4223716321782,11.958356093283232,-100.05428669033905,-1.4497672585627577,50.095872688750696,5.9363544814690155,-573.4223716321782,11.78706183259283,-100.32920406466373,1.4497672585627577
E1_291,columna,C1,CIELO_4,-63.175289850638336,-11.373568436776159,281.61932110524003,19.346269878652123,-114.03833029573514,-2.6807496158365733,63.175289850638336,11.373568436776159,-281.61932110524003,26.148003868452513,-138.6628291068182,2.6807496158365733
E1_291,columna,C2,CIELO_4,-63.175289850638336,-11.373568436776159,281.61932110524003,19.346269878652123,-114.03833029573514,-2.6807496158365733,63.175289850638336,11.373568436776159,-281.61932110524003,26.148003868452513,-138.6628291068182,2.6807496158365733
E1_291,columna,C3,CIELO_4,-63.175289850638336,-11.373568436776159,281.61932110524003,19.346269878652123,-114.03833029573514,-2.6807496158365733,63.175289850638336,11.373568436776159,-281.61932110524003,26.148003868452513,-138.6628291068182,2.6807496158365733
E1_292,columna,C1,CIELO_1,2.9333412173287137,3.249231561536053,301.0215341383012,-7.351101226129395,10.215170715795088,-0.08954629400493794,-2.9333412173287137,-3.249231561536053,-301.0215341383012,-5.645825020014819,1.518194153519766,0.08954629400493794
E1_292,columna,C2,CIELO_1,2.9333412173287137,3.249231561536053,301.0215341383012,-7.351101226129395,10.215170715795088,-0.08954629400493794,-2.9333412173287137,-3.249231561536053,-301.0215341383012,-5.645825020014819,1.518194153519766,0.08954629400493794
E1_292,columna,C3,CIELO_1,2.9333412173287137,3.249231561536053,301.0215341383012,-7.351101226129395,10.215170715795088,-0.08954629400493794,-2.9333412173287137,-3.249231561536053,-301.0215341383012,-5.645825020014819,1.518194153519766,0.08954629400493794
E1_293,columna,C1,CIELO_2,10.22754074194791,4.111360382405286,235.1870533900925,-7.438241960194709,22.68663177674273,0.25260427170543875,-10.22754074194791,-4.111360382405286,-235.1870533900925,-9.007199569426433,18.223531191048913,-0.25260427170543875
E1_293,columna,C2,CIELO_2,10.22754074194791,4.111360382405286,235.1870533900925,-7.438241960194709,22.68663177674273,0.25260427170543875,-10.22754074194791,-4.111360382405286,-235.1870533900925,-9.007199569426433,18.223531191048913,-0.25260427170543875
E1_293,columna,C3,CIELO_2,10.22754074194791,4.111360382405286,235.1870533900925,-7.438241960194709,22.68663177674273,0.25260427170543875,-10.22754074194791,-4.111360382405286,-235.1870533900925,-9.007199569426433,18.223531191048913,-0.25260427170543875
E1_294,columna,C1,CIELO_3,-5.578892726662193,4.03122798432734,159.79159088088983,-7.23881636323102,-13.109088480537734,-0.41409997757098016,5.578892726662193,-4.03122798432734,-159.79159088088983,-8.88609557407834,-9.206482426111037,0.41409997757098016
E1_294,columna,C2,CIELO_3,-5.578892726662193,4.03122798432734,159.79159088088983,-7.23881636323102,-13.109088480537734,-0.41409997757098016,5.578892726662193,-4.03122798432734,-159.79159088088983,-8.88609557407834,-9.206482426111037,0.41409997757098016
E1_294,columna,C3,CIELO_3,-5.578892726662193,4.03122798432734,159.79159088088983,-7.23881636323102,-13.109088480537734,-0.41409997757098016,5.578892726662193,-4.03122798432734,-159.79159088088983,-8.88609557407834,-9.206482426111037,0.41409997757098016
E1_295,columna,C1,CIELO_4,-3.3509039883378176,4.94442239336302,68.85611708638775,-7.873262649277361,-6.336252225236707,-0.5226385147398414,3.3509039883378176,-4.94442239336302,-68.85611708638775,-11.90442692417472,-7.067363728114564,0.5226385147398414
E1_295,columna,C2,CIELO_4,-3.3509039883378176,4.94442239336302,68.85611708638775,-7.873262649277361,-6.336252225236707,-0.5226385147398414,3.3509039883378176,-4.94442239336302,-68.85611708638775,-11.90442692417472,-7.067363728114564,0.5226385147398414
E1_295,columna,C3,CIELO_4,-3.3509039883378176,4.94442239336302,68.85611708638775,-7.873262649277361,-6.336252225236707,-0.5226385147398414,3.3509039883378176,-4.94442239336302,-68.85611708638775,-11.90442692417472,-7.067363728114564,0.5226385147398414
E1_296,columna,C1,CIELO_1,4.717187658042361,3.154338686101303,639.0754818874809,-7.183694999017835,12.889450671938086,-0.03815377186022892,-4.717187658042361,-3.154338686101303,-639.0754818874809,-5.433659745387377,5.9792999602313595,0.03815377186022892
E1_296,columna,C2,CIELO_1,4.717187658042361,3.154338686101303,639.0754818874809,-7.183694999017835,12.889450671938086,-0.03815377186022892,-4.717187658042361,-3.154338686101303,-639.0754818874809,-5.433659745387377,5.9792999602313595,0.03815377186022892
E1_296,columna,C3,CIELO_1,4.717187658042361,3.154338686101303,639.0754818874809,-7.183694999017835,12.889450671938086,-0.03815377186022892,-4.717187658042361,-3.154338686101303,-639.0754818874809,-5.433659745387377,5.9792999602313595,0.03815377186022892
E1_297,columna,C1,CIELO_2,2.464317727446884,3.44808670303156,484.838134988186,-6.5205793734450035,8.708797237752401,0.31289515003787166,-2.464317727446884,-3.44808670303156,-484.838134988186,-7.271767438681237,1.1484736720351343,-0.31289515003787166
E1_297,columna,C2,CIELO_2,2.464317727446884,3.44808670303156,484.838134988186,-6.5205793734450035,8.708797237752401,0.31289515003787166,-2.464317727446884,-3.44808670303156,-484.838134988186,-7.271767438681237,1.1484736720351343,-0.31289515003787166
E1_297,columna,C3,CIELO_2,2.464317727446884,3.44808670303156,484.838134988186,-6.5205793734450035,8.708797237752401,0.31289515003787166,-2.464317727446884,-3.44808670303156,-484.838134988186,-7.271767438681237,1.1484736720351343,-0.31289515003787166
E1_298,columna,C1,CIELO_3,-10.997956741684828,2.4054855577935097,316.5158004592508,-4.166546970676536,-19.944238020412705,-0.4179925937017432,10.997956741684828,-2.4054855577935097,-316.5158004592508,-5.455395260497504,-24.047588946326602,0.4179925937017432
E1_298,columna,C2,CIELO_3,-10.997956741684828,2.4054855577935097,316.5158004592508,-4.166546970676536,-19.944238020412705,-0.4179925937017432,10.997956741684828,-2.4054855577935097,-316.5158004592508,-5.455395260497504,-24.047588946326602,0.4179925937017432
E1_298,columna,C3,CIELO_3,-10.997956741684828,2.4054855577935097,316.5158004592508,-4.166546970676536,-19.944238020412705,-0.4179925937017432,10.997956741684828,-2.4054855577935097,-316.5158004592508,-5.455395260497504,-24.047588946326602,0.4179925937017432
E1_299,columna,C1,CIELO_4,-7.657863074648098,1.378989050328721,140.56065917810292,-2.119441363926148,-13.630733301620834,-0.4683974050590349,7.657863074648098,-1.378989050328721,-140.56065917810292,-3.396514837388736,-17.00071899697156,0.4683974050590349
E1_299,columna,C2,CIELO_4,-7.657863074648098,1.378989050328721,140.56065917810292,-2.119441363926148,-13.630733301620834,-0.4683974050590349,7.657863074648098,-1.378989050328721,-140.56065917810292,-3.396514837388736,-17.00071899697156,0.4683974050590349
E1_299,columna,C3,CIELO_4,-7.657863074648098,1.378989050328721,140.56065917810292,-2.119441363926148,-13.630733301620834,-0.4683974050590349,7.657863074648098,-1.378989050328721,-140.56065917810292,-3.396514837388736,-17.00071899697156,0.4683974050590349
E1_3,viga,C1,CIELO_1,-32.49267292897418,-0.08356878544313412,103.16867372355921,-9.671093479506542,-266.29546741477805,-0.9461977559074651,32.49267292897418,0.08356878544313412,-103.16867372355921,9.671093479506542,-249.54790120301797,0.5283538286917946
E1_3,viga,C2,CIELO_1,-32.49267292897418,-0.08356878544313412,103.16867372355921,-9.671093479506542,-266.29546741477805,-0.9461977559074651,32.49267292897418,0.08356878544313412,-103.16867372355921,9.671093479506542,-249.54790120301797,0.5283538286917946
E1_3,viga,C3,CIELO_1,-32.49267292897418,-0.08356878544313412,103.16867372355921,-9.671093479506542,-266.29546741477805,-0.9461977559074651,32.49267292897418,0.08356878544313412,-103.16867372355921,9.671093479506542,-249.54790120301797,0.5283538286917946
E1_30,viga,C1,CIELO_1,0.6461788832518893,7.1490831286363905,0.5232796151893468,-0.6800797410190391,-0.9183136418820287,-3.3987464548207633,-0.6461788832518893,-7.1490831286363905,-0.5232796151893468,5.337268316204226,0.9183136418820287,-2.3522456061210515
E1_30,viga,C2,CIELO_1,0.6461788832518893,7.1490831286363905,0.5232796151893468,-0.6800797410190391,-0.9183136418820287,-3.3987464548207633,-0.6461788832518893,-7.1490831286363905,-0.5232796151893468,5.337268316204226,0.9183136418820287,-2.3522456061210515
E1_30,viga,C3,CIELO_1,0.6461788832518893,7.1490831286363905,0.5232796151893468,-0.6800797410190391,-0.9183136418820287,-3.3987464548207633,-0.6461788832518893,-7.1490831286363905,-0.5232796151893468,5.337268316204226,0.9183136418820287,-2.3522456061210515
E1_300,columna,C1,CIELO_1,5.768619229891225,1.3789200033078939,363.0122159902715,-4.743846943737692,14.5350697013854,-0.07840401786549969,-5.768619229891225,-1.3789200033078939,-363.0122159902715,-0.7718330694938831,8.539407218179504,0.07840401786549969
E1_300,columna,C2,CIELO_1,5.768619229891225,1.3789200033078939,363.0122159902715,-4.743846943737692,14.5350697013854,-0.07840401786549969,-5.768619229891225,-1.3789200033078939,-363.0122159902715,-0.7718330694938831,8.539407218179504,0.07840401786549969
E1_300,columna,C3,CIELO_1,5.768619229891225,1.3789200033078939,363.0122159902715,-4.743846943737692,14.5350697013854,-0.07840401786549969,-5.768619229891225,-1.3789200033078939,-363.0122159902715,-0.7718330694938831,8.539407218179504,0.07840401786549969
E1_301,columna,C1,CIELO_2,2.2623282013640473,-0.2743839926710804,280.401461518465,0.6294482687780948,6.907105451719281,-0.0865448448310444,-2.2623282013640473,0.2743839926710804,-280.401461518465,0.4680877019062267,2.142207353736909,0.0865448448310444
E1_301,columna,C2,CIELO_2,2.2623282013640473,-0.2743839926710804,280.401461518465,0.6294482687780948,6.907105451719281,-0.0865448448310444,-2.2623282013640473,0.2743839926710804,-280.401461518465,0.4680877019062267,2.142207353736909,0.0865448448310444
E1_301,columna,C3,CIELO_2,2.2623282013640473,-0.2743839926710804,280.401461518465,0.6294482687780948,6.907105451719281,-0.0865448448310444,-2.2623282013640473,0.2743839926710804,-280.401461518465,0.4680877019062267,2.142207353736909,0.0865448448310444
E1_302,columna,C1,CIELO_3,-4.718986902681983,-1.504791980597564,187.14883490716102,3.906034762884982,-8.427989949298459,-0.1779200099296688,4.718986902681983,1.504791980597564,-187.14883490716102,2.1131331595052747,-10.447957661429472,0.1779200099296688
E1_302,columna,C2,CIELO_3,-4.718986902681983,-1.504791980597564,187.14883490716102,3.906034762884982,-8.427989949298459,-0.1779200099296688,4.718986902681983,1.504791980597564,-187.14883490716102,2.1131331595052747,-10.447957661429472,0.1779200099296688
E1_302,columna,C3,CIELO_3,-4.718986902681983,-1.504791980597564,187.14883490716102,3.906034762884982,-8.427989949298459,-0.1779200099296688,4.718986902681983,1.504791980597564,-187.14883490716102,2.1131331595052747,-10.447957661429472,0.1779200099296688
E1_303,columna,C1,CIELO_4,-1.8931108515788488,-4.132765030238906,81.73710154544726,7.2577148394776625,-3.2587432866090413,-0.238921240055283,1.8931108515788488,4.132765030238906,-81.73710154544726,9.273345281477958,-4.313700119706354,0.238921240055283
E1_303,columna,C2,CIELO_4,-1.8931108515788488,-4.132765030238906,81.73710154544726,7.2577148394776625,-3.2587432866090413,-0.238921240055283,1.8931108515788488,4.132765030238906,-81.73710154544726,9.273345281477958,-4.313700119706354,0.238921240055283
E1_303,columna,C3,CIELO_4,-1.8931108515788488,-4.132765030238906,81.73710154544726,7.2577148394776625,-3.2587432866090413,-0.238921240055283,1.8931108515788488,4.132765030238906,-81.73710154544726,9.273345281477958,-4.313700119706354,0.238921240055283
E1_304,columna,C1,CIELO_4,0.43206265598024846,-2.674452054787296,3.7674740114654166,5.136713558264046,1.6830314907199533,-0.09291525667257212,-0.43206265598024846,2.674452054787296,-3.7674740114654166,5.561094660885139,0.04521913320104054,0.09291525667257212
E1_304,columna,C2,CIELO_4,0.43206265598024846,-2.674452054787296,3.7674740114654166,5.136713558264046,1.6830314907199533,-0.09291525667257212,-0.43206265598024846,2.674452054787296,-3.7674740114654166,5.561094660885139,0.04521913320104054,0.09291525667257212
E1_304,columna,C3,CIELO_4,0.43206265598024846,-2.674452054787296,3.7674740114654166,5.136713558264046,1.6830314907199533,-0.09291525667257212,-0.43206265598024846,2.674452054787296,-3.7674740114654166,5.561094660885139,0.04521913320104054,0.09291525667257212
E1_305,columna,C1,CIELO_4,-2.808195169657124,0.43051115541409013,5.205179066474164,-0.7998971896564366,-4.431190985749182,-0.2506733589143186,2.808195169657124,-0.43051115541409013,-5.205179066474164,-0.9221474319999238,-6.801589692879314,0.2506733589143186
E1_305,columna,C2,CIELO_4,-2.808195169657124,0.43051115541409013,5.205179066474164,-0.7998971896564366,-4.431190985749182,-0.2506733589143186,2.808195169657124,-0.43051115541409013,-5.205179066474164,-0.9221474319999238,-6.801589692879314,0.2506733589143186
E1_305,columna,C3,CIELO_4,-2.808195169657124,0.43051115541409013,5.205179066474164,-0.7998971896564366,-4.431190985749182,-0.2506733589143186,2.808195169657124,-0.43051115541409013,-5.205179066474164,-0.9221474319999238,-6.801589692879314,0.2506733589143186
E1_306,columna,C1,CIELO_4,-0.30949295437126095,2.9447596348985243,3.2301429507221475,-5.529311777908793,0.09656091543858825,-0.3148721045895393,0.30949295437126095,-2.9447596348985243,-3.2301429507221475,-6.249726761685303,-1.334532732923632,0.3148721045895393
E1_306,columna,C2,CIELO_4,-0.30949295437126095,2.9447596348985243,3.2301429507221475,-5.529311777908793,0.09656091543858825,-0.3148721045895393,0.30949295437126095,-2.9447596348985243,-3.2301429507221475,-6.249726761685303,-1.334532732923632,0.3148721045895393
E1_306,columna,C3,CIELO_4,-0.30949295437126095,2.9447596348985243,3.2301429507221475,-5.529311777908793,0.09656091543858825,-0.3148721045895393,0.30949295437126095,-2.9447596348985243,-3.2301429507221475,-6.249726761685303,-1.334532732923632,0.3148721045895393
E1_307,columna,C1,CIELO_4,0.21960007115908703,-1.8442562031361809,-1.0872196914869336,3.6382378821728234,0.20325928172899083,0.08987374741481922,-0.21960007115908703,1.8442562031361809,1.0872196914869336,3.7387869303718997,0.6751410029073572,-0.08987374741481922
E1_307,columna,C2,CIELO_4,0.21960007115908703,-1.8442562031361809,-1.0872196914869336,3.6382378821728234,0.20325928172899083,0.08987374741481922,-0.21960007115908703,1.8442562031361809,1.0872196914869336,3.7387869303718997,0.6751410029073572,-0.08987374741481922
E1_307,columna,C3,CIELO_4,0.21960007115908703,-1.8442562031361809,-1.0872196914869336,3.6382378821728234,0.20325928172899083,0.08987374741481922,-0.21960007115908703,1.8442562031361809,1.0872196914869336,3.7387869303718997,0.6751410029073572,-0.08987374741481922
E1_308,columna,C1,CIELO_4,-0.4247865945380903,-0.5405662404399779,-1.568250674218576,1.0842637461702096,-1.1821404339733985,-0.312889392634439,0.4247865945380903,0.5405662404399779,1.568250674218576,1.078001215589702,-0.5170059441789628,0.312889392634439
E1_308,columna,C2,CIELO_4,-0.4247865945380903,-0.5405662404399779,-1.568250674218576,1.0842637461702096,-1.1821404339733985,-0.312889392634439,0.4247865945380903,0.5405662404399779,1.568250674218576,1.078001215589702,-0.5170059441789628,0.312889392634439
E1_308,columna,C3,CIELO_4,-0.4247865945380903,-0.5405662404399779,-1.568250674218576,1.0842637461702096,-1.1821404339733985,-0.312889392634439,0.4247865945380903,0.5405662404399779,1.568250674218576,1.078001215589702,-0.5170059441789628,0.312889392634439
E1_309,columna,C1,CIELO_4,-0.4815710665972789,1.1165176726511672,-0.9619450327349102,-2.156868110261661,-1.1727153238978771,-0.48655969938947263,0.4815710665972789,-1.1165176726511672,0.9619450327349102,-2.3092025803430074,-0.7535689424912385,0.48655969938947263
E1_309,columna,C2,CIELO_4,-0.4815710665972789,1.1165176726511672,-0.9619450327349102,-2.156868110261661,-1.1727153238978771,-0.48655969938947263,0.4815710665972789,-1.1165176726511672,0.9619450327349102,-2.3092025803430074,-0.7535689424912385,0.48655969938947263
E1_309,columna,C3,CIELO_4,-0.4815710665972789,1.1165176726511672,-0.9619450327349102,-2.156868110261661,-1.1727153238978771,-0.48655969938947263,0.4815710665972789,-1.1165176726511672,0.9619450327349102,-2.3092025803430074,-0.7535689424912385,0.48655969938947263
E1_31,viga,C1,CIELO_1,-0.3101896847810024,-0.686746132419492,-8.48096852744058,-53.97802471385611,0.6981110461073609,1.4820870289460977,0.3101896847810024,0.686746132419492,8.48096852744058,-21.502595180365056,-0.6981110461073609,1.2786011656048235
E1_31,viga,C2,CIELO_1,-0.3101896847810024,-0.686746132419492,-8.48096852744058,-53.97802471385611,0.6981110461073609,1.4820870289460977,0.3101896847810024,0.686746132419492,8.48096852744058,-21.502595180365056,-0.6981110461073609,1.2786011656048235
E1_31,viga,C3,CIELO_1,-0.3101896847810024,-0.686746132419492,-8.48096852744058,-53.97802471385611,0.6981110461073609,1.4820870289460977,0.3101896847810024,0.686746132419492,8.48096852744058,-21.502595180365056,-0.6981110461073609,1.2786011656048235
E1_310,columna,C1,CIELO_4,0.8375450646369488,-73.17556873141348,2.603906890242754,151.85258125984956,1.5838197771288427,-0.3238963869465888,-0.8375450646369488,73.17556873141348,-2.603906890242754,140.84969366580435,1.7663604814189524,0.3238963869465888
E1_310,columna,C2,CIELO_4,0.8375450646369488,-73.17556873141348,2.603906890242754,151.85258125984956,1.5838197771288427,-0.3238963869465888,-0.8375450646369488,73.17556873141348,-2.603906890242754,140.84969366580435,1.7663604814189524,0.3238963869465888
E1_310,columna,C3,CIELO_4,0.8375450646369488,-73.17556873141348,2.603906890242754,151.85258125984956,1.5838197771288427,-0.3238963869465888,-0.8375450646369488,73.17556873141348,-2.603906890242754,140.84969366580435,1.7663604814189524,0.3238963869465888
E1_311,columna,C1,CIELO_4,-0.17700831005501116,-72.52811229068823,2.4854608336671116,150.73929518661473,-0.493824031993828,-0.23156212282850894,0.17700831005501116,72.52811229068823,-2.4854608336671116,139.37315397613816,-0.21420920822621664,0.23156212282850894
E1_311,columna,C2,CIELO_4,-0.17700831005501116,-72.52811229068823,2.4854608336671116,150.73929518661473,-0.493824031993828,-0.23156212282850894,0.17700831005501116,72.52811229068823,-2.4854608336671116,139.37315397613816,-0.21420920822621664,0.23156212282850894
E1_311,columna,C3,CIELO_4,-0.17700831005501116,-72.52811229068823,2.4854608336671116,150.73929518661473,-0.493824031993828,-0.23156212282850894,0.17700831005501116,72.52811229068823,-2.4854608336671116,139.37315397613816,-0.21420920822621664,0.23156212282850894
E1_312,columna,C1,CIELO_1S,12.970911575565308,1.9429172577904583,495.0240594085587,-6.489634664710277,27.823579841931917,-0.20354238359211108,-12.970911575565308,-1.9429172577904583,-495.0240594085587,-1.282034366451557,24.060066460329317,0.20354238359211108
E1_312,columna,C2,CIELO_1S,12.970911575565308,1.9429172577904583,495.0240594085587,-6.489634664710277,27.823579841931917,-0.20354238359211108,-12.970911575565308,-1.9429172577904583,-495.0240594085587,-1.282034366451557,24.060066460329317,0.20354238359211108
E1_312,columna,C3,CIELO_1S,12.970911575565308,1.9429172577904583,495.0240594085587,-6.489634664710277,27.823579841931917,-0.20354238359211108,-12.970911575565308,-1.9429172577904583,-495.0240594085587,-1.282034366451557,24.060066460329317,0.20354238359211108
E1_313,columna,C1,CIELO_1S,15.896790951201849,3.715215279611602,809.3233976226522,-8.936523165020828,33.43213610501684,-0.672618768688488,-15.896790951201849,-3.715215279611602,-809.3233976226522,-5.924337953425579,30.15502769979056,0.672618768688488
E1_313,columna,C2,CIELO_1S,15.896790951201849,3.715215279611602,809.3233976226522,-8.936523165020828,33.43213610501684,-0.672618768688488,-15.896790951201849,-3.715215279611602,-809.3233976226522,-5.924337953425579,30.15502769979056,0.672618768688488
E1_313,columna,C3,CIELO_1S,15.896790951201849,3.715215279611602,809.3233976226522,-8.936523165020828,33.43213610501684,-0.672618768688488,-15.896790951201849,-3.715215279611602,-809.3233976226522,-5.924337953425579,30.15502769979056,0.672618768688488
E1_314,columna,C1,CIELO_1S,9.180950511596837,3.976940575960228,440.90495798164403,-9.303842015730728,18.84927154521934,-1.2390319609561453,-9.180950511596837,-3.976940575960228,-440.90495798164403,-6.603920288110182,17.874530501168007,1.2390319609561453
E1_314,columna,C2,CIELO_1S,9.180950511596837,3.976940575960228,440.90495798164403,-9.303842015730728,18.84927154521934,-1.2390319609561453,-9.180950511596837,-3.976940575960228,-440.90495798164403,-6.603920288110182,17.874530501168007,1.2390319609561453
E1_314,columna,C3,CIELO_1S,9.180950511596837,3.976940575960228,440.90495798164403,-9.303842015730728,18.84927154521934,-1.2390319609561453,-9.180950511596837,-3.976940575960228,-440.90495798164403,-6.603920288110182,17.874530501168007,1.2390319609561453
E1_315,columna,C1,CIELO_1S,7.191868935956377,-7.193651343163351,1242.3962196083967,14.569409281451424,20.87087622095862,-0.6463328064304595,-7.191868935956377,7.193651343163351,-1242.3962196083967,14.20519609120198,7.896599522866888,0.6463328064304595
E1_315,columna,C2,CIELO_1S,7.191868935956377,-7.193651343163351,1242.3962196083967,14.569409281451424,20.87087622095862,-0.6463328064304595,-7.191868935956377,7.193651343163351,-1242.3962196083967,14.20519609120198,7.896599522866888,0.6463328064304595
E1_315,columna,C3,CIELO_1S,7.191868935956377,-7.193651343163351,1242.3962196083967,14.569409281451424,20.87087622095862,-0.6463328064304595,-7.191868935956377,7.193651343163351,-1242.3962196083967,14.20519609120198,7.896599522866888,0.6463328064304595
E1_316,columna,C1,CIELO_1S,8.515367379312373,-7.9975099827265135,1916.9293774366067,15.764602798610323,24.58271896176276,-0.8311622165842057,-8.515367379312373,7.9975099827265135,-1916.9293774366067,16.22543713229573,9.478750555486728,0.8311622165842057
E1_316,columna,C2,CIELO_1S,8.515367379312373,-7.9975099827265135,1916.9293774366067,15.764602798610323,24.58271896176276,-0.8311622165842057,-8.515367379312373,7.9975099827265135,-1916.9293774366067,16.22543713229573,9.478750555486728,0.8311622165842057
E1_316,columna,C3,CIELO_1S,8.515367379312373,-7.9975099827265135,1916.9293774366067,15.764602798610323,24.58271896176276,-0.8311622165842057,-8.515367379312373,7.9975099827265135,-1916.9293774366067,16.22543713229573,9.478750555486728,0.8311622165842057
E1_317,columna,C1,CIELO_1S,4.321113125097877,-0.6976327628537404,1271.1720613695127,6.6299282818270395,13.004915098532956,-1.0352484099848844,-4.321113125097877,0.6976327628537404,-1271.1720613695127,-3.839397230412078,4.279537401858553,1.0352484099848844
E1_317,columna,C2,CIELO_1S,4.321113125097877,-0.6976327628537404,1271.1720613695127,6.6299282818270395,13.004915098532956,-1.0352484099848844,-4.321113125097877,0.6976327628537404,-1271.1720613695127,-3.839397230412078,4.279537401858553,1.0352484099848844
E1_317,columna,C3,CIELO_1S,4.321113125097877,-0.6976327628537404,1271.1720613695127,6.6299282818270395,13.004915098532956,-1.0352484099848844,-4.321113125097877,0.6976327628537404,-1271.1720613695127,-3.839397230412078,4.279537401858553,1.0352484099848844
E1_32,viga,C1,CIELO_1,-0.12111145554249306,-2.7118638676523044,-2.259266166435884,-12.226183200955553,0.15278780699693575,0.5258942083188702,0.12111145554249306,2.7118638676523044,2.259266166435884,-7.8812856803238125,-0.15278780699693575,0.551997746009318
E1_32,viga,C2,CIELO_1,-0.12111145554249306,-2.7118638676523044,-2.259266166435884,-12.226183200955553,0.15278780699693575,0.5258942083188702,0.12111145554249306,2.7118638676523044,2.259266166435884,-7.8812856803238125,-0.15278780699693575,0.551997746009318
E1_32,viga,C3,CIELO_1,-0.12111145554249306,-2.7118638676523044,-2.259266166435884,-12.226183200955553,0.15278780699693575,0.5258942083188702,0.12111145554249306,2.7118638676523044,2.259266166435884,-7.8812856803238125,-0.15278780699693575,0.551997746009318
E1_33,viga,C1,CIELO_1,0.25029111443521757,-0.09652395938743824,-9.274101097113222,-57.64983515571183,0.34059681483132087,-0.9885489587123443,-0.25029111443521757,0.09652395938743824,9.274101097113222,-24.88966460859585,-0.34059681483132087,-1.2390419597610924
E1_33,viga,C2,CIELO_1,0.25029111443521757,-0.09652395938743824,-9.274101097113222,-57.64983515571183,0.34059681483132087,-0.9885489587123443,-0.25029111443521757,0.09652395938743824,9.274101097113222,-24.88966460859585,-0.34059681483132087,-1.2390419597610924
E1_33,viga,C3,CIELO_1,0.25029111443521757,-0.09652395938743824,-9.274101097113222,-57.64983515571183,0.34059681483132087,-0.9885489587123443,-0.25029111443521757,0.09652395938743824,9.274101097113222,-24.88966460859585,-0.34059681483132087,-1.2390419597610924
E1_34,viga,C1,CIELO_1,0.12073214461506072,-4.5902049083557985,-1.2038618822293332,-7.16167725238118,-4.123288604171413,-0.533480892807226,-0.12073214461506072,4.5902049083557985,1.2038618822293332,-3.5526934994598856,4.123288604171413,-0.5410351942668143
E1_34,viga,C2,CIELO_1,0.12073214461506072,-4.5902049083557985,-1.2038618822293332,-7.16167725238118,-4.123288604171413,-0.533480892807226,-0.12073214461506072,4.5902049083557985,1.2038618822293332,-3.5526934994598856,4.123288604171413,-0.5410351942668143
E1_34,viga,C3,CIELO_1,0.12073214461506072,-4.5902049083557985,-1.2038618822293332,-7.16167725238118,-4.123288604171413,-0.533480892807226,-0.12073214461506072,4.5902049083557985,1.2038618822293332,-3.5526934994598856,4.123288604171413,-0.5410351942668143
E1_35,viga,C1,CIELO_1,-0.006615312021852718,-1.566049032229974,0.12710083459777818,-0.07326602147542371,-0.17118115176744353,0.013814889735440391,0.006615312021852718,1.566049032229974,-0.12710083459777818,1.2044634493956496,0.17118115176744353,0.045061387259048805
E1_35,viga,C2,CIELO_1,-0.006615312021852718,-1.566049032229974,0.12710083459777818,-0.07326602147542371,-0.17118115176744353,0.013814889735440391,0.006615312021852718,1.566049032229974,-0.12710083459777818,1.2044634493956496,0.17118115176744353,0.045061387259048805
E1_35,viga,C3,CIELO_1,-0.006615312021852718,-1.566049032229974,0.12710083459777818,-0.07326602147542371,-0.17118115176744353,0.013814889735440391,0.006615312021852718,1.566049032229974,-0.12710083459777818,1.2044634493956496,0.17118115176744353,0.045061387259048805
E1_36,viga,C1,CIELO_1,0.4576590233904295,50.5403724809702,24.335353357886717,101.31756334039387,-5.579477836371392,-2.411163828184861,-0.4576590233904295,-50.5403724809702,-24.335353357886717,75.11374850428484,5.579477836371392,-0.9068640913957533
E1_36,viga,C2,CIELO_1,0.4576590233904295,50.5403724809702,24.335353357886717,101.31756334039387,-5.579477836371392,-2.411163828184861,-0.4576590233904295,-50.5403724809702,-24.335353357886717,75.11374850428484,5.579477836371392,-0.9068640913957533
E1_36,viga,C3,CIELO_1,0.4576590233904295,50.5403724809702,24.335353357886717,101.31756334039387,-5.579477836371392,-2.411163828184861,-0.4576590233904295,-50.5403724809702,-24.335353357886717,75.11374850428484,5.579477836371392,-0.9068640913957533
E1_37,viga,C1,CIELO_1,-0.7580474190758252,4.274339385218623,15.559465487497107,58.03930835435807,6.351192709965006,3.1450773682280686,0.7580474190758252,-4.274339385218623,-15.559465487497107,54.766816429995956,-6.351192709965006,2.3507664200716643
E1_37,viga,C2,CIELO_1,-0.7580474190758252,4.274339385218623,15.559465487497107,58.03930835435807,6.351192709965006,3.1450773682280686,0.7580474190758252,-4.274339385218623,-15.559465487497107,54.766816429995956,-6.351192709965006,2.3507664200716643
E1_37,viga,C3,CIELO_1,-0.7580474190758252,4.274339385218623,15.559465487497107,58.03930835435807,6.351192709965006,3.1450773682280686,0.7580474190758252,-4.274339385218623,-15.559465487497107,54.766816429995956,-6.351192709965006,2.3507664200716643
E1_38,viga,C1,CIELO_1,3.0887542744675947,24.22878446669078,13.662472523292669,74.21471885981873,23.83060073347254,-11.28651822897376,-3.0887542744675947,-24.22878446669078,-13.662472523292669,24.838206934053115,-23.83060073347254,-11.106950260916303
E1_38,viga,C2,CIELO_1,3.0887542744675947,24.22878446669078,13.662472523292669,74.21471885981873,23.83060073347254,-11.28651822897376,-3.0887542744675947,-24.22878446669078,-13.662472523292669,24.838206934053115,-23.83060073347254,-11.106950260916303
E1_38,viga,C3,CIELO_1,3.0887542744675947,24.22878446669078,13.662472523292669,74.21471885981873,23.83060073347254,-11.28651822897376,-3.0887542744675947,-24.22878446669078,-13.662472523292669,24.838206934053115,-23.83060073347254,-11.106950260916303
E1_39,viga,C1,CIELO_1,2.677307211292542,12.20043221237816,6.069665786751677,22.423723174179884,-6.9987323808103765,-9.932829024989285,-2.677307211292542,-12.20043221237816,-6.069665786751677,21.581353779769767,6.9987323808103765,-9.477648256881643
E1_39,viga,C2,CIELO_1,2.677307211292542,12.20043221237816,6.069665786751677,22.423723174179884,-6.9987323808103765,-9.932829024989285,-2.677307211292542,-12.20043221237816,-6.069665786751677,21.581353779769767,6.9987323808103765,-9.477648256881643
E1_39,viga,C3,CIELO_1,2.677307211292542,12.20043221237816,6.069665786751677,22.423723174179884,-6.9987323808103765,-9.932829024989285,-2.677307211292542,-12.20043221237816,-6.069665786751677,21.581353779769767,6.9987323808103765,-9.477648256881643
E1_4,viga,C1,CIELO_1,-32.80286261375487,-0.7703149178626095,-98.4174916163815,11.831501700858754,250.2460122491253,-1.8069549942966108,32.80286261375487,0.7703149178626095,98.4174916163815,-11.831501700858754,241.8414458327822,-2.0446195950164365
E1_4,viga,C2,CIELO_1,-32.80286261375487,-0.7703149178626095,-98.4174916163815,11.831501700858754,250.2460122491253,-1.8069549942966108,32.80286261375487,0.7703149178626095,98.4174916163815,-11.831501700858754,241.8414458327822,-2.0446195950164365
E1_4,viga,C3,CIELO_1,-32.80286261375487,-0.7703149178626095,-98.4174916163815,11.831501700858754,250.2460122491253,-1.8069549942966108,32.80286261375487,0.7703149178626095,98.4174916163815,-11.831501700858754,241.8414458327822,-2.0446195950164365
E1_40,viga,C1,CIELO_1,0.07345952157209616,-0.4326480945108989,13.637681590982652,34.767640903917965,0.7394506307309353,-0.15762264531885312,-0.07345952157209616,0.4326480945108989,-13.637681590982652,64.10555063070626,-0.7394506307309353,-0.37495888607884403
E1_40,viga,C2,CIELO_1,0.07345952157209616,-0.4326480945108989,13.637681590982652,34.767640903917965,0.7394506307309353,-0.15762264531885312,-0.07345952157209616,0.4326480945108989,-13.637681590982652,64.10555063070626,-0.7394506307309353,-0.37495888607884403
E1_40,viga,C3,CIELO_1,0.07345952157209616,-0.4326480945108989,13.637681590982652,34.767640903917965,0.7394506307309353,-0.15762264531885312,-0.07345952157209616,0.4326480945108989,-13.637681590982652,64.10555063070626,-0.7394506307309353,-0.37495888607884403
E1_41,viga,C1,CIELO_1,0.25700801276460367,3.730374611216265,2.963078591828361,7.083594174926191,-0.1685355349075062,-0.8550762191152833,-0.25700801276460367,-3.730374611216265,-2.963078591828361,14.398725615829429,0.1685355349075062,-1.0082318734280933
E1_41,viga,C2,CIELO_1,0.25700801276460367,3.730374611216265,2.963078591828361,7.083594174926191,-0.1685355349075062,-0.8550762191152833,-0.25700801276460367,-3.730374611216265,-2.963078591828361,14.398725615829429,0.1685355349075062,-1.0082318734280933
E1_41,viga,C3,CIELO_1,0.25700801276460367,3.730374611216265,2.963078591828361,7.083594174926191,-0.1685355349075062,-0.8550762191152833,-0.25700801276460367,-3.730374611216265,-2.963078591828361,14.398725615829429,0.1685355349075062,-1.0082318734280933
E1_42,viga,C1,CIELO_1,0.6171870094066206,0.02511707604997899,13.825218538679009,34.11709794658546,-1.2283592834370933,-2.353256196284819,-0.6171870094066206,-0.02511707604997899,-13.825218538679009,66.11573645883735,1.2283592834370933,-2.1213496219131804
E1_42,viga,C2,CIELO_1,0.6171870094066206,0.02511707604997899,13.825218538679009,34.11709794658546,-1.2283592834370933,-2.353256196284819,-0.6171870094066206,-0.02511707604997899,-13.825218538679009,66.11573645883735,1.2283592834370933,-2.1213496219131804
E1_42,viga,C3,CIELO_1,0.6171870094066206,0.02511707604997899,13.825218538679009,34.11709794658546,-1.2283592834370933,-2.353256196284819,-0.6171870094066206,-0.02511707604997899,-13.825218538679009,66.11573645883735,1.2283592834370933,-2.1213496219131804
E1_43,viga,C1,CIELO_1,0.24372604629788555,-3.7969401898793627,5.730717906909409,19.605357582370242,5.601061889629817,-0.8926744296767224,-0.24372604629788555,3.7969401898793627,-5.730717906909409,21.942347242722978,-5.601061889629817,-0.8743394059829479
E1_43,viga,C2,CIELO_1,0.24372604629788555,-3.7969401898793627,5.730717906909409,19.605357582370242,5.601061889629817,-0.8926744296767224,-0.24372604629788555,3.7969401898793627,-5.730717906909409,21.942347242722978,-5.601061889629817,-0.8743394059829479
E1_43,viga,C3,CIELO_1,0.24372604629788555,-3.7969401898793627,5.730717906909409,19.605357582370242,5.601061889629817,-0.8926744296767224,-0.24372604629788555,3.7969401898793627,-5.730717906909409,21.942347242722978,-5.601061889629817,-0.8743394059829479
E1_44,viga,C1,CIELO_1,0.00327624494319933,-1.0822276227374497,3.2339293595332608,11.707195936785137,-0.41059348273129825,0.01261169237371574,-0.00327624494319933,1.0822276227374497,-3.2339293595332608,11.738791919831003,0.41059348273129825,-0.03636446821191088
E1_44,viga,C2,CIELO_1,0.00327624494319933,-1.0822276227374497,3.2339293595332608,11.707195936785137,-0.41059348273129825,0.01261169237371574,-0.00327624494319933,1.0822276227374497,-3.2339293595332608,11.738791919831003,0.41059348273129825,-0.03636446821191088
E1_44,viga,C3,CIELO_1,0.00327624494319933,-1.0822276227374497,3.2339293595332608,11.707195936785137,-0.41059348273129825,0.01261169237371574,-0.00327624494319933,1.0822276227374497,-3.2339293595332608,11.738791919831003,0.41059348273129825,-0.03636446821191088
E1_45,viga,C1,CIELO_1,6.966764202556988,-64.99805766197133,80.62684983094371,-195.68656527815597,4.813102384965648,15.007760239876998,-6.966764202556988,64.99805766197133,-80.62684983094371,-136.49605602533205,-4.813102384965648,13.695308274657783
E1_45,viga,C2,CIELO_1,6.966764202556988,-64.99805766197133,80.62684983094371,-195.68656527815597,4.813102384965648,15.007760239876998,-6.966764202556988,64.99805766197133,-80.62684983094371,-136.49605602533205,-4.813102384965648,13.695308274657783
E1_45,viga,C3,CIELO_1,6.966764202556988,-64.99805766197133,80.62684983094371,-195.68656527815597,4.813102384965648,15.007760239876998,-6.966764202556988,64.99805766197133,-80.62684983094371,-136.49605602533205,-4.813102384965648,13.695308274657783
E1_46,viga,C1,CIELO_1,5.931179300559276,-48.619457726325734,58.27382352175123,-141.54863839094995,-41.75862954790005,11.003439386933712,-5.931179300559276,48.619457726325734,-58.27382352175123,-98.53951451866507,41.75862954790005,13.4330193313705
E1_46,viga,C2,CIELO_1,5.931179300559276,-48.619457726325734,58.27382352175123,-141.54863839094995,-41.75862954790005,11.003439386933712,-5.931179300559276,48.619457726325734,-58.27382352175123,-98.53951451866507,41.75862954790005,13.4330193313705
E1_46,viga,C3,CIELO_1,5.931179300559276,-48.619457726325734,58.27382352175123,-141.54863839094995,-41.75862954790005,11.003439386933712,-5.931179300559276,48.619457726325734,-58.27382352175123,-98.53951451866507,41.75862954790005,13.4330193313705
E1_47,viga,C1,CIELO_1,0.15654483393503038,1.1580915641729654,-0.10574893794694956,1.6893181716406946,0.1312622243978145,0.3976659659912484,-0.15654483393503038,-1.1580915641729654,0.10574893794694956,-0.7481526239128435,-0.1312622243978145,0.995583056030522
E1_47,viga,C2,CIELO_1,0.15654483393503038,1.1580915641729654,-0.10574893794694956,1.6893181716406946,0.1312622243978145,0.3976659659912484,-0.15654483393503038,-1.1580915641729654,0.10574893794694956,-0.7481526239128435,-0.1312622243978145,0.995583056030522
E1_47,viga,C3,CIELO_1,0.15654483393503038,1.1580915641729654,-0.10574893794694956,1.6893181716406946,0.1312622243978145,0.3976659659912484,-0.15654483393503038,-1.1580915641729654,0.10574893794694956,-0.7481526239128435,-0.1312622243978145,0.995583056030522
E1_48,viga,C1,CIELO_1,-0.34028673306668866,0.3502198359655085,-6.839143864760155,24.359942416731926,1.2178080212846607,-1.4414044033977833,0.34028673306668866,-0.3502198359655085,6.839143864760155,25.2238506027792,-1.2178080212846607,-1.0256744113357095
E1_48,viga,C2,CIELO_1,-0.34028673306668866,0.3502198359655085,-6.839143864760155,24.359942416731926,1.2178080212846607,-1.4414044033977833,0.34028673306668866,-0.3502198359655085,6.839143864760155,25.2238506027792,-1.2178080212846607,-1.0256744113357095
E1_48,viga,C3,CIELO_1,-0.34028673306668866,0.3502198359655085,-6.839143864760155,24.359942416731926,1.2178080212846607,-1.4414044033977833,0.34028673306668866,-0.3502198359655085,6.839143864760155,25.2238506027792,-1.2178080212846607,-1.0256744113357095
E1_49,viga,C1,CIELO_2,0.3051166269973926,0.5495480811607597,96.244754484278,-7.177948010945919,-219.87074995109828,-1.3923945468347187,-0.3051166269973926,-0.5495480811607597,-96.244754484278,7.177948010945919,-261.3530224702917,4.140134952638517
E1_49,viga,C2,CIELO_2,0.3051166269973926,0.5495480811607597,96.244754484278,-7.177948010945919,-219.87074995109828,-1.3923945468347187,-0.3051166269973926,-0.5495480811607597,-96.244754484278,7.177948010945919,-261.3530224702917,4.140134952638517
E1_49,viga,C3,CIELO_2,0.3051166269973926,0.5495480811607597,96.244754484278,-7.177948010945919,-219.87074995109828,-1.3923945468347187,-0.3051166269973926,-0.5495480811607597,-96.244754484278,7.177948010945919,-261.3530224702917,4.140134952638517
E1_5,viga,C1,CIELO_1,-30.515445332270357,0.4745009431173844,107.34312044737729,-12.415298087858584,-273.93865446103564,1.7654333640310336,30.515445332270357,-0.4745009431173844,-107.34312044737729,12.415298087858584,-262.7769477758508,0.6070713515558884
E1_5,viga,C2,CIELO_1,-30.515445332270357,0.4745009431173844,107.34312044737729,-12.415298087858584,-273.93865446103564,1.7654333640310336,30.515445332270357,-0.4745009431173844,-107.34312044737729,12.415298087858584,-262.7769477758508,0.6070713515558884
E1_5,viga,C3,CIELO_1,-30.515445332270357,0.4745009431173844,107.34312044737729,-12.415298087858584,-273.93865446103564,1.7654333640310336,30.515445332270357,-0.4745009431173844,-107.34312044737729,12.415298087858584,-262.7769477758508,0.6070713515558884
E1_50,viga,C1,CIELO_2,-0.9191044193388072,-4.168692669944287,-105.36872204093753,8.783860812086434,261.50166705272693,-10.530580169409063,0.9191044193388072,4.168692669944287,105.36872204093753,-8.783860812086434,265.3419431519606,-10.312883180312369
E1_50,viga,C2,CIELO_2,-0.9191044193388072,-4.168692669944287,-105.36872204093753,8.783860812086434,261.50166705272693,-10.530580169409063,0.9191044193388072,4.168692669944287,105.36872204093753,-8.783860812086434,265.3419431519606,-10.312883180312369
E1_50,viga,C3,CIELO_2,-0.9191044193388072,-4.168692669944287,-105.36872204093753,8.783860812086434,261.50166705272693,-10.530580169409063,0.9191044193388072,4.168692669944287,105.36872204093753,-8.783860812086434,265.3419431519606,-10.312883180312369
E1_51,viga,C1,CIELO_2,-8.68297545266951,-1.6697470973611723,102.30440731220176,-8.889850750575093,-261.6909959892061,-3.6115427051894757,8.68297545266951,1.6697470973611723,-102.30440731220176,8.889850750575093,-249.83104057180265,-4.737192781616386
E1_51,viga,C2,CIELO_2,-8.68297545266951,-1.6697470973611723,102.30440731220176,-8.889850750575093,-261.6909959892061,-3.6115427051894757,8.68297545266951,1.6697470973611723,-102.30440731220176,8.889850750575093,-249.83104057180265,-4.737192781616386
E1_51,viga,C3,CIELO_2,-8.68297545266951,-1.6697470973611723,102.30440731220176,-8.889850750575093,-261.6909959892061,-3.6115427051894757,8.68297545266951,1.6697470973611723,-102.30440731220176,8.889850750575093,-249.83104057180265,-4.737192781616386
E1_52,viga,C1,CIELO_2,-9.858343958913308,-0.8282051490653255,-98.87738243795258,11.227097067709332,250.85293492777612,-0.961192647586525,9.858343958913308,0.8282051490653255,98.87738243795258,-11.227097067709332,243.5339772619867,-3.1798330977401017
E1_52,viga,C2,CIELO_2,-9.858343958913308,-0.8282051490653255,-98.87738243795258,11.227097067709332,250.85293492777612,-0.961192647586525,9.858343958913308,0.8282051490653255,98.87738243795258,-11.227097067709332,243.5339772619867,-3.1798330977401017
E1_52,viga,C3,CIELO_2,-9.858343958913308,-0.8282051490653255,-98.87738243795258,11.227097067709332,250.85293492777612,-0.961192647586525,9.858343958913308,0.8282051490653255,98.87738243795258,-11.227097067709332,243.5339772619867,-3.1798330977401017
E1_53,viga,C1,CIELO_2,-8.461541140239621,0.33903105018280666,106.84465814718035,-11.740853564672374,-270.4791721119478,1.8480313210253507,8.461541140239621,-0.33903105018280666,-106.84465814718035,11.740853564672374,-263.74411862395397,-0.15287607011131765
E1_53,viga,C2,CIELO_2,-8.461541140239621,0.33903105018280666,106.84465814718035,-11.740853564672374,-270.4791721119478,1.8480313210253507,8.461541140239621,-0.33903105018280666,-106.84465814718035,11.740853564672374,-263.74411862395397,-0.15287607011131765
E1_53,viga,C3,CIELO_2,-8.461541140239621,0.33903105018280666,106.84465814718035,-11.740853564672374,-270.4791721119478,1.8480313210253507,8.461541140239621,-0.33903105018280666,-106.84465814718035,11.740853564672374,-263.74411862395397,-0.15287607011131765
E1_54,viga,C1,CIELO_2,-8.30114794195245,0.5414602936404201,-96.43035356485566,14.252486034030804,263.776404498778,0.8547223583719264,8.30114794195245,-0.5414602936404201,96.43035356485566,-14.252486034030804,218.37536332550027,1.852579109830174
E1_54,viga,C2,CIELO_2,-8.30114794195245,0.5414602936404201,-96.43035356485566,14.252486034030804,263.776404498778,0.8547223583719264,8.30114794195245,-0.5414602936404201,96.43035356485566,-14.252486034030804,218.37536332550027,1.852579109830174
E1_54,viga,C3,CIELO_2,-8.30114794195245,0.5414602936404201,-96.43035356485566,14.252486034030804,263.776404498778,0.8547223583719264,8.30114794195245,-0.5414602936404201,96.43035356485566,-14.252486034030804,218.37536332550027,1.852579109830174
E1_55,viga,C1,CIELO_2,-6.79412316175825,-0.4243890125515571,4.076987598129642,1.7248544612847432,-25.976269548255374,-1.2096490529650958,6.79412316175825,0.4243890125515571,-4.076987598129642,-1.7248544612847432,5.591331557607166,-0.9122960097926895
E1_55,viga,C2,CIELO_2,-6.79412316175825,-0.4243890125515571,4.076987598129642,1.7248544612847432,-25.976269548255374,-1.2096490529650958,6.79412316175825,0.4243890125515571,-4.076987598129642,-1.7248544612847432,5.591331557607166,-0.9122960097926895
E1_55,viga,C3,CIELO_2,-6.79412316175825,-0.4243890125515571,4.076987598129642,1.7248544612847432,-25.976269548255374,-1.2096490529650958,6.79412316175825,0.4243890125515571,-4.076987598129642,-1.7248544612847432,5.591331557607166,-0.9122960097926895
E1_56,viga,C1,CIELO_2,3.0548298695791223,-1.9264452361552487,127.78133449305648,12.707812735906415,-294.2115269111454,-5.940789215383087,-3.0548298695791223,1.9264452361552487,-127.78133449305648,-12.707812735906415,-344.6951455541369,-3.691436965393155
E1_56,viga,C2,CIELO_2,3.0548298695791223,-1.9264452361552487,127.78133449305648,12.707812735906415,-294.2115269111454,-5.940789215383087,-3.0548298695791223,1.9264452361552487,-127.78133449305648,-12.707812735906415,-344.6951455541369,-3.691436965393155
E1_56,viga,C3,CIELO_2,3.0548298695791223,-1.9264452361552487,127.78133449305648,12.707812735906415,-294.2115269111454,-5.940789215383087,-3.0548298695791223,1.9264452361552487,-127.78133449305648,-12.707812735906415,-344.6951455541369,-3.691436965393155
E1_57,viga,C1,CIELO_2,2.476682989791242,-0.6059478932304595,-129.8885364186019,7.867274256058969,348.2433491337713,-7.392795625228789,-2.476682989791242,0.6059478932304595,129.8885364186019,-7.867274256058969,-22.223122723080564,5.871866413220336
E1_57,viga,C2,CIELO_2,2.476682989791242,-0.6059478932304595,-129.8885364186019,7.867274256058969,348.2433491337713,-7.392795625228789,-2.476682989791242,0.6059478932304595,129.8885364186019,-7.867274256058969,-22.223122723080564,5.871866413220336
E1_57,viga,C3,CIELO_2,2.476682989791242,-0.6059478932304595,-129.8885364186019,7.867274256058969,348.2433491337713,-7.392795625228789,-2.476682989791242,0.6059478932304595,129.8885364186019,-7.867274256058969,-22.223122723080564,5.871866413220336
E1_58,viga,C1,CIELO_2,-3.293242884682791,-23.180493830623334,-190.45712986887023,-29.54574304472956,48.780589876029495,-26.738837910913272,3.293242884682791,23.180493830623334,190.45712986887023,29.54574304472956,425.4576634974574,-30.980591727338833
E1_58,viga,C2,CIELO_2,-3.293242884682791,-23.180493830623334,-190.45712986887023,-29.54574304472956,48.780589876029495,-26.738837910913272,3.293242884682791,23.180493830623334,190.45712986887023,29.54574304472956,425.4576634974574,-30.980591727338833
E1_58,viga,C3,CIELO_2,-3.293242884682791,-23.180493830623334,-190.45712986887023,-29.54574304472956,48.780589876029495,-26.738837910913272,3.293242884682791,23.180493830623334,190.45712986887023,29.54574304472956,425.4576634974574,-30.980591727338833
E1_59,viga,C1,CIELO_2,-18.986344025295278,-2.2611317070087185,168.181891858025,3.6170523035304254,-429.8868732485506,-3.7705247042873262,18.986344025295278,2.2611317070087185,-168.181891858025,-3.6170523035304254,-411.0225860415744,-7.535133830756264
E1_59,viga,C2,CIELO_2,-18.986344025295278,-2.2611317070087185,168.181891858025,3.6170523035304254,-429.8868732485506,-3.7705247042873262,18.986344025295278,2.2611317070087185,-168.181891858025,-3.6170523035304254,-411.0225860415744,-7.535133830756264
E1_59,viga,C3,CIELO_2,-18.986344025295278,-2.2611317070087185,168.181891858025,3.6170523035304254,-429.8868732485506,-3.7705247042873262,18.986344025295278,2.2611317070087185,-168.181891858025,-3.6170523035304254,-411.0225860415744,-7.535133830756264
E1_6,viga,C1,CIELO_1,-30.265154217835022,0.37797698372994715,-95.036177462236,12.474366520737306,263.117544590682,0.6319706082052016,30.265154217835022,-0.37797698372994715,95.036177462236,-12.474366520737306,212.06334272049799,1.2579143104445343
E1_6,viga,C2,CIELO_1,-30.265154217835022,0.37797698372994715,-95.036177462236,12.474366520737306,263.117544590682,0.6319706082052016,30.265154217835022,-0.37797698372994715,95.036177462236,-12.474366520737306,212.06334272049799,1.2579143104445343
E1_6,viga,C3,CIELO_1,-30.265154217835022,0.37797698372994715,-95.036177462236,12.474366520737306,263.117544590682,0.6319706082052016,30.265154217835022,-0.37797698372994715,95.036177462236,-12.474366520737306,212.06334272049799,1.2579143104445343
E1_60,viga,C1,CIELO_2,-20.078014340350848,-2.3485763029964364,-160.92214552114217,-2.7086910018222325,409.6013712470746,-5.23782512588963,20.078014340350848,2.3485763029964364,160.92214552114217,2.7086910018222325,395.00935635863624,-6.505056389092552
E1_60,viga,C2,CIELO_2,-20.078014340350848,-2.3485763029964364,-160.92214552114217,-2.7086910018222325,409.6013712470746,-5.23782512588963,20.078014340350848,2.3485763029964364,160.92214552114217,2.7086910018222325,395.00935635863624,-6.505056389092552
E1_60,viga,C3,CIELO_2,-20.078014340350848,-2.3485763029964364,-160.92214552114217,-2.7086910018222325,409.6013712470746,-5.23782512588963,20.078014340350848,2.3485763029964364,160.92214552114217,2.7086910018222325,395.00935635863624,-6.505056389092552
E1_61,viga,C1,CIELO_2,-15.916129789172182,-0.006866445013393285,169.55614542545072,6.179591920824513,-428.1887501628071,0.6471481810124927,15.916129789172182,0.006866445013393285,-169.55614542545072,-6.179591920824513,-419.5919769644464,-0.6814804060794591
E1_61,viga,C2,CIELO_2,-15.916129789172182,-0.006866445013393285,169.55614542545072,6.179591920824513,-428.1887501628071,0.6471481810124927,15.916129789172182,0.006866445013393285,-169.55614542545072,-6.179591920824513,-419.5919769644464,-0.6814804060794591
E1_61,viga,C3,CIELO_2,-15.916129789172182,-0.006866445013393285,169.55614542545072,6.179591920824513,-428.1887501628071,0.6471481810124927,15.916129789172182,0.006866445013393285,-169.55614542545072,-6.179591920824513,-419.5919769644464,-0.6814804060794591
E1_62,viga,C1,CIELO_2,-16.273438571912017,0.31018055824887,-154.12305339299365,-5.229653824291289,418.7690409445055,0.46890297961306826,16.273438571912017,-0.31018055824887,154.12305339299365,5.229653824291289,351.8462260204627,1.0819998116312814
E1_62,viga,C2,CIELO_2,-16.273438571912017,0.31018055824887,-154.12305339299365,-5.229653824291289,418.7690409445055,0.46890297961306826,16.273438571912017,-0.31018055824887,154.12305339299365,5.229653824291289,351.8462260204627,1.0819998116312814
E1_62,viga,C3,CIELO_2,-16.273438571912017,0.31018055824887,-154.12305339299365,-5.229653824291289,418.7690409445055,0.46890297961306826,16.273438571912017,-0.31018055824887,154.12305339299365,5.229653824291289,351.8462260204627,1.0819998116312814
E1_63,viga,C1,CIELO_2,-12.894212287675515,-1.0697946853705367,1.9065599715069277,-0.17836648948024922,-29.324130498591856,-2.7329440088152683,12.894212287675515,1.0697946853705367,-1.9065599715069277,0.17836648948024922,19.79133064105722,-2.6160294180374146
E1_63,viga,C2,CIELO_2,-12.894212287675515,-1.0697946853705367,1.9065599715069277,-0.17836648948024922,-29.324130498591856,-2.7329440088152683,12.894212287675515,1.0697946853705367,-1.9065599715069277,0.17836648948024922,19.79133064105722,-2.6160294180374146
E1_63,viga,C3,CIELO_2,-12.894212287675515,-1.0697946853705367,1.9065599715069277,-0.17836648948024922,-29.324130498591856,-2.7329440088152683,12.894212287675515,1.0697946853705367,-1.9065599715069277,0.17836648948024922,19.79133064105722,-2.6160294180374146
E1_64,viga,C1,CIELO_2,38.11671378679557,-0.8144831037212333,67.57152282123072,21.24006031470628,-164.3773820248952,-1.2477616554531346,-38.11671378679557,0.8144831037212333,-67.57152282123072,-21.24006031470628,-173.48023208125835,-2.824653863153032
E1_64,viga,C2,CIELO_2,38.11671378679557,-0.8144831037212333,67.57152282123072,21.24006031470628,-164.3773820248952,-1.2477616554531346,-38.11671378679557,0.8144831037212333,-67.57152282123072,-21.24006031470628,-173.48023208125835,-2.824653863153032
E1_64,viga,C3,CIELO_2,38.11671378679557,-0.8144831037212333,67.57152282123072,21.24006031470628,-164.3773820248952,-1.2477616554531346,-38.11671378679557,0.8144831037212333,-67.57152282123072,-21.24006031470628,-173.48023208125835,-2.824653863153032
E1_65,viga,C1,CIELO_2,39.91908171291868,2.583260304459155,-68.50580928533218,-44.23289493089902,169.78338391918896,-3.663403106253395,-39.91908171291868,-2.583260304459155,68.50580928533218,44.23289493089902,2.1661973869947815,10.147386470445873
E1_65,viga,C2,CIELO_2,39.91908171291868,2.583260304459155,-68.50580928533218,-44.23289493089902,169.78338391918896,-3.663403106253395,-39.91908171291868,-2.583260304459155,68.50580928533218,44.23289493089902,2.1661973869947815,10.147386470445873
E1_65,viga,C3,CIELO_2,39.91908171291868,2.583260304459155,-68.50580928533218,-44.23289493089902,169.78338391918896,-3.663403106253395,-39.91908171291868,-2.583260304459155,68.50580928533218,44.23289493089902,2.1661973869947815,10.147386470445873
E1_66,viga,C1,CIELO_2,-48.39332937436664,-24.561807357726007,-205.9862531870282,7.326776493508486,190.52501403764637,-29.704764297411202,48.39332937436664,24.561807357726007,205.9862531870282,-7.326776493508486,322.38075639805396,-31.454136023326562
E1_66,viga,C2,CIELO_2,-48.39332937436664,-24.561807357726007,-205.9862531870282,7.326776493508486,190.52501403764637,-29.704764297411202,48.39332937436664,24.561807357726007,205.9862531870282,-7.326776493508486,322.38075639805396,-31.454136023326562
E1_66,viga,C3,CIELO_2,-48.39332937436664,-24.561807357726007,-205.9862531870282,7.326776493508486,190.52501403764637,-29.704764297411202,48.39332937436664,24.561807357726007,205.9862531870282,-7.326776493508486,322.38075639805396,-31.454136023326562
E1_67,viga,C1,CIELO_2,-55.745384168742184,-0.9308592680457344,116.62365065930881,21.386356254885712,-301.9136244120175,-0.05398027834314956,55.745384168742184,0.9308592680457344,-116.62365065930881,-21.386356254885712,-281.2046288845265,-4.600316061885522
E1_67,viga,C2,CIELO_2,-55.745384168742184,-0.9308592680457344,116.62365065930881,21.386356254885712,-301.9136244120175,-0.05398027834314956,55.745384168742184,0.9308592680457344,-116.62365065930881,-21.386356254885712,-281.2046288845265,-4.600316061885522
E1_67,viga,C3,CIELO_2,-55.745384168742184,-0.9308592680457344,116.62365065930881,21.386356254885712,-301.9136244120175,-0.05398027834314956,55.745384168742184,0.9308592680457344,-116.62365065930881,-21.386356254885712,-281.2046288845265,-4.600316061885522
E1_68,viga,C1,CIELO_2,-53.47834534744269,-1.6849566203536683,-107.28565043637096,-16.436043089408493,281.6039493230528,-3.825150712257326,53.47834534744269,1.6849566203536683,107.28565043637096,16.436043089408493,254.8243028588019,-4.599632389511016
E1_68,viga,C2,CIELO_2,-53.47834534744269,-1.6849566203536683,-107.28565043637096,-16.436043089408493,281.6039493230528,-3.825150712257326,53.47834534744269,1.6849566203536683,107.28565043637096,16.436043089408493,254.8243028588019,-4.599632389511016
E1_68,viga,C3,CIELO_2,-53.47834534744269,-1.6849566203536683,-107.28565043637096,-16.436043089408493,281.6039493230528,-3.825150712257326,53.47834534744269,1.6849566203536683,107.28565043637096,16.436043089408493,254.8243028588019,-4.599632389511016
E1_69,viga,C1,CIELO_2,-31.449398205947443,0.6181305289417869,92.6182014279208,25.344138101176103,-241.0661364343691,3.0822162604349312,31.449398205947443,-0.6181305289417869,-92.6182014279208,-25.344138101176103,-222.02487070523486,0.00843638427400295
E1_69,viga,C2,CIELO_2,-31.449398205947443,0.6181305289417869,92.6182014279208,25.344138101176103,-241.0661364343691,3.0822162604349312,31.449398205947443,-0.6181305289417869,-92.6182014279208,-25.344138101176103,-222.02487070523486,0.00843638427400295
E1_69,viga,C3,CIELO_2,-31.449398205947443,0.6181305289417869,92.6182014279208,25.344138101176103,-241.0661364343691,3.0822162604349312,31.449398205947443,-0.6181305289417869,-92.6182014279208,-25.344138101176103,-222.02487070523486,0.00843638427400295
E1_7,viga,C1,CIELO_1,-3.49967571650528,-0.08725496374897276,13.814743099845444,1.0620786486798743,-53.456021677560926,-0.39935425845135475,3.49967571650528,0.08725496374897276,-13.814743099845444,-1.0620786486798743,-15.617693821666297,-0.03692056029350904
E1_7,viga,C2,CIELO_1,-3.49967571650528,-0.08725496374897276,13.814743099845444,1.0620786486798743,-53.456021677560926,-0.39935425845135475,3.49967571650528,0.08725496374897276,-13.814743099845444,-1.0620786486798743,-15.617693821666297,-0.03692056029350904
E1_7,viga,C3,CIELO_1,-3.49967571650528,-0.08725496374897276,13.814743099845444,1.0620786486798743,-53.456021677560926,-0.39935425845135475,3.49967571650528,0.08725496374897276,-13.814743099845444,-1.0620786486798743,-15.617693821666297,-0.03692056029350904
E1_70,viga,C1,CIELO_2,-31.25248262149491,0.09865428222190453,-81.24757197909798,-18.79569546460895,222.81552085035213,-0.49784376860036106,31.25248262149491,-0.09865428222190453,81.24757197909798,18.79569546460895,183.42233904513776,0.9911151797098837
E1_70,viga,C2,CIELO_2,-31.25248262149491,0.09865428222190453,-81.24757197909798,-18.79569546460895,222.81552085035213,-0.49784376860036106,31.25248262149491,-0.09865428222190453,81.24757197909798,18.79569546460895,183.42233904513776,0.9911151797098837
E1_70,viga,C3,CIELO_2,-31.25248262149491,0.09865428222190453,-81.24757197909798,-18.79569546460895,222.81552085035213,-0.49784376860036106,31.25248262149491,-0.09865428222190453,81.24757197909798,18.79569546460895,183.42233904513776,0.9911151797098837
E1_71,viga,C1,CIELO_2,-16.561687592355195,-0.8589578333205111,7.456020749670749,-1.328765311937395,-31.86454578311708,-2.1704810690396945,16.561687592355195,0.8589578333205111,-7.456020749670749,1.328765311937395,-5.415557965236664,-2.1243080975628614
E1_71,viga,C2,CIELO_2,-16.561687592355195,-0.8589578333205111,7.456020749670749,-1.328765311937395,-31.86454578311708,-2.1704810690396945,16.561687592355195,0.8589578333205111,-7.456020749670749,1.328765311937395,-5.415557965236664,-2.1243080975628614
E1_71,viga,C3,CIELO_2,-16.561687592355195,-0.8589578333205111,7.456020749670749,-1.328765311937395,-31.86454578311708,-2.1704810690396945,16.561687592355195,0.8589578333205111,-7.456020749670749,1.328765311937395,-5.415557965236664,-2.1243080975628614
E1_72,viga,C1,CIELO_2,6.846876905997626,1.8585356867793859,7.897682886761022,0.32076758996315746,-27.07704804132071,7.349007509543338,-6.846876905997626,-1.8585356867793859,-7.897682886761022,-0.32076758996315746,-32.23455043825455,6.60859549816985
E1_72,viga,C2,CIELO_2,6.846876905997626,1.8585356867793859,7.897682886761022,0.32076758996315746,-27.07704804132071,7.349007509543338,-6.846876905997626,-1.8585356867793859,-7.897682886761022,-0.32076758996315746,-32.23455043825455,6.60859549816985
E1_72,viga,C3,CIELO_2,6.846876905997626,1.8585356867793859,7.897682886761022,0.32076758996315746,-27.07704804132071,7.349007509543338,-6.846876905997626,-1.8585356867793859,-7.897682886761022,-0.32076758996315746,-32.23455043825455,6.60859549816985
E1_73,viga,C1,CIELO_2,4.250358010063588,-0.8476537142443565,-1.515118175810644,3.509552335529972,0.9243222165675071,4.627191648644438,-4.250358010063588,0.8476537142443565,1.515118175810644,-3.509552335529972,-16.075503974673946,3.8493454937991274
E1_73,viga,C2,CIELO_2,4.250358010063588,-0.8476537142443565,-1.515118175810644,3.509552335529972,0.9243222165675071,4.627191648644438,-4.250358010063588,0.8476537142443565,1.515118175810644,-3.509552335529972,-16.075503974673946,3.8493454937991274
E1_73,viga,C3,CIELO_2,4.250358010063588,-0.8476537142443565,-1.515118175810644,3.509552335529972,0.9243222165675071,4.627191648644438,-4.250358010063588,0.8476537142443565,1.515118175810644,-3.509552335529972,-16.075503974673946,3.8493454937991274
E1_74,viga,C1,CIELO_2,4.868584712660164,-1.0630522887044718,-2.570425292091126,1.5557321299792966,-1.8328866267776665,5.417758558342256,-4.868584712660164,1.0630522887044718,2.570425292091126,-1.5557321299792966,-23.871366294133594,5.212764328702462
E1_74,viga,C2,CIELO_2,4.868584712660164,-1.0630522887044718,-2.570425292091126,1.5557321299792966,-1.8328866267776665,5.417758558342256,-4.868584712660164,1.0630522887044718,2.570425292091126,-1.5557321299792966,-23.871366294133594,5.212764328702462
E1_74,viga,C3,CIELO_2,4.868584712660164,-1.0630522887044718,-2.570425292091126,1.5557321299792966,-1.8328866267776665,5.417758558342256,-4.868584712660164,1.0630522887044718,2.570425292091126,-1.5557321299792966,-23.871366294133594,5.212764328702462
E1_75,viga,C1,CIELO_2,-9.631556422169393,-1.4546477922943812,-4.824498997708265,6.042883228547492,-18.412072946037444,8.791812230046274,9.631556422169393,1.4546477922943812,4.824498997708265,-6.042883228547492,-29.83291703104519,5.754665692897537
E1_75,viga,C2,CIELO_2,-9.631556422169393,-1.4546477922943812,-4.824498997708265,6.042883228547492,-18.412072946037444,8.791812230046274,9.631556422169393,1.4546477922943812,4.824498997708265,-6.042883228547492,-29.83291703104519,5.754665692897537
E1_75,viga,C3,CIELO_2,-9.631556422169393,-1.4546477922943812,-4.824498997708265,6.042883228547492,-18.412072946037444,8.791812230046274,9.631556422169393,1.4546477922943812,4.824498997708265,-6.042883228547492,-29.83291703104519,5.754665692897537
E1_76,viga,C1,CIELO_2,0.2564549796867155,-21.059122471171463,1.4311065531323264,1.6282357388218331,1.794782611278329,-1.1616454197597403,-0.2564549796867155,21.059122471171463,-1.4311065531323264,11.108612584055871,-1.794782611278329,-1.1208038994520277
E1_76,viga,C2,CIELO_2,0.2564549796867155,-21.059122471171463,1.4311065531323264,1.6282357388218331,1.794782611278329,-1.1616454197597403,-0.2564549796867155,21.059122471171463,-1.4311065531323264,11.108612584055871,-1.794782611278329,-1.1208038994520277
E1_76,viga,C3,CIELO_2,0.2564549796867155,-21.059122471171463,1.4311065531323264,1.6282357388218331,1.794782611278329,-1.1616454197597403,-0.2564549796867155,21.059122471171463,-1.4311065531323264,11.108612584055871,-1.794782611278329,-1.1208038994520277
E1_77,viga,C1,CIELO_2,-1.2242210463370953,-4.718240751104687,-8.508279712715689,-59.761880620137326,0.14864458243534057,4.5051220956295595,1.2242210463370953,4.718240751104687,8.508279712715689,-15.9618088230323,-0.14864458243534057,6.390445216770589
E1_77,viga,C2,CIELO_2,-1.2242210463370953,-4.718240751104687,-8.508279712715689,-59.761880620137326,0.14864458243534057,4.5051220956295595,1.2242210463370953,4.718240751104687,8.508279712715689,-15.9618088230323,-0.14864458243534057,6.390445216770589
E1_77,viga,C3,CIELO_2,-1.2242210463370953,-4.718240751104687,-8.508279712715689,-59.761880620137326,0.14864458243534057,4.5051220956295595,1.2242210463370953,4.718240751104687,8.508279712715689,-15.9618088230323,-0.14864458243534057,6.390445216770589
E1_78,viga,C1,CIELO_2,-2.1277446632341337,-6.0047024811242045,0.9806919125015958,-0.667338096956505,-0.25903593677077735,9.741748807008133,2.1277446632341337,6.0047024811242045,-0.9806919125015958,9.395496118220708,0.25903593677077735,9.19517869577566
E1_78,viga,C2,CIELO_2,-2.1277446632341337,-6.0047024811242045,0.9806919125015958,-0.667338096956505,-0.25903593677077735,9.741748807008133,2.1277446632341337,6.0047024811242045,-0.9806919125015958,9.395496118220708,0.25903593677077735,9.19517869577566
E1_78,viga,C3,CIELO_2,-2.1277446632341337,-6.0047024811242045,0.9806919125015958,-0.667338096956505,-0.25903593677077735,9.741748807008133,2.1277446632341337,6.0047024811242045,-0.9806919125015958,9.395496118220708,0.25903593677077735,9.19517869577566
E1_79,viga,C1,CIELO_2,-1.175368506243795,0.8415419482958031,-8.07659293765436,-51.76472932683931,1.021894355973523,4.762394276366848,1.175368506243795,-0.8415419482958031,8.07659293765436,-20.11694781828449,-1.021894355973523,5.698385429202928
E1_79,viga,C2,CIELO_2,-1.175368506243795,0.8415419482958031,-8.07659293765436,-51.76472932683931,1.021894355973523,4.762394276366848,1.175368506243795,-0.8415419482958031,8.07659293765436,-20.11694781828449,-1.021894355973523,5.698385429202928
E1_79,viga,C3,CIELO_2,-1.175368506243795,0.8415419482958031,-8.07659293765436,-51.76472932683931,1.021894355973523,4.762394276366848,1.175368506243795,-0.8415419482958031,8.07659293765436,-20.11694781828449,-1.021894355973523,5.698385429202928
E1_8,viga,C1,CIELO_1,-54.94588720580647,-2.238958308951522,128.2577648421666,9.091407485923769,-286.1154183278214,-5.888913020468159,54.94588720580647,2.238958308951522,-128.2577648421666,-9.091407485923769,-355.17340588301164,-5.305878524289452
E1_8,viga,C2,CIELO_1,-54.94588720580647,-2.238958308951522,128.2577648421666,9.091407485923769,-286.1154183278214,-5.888913020468159,54.94588720580647,2.238958308951522,-128.2577648421666,-9.091407485923769,-355.17340588301164,-5.305878524289452
E1_8,viga,C3,CIELO_1,-54.94588720580647,-2.238958308951522,128.2577648421666,9.091407485923769,-286.1154183278214,-5.888913020468159,54.94588720580647,2.238958308951522,-128.2577648421666,-9.091407485923769,-355.17340588301164,-5.305878524289452
E1_80,viga,C1,CIELO_2,-0.4891549558328123,4.428447521159234,-2.446002298391846,-14.683111951334338,-0.3081796035757545,1.975993748653327,0.4891549558328123,-4.428447521159234,2.446002298391846,-7.086308504353091,0.3081796035757545,2.3774853582587028
E1_80,viga,C2,CIELO_2,-0.4891549558328123,4.428447521159234,-2.446002298391846,-14.683111951334338,-0.3081796035757545,1.975993748653327,0.4891549558328123,-4.428447521159234,2.446002298391846,-7.086308504353091,0.3081796035757545,2.3774853582587028
E1_80,viga,C3,CIELO_2,-0.4891549558328123,4.428447521159234,-2.446002298391846,-14.683111951334338,-0.3081796035757545,1.975993748653327,0.4891549558328123,-4.428447521159234,2.446002298391846,-7.086308504353091,0.3081796035757545,2.3774853582587028
E1_81,viga,C1,CIELO_2,0.1603931982868715,0.20242924345742203,-10.169814899536373,-64.51801300717086,0.03228587482408207,-0.7256531764925479,-0.1603931982868715,-0.20242924345742203,10.169814899536373,-25.993339598702867,-0.03228587482408207,-0.7018462882606085
E1_81,viga,C2,CIELO_2,0.1603931982868715,0.20242924345742203,-10.169814899536373,-64.51801300717086,0.03228587482408207,-0.7256531764925479,-0.1603931982868715,-0.20242924345742203,10.169814899536373,-25.993339598702867,-0.03228587482408207,-0.7018462882606085
E1_81,viga,C3,CIELO_2,0.1603931982868715,0.20242924345742203,-10.169814899536373,-64.51801300717086,0.03228587482408207,-0.7256531764925479,-0.1603931982868715,-0.20242924345742203,10.169814899536373,-25.993339598702867,-0.03228587482408207,-0.7018462882606085
E1_82,viga,C1,CIELO_2,-0.124317448933333,-1.7649447240789866,-2.9370612646499734,-15.520704937329345,-3.903548802794183,0.43323057458117264,0.124317448933333,1.7649447240789866,2.9370612646499734,-10.619140318055418,3.903548802794183,0.673194720925491
E1_82,viga,C2,CIELO_2,-0.124317448933333,-1.7649447240789866,-2.9370612646499734,-15.520704937329345,-3.903548802794183,0.43323057458117264,0.124317448933333,1.7649447240789866,2.9370612646499734,-10.619140318055418,3.903548802794183,0.673194720925491
E1_82,viga,C3,CIELO_2,-0.124317448933333,-1.7649447240789866,-2.9370612646499734,-15.520704937329345,-3.903548802794183,0.43323057458117264,0.124317448933333,1.7649447240789866,2.9370612646499734,-10.619140318055418,3.903548802794183,0.673194720925491
E1_83,viga,C1,CIELO_2,-0.18719194228794658,-0.8060189753748757,-0.7770158031839782,-4.266172644830932,-0.6944510379543595,0.6623371114714074,0.18719194228794658,0.8060189753748757,0.7770158031839782,-2.6492680035064744,0.6944510379543595,1.0036711748913172
E1_83,viga,C2,CIELO_2,-0.18719194228794658,-0.8060189753748757,-0.7770158031839782,-4.266172644830932,-0.6944510379543595,0.6623371114714074,0.18719194228794658,0.8060189753748757,0.7770158031839782,-2.6492680035064744,0.6944510379543595,1.0036711748913172
E1_83,viga,C3,CIELO_2,-0.18719194228794658,-0.8060189753748757,-0.7770158031839782,-4.266172644830932,-0.6944510379543595,0.6623371114714074,0.18719194228794658,0.8060189753748757,0.7770158031839782,-2.6492680035064744,0.6944510379543595,1.0036711748913172
E1_84,viga,C1,CIELO_2,-1.4448522050365133,-52.504611591141746,26.29039454254134,104.77624641437544,-5.593015475373789,6.511457121047059,1.4448522050365133,52.504611591141746,-26.29039454254134,85.82911401904927,5.593015475373789,3.9637213654676637
E1_84,viga,C2,CIELO_2,-1.4448522050365133,-52.504611591141746,26.29039454254134,104.77624641437544,-5.593015475373789,6.511457121047059,1.4448522050365133,52.504611591141746,-26.29039454254134,85.82911401904927,5.593015475373789,3.9637213654676637
E1_84,viga,C3,CIELO_2,-1.4448522050365133,-52.504611591141746,26.29039454254134,104.77624641437544,-5.593015475373789,6.511457121047059,1.4448522050365133,52.504611591141746,-26.29039454254134,85.82911401904927,5.593015475373789,3.9637213654676637
E1_85,viga,C1,CIELO_2,-1.8023679261239696,-3.3977434081802516,17.94143094421922,65.47295524560494,3.6968481620697187,6.488056969406388,1.8023679261239696,3.3977434081802516,-17.94143094421922,64.60241909998442,-3.6968481620697187,6.579110494992392
E1_85,viga,C2,CIELO_2,-1.8023679261239696,-3.3977434081802516,17.94143094421922,65.47295524560494,3.6968481620697187,6.488056969406388,1.8023679261239696,3.3977434081802516,-17.94143094421922,64.60241909998442,-3.6968481620697187,6.579110494992392
E1_85,viga,C3,CIELO_2,-1.8023679261239696,-3.3977434081802516,17.94143094421922,65.47295524560494,3.6968481620697187,6.488056969406388,1.8023679261239696,3.3977434081802516,-17.94143094421922,64.60241909998442,-3.6968481620697187,6.579110494992392
E1_86,viga,C1,CIELO_2,-5.769925874474342,-22.574545937391797,18.083804127856208,93.69456262616906,26.557467152950224,20.96499109224599,5.769925874474342,22.574545937391797,-18.083804127856208,37.41301730078845,-26.557467152950224,20.866971497692983
E1_86,viga,C2,CIELO_2,-5.769925874474342,-22.574545937391797,18.083804127856208,93.69456262616906,26.557467152950224,20.96499109224599,5.769925874474342,22.574545937391797,-18.083804127856208,37.41301730078845,-26.557467152950224,20.866971497692983
E1_86,viga,C3,CIELO_2,-5.769925874474342,-22.574545937391797,18.083804127856208,93.69456262616906,26.557467152950224,20.96499109224599,5.769925874474342,22.574545937391797,-18.083804127856208,37.41301730078845,-26.557467152950224,20.866971497692983
E1_87,viga,C1,CIELO_2,-4.812400172654849,7.4258790283575165,17.1739478522306,70.94473181644322,-0.8134521555959634,17.921962589037946,4.812400172654849,-7.4258790283575165,-17.1739478522306,53.566390112228625,0.8134521555959634,16.967938662709706
E1_87,viga,C2,CIELO_2,-4.812400172654849,7.4258790283575165,17.1739478522306,70.94473181644322,-0.8134521555959634,17.921962589037946,4.812400172654849,-7.4258790283575165,-17.1739478522306,53.566390112228625,0.8134521555959634,16.967938662709706
E1_87,viga,C3,CIELO_2,-4.812400172654849,7.4258790283575165,17.1739478522306,70.94473181644322,-0.8134521555959634,17.921962589037946,4.812400172654849,-7.4258790283575165,-17.1739478522306,53.566390112228625,0.8134521555959634,16.967938662709706
E1_88,viga,C1,CIELO_2,-2.267038821299574,0.7540973523082725,13.229361651929143,37.822399344294084,-0.3993204385263627,8.425466774142857,2.267038821299574,-0.7540973523082725,-13.229361651929143,58.0904726321922,0.3993204385263627,8.010564680279055
E1_88,viga,C2,CIELO_2,-2.267038821299574,0.7540973523082725,13.229361651929143,37.822399344294084,-0.3993204385263627,8.425466774142857,2.267038821299574,-0.7540973523082725,-13.229361651929143,58.0904726321922,0.3993204385263627,8.010564680279055
E1_88,viga,C3,CIELO_2,-2.267038821299574,0.7540973523082725,13.229361651929143,37.822399344294084,-0.3993204385263627,8.425466774142857,2.267038821299574,-0.7540973523082725,-13.229361651929143,58.0904726321922,0.3993204385263627,8.010564680279055
E1_89,viga,C1,CIELO_2,-1.5266214119103003,17.706190850861237,15.518113314055304,60.66065019297211,-3.135408705366458,5.9113673154340605,1.5266214119103003,-17.706190850861237,-15.518113314055304,51.84567133392885,3.135408705366458,5.156637920915617
E1_89,viga,C2,CIELO_2,-1.5266214119103003,17.706190850861237,15.518113314055304,60.66065019297211,-3.135408705366458,5.9113673154340605,1.5266214119103003,-17.706190850861237,-15.518113314055304,51.84567133392885,3.135408705366458,5.156637920915617
E1_89,viga,C3,CIELO_2,-1.5266214119103003,17.706190850861237,15.518113314055304,60.66065019297211,-3.135408705366458,5.9113673154340605,1.5266214119103003,-17.706190850861237,-15.518113314055304,51.84567133392885,3.135408705366458,5.156637920915617
E1_9,viga,C1,CIELO_1,-55.1311508477157,-4.99373635104302,-132.8033829327772,5.225080999339207,361.25979078167495,-0.31317423077836004,55.1311508477157,4.99373635104302,132.8033829327772,-5.225080999339207,-27.923299620404265,-12.22110401033962
E1_9,viga,C2,CIELO_1,-55.1311508477157,-4.99373635104302,-132.8033829327772,5.225080999339207,361.25979078167495,-0.31317423077836004,55.1311508477157,4.99373635104302,132.8033829327772,-5.225080999339207,-27.923299620404265,-12.22110401033962
E1_9,viga,C3,CIELO_1,-55.1311508477157,-4.99373635104302,-132.8033829327772,5.225080999339207,361.25979078167495,-0.31317423077836004,55.1311508477157,4.99373635104302,132.8033829327772,-5.225080999339207,-27.923299620404265,-12.22110401033962
E1_90,viga,C1,CIELO_2,-0.1969155844531451,0.5194762467197902,16.560978250768507,44.139833565785025,-0.7906501451173593,0.4894073843263639,0.1969155844531451,-0.5194762467197902,-16.560978250768507,75.92725875228666,0.7906501451173593,0.9382306029589381
E1_90,viga,C2,CIELO_2,-0.1969155844531451,0.5194762467197902,16.560978250768507,44.139833565785025,-0.7906501451173593,0.4894073843263639,0.1969155844531451,-0.5194762467197902,-16.560978250768507,75.92725875228666,0.7906501451173593,0.9382306029589381
E1_90,viga,C3,CIELO_2,-0.1969155844531451,0.5194762467197902,16.560978250768507,44.139833565785025,-0.7906501451173593,0.4894073843263639,0.1969155844531451,-0.5194762467197902,-16.560978250768507,75.92725875228666,0.7906501451173593,0.9382306029589381
E1_91,viga,C1,CIELO_2,-0.7260361862233743,-1.583438246503143,9.687090726388348,33.592639537857245,5.389673381918475,2.70949098515449,0.7260361862233743,1.583438246503143,-9.687090726388348,36.63876822845828,-5.389673381918475,2.5542713649649733
E1_91,viga,C2,CIELO_2,-0.7260361862233743,-1.583438246503143,9.687090726388348,33.592639537857245,5.389673381918475,2.70949098515449,0.7260361862233743,1.583438246503143,-9.687090726388348,36.63876822845828,-5.389673381918475,2.5542713649649733
E1_91,viga,C3,CIELO_2,-0.7260361862233743,-1.583438246503143,9.687090726388348,33.592639537857245,5.389673381918475,2.70949098515449,0.7260361862233743,1.583438246503143,-9.687090726388348,36.63876822845828,-5.389673381918475,2.5542713649649733
E1_92,viga,C1,CIELO_2,-0.7552541237441222,-0.7788254352425492,4.199085680748768,14.917250620720093,0.3011152547254404,2.791012346839263,0.7552541237441222,0.7788254352425492,-4.199085680748768,15.526120564708474,-0.3011152547254404,2.6845800503056227
E1_92,viga,C2,CIELO_2,-0.7552541237441222,-0.7788254352425492,4.199085680748768,14.917250620720093,0.3011152547254404,2.791012346839263,0.7552541237441222,0.7788254352425492,-4.199085680748768,15.526120564708474,-0.3011152547254404,2.6845800503056227
E1_92,viga,C3,CIELO_2,-0.7552541237441222,-0.7788254352425492,4.199085680748768,14.917250620720093,0.3011152547254404,2.791012346839263,0.7552541237441222,0.7788254352425492,-4.199085680748768,15.526120564708474,-0.3011152547254404,2.6845800503056227
E1_93,viga,C1,CIELO_2,-7.708085233012778,64.71404694102922,69.80979247944956,-168.96274159863233,0.4421446063109254,-18.628280141154743,7.708085233012778,-64.71404694102922,-69.80979247944956,-118.65360341669977,-0.4421446063109254,-13.129031018857894
E1_93,viga,C2,CIELO_2,-7.708085233012778,64.71404694102922,69.80979247944956,-168.96274159863233,0.4421446063109254,-18.628280141154743,7.708085233012778,-64.71404694102922,-69.80979247944956,-118.65360341669977,-0.4421446063109254,-13.129031018857894
E1_93,viga,C3,CIELO_2,-7.708085233012778,64.71404694102922,69.80979247944956,-168.96274159863233,0.4421446063109254,-18.628280141154743,7.708085233012778,-64.71404694102922,-69.80979247944956,-118.65360341669977,-0.4421446063109254,-13.129031018857894
E1_94,viga,C1,CIELO_2,-5.189858270103476,48.90346844726856,59.82465846515231,-145.69670528393632,-33.334635445634134,-9.515839999936512,5.189858270103476,-48.90346844726856,-59.82465846515231,-100.78088759249113,33.334635445634134,-11.866376072889802
E1_94,viga,C2,CIELO_2,-5.189858270103476,48.90346844726856,59.82465846515231,-145.69670528393632,-33.334635445634134,-9.515839999936512,5.189858270103476,-48.90346844726856,-59.82465846515231,-100.78088759249113,33.334635445634134,-11.866376072889802
E1_94,viga,C3,CIELO_2,-5.189858270103476,48.90346844726856,59.82465846515231,-145.69670528393632,-33.334635445634134,-9.515839999936512,5.189858270103476,-48.90346844726856,-59.82465846515231,-100.78088759249113,33.334635445634134,-11.866376072889802
E1_95,viga,C1,CIELO_2,-0.6255389628521816,0.6620036375951242,0.9331240256384022,-2.784199823750092,0.04812376897187356,-3.0850545488111143,0.6255389628521816,-0.6620036375951242,-0.9331240256384022,-5.520604004431689,-0.04812376897187356,-2.4822422205733017
E1_95,viga,C2,CIELO_2,-0.6255389628521816,0.6620036375951242,0.9331240256384022,-2.784199823750092,0.04812376897187356,-3.0850545488111143,0.6255389628521816,-0.6620036375951242,-0.9331240256384022,-5.520604004431689,-0.04812376897187356,-2.4822422205733017
E1_95,viga,C3,CIELO_2,-0.6255389628521816,0.6620036375951242,0.9331240256384022,-2.784199823750092,0.04812376897187356,-3.0850545488111143,0.6255389628521816,-0.6620036375951242,-0.9331240256384022,-5.520604004431689,-0.04812376897187356,-2.4822422205733017
E1_96,viga,C1,CIELO_2,-0.5425778655346901,1.5558981177489997,-7.628119194977975,27.684937039167593,0.8257581197936077,-1.2875041524157471,0.5425778655346901,-1.5558981177489997,7.628119194977975,27.61892712442273,-0.8257581197936077,-2.646185372710756
E1_96,viga,C2,CIELO_2,-0.5425778655346901,1.5558981177489997,-7.628119194977975,27.684937039167593,0.8257581197936077,-1.2875041524157471,0.5425778655346901,-1.5558981177489997,7.628119194977975,27.61892712442273,-0.8257581197936077,-2.646185372710756
E1_96,viga,C3,CIELO_2,-0.5425778655346901,1.5558981177489997,-7.628119194977975,27.684937039167593,0.8257581197936077,-1.2875041524157471,0.5425778655346901,-1.5558981177489997,7.628119194977975,27.61892712442273,-0.8257581197936077,-2.646185372710756
E1_97,viga,C1,CIELO_3,-4.195931213174736,-1.686379576267411,95.74560144531719,-10.504160106676432,-219.4538986795269,-6.579563270455886,4.195931213174736,1.686379576267411,-95.74560144531719,10.504160106676432,-259.27410854705903,-1.8523346108811687
E1_97,viga,C2,CIELO_3,-4.195931213174736,-1.686379576267411,95.74560144531719,-10.504160106676432,-219.4538986795269,-6.579563270455886,4.195931213174736,1.686379576267411,-95.74560144531719,10.504160106676432,-259.27410854705903,-1.8523346108811687
E1_97,viga,C3,CIELO_3,-4.195931213174736,-1.686379576267411,95.74560144531719,-10.504160106676432,-219.4538986795269,-6.579563270455886,4.195931213174736,1.686379576267411,-95.74560144531719,10.504160106676432,-259.27410854705903,-1.8523346108811687
E1_98,viga,C1,CIELO_3,-5.235325076570355,-1.074908400860737,-104.29994215341367,3.493866420784141,257.5696146716817,-3.039553152033463,5.235325076570355,1.074908400860737,104.29994215341367,-3.493866420784141,263.9300960953867,-2.3349888522702216
E1_98,viga,C2,CIELO_3,-5.235325076570355,-1.074908400860737,-104.29994215341367,3.493866420784141,257.5696146716817,-3.039553152033463,5.235325076570355,1.074908400860737,104.29994215341367,-3.493866420784141,263.9300960953867,-2.3349888522702216
E1_98,viga,C3,CIELO_3,-5.235325076570355,-1.074908400860737,-104.29994215341367,3.493866420784141,257.5696146716817,-3.039553152033463,5.235325076570355,1.074908400860737,104.29994215341367,-3.493866420784141,263.9300960953867,-2.3349888522702216
E1_99,viga,C1,CIELO_3,-0.11065167986345527,-2.138886998274122,102.45949149554056,-9.357476369578437,-260.26856978864595,-5.69766705987554,0.11065167986345527,2.138886998274122,-102.45949149554056,9.357476369578437,-252.02888768905683,-4.996767931495069
E1_99,viga,C2,CIELO_3,-0.11065167986345527,-2.138886998274122,102.45949149554056,-9.357476369578437,-260.26856978864595,-5.69766705987554,0.11065167986345527,2.138886998274122,-102.45949149554056,9.357476369578437,-252.02888768905683,-4.996767931495069
E1_99,viga,C3,CIELO_3,-0.11065167986345527,-2.138886998274122,102.45949149554056,-9.357476369578437,-260.26856978864595,-5.69766705987554,0.11065167986345527,2.138886998274122,-102.45949149554056,9.357476369578437,-252.02888768905683,-4.996767931495069
W_APRIME_1_HORIZONTAL_L1,muro,C1,E2_Z-4.16 -> E2_Z-4.01,188.77,0.0,0.0,0.0,384.35,0.0,188.77,0.0,0.0,0.0,384.35,0.0
W_APRIME_1_HORIZONTAL_L1,muro,C2,E2_Z-4.16 -> E2_Z-4.01,188.77,0.0,0.0,0.0,384.35,0.0,188.77,0.0,0.0,0.0,384.35,0.0
W_APRIME_1_HORIZONTAL_L1,muro,C3,E2_Z-4.16 -> E2_Z-4.01,188.77,0.0,0.0,0.0,384.35,0.0,188.77,0.0,0.0,0.0,384.35,0.0
W_APRIME_1_HORIZONTAL_L2,muro,C1,E2_Z-4.01 -> E2_Z-0.05,151.01,0.0,0.0,0.0,307.48,0.0,151.01,0.0,0.0,0.0,307.48,0.0
W_APRIME_1_HORIZONTAL_L2,muro,C2,E2_Z-4.01 -> E2_Z-0.05,151.01,0.0,0.0,0.0,307.48,0.0,151.01,0.0,0.0,0.0,307.48,0.0
W_APRIME_1_HORIZONTAL_L2,muro,C3,E2_Z-4.01 -> E2_Z-0.05,151.01,0.0,0.0,0.0,307.48,0.0,151.01,0.0,0.0,0.0,307.48,0.0
W_APRIME_1_HORIZONTAL_L3,muro,C1,E2_Z-0.05 -> E2_Z3.91,113.26,0.0,0.0,0.0,230.61,0.0,113.26,0.0,0.0,0.0,230.61,0.0
W_APRIME_1_HORIZONTAL_L3,muro,C2,E2_Z-0.05 -> E2_Z3.91,113.26,0.0,0.0,0.0,230.61,0.0,113.26,0.0,0.0,0.0,230.61,0.0
W_APRIME_1_HORIZONTAL_L3,muro,C3,E2_Z-0.05 -> E2_Z3.91,113.26,0.0,0.0,0.0,230.61,0.0,113.26,0.0,0.0,0.0,230.61,0.0
W_APRIME_1_HORIZONTAL_L4,muro,C1,E2_Z3.91 -> E2_Z7.87,75.51,0.0,0.0,0.0,153.74,0.0,75.51,0.0,0.0,0.0,153.74,0.0
W_APRIME_1_HORIZONTAL_L4,muro,C2,E2_Z3.91 -> E2_Z7.87,75.51,0.0,0.0,0.0,153.74,0.0,75.51,0.0,0.0,0.0,153.74,0.0
W_APRIME_1_HORIZONTAL_L4,muro,C3,E2_Z3.91 -> E2_Z7.87,75.51,0.0,0.0,0.0,153.74,0.0,75.51,0.0,0.0,0.0,153.74,0.0
W_APRIME_1_HORIZONTAL_L5,muro,C1,E2_Z7.87 -> E2_Z11.83,37.75,0.0,0.0,0.0,76.87,0.0,37.75,0.0,0.0,0.0,76.87,0.0
W_APRIME_1_HORIZONTAL_L5,muro,C2,E2_Z7.87 -> E2_Z11.83,37.75,0.0,0.0,0.0,76.87,0.0,37.75,0.0,0.0,0.0,76.87,0.0
W_APRIME_1_HORIZONTAL_L5,muro,C3,E2_Z7.87 -> E2_Z11.83,37.75,0.0,0.0,0.0,76.87,0.0,37.75,0.0,0.0,0.0,76.87,0.0
W_APRIME_1_VERTICAL_L1,muro,C1,E2_Z-4.16 -> E2_Z-4.01,380.14,0.0,0.0,0.0,1547.98,0.0,380.14,0.0,0.0,0.0,1547.98,0.0
W_APRIME_1_VERTICAL_L1,muro,C2,E2_Z-4.16 -> E2_Z-4.01,380.14,0.0,0.0,0.0,1547.98,0.0,380.14,0.0,0.0,0.0,1547.98,0.0
W_APRIME_1_VERTICAL_L1,muro,C3,E2_Z-4.16 -> E2_Z-4.01,380.14,0.0,0.0,0.0,1547.98,0.0,380.14,0.0,0.0,0.0,1547.98,0.0
W_APRIME_1_VERTICAL_L2,muro,C1,E2_Z-4.01 -> E2_Z-0.05,304.11,0.0,0.0,0.0,1238.39,0.0,304.11,0.0,0.0,0.0,1238.39,0.0
W_APRIME_1_VERTICAL_L2,muro,C2,E2_Z-4.01 -> E2_Z-0.05,304.11,0.0,0.0,0.0,1238.39,0.0,304.11,0.0,0.0,0.0,1238.39,0.0
W_APRIME_1_VERTICAL_L2,muro,C3,E2_Z-4.01 -> E2_Z-0.05,304.11,0.0,0.0,0.0,1238.39,0.0,304.11,0.0,0.0,0.0,1238.39,0.0
W_APRIME_1_VERTICAL_L3,muro,C1,E2_Z-0.05 -> E2_Z3.91,228.08,0.0,0.0,0.0,928.79,0.0,228.08,0.0,0.0,0.0,928.79,0.0
W_APRIME_1_VERTICAL_L3,muro,C2,E2_Z-0.05 -> E2_Z3.91,228.08,0.0,0.0,0.0,928.79,0.0,228.08,0.0,0.0,0.0,928.79,0.0
W_APRIME_1_VERTICAL_L3,muro,C3,E2_Z-0.05 -> E2_Z3.91,228.08,0.0,0.0,0.0,928.79,0.0,228.08,0.0,0.0,0.0,928.79,0.0
W_APRIME_1_VERTICAL_L4,muro,C1,E2_Z3.91 -> E2_Z7.87,152.05,0.0,0.0,0.0,619.19,0.0,152.05,0.0,0.0,0.0,619.19,0.0
W_APRIME_1_VERTICAL_L4,muro,C2,E2_Z3.91 -> E2_Z7.87,152.05,0.0,0.0,0.0,619.19,0.0,152.05,0.0,0.0,0.0,619.19,0.0
W_APRIME_1_VERTICAL_L4,muro,C3,E2_Z3.91 -> E2_Z7.87,152.05,0.0,0.0,0.0,619.19,0.0,152.05,0.0,0.0,0.0,619.19,0.0
W_APRIME_1_VERTICAL_L5,muro,C1,E2_Z7.87 -> E2_Z11.83,76.03,0.0,0.0,0.0,309.6,0.0,76.03,0.0,0.0,0.0,309.6,0.0
W_APRIME_1_VERTICAL_L5,muro,C2,E2_Z7.87 -> E2_Z11.83,76.03,0.0,0.0,0.0,309.6,0.0,76.03,0.0,0.0,0.0,309.6,0.0
W_APRIME_1_VERTICAL_L5,muro,C3,E2_Z7.87 -> E2_Z11.83,76.03,0.0,0.0,0.0,309.6,0.0,76.03,0.0,0.0,0.0,309.6,0.0
W_APRIME_3_HORIZONTAL_L1,muro,C1,E2_Z-4.16 -> E2_Z-4.01,240.84,0.0,0.0,0.0,490.37,0.0,240.84,0.0,0.0,0.0,490.37,0.0
W_APRIME_3_HORIZONTAL_L1,muro,C2,E2_Z-4.16 -> E2_Z-4.01,240.84,0.0,0.0,0.0,490.37,0.0,240.84,0.0,0.0,0.0,490.37,0.0
W_APRIME_3_HORIZONTAL_L1,muro,C3,E2_Z-4.16 -> E2_Z-4.01,240.84,0.0,0.0,0.0,490.37,0.0,240.84,0.0,0.0,0.0,490.37,0.0
W_APRIME_3_HORIZONTAL_L2,muro,C1,E2_Z-4.01 -> E2_Z-0.05,192.67,0.0,0.0,0.0,392.3,0.0,192.67,0.0,0.0,0.0,392.3,0.0
W_APRIME_3_HORIZONTAL_L2,muro,C2,E2_Z-4.01 -> E2_Z-0.05,192.67,0.0,0.0,0.0,392.3,0.0,192.67,0.0,0.0,0.0,392.3,0.0
W_APRIME_3_HORIZONTAL_L2,muro,C3,E2_Z-4.01 -> E2_Z-0.05,192.67,0.0,0.0,0.0,392.3,0.0,192.67,0.0,0.0,0.0,392.3,0.0
W_APRIME_3_HORIZONTAL_L3,muro,C1,E2_Z-0.05 -> E2_Z3.91,144.5,0.0,0.0,0.0,294.22,0.0,144.5,0.0,0.0,0.0,294.22,0.0
W_APRIME_3_HORIZONTAL_L3,muro,C2,E2_Z-0.05 -> E2_Z3.91,144.5,0.0,0.0,0.0,294.22,0.0,144.5,0.0,0.0,0.0,294.22,0.0
W_APRIME_3_HORIZONTAL_L3,muro,C3,E2_Z-0.05 -> E2_Z3.91,144.5,0.0,0.0,0.0,294.22,0.0,144.5,0.0,0.0,0.0,294.22,0.0
W_APRIME_3_HORIZONTAL_L4,muro,C1,E2_Z3.91 -> E2_Z7.87,96.34,0.0,0.0,0.0,196.15,0.0,96.34,0.0,0.0,0.0,196.15,0.0
W_APRIME_3_HORIZONTAL_L4,muro,C2,E2_Z3.91 -> E2_Z7.87,96.34,0.0,0.0,0.0,196.15,0.0,96.34,0.0,0.0,0.0,196.15,0.0
W_APRIME_3_HORIZONTAL_L4,muro,C3,E2_Z3.91 -> E2_Z7.87,96.34,0.0,0.0,0.0,196.15,0.0,96.34,0.0,0.0,0.0,196.15,0.0
W_APRIME_3_HORIZONTAL_L5,muro,C1,E2_Z7.87 -> E2_Z11.83,48.17,0.0,0.0,0.0,98.07,0.0,48.17,0.0,0.0,0.0,98.07,0.0
W_APRIME_3_HORIZONTAL_L5,muro,C2,E2_Z7.87 -> E2_Z11.83,48.17,0.0,0.0,0.0,98.07,0.0,48.17,0.0,0.0,0.0,98.07,0.0
W_APRIME_3_HORIZONTAL_L5,muro,C3,E2_Z7.87 -> E2_Z11.83,48.17,0.0,0.0,0.0,98.07,0.0,48.17,0.0,0.0,0.0,98.07,0.0
W_APRIME_3_VERTICAL_L1,muro,C1,E2_Z-4.16 -> E2_Z-4.01,379.48,0.0,0.0,0.0,1545.33,0.0,379.48,0.0,0.0,0.0,1545.33,0.0
W_APRIME_3_VERTICAL_L1,muro,C2,E2_Z-4.16 -> E2_Z-4.01,379.48,0.0,0.0,0.0,1545.33,0.0,379.48,0.0,0.0,0.0,1545.33,0.0
W_APRIME_3_VERTICAL_L1,muro,C3,E2_Z-4.16 -> E2_Z-4.01,379.48,0.0,0.0,0.0,1545.33,0.0,379.48,0.0,0.0,0.0,1545.33,0.0
W_APRIME_3_VERTICAL_L2,muro,C1,E2_Z-4.01 -> E2_Z-0.05,303.59,0.0,0.0,0.0,1236.27,0.0,303.59,0.0,0.0,0.0,1236.27,0.0
W_APRIME_3_VERTICAL_L2,muro,C2,E2_Z-4.01 -> E2_Z-0.05,303.59,0.0,0.0,0.0,1236.27,0.0,303.59,0.0,0.0,0.0,1236.27,0.0
W_APRIME_3_VERTICAL_L2,muro,C3,E2_Z-4.01 -> E2_Z-0.05,303.59,0.0,0.0,0.0,1236.27,0.0,303.59,0.0,0.0,0.0,1236.27,0.0
W_APRIME_3_VERTICAL_L3,muro,C1,E2_Z-0.05 -> E2_Z3.91,227.69,0.0,0.0,0.0,927.2,0.0,227.69,0.0,0.0,0.0,927.2,0.0
W_APRIME_3_VERTICAL_L3,muro,C2,E2_Z-0.05 -> E2_Z3.91,227.69,0.0,0.0,0.0,927.2,0.0,227.69,0.0,0.0,0.0,927.2,0.0
W_APRIME_3_VERTICAL_L3,muro,C3,E2_Z-0.05 -> E2_Z3.91,227.69,0.0,0.0,0.0,927.2,0.0,227.69,0.0,0.0,0.0,927.2,0.0
W_APRIME_3_VERTICAL_L4,muro,C1,E2_Z3.91 -> E2_Z7.87,151.79,0.0,0.0,0.0,618.13,0.0,151.79,0.0,0.0,0.0,618.13,0.0
W_APRIME_3_VERTICAL_L4,muro,C2,E2_Z3.91 -> E2_Z7.87,151.79,0.0,0.0,0.0,618.13,0.0,151.79,0.0,0.0,0.0,618.13,0.0
W_APRIME_3_VERTICAL_L4,muro,C3,E2_Z3.91 -> E2_Z7.87,151.79,0.0,0.0,0.0,618.13,0.0,151.79,0.0,0.0,0.0,618.13,0.0
W_APRIME_3_VERTICAL_L5,muro,C1,E2_Z7.87 -> E2_Z11.83,75.9,0.0,0.0,0.0,309.07,0.0,75.9,0.0,0.0,0.0,309.07,0.0
W_APRIME_3_VERTICAL_L5,muro,C2,E2_Z7.87 -> E2_Z11.83,75.9,0.0,0.0,0.0,309.07,0.0,75.9,0.0,0.0,0.0,309.07,0.0
W_APRIME_3_VERTICAL_L5,muro,C3,E2_Z7.87 -> E2_Z11.83,75.9,0.0,0.0,0.0,309.07,0.0,75.9,0.0,0.0,0.0,309.07,0.0
W_CPRIME_ELEVATOR_SIDE_L1,muro,C1,E2_Z-4.16 -> E2_Z-4.01,383.39,0.0,0.0,0.0,650.52,0.0,383.39,0.0,0.0,0.0,650.52,0.0
W_CPRIME_ELEVATOR_SIDE_L1,muro,C2,E2_Z-4.16 -> E2_Z-4.01,383.39,0.0,0.0,0.0,650.52,0.0,383.39,0.0,0.0,0.0,650.52,0.0
W_CPRIME_ELEVATOR_SIDE_L1,muro,C3,E2_Z-4.16 -> E2_Z-4.01,383.39,0.0,0.0,0.0,650.52,0.0,383.39,0.0,0.0,0.0,650.52,0.0
W_CPRIME_ELEVATOR_SIDE_L2,muro,C1,E2_Z-4.01 -> E2_Z-0.05,306.71,0.0,0.0,0.0,520.41,0.0,306.71,0.0,0.0,0.0,520.41,0.0
W_CPRIME_ELEVATOR_SIDE_L2,muro,C2,E2_Z-4.01 -> E2_Z-0.05,306.71,0.0,0.0,0.0,520.41,0.0,306.71,0.0,0.0,0.0,520.41,0.0
W_CPRIME_ELEVATOR_SIDE_L2,muro,C3,E2_Z-4.01 -> E2_Z-0.05,306.71,0.0,0.0,0.0,520.41,0.0,306.71,0.0,0.0,0.0,520.41,0.0
W_CPRIME_ELEVATOR_SIDE_L3,muro,C1,E2_Z-0.05 -> E2_Z3.91,230.03,0.0,0.0,0.0,390.31,0.0,230.03,0.0,0.0,0.0,390.31,0.0
W_CPRIME_ELEVATOR_SIDE_L3,muro,C2,E2_Z-0.05 -> E2_Z3.91,230.03,0.0,0.0,0.0,390.31,0.0,230.03,0.0,0.0,0.0,390.31,0.0
W_CPRIME_ELEVATOR_SIDE_L3,muro,C3,E2_Z-0.05 -> E2_Z3.91,230.03,0.0,0.0,0.0,390.31,0.0,230.03,0.0,0.0,0.0,390.31,0.0
W_CPRIME_ELEVATOR_SIDE_L4,muro,C1,E2_Z3.91 -> E2_Z7.87,153.36,0.0,0.0,0.0,260.21,0.0,153.36,0.0,0.0,0.0,260.21,0.0
W_CPRIME_ELEVATOR_SIDE_L4,muro,C2,E2_Z3.91 -> E2_Z7.87,153.36,0.0,0.0,0.0,260.21,0.0,153.36,0.0,0.0,0.0,260.21,0.0
W_CPRIME_ELEVATOR_SIDE_L4,muro,C3,E2_Z3.91 -> E2_Z7.87,153.36,0.0,0.0,0.0,260.21,0.0,153.36,0.0,0.0,0.0,260.21,0.0
W_CPRIME_ELEVATOR_SIDE_L5,muro,C1,E2_Z7.87 -> E2_Z11.83,76.68,0.0,0.0,0.0,130.1,0.0,76.68,0.0,0.0,0.0,130.1,0.0
W_CPRIME_ELEVATOR_SIDE_L5,muro,C2,E2_Z7.87 -> E2_Z11.83,76.68,0.0,0.0,0.0,130.1,0.0,76.68,0.0,0.0,0.0,130.1,0.0
W_CPRIME_ELEVATOR_SIDE_L5,muro,C3,E2_Z7.87 -> E2_Z11.83,76.68,0.0,0.0,0.0,130.1,0.0,76.68,0.0,0.0,0.0,130.1,0.0
W_DPRIME_1_TO_ELEVATOR_TOP_L1,muro,C1,E2_Z-4.16 -> E2_Z-4.01,417.24,0.0,0.0,0.0,707.95,0.0,417.24,0.0,0.0,0.0,707.95,0.0
W_DPRIME_1_TO_ELEVATOR_TOP_L1,muro,C2,E2_Z-4.16 -> E2_Z-4.01,417.24,0.0,0.0,0.0,707.95,0.0,417.24,0.0,0.0,0.0,707.95,0.0
W_DPRIME_1_TO_ELEVATOR_TOP_L1,muro,C3,E2_Z-4.16 -> E2_Z-4.01,417.24,0.0,0.0,0.0,707.95,0.0,417.24,0.0,0.0,0.0,707.95,0.0
W_DPRIME_1_TO_ELEVATOR_TOP_L2,muro,C1,E2_Z-4.01 -> E2_Z-0.05,333.79,0.0,0.0,0.0,566.36,0.0,333.79,0.0,0.0,0.0,566.36,0.0
W_DPRIME_1_TO_ELEVATOR_TOP_L2,muro,C2,E2_Z-4.01 -> E2_Z-0.05,333.79,0.0,0.0,0.0,566.36,0.0,333.79,0.0,0.0,0.0,566.36,0.0
W_DPRIME_1_TO_ELEVATOR_TOP_L2,muro,C3,E2_Z-4.01 -> E2_Z-0.05,333.79,0.0,0.0,0.0,566.36,0.0,333.79,0.0,0.0,0.0,566.36,0.0
W_DPRIME_1_TO_ELEVATOR_TOP_L3,muro,C1,E2_Z-0.05 -> E2_Z3.91,250.34,0.0,0.0,0.0,424.77,0.0,250.34,0.0,0.0,0.0,424.77,0.0
W_DPRIME_1_TO_ELEVATOR_TOP_L3,muro,C2,E2_Z-0.05 -> E2_Z3.91,250.34,0.0,0.0,0.0,424.77,0.0,250.34,0.0,0.0,0.0,424.77,0.0
W_DPRIME_1_TO_ELEVATOR_TOP_L3,muro,C3,E2_Z-0.05 -> E2_Z3.91,250.34,0.0,0.0,0.0,424.77,0.0,250.34,0.0,0.0,0.0,424.77,0.0
W_DPRIME_1_TO_ELEVATOR_TOP_L4,muro,C1,E2_Z3.91 -> E2_Z7.87,166.89,0.0,0.0,0.0,283.18,0.0,166.89,0.0,0.0,0.0,283.18,0.0
W_DPRIME_1_TO_ELEVATOR_TOP_L4,muro,C2,E2_Z3.91 -> E2_Z7.87,166.89,0.0,0.0,0.0,283.18,0.0,166.89,0.0,0.0,0.0,283.18,0.0
W_DPRIME_1_TO_ELEVATOR_TOP_L4,muro,C3,E2_Z3.91 -> E2_Z7.87,166.89,0.0,0.0,0.0,283.18,0.0,166.89,0.0,0.0,0.0,283.18,0.0
W_DPRIME_1_TO_ELEVATOR_TOP_L5,muro,C1,E2_Z7.87 -> E2_Z11.83,83.45,0.0,0.0,0.0,141.59,0.0,83.45,0.0,0.0,0.0,141.59,0.0
W_DPRIME_1_TO_ELEVATOR_TOP_L5,muro,C2,E2_Z7.87 -> E2_Z11.83,83.45,0.0,0.0,0.0,141.59,0.0,83.45,0.0,0.0,0.0,141.59,0.0
W_DPRIME_1_TO_ELEVATOR_TOP_L5,muro,C3,E2_Z7.87 -> E2_Z11.83,83.45,0.0,0.0,0.0,141.59,0.0,83.45,0.0,0.0,0.0,141.59,0.0
W_DPRIME_ELEVATOR_SIDE_L1,muro,C1,E2_Z-4.16 -> E2_Z-4.01,383.39,0.0,0.0,0.0,650.52,0.0,383.39,0.0,0.0,0.0,650.52,0.0
W_DPRIME_ELEVATOR_SIDE_L1,muro,C2,E2_Z-4.16 -> E2_Z-4.01,383.39,0.0,0.0,0.0,650.52,0.0,383.39,0.0,0.0,0.0,650.52,0.0
W_DPRIME_ELEVATOR_SIDE_L1,muro,C3,E2_Z-4.16 -> E2_Z-4.01,383.39,0.0,0.0,0.0,650.52,0.0,383.39,0.0,0.0,0.0,650.52,0.0
W_DPRIME_ELEVATOR_SIDE_L2,muro,C1,E2_Z-4.01 -> E2_Z-0.05,306.71,0.0,0.0,0.0,520.41,0.0,306.71,0.0,0.0,0.0,520.41,0.0
W_DPRIME_ELEVATOR_SIDE_L2,muro,C2,E2_Z-4.01 -> E2_Z-0.05,306.71,0.0,0.0,0.0,520.41,0.0,306.71,0.0,0.0,0.0,520.41,0.0
W_DPRIME_ELEVATOR_SIDE_L2,muro,C3,E2_Z-4.01 -> E2_Z-0.05,306.71,0.0,0.0,0.0,520.41,0.0,306.71,0.0,0.0,0.0,520.41,0.0
W_DPRIME_ELEVATOR_SIDE_L3,muro,C1,E2_Z-0.05 -> E2_Z3.91,230.03,0.0,0.0,0.0,390.31,0.0,230.03,0.0,0.0,0.0,390.31,0.0
W_DPRIME_ELEVATOR_SIDE_L3,muro,C2,E2_Z-0.05 -> E2_Z3.91,230.03,0.0,0.0,0.0,390.31,0.0,230.03,0.0,0.0,0.0,390.31,0.0
W_DPRIME_ELEVATOR_SIDE_L3,muro,C3,E2_Z-0.05 -> E2_Z3.91,230.03,0.0,0.0,0.0,390.31,0.0,230.03,0.0,0.0,0.0,390.31,0.0
W_DPRIME_ELEVATOR_SIDE_L4,muro,C1,E2_Z3.91 -> E2_Z7.87,153.36,0.0,0.0,0.0,260.21,0.0,153.36,0.0,0.0,0.0,260.21,0.0
W_DPRIME_ELEVATOR_SIDE_L4,muro,C2,E2_Z3.91 -> E2_Z7.87,153.36,0.0,0.0,0.0,260.21,0.0,153.36,0.0,0.0,0.0,260.21,0.0
W_DPRIME_ELEVATOR_SIDE_L4,muro,C3,E2_Z3.91 -> E2_Z7.87,153.36,0.0,0.0,0.0,260.21,0.0,153.36,0.0,0.0,0.0,260.21,0.0
W_DPRIME_ELEVATOR_SIDE_L5,muro,C1,E2_Z7.87 -> E2_Z11.83,76.68,0.0,0.0,0.0,130.1,0.0,76.68,0.0,0.0,0.0,130.1,0.0
W_DPRIME_ELEVATOR_SIDE_L5,muro,C2,E2_Z7.87 -> E2_Z11.83,76.68,0.0,0.0,0.0,130.1,0.0,76.68,0.0,0.0,0.0,130.1,0.0
W_DPRIME_ELEVATOR_SIDE_L5,muro,C3,E2_Z7.87 -> E2_Z11.83,76.68,0.0,0.0,0.0,130.1,0.0,76.68,0.0,0.0,0.0,130.1,0.0
W_DPRIME_ELEVATOR_TOP_TO_CPRIME_L1,muro,C1,E2_Z-4.16 -> E2_Z-4.01,344.33,0.0,0.0,0.0,701.1,0.0,344.33,0.0,0.0,0.0,701.1,0.0
W_DPRIME_ELEVATOR_TOP_TO_CPRIME_L1,muro,C2,E2_Z-4.16 -> E2_Z-4.01,344.33,0.0,0.0,0.0,701.1,0.0,344.33,0.0,0.0,0.0,701.1,0.0
W_DPRIME_ELEVATOR_TOP_TO_CPRIME_L1,muro,C3,E2_Z-4.16 -> E2_Z-4.01,344.33,0.0,0.0,0.0,701.1,0.0,344.33,0.0,0.0,0.0,701.1,0.0
W_DPRIME_ELEVATOR_TOP_TO_CPRIME_L2,muro,C1,E2_Z-4.01 -> E2_Z-0.05,275.47,0.0,0.0,0.0,560.88,0.0,275.47,0.0,0.0,0.0,560.88,0.0
W_DPRIME_ELEVATOR_TOP_TO_CPRIME_L2,muro,C2,E2_Z-4.01 -> E2_Z-0.05,275.47,0.0,0.0,0.0,560.88,0.0,275.47,0.0,0.0,0.0,560.88,0.0
W_DPRIME_ELEVATOR_TOP_TO_CPRIME_L2,muro,C3,E2_Z-4.01 -> E2_Z-0.05,275.47,0.0,0.0,0.0,560.88,0.0,275.47,0.0,0.0,0.0,560.88,0.0
W_DPRIME_ELEVATOR_TOP_TO_CPRIME_L3,muro,C1,E2_Z-0.05 -> E2_Z3.91,206.6,0.0,0.0,0.0,420.66,0.0,206.6,0.0,0.0,0.0,420.66,0.0
W_DPRIME_ELEVATOR_TOP_TO_CPRIME_L3,muro,C2,E2_Z-0.05 -> E2_Z3.91,206.6,0.0,0.0,0.0,420.66,0.0,206.6,0.0,0.0,0.0,420.66,0.0
W_DPRIME_ELEVATOR_TOP_TO_CPRIME_L3,muro,C3,E2_Z-0.05 -> E2_Z3.91,206.6,0.0,0.0,0.0,420.66,0.0,206.6,0.0,0.0,0.0,420.66,0.0
W_DPRIME_ELEVATOR_TOP_TO_CPRIME_L4,muro,C1,E2_Z3.91 -> E2_Z7.87,137.73,0.0,0.0,0.0,280.44,0.0,137.73,0.0,0.0,0.0,280.44,0.0
W_DPRIME_ELEVATOR_TOP_TO_CPRIME_L4,muro,C2,E2_Z3.91 -> E2_Z7.87,137.73,0.0,0.0,0.0,280.44,0.0,137.73,0.0,0.0,0.0,280.44,0.0
W_DPRIME_ELEVATOR_TOP_TO_CPRIME_L4,muro,C3,E2_Z3.91 -> E2_Z7.87,137.73,0.0,0.0,0.0,280.44,0.0,137.73,0.0,0.0,0.0,280.44,0.0
W_DPRIME_ELEVATOR_TOP_TO_CPRIME_L5,muro,C1,E2_Z7.87 -> E2_Z11.83,68.87,0.0,0.0,0.0,140.22,0.0,68.87,0.0,0.0,0.0,140.22,0.0
W_DPRIME_ELEVATOR_TOP_TO_CPRIME_L5,muro,C2,E2_Z7.87 -> E2_Z11.83,68.87,0.0,0.0,0.0,140.22,0.0,68.87,0.0,0.0,0.0,140.22,0.0
W_DPRIME_ELEVATOR_TOP_TO_CPRIME_L5,muro,C3,E2_Z7.87 -> E2_Z11.83,68.87,0.0,0.0,0.0,140.22,0.0,68.87,0.0,0.0,0.0,140.22,0.0
W_DPRIME_OPENING_TO_3_L1,muro,C1,E2_Z-4.16 -> E2_Z-4.01,989.39,0.0,0.0,0.0,1678.75,0.0,989.39,0.0,0.0,0.0,1678.75,0.0
W_DPRIME_OPENING_TO_3_L1,muro,C2,E2_Z-4.16 -> E2_Z-4.01,989.39,0.0,0.0,0.0,1678.75,0.0,989.39,0.0,0.0,0.0,1678.75,0.0
W_DPRIME_OPENING_TO_3_L1,muro,C3,E2_Z-4.16 -> E2_Z-4.01,989.39,0.0,0.0,0.0,1678.75,0.0,989.39,0.0,0.0,0.0,1678.75,0.0
W_DPRIME_OPENING_TO_3_L2,muro,C1,E2_Z-4.01 -> E2_Z-0.05,791.51,0.0,0.0,0.0,1343.0,0.0,791.51,0.0,0.0,0.0,1343.0,0.0
W_DPRIME_OPENING_TO_3_L2,muro,C2,E2_Z-4.01 -> E2_Z-0.05,791.51,0.0,0.0,0.0,1343.0,0.0,791.51,0.0,0.0,0.0,1343.0,0.0
W_DPRIME_OPENING_TO_3_L2,muro,C3,E2_Z-4.01 -> E2_Z-0.05,791.51,0.0,0.0,0.0,1343.0,0.0,791.51,0.0,0.0,0.0,1343.0,0.0
W_DPRIME_OPENING_TO_3_L3,muro,C1,E2_Z-0.05 -> E2_Z3.91,593.64,0.0,0.0,0.0,1007.25,0.0,593.64,0.0,0.0,0.0,1007.25,0.0
W_DPRIME_OPENING_TO_3_L3,muro,C2,E2_Z-0.05 -> E2_Z3.91,593.64,0.0,0.0,0.0,1007.25,0.0,593.64,0.0,0.0,0.0,1007.25,0.0
W_DPRIME_OPENING_TO_3_L3,muro,C3,E2_Z-0.05 -> E2_Z3.91,593.64,0.0,0.0,0.0,1007.25,0.0,593.64,0.0,0.0,0.0,1007.25,0.0
W_DPRIME_OPENING_TO_3_L4,muro,C1,E2_Z3.91 -> E2_Z7.87,395.76,0.0,0.0,0.0,671.5,0.0,395.76,0.0,0.0,0.0,671.5,0.0
W_DPRIME_OPENING_TO_3_L4,muro,C2,E2_Z3.91 -> E2_Z7.87,395.76,0.0,0.0,0.0,671.5,0.0,395.76,0.0,0.0,0.0,671.5,0.0
W_DPRIME_OPENING_TO_3_L4,muro,C3,E2_Z3.91 -> E2_Z7.87,395.76,0.0,0.0,0.0,671.5,0.0,395.76,0.0,0.0,0.0,671.5,0.0
W_DPRIME_OPENING_TO_3_L5,muro,C1,E2_Z7.87 -> E2_Z11.83,197.88,0.0,0.0,0.0,335.75,0.0,197.88,0.0,0.0,0.0,335.75,0.0
W_DPRIME_OPENING_TO_3_L5,muro,C2,E2_Z7.87 -> E2_Z11.83,197.88,0.0,0.0,0.0,335.75,0.0,197.88,0.0,0.0,0.0,335.75,0.0
W_DPRIME_OPENING_TO_3_L5,muro,C3,E2_Z7.87 -> E2_Z11.83,197.88,0.0,0.0,0.0,335.75,0.0,197.88,0.0,0.0,0.0,335.75,0.0
